score;completeness;rescuebot_action;rescuebot_location;chris_action;chris_location;world_nr;tick_nr
0;0.0;;(22, 11);;(22, 12);1;0
0;0.0;;(22, 11);;(22, 12);1;1
0;0.0;;(22, 11);;(22, 12);1;2
0;0.0;;(22, 11);;(22, 12);1;3
0;0.0;;(22, 11);;(22, 12);1;4
0;0.0;;(22, 11);;(22, 12);1;5
0;0.0;;(22, 11);;(22, 12);1;6
0;0.0;;(22, 11);;(22, 12);1;7
0;0.0;;(22, 11);;(22, 12);1;8
0;0.0;;(22, 11);;(22, 12);1;9
0;0.0;;(22, 11);;(22, 12);1;10
0;0.0;;(22, 11);;(22, 12);1;11
0;0.0;;(22, 11);;(22, 12);1;12
0;0.0;;(22, 11);;(22, 12);1;13
0;0.0;;(22, 11);;(22, 12);1;14
0;0.0;;(22, 11);;(22, 12);1;15
0;0.0;;(22, 11);;(22, 12);1;16
0;0.0;;(22, 11);;(22, 12);1;17
0;0.0;;(22, 11);;(22, 12);1;18
0;0.0;;(22, 11);;(22, 12);1;19
0;0.0;;(22, 11);;(22, 12);1;20
0;0.0;;(22, 11);;(22, 12);1;21
0;0.0;;(22, 11);;(22, 12);1;22
0;0.0;;(22, 11);;(22, 12);1;23
0;0.0;;(22, 11);;(22, 12);1;24
0;0.0;;(22, 11);;(22, 12);1;25
0;0.0;;(22, 11);;(22, 12);1;26
0;0.0;;(22, 11);;(22, 12);1;27
0;0.0;;(22, 11);;(22, 12);1;28
0;0.0;;(22, 11);;(22, 12);1;29
0;0.0;;(22, 11);;(22, 12);1;30
0;0.0;;(22, 11);;(22, 12);1;31
0;0.0;;(22, 11);;(22, 12);1;32
0;0.0;;(22, 11);;(22, 12);1;33
0;0.0;;(22, 11);;(22, 12);1;34
0;0.0;;(22, 11);;(22, 12);1;35
0;0.0;;(22, 11);;(22, 12);1;36
0;0.0;;(22, 11);;(22, 12);1;37
0;0.0;;(22, 11);;(22, 12);1;38
0;0.0;;(22, 11);;(22, 12);1;39
0;0.0;;(22, 11);;(22, 12);1;40
0;0.0;;(22, 11);;(22, 12);1;41
0;0.0;;(22, 11);;(22, 12);1;42
0;0.0;;(22, 11);;(22, 12);1;43
0;0.0;;(22, 11);;(22, 12);1;44
0;0.0;;(22, 11);;(22, 12);1;45
0;0.0;;(22, 11);;(22, 12);1;46
0;0.0;;(22, 11);;(22, 12);1;47
0;0.0;;(22, 11);;(22, 12);1;48
0;0.0;;(22, 11);;(22, 12);1;49
0;0.0;;(22, 11);;(22, 12);1;50
0;0.0;;(22, 11);;(22, 12);1;51
0;0.0;;(22, 11);;(22, 12);1;52
0;0.0;;(22, 11);;(22, 12);1;53
0;0.0;;(22, 11);;(22, 12);1;54
0;0.0;;(22, 11);;(22, 12);1;55
0;0.0;;(22, 11);;(22, 12);1;56
0;0.0;;(22, 11);;(22, 12);1;57
0;0.0;;(22, 11);;(22, 12);1;58
0;0.0;;(22, 11);;(22, 12);1;59
0;0.0;;(22, 11);;(22, 12);1;60
0;0.0;;(22, 11);;(22, 12);1;61
0;0.0;;(22, 11);;(22, 12);1;62
0;0.0;;(22, 11);;(22, 12);1;63
0;0.0;;(22, 11);;(22, 12);1;64
0;0.0;;(22, 11);;(22, 12);1;65
0;0.0;;(22, 11);;(22, 12);1;66
0;0.0;;(22, 11);;(22, 12);1;67
0;0.0;;(22, 11);;(22, 12);1;68
0;0.0;;(22, 11);;(22, 12);1;69
0;0.0;;(22, 11);;(22, 12);1;70
0;0.0;;(22, 11);;(22, 12);1;71
0;0.0;;(22, 11);;(22, 12);1;72
0;0.0;;(22, 11);;(22, 12);1;73
0;0.0;;(22, 11);;(22, 12);1;74
0;0.0;;(22, 11);;(22, 12);1;75
0;0.0;;(22, 11);;(22, 12);1;76
0;0.0;;(22, 11);;(22, 12);1;77
0;0.0;;(22, 11);;(22, 12);1;78
0;0.0;;(22, 11);;(22, 12);1;79
0;0.0;;(22, 11);;(22, 12);1;80
0;0.0;;(22, 11);;(22, 12);1;81
0;0.0;;(22, 11);;(22, 12);1;82
0;0.0;;(22, 11);;(22, 12);1;83
0;0.0;;(22, 11);;(22, 12);1;84
0;0.0;;(22, 11);;(22, 12);1;85
0;0.0;;(22, 11);;(22, 12);1;86
0;0.0;;(22, 11);;(22, 12);1;87
0;0.0;;(22, 11);;(22, 12);1;88
0;0.0;;(22, 11);;(22, 12);1;89
0;0.0;;(22, 11);;(22, 12);1;90
0;0.0;;(22, 11);;(22, 12);1;91
0;0.0;;(22, 11);;(22, 12);1;92
0;0.0;;(22, 11);;(22, 12);1;93
0;0.0;;(22, 11);;(22, 12);1;94
0;0.0;;(22, 11);;(22, 12);1;95
0;0.0;;(22, 11);;(22, 12);1;96
0;0.0;;(22, 11);;(22, 12);1;97
0;0.0;;(22, 11);;(22, 12);1;98
0;0.0;;(22, 11);;(22, 12);1;99
0;0.0;;(22, 11);;(22, 12);1;100
0;0.0;;(22, 11);;(22, 12);1;101
0;0.0;;(22, 11);;(22, 12);1;102
0;0.0;;(22, 11);;(22, 12);1;103
0;0.0;;(22, 11);;(22, 12);1;104
0;0.0;;(22, 11);;(22, 12);1;105
0;0.0;;(22, 11);;(22, 12);1;106
0;0.0;;(22, 11);;(22, 12);1;107
0;0.0;;(22, 11);;(22, 12);1;108
0;0.0;;(22, 11);;(22, 12);1;109
0;0.0;;(22, 11);;(22, 12);1;110
0;0.0;;(22, 11);;(22, 12);1;111
0;0.0;;(22, 11);;(22, 12);1;112
0;0.0;;(22, 11);;(22, 12);1;113
0;0.0;;(22, 11);;(22, 12);1;114
0;0.0;;(22, 11);;(22, 12);1;115
0;0.0;;(22, 11);;(22, 12);1;116
0;0.0;;(22, 11);;(22, 12);1;117
0;0.0;;(22, 11);;(22, 12);1;118
0;0.0;;(22, 11);;(22, 12);1;119
0;0.0;;(22, 11);;(22, 12);1;120
0;0.0;;(22, 11);;(22, 12);1;121
0;0.0;;(22, 11);;(22, 12);1;122
0;0.0;;(22, 11);;(22, 12);1;123
0;0.0;;(22, 11);;(22, 12);1;124
0;0.0;;(22, 11);;(22, 12);1;125
0;0.0;;(22, 11);;(22, 12);1;126
0;0.0;;(22, 11);;(22, 12);1;127
0;0.0;;(22, 11);;(22, 12);1;128
0;0.0;;(22, 11);MoveWest;(21, 12);1;129
0;0.0;;(22, 11);;(21, 12);1;130
0;0.0;;(22, 11);;(21, 12);1;131
0;0.0;;(22, 11);;(21, 12);1;132
0;0.0;;(22, 11);;(21, 12);1;133
0;0.0;;(22, 11);;(21, 12);1;134
0;0.0;;(22, 11);;(21, 12);1;135
0;0.0;;(22, 11);;(21, 12);1;136
0;0.0;;(22, 11);;(21, 12);1;137
0;0.0;;(22, 11);;(21, 12);1;138
0;0.0;;(22, 11);;(21, 12);1;139
0;0.0;;(22, 11);;(21, 12);1;140
0;0.0;;(22, 11);;(21, 12);1;141
0;0.0;;(22, 11);MoveWest;(20, 12);1;142
0;0.0;MoveNorth;(22, 11);;(20, 12);1;143
0;0.0;MoveNorth;(22, 11);;(20, 12);1;144
0;0.0;MoveNorth;(22, 11);;(20, 12);1;145
0;0.0;MoveNorth;(22, 11);;(20, 12);1;146
0;0.0;MoveNorth;(22, 11);;(20, 12);1;147
0;0.0;MoveNorth;(22, 11);;(20, 12);1;148
0;0.0;MoveNorth;(22, 11);;(20, 12);1;149
0;0.0;MoveNorth;(22, 11);;(20, 12);1;150
0;0.0;MoveNorth;(22, 10);;(20, 12);1;151
0;0.0;MoveNorth;(22, 10);;(20, 12);1;152
0;0.0;MoveNorth;(22, 10);;(20, 12);1;153
0;0.0;MoveNorth;(22, 10);;(20, 12);1;154
0;0.0;MoveNorth;(22, 10);;(20, 12);1;155
0;0.0;MoveNorth;(22, 10);;(20, 12);1;156
0;0.0;MoveNorth;(22, 10);;(20, 12);1;157
0;0.0;MoveNorth;(22, 10);;(20, 12);1;158
0;0.0;MoveNorth;(22, 10);;(20, 12);1;159
0;0.0;MoveNorth;(22, 9);;(20, 12);1;160
0;0.0;MoveNorth;(22, 9);;(20, 12);1;161
0;0.0;MoveNorth;(22, 9);;(20, 12);1;162
0;0.0;MoveNorth;(22, 9);;(20, 12);1;163
0;0.0;MoveNorth;(22, 9);;(20, 12);1;164
0;0.0;MoveNorth;(22, 9);;(20, 12);1;165
0;0.0;MoveNorth;(22, 9);;(20, 12);1;166
0;0.0;MoveNorth;(22, 9);;(20, 12);1;167
0;0.0;MoveNorth;(22, 9);;(20, 12);1;168
0;0.0;MoveNorth;(22, 8);;(20, 12);1;169
0;0.0;MoveNorth;(22, 8);;(20, 12);1;170
0;0.0;MoveNorth;(22, 8);;(20, 12);1;171
0;0.0;MoveNorth;(22, 8);;(20, 12);1;172
0;0.0;MoveNorth;(22, 8);;(20, 12);1;173
0;0.0;MoveNorth;(22, 8);;(20, 12);1;174
0;0.0;MoveNorth;(22, 8);;(20, 12);1;175
0;0.0;MoveNorth;(22, 8);;(20, 12);1;176
0;0.0;MoveNorth;(22, 8);;(20, 12);1;177
0;0.0;MoveNorth;(22, 7);;(20, 12);1;178
0;0.0;MoveNorthWest;(22, 7);;(20, 12);1;179
0;0.0;MoveNorthWest;(22, 7);;(20, 12);1;180
0;0.0;MoveNorthWest;(22, 7);;(20, 12);1;181
0;0.0;MoveNorthWest;(22, 7);;(20, 12);1;182
0;0.0;MoveNorthWest;(22, 7);;(20, 12);1;183
0;0.0;MoveNorthWest;(22, 7);;(20, 12);1;184
0;0.0;MoveNorthWest;(22, 7);;(20, 12);1;185
0;0.0;MoveNorthWest;(22, 7);;(20, 12);1;186
0;0.0;MoveNorthWest;(21, 6);;(20, 12);1;187
0;0.0;MoveNorth;(21, 6);;(20, 12);1;188
0;0.0;MoveNorth;(21, 6);;(20, 12);1;189
0;0.0;MoveNorth;(21, 6);;(20, 12);1;190
0;0.0;MoveNorth;(21, 6);;(20, 12);1;191
0;0.0;MoveNorth;(21, 6);;(20, 12);1;192
0;0.0;MoveNorth;(21, 6);;(20, 12);1;193
0;0.0;MoveNorth;(21, 6);;(20, 12);1;194
0;0.0;MoveNorth;(21, 6);;(20, 12);1;195
0;0.0;MoveNorth;(21, 5);;(20, 12);1;196
0;0.0;MoveNorth;(21, 5);;(20, 12);1;197
0;0.0;MoveNorth;(21, 5);;(20, 12);1;198
0;0.0;MoveNorth;(21, 5);;(20, 12);1;199
0;0.0;MoveNorth;(21, 5);;(20, 12);1;200
0;0.0;MoveNorth;(21, 5);;(20, 12);1;201
0;0.0;MoveNorth;(21, 5);;(20, 12);1;202
0;0.0;MoveNorth;(21, 5);;(20, 12);1;203
0;0.0;MoveNorth;(21, 5);;(20, 12);1;204
0;0.0;MoveNorth;(21, 4);;(20, 12);1;205
0;0.0;MoveNorthWest;(21, 4);;(20, 12);1;206
0;0.0;MoveNorthWest;(21, 4);;(20, 12);1;207
0;0.0;MoveNorthWest;(21, 4);;(20, 12);1;208
0;0.0;MoveNorthWest;(21, 4);;(20, 12);1;209
0;0.0;MoveNorthWest;(21, 4);;(20, 12);1;210
0;0.0;MoveNorthWest;(21, 4);;(20, 12);1;211
0;0.0;MoveNorthWest;(21, 4);;(20, 12);1;212
0;0.0;MoveNorthWest;(21, 4);;(20, 12);1;213
0;0.0;MoveNorthWest;(20, 3);;(20, 12);1;214
0;0.0;MoveNorth;(20, 3);;(20, 12);1;215
0;0.0;MoveNorth;(20, 3);;(20, 12);1;216
0;0.0;MoveNorth;(20, 3);;(20, 12);1;217
0;0.0;MoveNorth;(20, 3);;(20, 12);1;218
0;0.0;MoveNorth;(20, 3);;(20, 12);1;219
0;0.0;MoveNorth;(20, 3);;(20, 12);1;220
0;0.0;MoveNorth;(20, 3);;(20, 12);1;221
0;0.0;MoveNorth;(20, 3);;(20, 12);1;222
0;0.0;MoveNorth;(20, 2);;(20, 12);1;223
0;0.0;MoveSouthEast;(20, 2);;(20, 12);1;224
0;0.0;MoveSouthEast;(20, 2);;(20, 12);1;225
0;0.0;MoveSouthEast;(20, 2);;(20, 12);1;226
0;0.0;MoveSouthEast;(20, 2);;(20, 12);1;227
0;0.0;MoveSouthEast;(20, 2);;(20, 12);1;228
0;0.0;MoveSouthEast;(20, 2);;(20, 12);1;229
0;0.0;MoveSouthEast;(20, 2);;(20, 12);1;230
0;0.0;MoveSouthEast;(20, 2);;(20, 12);1;231
0;0.0;MoveSouthEast;(21, 3);;(20, 12);1;232
0;0.0;MoveNorthEast;(21, 3);;(20, 12);1;233
0;0.0;MoveNorthEast;(21, 3);;(20, 12);1;234
0;0.0;MoveNorthEast;(21, 3);;(20, 12);1;235
0;0.0;MoveNorthEast;(21, 3);;(20, 12);1;236
0;0.0;MoveNorthEast;(21, 3);;(20, 12);1;237
0;0.0;MoveNorthEast;(21, 3);;(20, 12);1;238
0;0.0;MoveNorthEast;(21, 3);;(20, 12);1;239
0;0.0;MoveNorthEast;(21, 3);;(20, 12);1;240
0;0.0;MoveNorthEast;(22, 2);;(20, 12);1;241
0;0.0;Idle;(22, 2);;(20, 12);1;242
0;0.0;Idle;(22, 2);;(20, 12);1;243
0;0.0;Idle;(22, 2);;(20, 12);1;244
0;0.0;Idle;(22, 2);;(20, 12);1;245
0;0.0;Idle;(22, 2);;(20, 12);1;246
0;0.0;Idle;(22, 2);;(20, 12);1;247
0;0.0;Idle;(22, 2);;(20, 12);1;248
0;0.0;Idle;(22, 2);;(20, 12);1;249
0;0.0;Idle;(22, 2);;(20, 12);1;250
0;0.0;Idle;(22, 2);;(20, 12);1;251
0;0.0;Idle;(22, 2);;(20, 12);1;252
0;0.0;Idle;(22, 2);;(20, 12);1;253
0;0.0;Idle;(22, 2);;(20, 12);1;254
0;0.0;Idle;(22, 2);;(20, 12);1;255
0;0.0;Idle;(22, 2);;(20, 12);1;256
0;0.0;Idle;(22, 2);;(20, 12);1;257
0;0.0;Idle;(22, 2);;(20, 12);1;258
0;0.0;Idle;(22, 2);;(20, 12);1;259
0;0.0;Idle;(22, 2);;(20, 12);1;260
0;0.0;Idle;(22, 2);;(20, 12);1;261
0;0.0;Idle;(22, 2);;(20, 12);1;262
0;0.0;Idle;(22, 2);;(20, 12);1;263
0;0.0;Idle;(22, 2);;(20, 12);1;264
0;0.0;Idle;(22, 2);;(20, 12);1;265
0;0.0;Idle;(22, 2);;(20, 12);1;266
0;0.0;Idle;(22, 2);;(20, 12);1;267
0;0.0;MoveSouthWest;(22, 2);;(20, 12);1;268
0;0.0;MoveSouthWest;(22, 2);;(20, 12);1;269
0;0.0;MoveSouthWest;(22, 2);;(20, 12);1;270
0;0.0;MoveSouthWest;(22, 2);;(20, 12);1;271
0;0.0;MoveSouthWest;(22, 2);;(20, 12);1;272
0;0.0;MoveSouthWest;(22, 2);;(20, 12);1;273
0;0.0;MoveSouthWest;(22, 2);;(20, 12);1;274
0;0.0;MoveSouthWest;(22, 2);;(20, 12);1;275
0;0.0;MoveSouthWest;(21, 3);;(20, 12);1;276
0;0.0;MoveSouth;(21, 3);;(20, 12);1;277
0;0.0;MoveSouth;(21, 3);;(20, 12);1;278
0;0.0;MoveSouth;(21, 3);;(20, 12);1;279
0;0.0;MoveSouth;(21, 3);;(20, 12);1;280
0;0.0;MoveSouth;(21, 3);;(20, 12);1;281
0;0.0;MoveSouth;(21, 3);;(20, 12);1;282
0;0.0;MoveSouth;(21, 3);;(20, 12);1;283
0;0.0;MoveSouth;(21, 3);;(20, 12);1;284
0;0.0;MoveSouth;(21, 4);;(20, 12);1;285
0;0.0;MoveSouthWest;(21, 4);;(20, 12);1;286
0;0.0;MoveSouthWest;(21, 4);;(20, 12);1;287
0;0.0;MoveSouthWest;(21, 4);;(20, 12);1;288
0;0.0;MoveSouthWest;(21, 4);;(20, 12);1;289
0;0.0;MoveSouthWest;(21, 4);;(20, 12);1;290
0;0.0;MoveSouthWest;(21, 4);;(20, 12);1;291
0;0.0;MoveSouthWest;(21, 4);;(20, 12);1;292
0;0.0;MoveSouthWest;(21, 4);;(20, 12);1;293
0;0.0;MoveSouthWest;(20, 5);;(20, 12);1;294
0;0.0;MoveWest;(20, 5);;(20, 12);1;295
0;0.0;MoveWest;(20, 5);;(20, 12);1;296
0;0.0;MoveWest;(20, 5);;(20, 12);1;297
0;0.0;MoveWest;(20, 5);;(20, 12);1;298
0;0.0;MoveWest;(20, 5);;(20, 12);1;299
0;0.0;MoveWest;(20, 5);;(20, 12);1;300
0;0.0;MoveWest;(20, 5);;(20, 12);1;301
0;0.0;MoveWest;(20, 5);;(20, 12);1;302
0;0.0;MoveWest;(20, 5);;(20, 12);1;303
0;0.0;MoveWest;(20, 5);;(20, 12);1;304
0;0.0;MoveWest;(20, 5);;(20, 12);1;305
0;0.0;MoveWest;(20, 5);;(20, 12);1;306
0;0.0;MoveWest;(20, 5);;(20, 12);1;307
0;0.0;MoveWest;(19, 5);;(20, 12);1;308
0;0.0;MoveWest;(19, 5);;(20, 12);1;309
0;0.0;MoveWest;(19, 5);;(20, 12);1;310
0;0.0;MoveWest;(19, 5);;(20, 12);1;311
0;0.0;MoveWest;(19, 5);;(20, 12);1;312
0;0.0;MoveWest;(19, 5);;(20, 12);1;313
0;0.0;MoveWest;(19, 5);;(20, 12);1;314
0;0.0;MoveWest;(19, 5);;(20, 12);1;315
0;0.0;MoveWest;(19, 5);;(20, 12);1;316
0;0.0;MoveWest;(19, 5);;(20, 12);1;317
0;0.0;MoveWest;(19, 5);;(20, 12);1;318
0;0.0;MoveWest;(19, 5);;(20, 12);1;319
0;0.0;MoveWest;(19, 5);;(20, 12);1;320
0;0.0;MoveWest;(19, 5);;(20, 12);1;321
0;0.0;MoveWest;(18, 5);;(20, 12);1;322
0;0.0;MoveWest;(18, 5);;(20, 12);1;323
0;0.0;MoveWest;(18, 5);;(20, 12);1;324
0;0.0;MoveWest;(18, 5);;(20, 12);1;325
0;0.0;MoveWest;(18, 5);;(20, 12);1;326
0;0.0;MoveWest;(18, 5);;(20, 12);1;327
0;0.0;MoveWest;(18, 5);;(20, 12);1;328
0;0.0;MoveWest;(18, 5);;(20, 12);1;329
0;0.0;MoveWest;(18, 5);;(20, 12);1;330
0;0.0;MoveWest;(17, 5);;(20, 12);1;331
0;0.0;MoveWest;(17, 5);;(20, 12);1;332
0;0.0;MoveWest;(17, 5);;(20, 12);1;333
0;0.0;MoveWest;(17, 5);;(20, 12);1;334
0;0.0;MoveWest;(17, 5);;(20, 12);1;335
0;0.0;MoveWest;(17, 5);;(20, 12);1;336
0;0.0;MoveWest;(17, 5);;(20, 12);1;337
0;0.0;MoveWest;(17, 5);;(20, 12);1;338
0;0.0;MoveWest;(17, 5);;(20, 12);1;339
0;0.0;MoveWest;(16, 5);;(20, 12);1;340
0;0.0;MoveWest;(16, 5);;(20, 12);1;341
0;0.0;MoveWest;(16, 5);;(20, 12);1;342
0;0.0;MoveWest;(16, 5);;(20, 12);1;343
0;0.0;MoveWest;(16, 5);;(20, 12);1;344
0;0.0;MoveWest;(16, 5);;(20, 12);1;345
0;0.0;MoveWest;(16, 5);;(20, 12);1;346
0;0.0;MoveWest;(16, 5);;(20, 12);1;347
0;0.0;MoveWest;(16, 5);;(20, 12);1;348
0;0.0;MoveWest;(15, 5);;(20, 12);1;349
0;0.0;;(15, 5);;(20, 12);1;350
0;0.0;;(15, 5);;(20, 12);1;351
0;0.0;;(15, 5);;(20, 12);1;352
0;0.0;;(15, 5);;(20, 12);1;353
0;0.0;;(15, 5);;(20, 12);1;354
0;0.0;;(15, 5);;(20, 12);1;355
0;0.0;;(15, 5);;(20, 12);1;356
0;0.0;;(15, 5);;(20, 12);1;357
0;0.0;;(15, 5);;(20, 12);1;358
0;0.0;;(15, 5);;(20, 12);1;359
0;0.0;;(15, 5);;(20, 12);1;360
0;0.0;;(15, 5);;(20, 12);1;361
0;0.0;;(15, 5);;(20, 12);1;362
0;0.0;;(15, 5);;(20, 12);1;363
0;0.0;;(15, 5);;(20, 12);1;364
0;0.0;;(15, 5);;(20, 12);1;365
0;0.0;;(15, 5);;(20, 12);1;366
0;0.0;;(15, 5);;(20, 12);1;367
0;0.0;;(15, 5);;(20, 12);1;368
0;0.0;;(15, 5);;(20, 12);1;369
0;0.0;;(15, 5);;(20, 12);1;370
0;0.0;;(15, 5);;(20, 12);1;371
0;0.0;;(15, 5);;(20, 12);1;372
0;0.0;;(15, 5);;(20, 12);1;373
0;0.0;;(15, 5);;(20, 12);1;374
0;0.0;;(15, 5);;(20, 12);1;375
0;0.0;;(15, 5);;(20, 12);1;376
0;0.0;;(15, 5);;(20, 12);1;377
0;0.0;;(15, 5);;(20, 12);1;378
0;0.0;;(15, 5);;(20, 12);1;379
0;0.0;;(15, 5);;(20, 12);1;380
0;0.0;;(15, 5);;(20, 12);1;381
0;0.0;;(15, 5);;(20, 12);1;382
0;0.0;;(15, 5);;(20, 12);1;383
0;0.0;;(15, 5);;(20, 12);1;384
0;0.0;;(15, 5);;(20, 12);1;385
0;0.0;;(15, 5);;(20, 12);1;386
0;0.0;;(15, 5);;(20, 12);1;387
0;0.0;;(15, 5);;(20, 12);1;388
0;0.0;;(15, 5);;(20, 12);1;389
0;0.0;;(15, 5);;(20, 12);1;390
0;0.0;;(15, 5);;(20, 12);1;391
0;0.0;;(15, 5);;(20, 12);1;392
0;0.0;;(15, 5);;(20, 12);1;393
0;0.0;;(15, 5);;(20, 12);1;394
0;0.0;;(15, 5);;(20, 12);1;395
0;0.0;;(15, 5);;(20, 12);1;396
0;0.0;;(15, 5);;(20, 12);1;397
0;0.0;;(15, 5);;(20, 12);1;398
0;0.0;;(15, 5);;(20, 12);1;399
0;0.0;;(15, 5);;(20, 12);1;400
0;0.0;;(15, 5);;(20, 12);1;401
0;0.0;;(15, 5);;(20, 12);1;402
0;0.0;;(15, 5);;(20, 12);1;403
0;0.0;;(15, 5);;(20, 12);1;404
0;0.0;;(15, 5);;(20, 12);1;405
0;0.0;;(15, 5);;(20, 12);1;406
0;0.0;;(15, 5);;(20, 12);1;407
0;0.0;;(15, 5);;(20, 12);1;408
0;0.0;;(15, 5);;(20, 12);1;409
0;0.0;;(15, 5);;(20, 12);1;410
0;0.0;;(15, 5);;(20, 12);1;411
0;0.0;;(15, 5);;(20, 12);1;412
0;0.0;;(15, 5);;(20, 12);1;413
0;0.0;;(15, 5);;(20, 12);1;414
0;0.0;;(15, 5);;(20, 12);1;415
0;0.0;;(15, 5);;(20, 12);1;416
0;0.0;;(15, 5);;(20, 12);1;417
0;0.0;;(15, 5);;(20, 12);1;418
0;0.0;;(15, 5);;(20, 12);1;419
0;0.0;;(15, 5);;(20, 12);1;420
0;0.0;;(15, 5);;(20, 12);1;421
0;0.0;;(15, 5);;(20, 12);1;422
0;0.0;;(15, 5);;(20, 12);1;423
0;0.0;;(15, 5);;(20, 12);1;424
0;0.0;;(15, 5);;(20, 12);1;425
0;0.0;;(15, 5);;(20, 12);1;426
0;0.0;;(15, 5);;(20, 12);1;427
0;0.0;;(15, 5);;(20, 12);1;428
0;0.0;;(15, 5);;(20, 12);1;429
0;0.0;;(15, 5);;(20, 12);1;430
0;0.0;;(15, 5);;(20, 12);1;431
0;0.0;;(15, 5);;(20, 12);1;432
0;0.0;;(15, 5);;(20, 12);1;433
0;0.0;;(15, 5);;(20, 12);1;434
0;0.0;;(15, 5);;(20, 12);1;435
0;0.0;;(15, 5);;(20, 12);1;436
0;0.0;;(15, 5);;(20, 12);1;437
0;0.0;;(15, 5);;(20, 12);1;438
0;0.0;;(15, 5);;(20, 12);1;439
0;0.0;;(15, 5);;(20, 12);1;440
0;0.0;;(15, 5);;(20, 12);1;441
0;0.0;;(15, 5);;(20, 12);1;442
0;0.0;;(15, 5);;(20, 12);1;443
0;0.0;;(15, 5);;(20, 12);1;444
0;0.0;;(15, 5);;(20, 12);1;445
0;0.0;;(15, 5);;(20, 12);1;446
0;0.0;;(15, 5);;(20, 12);1;447
0;0.0;;(15, 5);;(20, 12);1;448
0;0.0;;(15, 5);;(20, 12);1;449
0;0.0;;(15, 5);;(20, 12);1;450
0;0.0;;(15, 5);;(20, 12);1;451
0;0.0;;(15, 5);;(20, 12);1;452
0;0.0;;(15, 5);;(20, 12);1;453
0;0.0;;(15, 5);;(20, 12);1;454
0;0.0;;(15, 5);;(20, 12);1;455
0;0.0;;(15, 5);;(20, 12);1;456
0;0.0;;(15, 5);;(20, 12);1;457
0;0.0;;(15, 5);;(20, 12);1;458
0;0.0;;(15, 5);;(20, 12);1;459
0;0.0;;(15, 5);;(20, 12);1;460
0;0.0;;(15, 5);;(20, 12);1;461
0;0.0;;(15, 5);;(20, 12);1;462
0;0.0;;(15, 5);;(20, 12);1;463
0;0.0;;(15, 5);;(20, 12);1;464
0;0.0;;(15, 5);;(20, 12);1;465
0;0.0;;(15, 5);;(20, 12);1;466
0;0.0;;(15, 5);;(20, 12);1;467
0;0.0;;(15, 5);;(20, 12);1;468
0;0.0;;(15, 5);;(20, 12);1;469
0;0.0;;(15, 5);;(20, 12);1;470
0;0.0;;(15, 5);;(20, 12);1;471
0;0.0;;(15, 5);;(20, 12);1;472
0;0.0;;(15, 5);;(20, 12);1;473
0;0.0;;(15, 5);;(20, 12);1;474
0;0.0;;(15, 5);;(20, 12);1;475
0;0.0;;(15, 5);;(20, 12);1;476
0;0.0;;(15, 5);;(20, 12);1;477
0;0.0;;(15, 5);;(20, 12);1;478
0;0.0;;(15, 5);;(20, 12);1;479
0;0.0;;(15, 5);;(20, 12);1;480
0;0.0;;(15, 5);;(20, 12);1;481
0;0.0;;(15, 5);;(20, 12);1;482
0;0.0;;(15, 5);;(20, 12);1;483
0;0.0;;(15, 5);;(20, 12);1;484
0;0.0;;(15, 5);;(20, 12);1;485
0;0.0;;(15, 5);;(20, 12);1;486
0;0.0;;(15, 5);;(20, 12);1;487
0;0.0;;(15, 5);;(20, 12);1;488
0;0.0;;(15, 5);;(20, 12);1;489
0;0.0;;(15, 5);;(20, 12);1;490
0;0.0;;(15, 5);;(20, 12);1;491
0;0.0;;(15, 5);;(20, 12);1;492
0;0.0;;(15, 5);;(20, 12);1;493
0;0.0;;(15, 5);;(20, 12);1;494
0;0.0;;(15, 5);;(20, 12);1;495
0;0.0;;(15, 5);;(20, 12);1;496
0;0.0;;(15, 5);;(20, 12);1;497
0;0.0;;(15, 5);;(20, 12);1;498
0;0.0;;(15, 5);;(20, 12);1;499
0;0.0;;(15, 5);;(20, 12);1;500
0;0.0;;(15, 5);;(20, 12);1;501
0;0.0;;(15, 5);;(20, 12);1;502
0;0.0;;(15, 5);;(20, 12);1;503
0;0.0;;(15, 5);;(20, 12);1;504
0;0.0;;(15, 5);;(20, 12);1;505
0;0.0;;(15, 5);;(20, 12);1;506
0;0.0;;(15, 5);;(20, 12);1;507
0;0.0;;(15, 5);;(20, 12);1;508
0;0.0;;(15, 5);;(20, 12);1;509
0;0.0;;(15, 5);;(20, 12);1;510
0;0.0;;(15, 5);;(20, 12);1;511
0;0.0;;(15, 5);;(20, 12);1;512
0;0.0;;(15, 5);;(20, 12);1;513
0;0.0;;(15, 5);;(20, 12);1;514
0;0.0;;(15, 5);;(20, 12);1;515
0;0.0;;(15, 5);;(20, 12);1;516
0;0.0;;(15, 5);;(20, 12);1;517
0;0.0;;(15, 5);;(20, 12);1;518
0;0.0;;(15, 5);;(20, 12);1;519
0;0.0;;(15, 5);;(20, 12);1;520
0;0.0;;(15, 5);;(20, 12);1;521
0;0.0;;(15, 5);;(20, 12);1;522
0;0.0;;(15, 5);;(20, 12);1;523
0;0.0;;(15, 5);;(20, 12);1;524
0;0.0;;(15, 5);;(20, 12);1;525
0;0.0;;(15, 5);;(20, 12);1;526
0;0.0;;(15, 5);;(20, 12);1;527
0;0.0;;(15, 5);;(20, 12);1;528
0;0.0;;(15, 5);;(20, 12);1;529
0;0.0;;(15, 5);;(20, 12);1;530
0;0.0;;(15, 5);;(20, 12);1;531
0;0.0;;(15, 5);;(20, 12);1;532
0;0.0;;(15, 5);;(20, 12);1;533
0;0.0;;(15, 5);;(20, 12);1;534
0;0.0;;(15, 5);;(20, 12);1;535
0;0.0;;(15, 5);;(20, 12);1;536
0;0.0;;(15, 5);;(20, 12);1;537
0;0.0;;(15, 5);;(20, 12);1;538
0;0.0;;(15, 5);;(20, 12);1;539
0;0.0;;(15, 5);;(20, 12);1;540
0;0.0;;(15, 5);;(20, 12);1;541
0;0.0;;(15, 5);;(20, 12);1;542
0;0.0;;(15, 5);;(20, 12);1;543
0;0.0;;(15, 5);;(20, 12);1;544
0;0.0;;(15, 5);;(20, 12);1;545
0;0.0;;(15, 5);;(20, 12);1;546
0;0.0;;(15, 5);;(20, 12);1;547
0;0.0;;(15, 5);;(20, 12);1;548
0;0.0;;(15, 5);;(20, 12);1;549
0;0.0;;(15, 5);;(20, 12);1;550
0;0.0;;(15, 5);;(20, 12);1;551
0;0.0;;(15, 5);;(20, 12);1;552
0;0.0;;(15, 5);;(20, 12);1;553
0;0.0;;(15, 5);;(20, 12);1;554
0;0.0;;(15, 5);;(20, 12);1;555
0;0.0;;(15, 5);;(20, 12);1;556
0;0.0;;(15, 5);;(20, 12);1;557
0;0.0;;(15, 5);;(20, 12);1;558
0;0.0;;(15, 5);;(20, 12);1;559
0;0.0;;(15, 5);;(20, 12);1;560
0;0.0;;(15, 5);;(20, 12);1;561
0;0.0;;(15, 5);;(20, 12);1;562
0;0.0;;(15, 5);;(20, 12);1;563
0;0.0;;(15, 5);MoveNorth;(20, 11);1;564
0;0.0;;(15, 5);MoveNorth;(20, 10);1;565
0;0.0;;(15, 5);MoveNorth;(20, 9);1;566
0;0.0;;(15, 5);;(20, 9);1;567
0;0.0;;(15, 5);;(20, 9);1;568
0;0.0;;(15, 5);;(20, 9);1;569
0;0.0;;(15, 5);;(20, 9);1;570
0;0.0;;(15, 5);;(20, 9);1;571
0;0.0;;(15, 5);;(20, 9);1;572
0;0.0;;(15, 5);;(20, 9);1;573
0;0.0;;(15, 5);;(20, 9);1;574
0;0.0;;(15, 5);;(20, 9);1;575
0;0.0;;(15, 5);;(20, 9);1;576
0;0.0;;(15, 5);MoveNorth;(20, 8);1;577
0;0.0;;(15, 5);MoveWest;(19, 8);1;578
0;0.0;;(15, 5);;(19, 8);1;579
0;0.0;;(15, 5);MoveWest;(19, 8);1;580
0;0.0;;(15, 5);MoveWest;(19, 8);1;581
0;0.0;;(15, 5);MoveWest;(19, 8);1;582
0;0.0;;(15, 5);MoveWest;(19, 8);1;583
0;0.0;;(15, 5);MoveWest;(19, 8);1;584
0;0.0;;(15, 5);MoveWest;(18, 8);1;585
0;0.0;;(15, 5);MoveWest;(18, 8);1;586
0;0.0;;(15, 5);;(18, 8);1;587
0;0.0;;(15, 5);;(18, 8);1;588
0;0.0;;(15, 5);;(18, 8);1;589
0;0.0;;(15, 5);MoveWest;(18, 8);1;590
0;0.0;;(15, 5);MoveNorth;(18, 7);1;591
0;0.0;;(15, 5);;(18, 7);1;592
0;0.0;;(15, 5);;(18, 7);1;593
0;0.0;;(15, 5);MoveNorth;(18, 6);1;594
0;0.0;;(15, 5);;(18, 6);1;595
0;0.0;;(15, 5);MoveNorth;(18, 5);1;596
0;0.0;;(15, 5);;(18, 5);1;597
0;0.0;;(15, 5);;(18, 5);1;598
0;0.0;;(15, 5);;(18, 5);1;599
0;0.0;;(15, 5);MoveWest;(17, 5);1;600
0;0.0;;(15, 5);;(17, 5);1;601
0;0.0;;(15, 5);MoveWest;(16, 5);1;602
0;0.0;;(15, 5);MoveWest;(15, 5);1;603
0;0.0;;(15, 5);;(15, 5);1;604
0;0.0;;(15, 5);MoveWest;(14, 5);1;605
0;0.0;;(15, 5);;(14, 5);1;606
0;0.0;;(15, 5);MoveWest;(13, 5);1;607
0;0.0;;(15, 5);MoveWest;(12, 5);1;608
0;0.0;;(15, 5);;(12, 5);1;609
0;0.0;;(15, 5);;(12, 5);1;610
0;0.0;;(15, 5);;(12, 5);1;611
0;0.0;;(15, 5);;(12, 5);1;612
0;0.0;;(15, 5);;(12, 5);1;613
0;0.0;;(15, 5);;(12, 5);1;614
0;0.0;;(15, 5);;(12, 5);1;615
0;0.0;;(15, 5);MoveEast;(13, 5);1;616
0;0.0;;(15, 5);MoveEast;(14, 5);1;617
0;0.0;;(15, 5);MoveEast;(15, 5);1;618
0;0.0;;(15, 5);MoveEast;(16, 5);1;619
0;0.0;;(15, 5);;(16, 5);1;620
0;0.0;;(15, 5);;(16, 5);1;621
0;0.0;;(15, 5);;(16, 5);1;622
0;0.0;;(15, 5);;(16, 5);1;623
0;0.0;;(15, 5);;(16, 5);1;624
0;0.0;;(15, 5);;(16, 5);1;625
0;0.0;;(15, 5);;(16, 5);1;626
0;0.0;;(15, 5);;(16, 5);1;627
0;0.0;;(15, 5);;(16, 5);1;628
0;0.0;;(15, 5);MoveWest;(15, 5);1;629
0;0.0;;(15, 5);;(15, 5);1;630
0;0.0;;(15, 5);;(15, 5);1;631
0;0.0;;(15, 5);;(15, 5);1;632
0;0.0;;(15, 5);;(15, 5);1;633
0;0.0;;(15, 5);;(15, 5);1;634
0;0.0;;(15, 5);;(15, 5);1;635
0;0.0;;(15, 5);;(15, 5);1;636
0;0.0;;(15, 5);;(15, 5);1;637
0;0.0;;(15, 5);;(15, 5);1;638
0;0.0;;(15, 5);;(15, 5);1;639
0;0.0;;(15, 5);;(15, 5);1;640
0;0.0;;(15, 5);;(15, 5);1;641
0;0.0;;(15, 5);;(15, 5);1;642
0;0.0;;(15, 5);;(15, 5);1;643
0;0.0;;(15, 5);;(15, 5);1;644
0;0.0;;(15, 5);;(15, 5);1;645
0;0.0;;(15, 5);;(15, 5);1;646
0;0.0;;(15, 5);;(15, 5);1;647
0;0.0;;(15, 5);;(15, 5);1;648
0;0.0;;(15, 5);;(15, 5);1;649
0;0.0;;(15, 5);;(15, 5);1;650
0;0.0;;(15, 5);;(15, 5);1;651
0;0.0;;(15, 5);;(15, 5);1;652
0;0.0;;(15, 5);;(15, 5);1;653
0;0.0;;(15, 5);;(15, 5);1;654
0;0.0;;(15, 5);;(15, 5);1;655
0;0.0;;(15, 5);;(15, 5);1;656
0;0.0;;(15, 5);RemoveObjectTogether;(15, 5);1;657
0;0.0;;(15, 5);RemoveObjectTogether;(15, 5);1;658
0;0.0;;(15, 5);RemoveObjectTogether;(15, 5);1;659
0;0.0;;(15, 5);RemoveObjectTogether;(15, 5);1;660
0;0.0;;(15, 5);RemoveObjectTogether;(15, 5);1;661
0;0.0;;(15, 5);RemoveObjectTogether;(15, 5);1;662
0;0.0;;(15, 5);RemoveObjectTogether;(15, 5);1;663
0;0.0;;(15, 5);RemoveObjectTogether;(15, 5);1;664
0;0.0;;(15, 5);RemoveObjectTogether;(15, 5);1;665
0;0.0;;(15, 5);RemoveObjectTogether;(15, 5);1;666
0;0.0;;(15, 5);RemoveObjectTogether;(15, 5);1;667
0;0.0;;(15, 5);RemoveObjectTogether;(15, 5);1;668
0;0.0;;(15, 5);RemoveObjectTogether;(15, 5);1;669
0;0.0;;(15, 5);RemoveObjectTogether;(15, 5);1;670
0;0.0;;(15, 5);RemoveObjectTogether;(15, 5);1;671
0;0.0;;(15, 5);RemoveObjectTogether;(15, 5);1;672
0;0.0;;(15, 5);RemoveObjectTogether;(15, 5);1;673
0;0.0;;(15, 5);RemoveObjectTogether;(15, 5);1;674
0;0.0;;(15, 5);RemoveObjectTogether;(15, 5);1;675
0;0.0;;(15, 5);RemoveObjectTogether;(15, 5);1;676
0;0.0;;(15, 5);RemoveObjectTogether;(15, 5);1;677
0;0.0;;(15, 5);RemoveObjectTogether;(15, 5);1;678
0;0.0;;(15, 5);RemoveObjectTogether;(15, 5);1;679
0;0.0;;(15, 5);RemoveObjectTogether;(15, 5);1;680
0;0.0;;(15, 5);RemoveObjectTogether;(15, 5);1;681
0;0.0;;(15, 5);RemoveObjectTogether;(15, 5);1;682
0;0.0;;(15, 5);RemoveObjectTogether;(15, 5);1;683
0;0.0;;(15, 5);RemoveObjectTogether;(15, 5);1;684
0;0.0;;(15, 5);RemoveObjectTogether;(15, 5);1;685
0;0.0;;(15, 5);RemoveObjectTogether;(15, 5);1;686
0;0.0;;(15, 5);RemoveObjectTogether;(15, 5);1;687
0;0.0;;(15, 5);RemoveObjectTogether;(15, 5);1;688
0;0.0;;(15, 5);RemoveObjectTogether;(15, 5);1;689
0;0.0;;(15, 5);RemoveObjectTogether;(15, 5);1;690
0;0.0;;(15, 5);RemoveObjectTogether;(15, 5);1;691
0;0.0;;(15, 5);RemoveObjectTogether;(15, 5);1;692
0;0.0;;(15, 5);RemoveObjectTogether;(15, 5);1;693
0;0.0;;(15, 5);RemoveObjectTogether;(15, 5);1;694
0;0.0;;(15, 5);RemoveObjectTogether;(15, 5);1;695
0;0.0;;(15, 5);RemoveObjectTogether;(15, 5);1;696
0;0.0;;(15, 5);RemoveObjectTogether;(15, 5);1;697
0;0.0;;(15, 5);RemoveObjectTogether;(15, 5);1;698
0;0.0;;(15, 5);RemoveObjectTogether;(15, 5);1;699
0;0.0;;(15, 5);RemoveObjectTogether;(15, 5);1;700
0;0.0;;(15, 5);RemoveObjectTogether;(15, 5);1;701
0;0.0;;(15, 5);RemoveObjectTogether;(15, 5);1;702
0;0.0;;(15, 5);RemoveObjectTogether;(15, 5);1;703
0;0.0;;(15, 5);RemoveObjectTogether;(15, 5);1;704
0;0.0;;(15, 5);RemoveObjectTogether;(15, 5);1;705
0;0.0;;(15, 5);RemoveObjectTogether;(15, 5);1;706
0;0.0;;(15, 5);RemoveObjectTogether;(15, 5);1;707
0;0.0;MoveNorth;(15, 5);RemoveObjectTogether;(15, 5);1;708
0;0.0;MoveNorth;(15, 5);RemoveObjectTogether;(15, 5);1;709
0;0.0;MoveNorth;(15, 5);RemoveObjectTogether;(15, 5);1;710
0;0.0;MoveNorth;(15, 5);RemoveObjectTogether;(15, 5);1;711
0;0.0;MoveNorth;(15, 5);RemoveObjectTogether;(15, 5);1;712
0;0.0;MoveNorth;(15, 5);RemoveObjectTogether;(15, 5);1;713
0;0.0;MoveNorth;(15, 5);RemoveObjectTogether;(15, 5);1;714
0;0.0;MoveNorth;(15, 5);RemoveObjectTogether;(15, 5);1;715
0;0.0;MoveNorth;(15, 4);RemoveObjectTogether;(15, 5);1;716
0;0.0;MoveNorthWest;(15, 4);RemoveObjectTogether;(15, 5);1;717
0;0.0;MoveNorthWest;(15, 4);RemoveObjectTogether;(15, 5);1;718
0;0.0;MoveNorthWest;(15, 4);RemoveObjectTogether;(15, 5);1;719
0;0.0;MoveNorthWest;(15, 4);RemoveObjectTogether;(15, 5);1;720
0;0.0;MoveNorthWest;(15, 4);RemoveObjectTogether;(15, 5);1;721
0;0.0;MoveNorthWest;(15, 4);RemoveObjectTogether;(15, 5);1;722
0;0.0;MoveNorthWest;(15, 4);RemoveObjectTogether;(15, 5);1;723
0;0.0;MoveNorthWest;(15, 4);RemoveObjectTogether;(15, 5);1;724
0;0.0;MoveNorthWest;(14, 3);RemoveObjectTogether;(15, 5);1;725
0;0.0;MoveNorth;(14, 3);RemoveObjectTogether;(15, 5);1;726
0;0.0;MoveNorth;(14, 3);RemoveObjectTogether;(15, 5);1;727
0;0.0;MoveNorth;(14, 3);RemoveObjectTogether;(15, 5);1;728
0;0.0;MoveNorth;(14, 3);RemoveObjectTogether;(15, 5);1;729
0;0.0;MoveNorth;(14, 3);RemoveObjectTogether;(15, 5);1;730
0;0.0;MoveNorth;(14, 3);RemoveObjectTogether;(15, 5);1;731
0;0.0;MoveNorth;(14, 3);RemoveObjectTogether;(15, 5);1;732
0;0.0;MoveNorth;(14, 3);RemoveObjectTogether;(15, 5);1;733
0;0.0;MoveNorth;(14, 2);RemoveObjectTogether;(15, 5);1;734
0;0.0;MoveSouthEast;(14, 2);RemoveObjectTogether;(15, 5);1;735
0;0.0;MoveSouthEast;(14, 2);RemoveObjectTogether;(15, 5);1;736
0;0.0;MoveSouthEast;(14, 2);RemoveObjectTogether;(15, 5);1;737
0;0.0;MoveSouthEast;(14, 2);RemoveObjectTogether;(15, 5);1;738
0;0.0;MoveSouthEast;(14, 2);RemoveObjectTogether;(15, 5);1;739
0;0.0;MoveSouthEast;(14, 2);RemoveObjectTogether;(15, 5);1;740
0;0.0;MoveSouthEast;(14, 2);RemoveObjectTogether;(15, 5);1;741
0;0.0;MoveSouthEast;(14, 2);RemoveObjectTogether;(15, 5);1;742
0;0.0;MoveSouthEast;(15, 3);RemoveObjectTogether;(15, 5);1;743
0;0.0;MoveNorthEast;(15, 3);RemoveObjectTogether;(15, 5);1;744
0;0.0;MoveNorthEast;(15, 3);RemoveObjectTogether;(15, 5);1;745
0;0.0;MoveNorthEast;(15, 3);RemoveObjectTogether;(15, 5);1;746
0;0.0;MoveNorthEast;(15, 3);RemoveObjectTogether;(15, 5);1;747
0;0.0;MoveNorthEast;(15, 3);RemoveObjectTogether;(15, 5);1;748
0;0.0;MoveNorthEast;(15, 3);RemoveObjectTogether;(15, 5);1;749
0;0.0;MoveNorthEast;(15, 3);RemoveObjectTogether;(15, 5);1;750
0;0.0;MoveNorthEast;(15, 3);RemoveObjectTogether;(15, 5);1;751
0;0.0;MoveNorthEast;(16, 2);RemoveObjectTogether;(15, 5);1;752
0;0.0;Idle;(16, 2);RemoveObjectTogether;(15, 5);1;753
0;0.0;Idle;(16, 2);RemoveObjectTogether;(15, 5);1;754
0;0.0;Idle;(16, 2);RemoveObjectTogether;(15, 5);1;755
0;0.0;Idle;(16, 2);RemoveObjectTogether;(15, 5);1;756
0;0.0;Idle;(16, 2);RemoveObjectTogether;(15, 5);1;757
0;0.0;Idle;(16, 2);RemoveObjectTogether;(15, 5);1;758
0;0.0;Idle;(16, 2);RemoveObjectTogether;(15, 5);1;759
0;0.0;Idle;(16, 2);RemoveObjectTogether;(15, 5);1;760
0;0.0;Idle;(16, 2);RemoveObjectTogether;(15, 5);1;761
0;0.0;Idle;(16, 2);RemoveObjectTogether;(15, 5);1;762
0;0.0;Idle;(16, 2);RemoveObjectTogether;(15, 5);1;763
0;0.0;Idle;(16, 2);RemoveObjectTogether;(15, 5);1;764
0;0.0;Idle;(16, 2);RemoveObjectTogether;(15, 5);1;765
0;0.0;Idle;(16, 2);RemoveObjectTogether;(15, 5);1;766
0;0.0;Idle;(16, 2);RemoveObjectTogether;(15, 5);1;767
0;0.0;Idle;(16, 2);RemoveObjectTogether;(15, 5);1;768
0;0.0;Idle;(16, 2);RemoveObjectTogether;(15, 5);1;769
0;0.0;Idle;(16, 2);RemoveObjectTogether;(15, 5);1;770
0;0.0;Idle;(16, 2);;(15, 5);1;771
0;0.0;Idle;(16, 2);;(15, 5);1;772
0;0.0;Idle;(16, 2);;(15, 5);1;773
0;0.0;Idle;(16, 2);;(15, 5);1;774
0;0.0;Idle;(16, 2);;(15, 5);1;775
0;0.0;Idle;(16, 2);RemoveObjectTogether;(15, 5);1;776
0;0.0;Idle;(16, 2);RemoveObjectTogether;(15, 5);1;777
0;0.0;Idle;(16, 2);RemoveObjectTogether;(15, 5);1;778
0;0.0;MoveSouth;(16, 2);RemoveObjectTogether;(15, 5);1;779
0;0.0;MoveSouth;(16, 2);RemoveObjectTogether;(15, 5);1;780
0;0.0;MoveSouth;(16, 2);MoveNorth;(15, 4);1;781
0;0.0;MoveSouth;(16, 2);MoveNorth;(15, 3);1;782
0;0.0;MoveSouth;(16, 2);;(15, 3);1;783
0;0.0;MoveSouth;(16, 2);;(15, 3);1;784
0;0.0;MoveSouth;(16, 2);;(15, 3);1;785
0;0.0;MoveSouth;(16, 2);;(15, 3);1;786
0;0.0;MoveSouth;(16, 3);;(15, 3);1;787
0;0.0;MoveSouthWest;(16, 3);;(15, 3);1;788
0;0.0;MoveSouthWest;(16, 3);;(15, 3);1;789
0;0.0;MoveSouthWest;(16, 3);;(15, 3);1;790
0;0.0;MoveSouthWest;(16, 3);;(15, 3);1;791
0;0.0;MoveSouthWest;(16, 3);;(15, 3);1;792
0;0.0;MoveSouthWest;(16, 3);;(15, 3);1;793
0;0.0;MoveSouthWest;(16, 3);;(15, 3);1;794
0;0.0;MoveSouthWest;(16, 3);;(15, 3);1;795
0;0.0;MoveSouthWest;(15, 4);;(15, 3);1;796
0;0.0;MoveSouth;(15, 4);;(15, 3);1;797
0;0.0;MoveSouth;(15, 4);;(15, 3);1;798
0;0.0;MoveSouth;(15, 4);;(15, 3);1;799
0;0.0;MoveSouth;(15, 4);;(15, 3);1;800
0;0.0;MoveSouth;(15, 4);;(15, 3);1;801
0;0.0;MoveSouth;(15, 4);;(15, 3);1;802
0;0.0;MoveSouth;(15, 4);;(15, 3);1;803
0;0.0;MoveSouth;(15, 4);;(15, 3);1;804
0;0.0;MoveSouth;(15, 5);;(15, 3);1;805
0;0.0;MoveSouth;(15, 5);MoveWest;(14, 3);1;806
0;0.0;MoveSouth;(15, 5);;(14, 3);1;807
0;0.0;MoveSouth;(15, 5);;(14, 3);1;808
0;0.0;MoveSouth;(15, 5);;(14, 3);1;809
0;0.0;MoveSouth;(15, 5);;(14, 3);1;810
0;0.0;MoveSouth;(15, 5);;(14, 3);1;811
0;0.0;MoveSouth;(15, 5);;(14, 3);1;812
0;0.0;MoveSouth;(15, 5);;(14, 3);1;813
0;0.0;MoveSouth;(15, 6);MoveNorth;(14, 2);1;814
0;0.0;;(15, 6);;(14, 2);1;815
0;0.0;;(15, 6);;(14, 2);1;816
0;0.0;;(15, 6);;(14, 2);1;817
0;0.0;;(15, 6);MoveEast;(15, 2);1;818
0;0.0;;(15, 6);;(15, 2);1;819
0;0.0;;(15, 6);MoveSouth;(15, 3);1;820
0;0.0;;(15, 6);;(15, 3);1;821
0;0.0;;(15, 6);;(15, 3);1;822
0;0.0;;(15, 6);;(15, 3);1;823
0;0.0;;(15, 6);;(15, 3);1;824
0;0.0;;(15, 6);;(15, 3);1;825
0;0.0;;(15, 6);;(15, 3);1;826
0;0.0;;(15, 6);MoveSouth;(15, 4);1;827
0;0.0;;(15, 6);;(15, 4);1;828
0;0.0;;(15, 6);MoveSouth;(15, 5);1;829
0;0.0;;(15, 6);MoveSouth;(15, 6);1;830
0;0.0;;(15, 6);;(15, 6);1;831
0;0.0;;(15, 6);;(15, 6);1;832
0;0.0;;(15, 6);;(15, 6);1;833
0;0.0;;(15, 6);;(15, 6);1;834
0;0.0;;(15, 6);;(15, 6);1;835
0;0.0;;(15, 6);;(15, 6);1;836
0;0.0;;(15, 6);;(15, 6);1;837
0;0.0;;(15, 6);;(15, 6);1;838
0;0.0;;(15, 6);;(15, 6);1;839
0;0.0;;(15, 6);;(15, 6);1;840
0;0.0;;(15, 6);;(15, 6);1;841
0;0.0;;(15, 6);;(15, 6);1;842
0;0.0;;(15, 6);;(15, 6);1;843
0;0.0;;(15, 6);;(15, 6);1;844
0;0.0;;(15, 6);;(15, 6);1;845
0;0.0;;(15, 6);MoveNorth;(15, 5);1;846
0;0.0;;(15, 6);;(15, 5);1;847
0;0.0;;(15, 6);;(15, 5);1;848
0;0.0;;(15, 6);;(15, 5);1;849
0;0.0;;(15, 6);;(15, 5);1;850
0;0.0;;(15, 6);;(15, 5);1;851
0;0.0;;(15, 6);;(15, 5);1;852
0;0.0;;(15, 6);;(15, 5);1;853
0;0.0;;(15, 6);;(15, 5);1;854
0;0.0;;(15, 6);;(15, 5);1;855
0;0.0;;(15, 6);;(15, 5);1;856
0;0.0;;(15, 6);;(15, 5);1;857
0;0.0;;(15, 6);;(15, 5);1;858
0;0.0;;(15, 6);;(15, 5);1;859
0;0.0;;(15, 6);;(15, 5);1;860
0;0.0;;(15, 6);;(15, 5);1;861
0;0.0;;(15, 6);;(15, 5);1;862
0;0.0;;(15, 6);;(15, 5);1;863
0;0.0;;(15, 6);;(15, 5);1;864
0;0.0;;(15, 6);;(15, 5);1;865
0;0.0;;(15, 6);;(15, 5);1;866
0;0.0;;(15, 6);;(15, 5);1;867
0;0.0;;(15, 6);;(15, 5);1;868
0;0.0;RemoveObject;(15, 6);;(15, 5);1;869
0;0.0;RemoveObject;(15, 6);;(15, 5);1;870
0;0.0;RemoveObject;(15, 6);;(15, 5);1;871
0;0.0;RemoveObject;(15, 6);;(15, 5);1;872
0;0.0;RemoveObject;(15, 6);;(15, 5);1;873
0;0.0;RemoveObject;(15, 6);;(15, 5);1;874
0;0.0;RemoveObject;(15, 6);;(15, 5);1;875
0;0.0;RemoveObject;(15, 6);;(15, 5);1;876
0;0.0;RemoveObject;(15, 6);;(15, 5);1;877
0;0.0;RemoveObject;(15, 6);;(15, 5);1;878
0;0.0;RemoveObject;(15, 6);;(15, 5);1;879
0;0.0;RemoveObject;(15, 6);;(15, 5);1;880
0;0.0;RemoveObject;(15, 6);;(15, 5);1;881
0;0.0;RemoveObject;(15, 6);;(15, 5);1;882
0;0.0;RemoveObject;(15, 6);;(15, 5);1;883
0;0.0;RemoveObject;(15, 6);;(15, 5);1;884
0;0.0;RemoveObject;(15, 6);;(15, 5);1;885
0;0.0;RemoveObject;(15, 6);;(15, 5);1;886
0;0.0;RemoveObject;(15, 6);;(15, 5);1;887
0;0.0;RemoveObject;(15, 6);;(15, 5);1;888
0;0.0;RemoveObject;(15, 6);;(15, 5);1;889
0;0.0;RemoveObject;(15, 6);;(15, 5);1;890
0;0.0;RemoveObject;(15, 6);;(15, 5);1;891
0;0.0;RemoveObject;(15, 6);;(15, 5);1;892
0;0.0;RemoveObject;(15, 6);;(15, 5);1;893
0;0.0;RemoveObject;(15, 6);;(15, 5);1;894
0;0.0;RemoveObject;(15, 6);;(15, 5);1;895
0;0.0;RemoveObject;(15, 6);;(15, 5);1;896
0;0.0;RemoveObject;(15, 6);;(15, 5);1;897
0;0.0;RemoveObject;(15, 6);;(15, 5);1;898
0;0.0;RemoveObject;(15, 6);;(15, 5);1;899
0;0.0;RemoveObject;(15, 6);;(15, 5);1;900
0;0.0;RemoveObject;(15, 6);;(15, 5);1;901
0;0.0;RemoveObject;(15, 6);;(15, 5);1;902
0;0.0;RemoveObject;(15, 6);;(15, 5);1;903
0;0.0;RemoveObject;(15, 6);;(15, 5);1;904
0;0.0;RemoveObject;(15, 6);;(15, 5);1;905
0;0.0;RemoveObject;(15, 6);;(15, 5);1;906
0;0.0;RemoveObject;(15, 6);;(15, 5);1;907
0;0.0;RemoveObject;(15, 6);;(15, 5);1;908
0;0.0;RemoveObject;(15, 6);;(15, 5);1;909
0;0.0;RemoveObject;(15, 6);;(15, 5);1;910
0;0.0;RemoveObject;(15, 6);;(15, 5);1;911
0;0.0;RemoveObject;(15, 6);;(15, 5);1;912
0;0.0;RemoveObject;(15, 6);;(15, 5);1;913
0;0.0;RemoveObject;(15, 6);;(15, 5);1;914
0;0.0;RemoveObject;(15, 6);;(15, 5);1;915
0;0.0;RemoveObject;(15, 6);;(15, 5);1;916
0;0.0;RemoveObject;(15, 6);;(15, 5);1;917
0;0.0;RemoveObject;(15, 6);;(15, 5);1;918
0;0.0;RemoveObject;(15, 6);;(15, 5);1;919
0;0.0;RemoveObject;(15, 6);;(15, 5);1;920
0;0.0;RemoveObject;(15, 6);;(15, 5);1;921
0;0.0;RemoveObject;(15, 6);;(15, 5);1;922
0;0.0;RemoveObject;(15, 6);;(15, 5);1;923
0;0.0;RemoveObject;(15, 6);;(15, 5);1;924
0;0.0;RemoveObject;(15, 6);;(15, 5);1;925
0;0.0;RemoveObject;(15, 6);;(15, 5);1;926
0;0.0;RemoveObject;(15, 6);;(15, 5);1;927
0;0.0;RemoveObject;(15, 6);;(15, 5);1;928
0;0.0;RemoveObject;(15, 6);;(15, 5);1;929
0;0.0;RemoveObject;(15, 6);;(15, 5);1;930
0;0.0;RemoveObject;(15, 6);;(15, 5);1;931
0;0.0;RemoveObject;(15, 6);;(15, 5);1;932
0;0.0;RemoveObject;(15, 6);;(15, 5);1;933
0;0.0;RemoveObject;(15, 6);;(15, 5);1;934
0;0.0;RemoveObject;(15, 6);;(15, 5);1;935
0;0.0;RemoveObject;(15, 6);;(15, 5);1;936
0;0.0;RemoveObject;(15, 6);;(15, 5);1;937
0;0.0;RemoveObject;(15, 6);;(15, 5);1;938
0;0.0;RemoveObject;(15, 6);;(15, 5);1;939
0;0.0;RemoveObject;(15, 6);;(15, 5);1;940
0;0.0;RemoveObject;(15, 6);;(15, 5);1;941
0;0.0;RemoveObject;(15, 6);;(15, 5);1;942
0;0.0;RemoveObject;(15, 6);;(15, 5);1;943
0;0.0;RemoveObject;(15, 6);MoveWest;(14, 5);1;944
0;0.0;RemoveObject;(15, 6);;(14, 5);1;945
0;0.0;RemoveObject;(15, 6);MoveWest;(13, 5);1;946
0;0.0;RemoveObject;(15, 6);MoveWest;(12, 5);1;947
0;0.0;RemoveObject;(15, 6);MoveWest;(11, 5);1;948
0;0.0;RemoveObject;(15, 6);;(11, 5);1;949
0;0.0;RemoveObject;(15, 6);MoveWest;(10, 5);1;950
0;0.0;RemoveObject;(15, 6);;(10, 5);1;951
0;0.0;RemoveObject;(15, 6);;(10, 5);1;952
0;0.0;RemoveObject;(15, 6);;(10, 5);1;953
0;0.0;RemoveObject;(15, 6);;(10, 5);1;954
0;0.0;RemoveObject;(15, 6);;(10, 5);1;955
0;0.0;RemoveObject;(15, 6);;(10, 5);1;956
0;0.0;RemoveObject;(15, 6);;(10, 5);1;957
0;0.0;RemoveObject;(15, 6);;(10, 5);1;958
0;0.0;RemoveObject;(15, 6);;(10, 5);1;959
0;0.0;RemoveObject;(15, 6);MoveWest;(10, 5);1;960
0;0.0;RemoveObject;(15, 6);MoveWest;(10, 5);1;961
0;0.0;RemoveObject;(15, 6);MoveWest;(10, 5);1;962
0;0.0;RemoveObject;(15, 6);MoveWest;(10, 5);1;963
0;0.0;RemoveObject;(15, 6);MoveWest;(10, 5);1;964
0;0.0;RemoveObject;(15, 6);MoveWest;(9, 5);1;965
0;0.0;RemoveObject;(15, 6);;(9, 5);1;966
0;0.0;RemoveObject;(15, 6);;(9, 5);1;967
0;0.0;RemoveObject;(15, 6);;(9, 5);1;968
0;0.0;RemoveObject;(15, 6);;(9, 5);1;969
0;0.0;MoveSouth;(15, 6);;(9, 5);1;970
0;0.0;MoveSouth;(15, 6);;(9, 5);1;971
0;0.0;MoveSouth;(15, 6);;(9, 5);1;972
0;0.0;MoveSouth;(15, 6);;(9, 5);1;973
0;0.0;MoveSouth;(15, 6);;(9, 5);1;974
0;0.0;MoveSouth;(15, 6);;(9, 5);1;975
0;0.0;MoveSouth;(15, 6);;(9, 5);1;976
0;0.0;MoveSouth;(15, 6);;(9, 5);1;977
0;0.0;MoveSouth;(15, 7);;(9, 5);1;978
0;0.0;MoveSouthWest;(15, 7);;(9, 5);1;979
0;0.0;MoveSouthWest;(15, 7);;(9, 5);1;980
0;0.0;MoveSouthWest;(15, 7);;(9, 5);1;981
0;0.0;MoveSouthWest;(15, 7);;(9, 5);1;982
0;0.0;MoveSouthWest;(15, 7);;(9, 5);1;983
0;0.0;MoveSouthWest;(15, 7);;(9, 5);1;984
0;0.0;MoveSouthWest;(15, 7);;(9, 5);1;985
0;0.0;MoveSouthWest;(15, 7);;(9, 5);1;986
0;0.0;MoveSouthWest;(14, 8);;(9, 5);1;987
0;0.0;MoveSouthEast;(14, 8);;(9, 5);1;988
0;0.0;MoveSouthEast;(14, 8);;(9, 5);1;989
0;0.0;MoveSouthEast;(14, 8);;(9, 5);1;990
0;0.0;MoveSouthEast;(14, 8);;(9, 5);1;991
0;0.0;MoveSouthEast;(14, 8);;(9, 5);1;992
0;0.0;MoveSouthEast;(14, 8);;(9, 5);1;993
0;0.0;MoveSouthEast;(14, 8);;(9, 5);1;994
0;0.0;MoveSouthEast;(14, 8);;(9, 5);1;995
0;0.0;MoveSouthEast;(15, 9);;(9, 5);1;996
0;0.0;MoveNorthWest;(15, 9);;(9, 5);1;997
0;0.0;MoveNorthWest;(15, 9);;(9, 5);1;998
0;0.0;MoveNorthWest;(15, 9);;(9, 5);1;999
0;0.0;MoveNorthWest;(15, 9);;(9, 5);1;1000
0;0.0;MoveNorthWest;(15, 9);;(9, 5);1;1001
0;0.0;MoveNorthWest;(15, 9);;(9, 5);1;1002
0;0.0;MoveNorthWest;(15, 9);;(9, 5);1;1003
0;0.0;MoveNorthWest;(15, 9);;(9, 5);1;1004
0;0.0;MoveNorthWest;(14, 8);;(9, 5);1;1005
0;0.0;CarryObject;(14, 8);;(9, 5);1;1006
0;0.0;CarryObject;(14, 8);;(9, 5);1;1007
0;0.0;CarryObject;(14, 8);;(9, 5);1;1008
0;0.0;CarryObject;(14, 8);;(9, 5);1;1009
0;0.0;CarryObject;(14, 8);;(9, 5);1;1010
0;0.0;CarryObject;(14, 8);;(9, 5);1;1011
0;0.0;CarryObject;(14, 8);;(9, 5);1;1012
0;0.0;CarryObject;(14, 8);;(9, 5);1;1013
0;0.0;CarryObject;(14, 8);;(9, 5);1;1014
0;0.0;CarryObject;(14, 8);;(9, 5);1;1015
0;0.0;CarryObject;(14, 8);;(9, 5);1;1016
0;0.0;CarryObject;(14, 8);;(9, 5);1;1017
0;0.0;CarryObject;(14, 8);;(9, 5);1;1018
0;0.0;CarryObject;(14, 8);;(9, 5);1;1019
0;0.0;CarryObject;(14, 8);;(9, 5);1;1020
0;0.0;CarryObject;(14, 8);;(9, 5);1;1021
0;0.0;CarryObject;(14, 8);;(9, 5);1;1022
0;0.0;CarryObject;(14, 8);;(9, 5);1;1023
0;0.0;CarryObject;(14, 8);;(9, 5);1;1024
0;0.0;CarryObject;(14, 8);;(9, 5);1;1025
0;0.0;CarryObject;(14, 8);;(9, 5);1;1026
0;0.0;CarryObject;(14, 8);;(9, 5);1;1027
0;0.0;CarryObject;(14, 8);;(9, 5);1;1028
0;0.0;CarryObject;(14, 8);;(9, 5);1;1029
0;0.0;CarryObject;(14, 8);;(9, 5);1;1030
0;0.0;CarryObject;(14, 8);;(9, 5);1;1031
0;0.0;CarryObject;(14, 8);;(9, 5);1;1032
0;0.0;CarryObject;(14, 8);;(9, 5);1;1033
0;0.0;CarryObject;(14, 8);;(9, 5);1;1034
0;0.0;CarryObject;(14, 8);;(9, 5);1;1035
0;0.0;CarryObject;(14, 8);;(9, 5);1;1036
0;0.0;CarryObject;(14, 8);;(9, 5);1;1037
0;0.0;CarryObject;(14, 8);;(9, 5);1;1038
0;0.0;CarryObject;(14, 8);;(9, 5);1;1039
0;0.0;CarryObject;(14, 8);;(9, 5);1;1040
0;0.0;CarryObject;(14, 8);;(9, 5);1;1041
0;0.0;CarryObject;(14, 8);;(9, 5);1;1042
0;0.0;CarryObject;(14, 8);;(9, 5);1;1043
0;0.0;CarryObject;(14, 8);;(9, 5);1;1044
0;0.0;CarryObject;(14, 8);;(9, 5);1;1045
0;0.0;CarryObject;(14, 8);;(9, 5);1;1046
0;0.0;CarryObject;(14, 8);;(9, 5);1;1047
0;0.0;CarryObject;(14, 8);;(9, 5);1;1048
0;0.0;CarryObject;(14, 8);;(9, 5);1;1049
0;0.0;CarryObject;(14, 8);;(9, 5);1;1050
0;0.0;CarryObject;(14, 8);;(9, 5);1;1051
0;0.0;CarryObject;(14, 8);;(9, 5);1;1052
0;0.0;CarryObject;(14, 8);;(9, 5);1;1053
0;0.0;CarryObject;(14, 8);;(9, 5);1;1054
0;0.0;CarryObject;(14, 8);;(9, 5);1;1055
0;0.0;CarryObject;(14, 8);;(9, 5);1;1056
0;0.0;CarryObject;(14, 8);;(9, 5);1;1057
0;0.0;CarryObject;(14, 8);;(9, 5);1;1058
0;0.0;CarryObject;(14, 8);RemoveObject;(9, 5);1;1059
0;0.0;CarryObject;(14, 8);RemoveObject;(9, 5);1;1060
0;0.0;CarryObject;(14, 8);RemoveObject;(9, 5);1;1061
0;0.0;CarryObject;(14, 8);RemoveObject;(9, 5);1;1062
0;0.0;CarryObject;(14, 8);RemoveObject;(9, 5);1;1063
0;0.0;CarryObject;(14, 8);RemoveObject;(9, 5);1;1064
0;0.0;CarryObject;(14, 8);RemoveObject;(9, 5);1;1065
0;0.0;CarryObject;(14, 8);RemoveObject;(9, 5);1;1066
0;0.0;CarryObject;(14, 8);RemoveObject;(9, 5);1;1067
0;0.0;CarryObject;(14, 8);RemoveObject;(9, 5);1;1068
0;0.0;CarryObject;(14, 8);RemoveObject;(9, 5);1;1069
0;0.0;CarryObject;(14, 8);RemoveObject;(9, 5);1;1070
0;0.0;CarryObject;(14, 8);RemoveObject;(9, 5);1;1071
0;0.0;CarryObject;(14, 8);RemoveObject;(9, 5);1;1072
0;0.0;CarryObject;(14, 8);RemoveObject;(9, 5);1;1073
0;0.0;CarryObject;(14, 8);RemoveObject;(9, 5);1;1074
0;0.0;CarryObject;(14, 8);RemoveObject;(9, 5);1;1075
0;0.0;CarryObject;(14, 8);RemoveObject;(9, 5);1;1076
0;0.0;CarryObject;(14, 8);RemoveObject;(9, 5);1;1077
0;0.0;CarryObject;(14, 8);RemoveObject;(9, 5);1;1078
0;0.0;CarryObject;(14, 8);RemoveObject;(9, 5);1;1079
0;0.0;CarryObject;(14, 8);RemoveObject;(9, 5);1;1080
0;0.0;CarryObject;(14, 8);RemoveObject;(9, 5);1;1081
0;0.0;CarryObject;(14, 8);RemoveObject;(9, 5);1;1082
0;0.0;CarryObject;(14, 8);RemoveObject;(9, 5);1;1083
0;0.0;CarryObject;(14, 8);RemoveObject;(9, 5);1;1084
0;0.0;CarryObject;(14, 8);RemoveObject;(9, 5);1;1085
0;0.0;CarryObject;(14, 8);RemoveObject;(9, 5);1;1086
0;0.0;CarryObject;(14, 8);RemoveObject;(9, 5);1;1087
0;0.0;CarryObject;(14, 8);RemoveObject;(9, 5);1;1088
0;0.0;CarryObject;(14, 8);RemoveObject;(9, 5);1;1089
0;0.0;CarryObject;(14, 8);RemoveObject;(9, 5);1;1090
0;0.0;CarryObject;(14, 8);RemoveObject;(9, 5);1;1091
0;0.0;CarryObject;(14, 8);RemoveObject;(9, 5);1;1092
0;0.0;CarryObject;(14, 8);RemoveObject;(9, 5);1;1093
0;0.0;CarryObject;(14, 8);RemoveObject;(9, 5);1;1094
0;0.0;CarryObject;(14, 8);RemoveObject;(9, 5);1;1095
0;0.0;CarryObject;(14, 8);RemoveObject;(9, 5);1;1096
0;0.0;CarryObject;(14, 8);RemoveObject;(9, 5);1;1097
0;0.0;CarryObject;(14, 8);RemoveObject;(9, 5);1;1098
0;0.0;CarryObject;(14, 8);RemoveObject;(9, 5);1;1099
0;0.0;CarryObject;(14, 8);RemoveObject;(9, 5);1;1100
0;0.0;CarryObject;(14, 8);RemoveObject;(9, 5);1;1101
0;0.0;CarryObject;(14, 8);RemoveObject;(9, 5);1;1102
0;0.0;CarryObject;(14, 8);RemoveObject;(9, 5);1;1103
0;0.0;CarryObject;(14, 8);RemoveObject;(9, 5);1;1104
0;0.0;CarryObject;(14, 8);RemoveObject;(9, 5);1;1105
0;0.0;CarryObject;(14, 8);RemoveObject;(9, 5);1;1106
0;0.0;CarryObject;(14, 8);RemoveObject;(9, 5);1;1107
0;0.0;CarryObject;(14, 8);RemoveObject;(9, 5);1;1108
0;0.0;CarryObject;(14, 8);RemoveObject;(9, 5);1;1109
0;0.0;CarryObject;(14, 8);RemoveObject;(9, 5);1;1110
0;0.0;CarryObject;(14, 8);RemoveObject;(9, 5);1;1111
0;0.0;CarryObject;(14, 8);RemoveObject;(9, 5);1;1112
0;0.0;CarryObject;(14, 8);RemoveObject;(9, 5);1;1113
0;0.0;CarryObject;(14, 8);RemoveObject;(9, 5);1;1114
0;0.0;CarryObject;(14, 8);RemoveObject;(9, 5);1;1115
0;0.0;CarryObject;(14, 8);RemoveObject;(9, 5);1;1116
0;0.0;CarryObject;(14, 8);RemoveObject;(9, 5);1;1117
0;0.0;CarryObject;(14, 8);RemoveObject;(9, 5);1;1118
0;0.0;CarryObject;(14, 8);RemoveObject;(9, 5);1;1119
0;0.0;CarryObject;(14, 8);RemoveObject;(9, 5);1;1120
0;0.0;CarryObject;(14, 8);RemoveObject;(9, 5);1;1121
0;0.0;CarryObject;(14, 8);RemoveObject;(9, 5);1;1122
0;0.0;CarryObject;(14, 8);RemoveObject;(9, 5);1;1123
0;0.0;CarryObject;(14, 8);RemoveObject;(9, 5);1;1124
0;0.0;CarryObject;(14, 8);RemoveObject;(9, 5);1;1125
0;0.0;CarryObject;(14, 8);RemoveObject;(9, 5);1;1126
0;0.0;CarryObject;(14, 8);RemoveObject;(9, 5);1;1127
0;0.0;CarryObject;(14, 8);RemoveObject;(9, 5);1;1128
0;0.0;CarryObject;(14, 8);RemoveObject;(9, 5);1;1129
0;0.0;CarryObject;(14, 8);RemoveObject;(9, 5);1;1130
0;0.0;CarryObject;(14, 8);RemoveObject;(9, 5);1;1131
0;0.0;CarryObject;(14, 8);RemoveObject;(9, 5);1;1132
0;0.0;CarryObject;(14, 8);RemoveObject;(9, 5);1;1133
0;0.0;CarryObject;(14, 8);RemoveObject;(9, 5);1;1134
0;0.0;CarryObject;(14, 8);RemoveObject;(9, 5);1;1135
0;0.0;CarryObject;(14, 8);RemoveObject;(9, 5);1;1136
0;0.0;CarryObject;(14, 8);RemoveObject;(9, 5);1;1137
0;0.0;CarryObject;(14, 8);RemoveObject;(9, 5);1;1138
0;0.0;CarryObject;(14, 8);RemoveObject;(9, 5);1;1139
0;0.0;CarryObject;(14, 8);RemoveObject;(9, 5);1;1140
0;0.0;CarryObject;(14, 8);RemoveObject;(9, 5);1;1141
0;0.0;CarryObject;(14, 8);RemoveObject;(9, 5);1;1142
0;0.0;CarryObject;(14, 8);RemoveObject;(9, 5);1;1143
0;0.0;CarryObject;(14, 8);RemoveObject;(9, 5);1;1144
0;0.0;CarryObject;(14, 8);RemoveObject;(9, 5);1;1145
0;0.0;CarryObject;(14, 8);RemoveObject;(9, 5);1;1146
0;0.0;CarryObject;(14, 8);RemoveObject;(9, 5);1;1147
0;0.0;CarryObject;(14, 8);RemoveObject;(9, 5);1;1148
0;0.0;CarryObject;(14, 8);RemoveObject;(9, 5);1;1149
0;0.0;CarryObject;(14, 8);RemoveObject;(9, 5);1;1150
0;0.0;CarryObject;(14, 8);RemoveObject;(9, 5);1;1151
0;0.0;CarryObject;(14, 8);RemoveObject;(9, 5);1;1152
0;0.0;CarryObject;(14, 8);RemoveObject;(9, 5);1;1153
0;0.0;CarryObject;(14, 8);RemoveObject;(9, 5);1;1154
0;0.0;CarryObject;(14, 8);RemoveObject;(9, 5);1;1155
0;0.0;CarryObject;(14, 8);RemoveObject;(9, 5);1;1156
0;0.0;MoveNorthEast;(14, 8);RemoveObject;(9, 5);1;1157
0;0.0;MoveNorthEast;(14, 8);RemoveObject;(9, 5);1;1158
0;0.0;MoveNorthEast;(14, 8);RemoveObject;(9, 5);1;1159
0;0.0;MoveNorthEast;(14, 8);RemoveObject;(9, 5);1;1160
0;0.0;MoveNorthEast;(14, 8);RemoveObject;(9, 5);1;1161
0;0.0;MoveNorthEast;(14, 8);RemoveObject;(9, 5);1;1162
0;0.0;MoveNorthEast;(14, 8);RemoveObject;(9, 5);1;1163
0;0.0;MoveNorthEast;(14, 8);RemoveObject;(9, 5);1;1164
0;0.0;MoveNorthEast;(15, 7);RemoveObject;(9, 5);1;1165
0;0.0;MoveNorthEast;(15, 7);RemoveObject;(9, 5);1;1166
0;0.0;MoveNorthEast;(15, 7);RemoveObject;(9, 5);1;1167
0;0.0;MoveNorthEast;(15, 7);RemoveObject;(9, 5);1;1168
0;0.0;MoveNorthEast;(15, 7);RemoveObject;(9, 5);1;1169
0;0.0;MoveNorthEast;(15, 7);RemoveObject;(9, 5);1;1170
0;0.0;MoveNorthEast;(15, 7);RemoveObject;(9, 5);1;1171
0;0.0;MoveNorthEast;(15, 7);RemoveObject;(9, 5);1;1172
0;0.0;MoveNorthEast;(15, 7);RemoveObject;(9, 5);1;1173
0;0.0;MoveNorthEast;(16, 6);RemoveObject;(9, 5);1;1174
0;0.0;MoveEast;(16, 6);RemoveObject;(9, 5);1;1175
0;0.0;MoveEast;(16, 6);RemoveObject;(9, 5);1;1176
0;0.0;MoveEast;(16, 6);RemoveObject;(9, 5);1;1177
0;0.0;MoveEast;(16, 6);RemoveObject;(9, 5);1;1178
0;0.0;MoveEast;(16, 6);RemoveObject;(9, 5);1;1179
0;0.0;MoveEast;(16, 6);RemoveObject;(9, 5);1;1180
0;0.0;MoveEast;(16, 6);RemoveObject;(9, 5);1;1181
0;0.0;MoveEast;(16, 6);RemoveObject;(9, 5);1;1182
0;0.0;MoveEast;(17, 6);RemoveObject;(9, 5);1;1183
0;0.0;MoveSouthEast;(17, 6);RemoveObject;(9, 5);1;1184
0;0.0;MoveSouthEast;(17, 6);RemoveObject;(9, 5);1;1185
0;0.0;MoveSouthEast;(17, 6);RemoveObject;(9, 5);1;1186
0;0.0;MoveSouthEast;(17, 6);RemoveObject;(9, 5);1;1187
0;0.0;MoveSouthEast;(17, 6);RemoveObject;(9, 5);1;1188
0;0.0;MoveSouthEast;(17, 6);RemoveObject;(9, 5);1;1189
0;0.0;MoveSouthEast;(17, 6);RemoveObject;(9, 5);1;1190
0;0.0;MoveSouthEast;(17, 6);RemoveObject;(9, 5);1;1191
0;0.0;MoveSouthEast;(18, 7);RemoveObject;(9, 5);1;1192
0;0.0;MoveSouthEast;(18, 7);RemoveObject;(9, 5);1;1193
0;0.0;MoveSouthEast;(18, 7);RemoveObject;(9, 5);1;1194
0;0.0;MoveSouthEast;(18, 7);RemoveObject;(9, 5);1;1195
0;0.0;MoveSouthEast;(18, 7);RemoveObject;(9, 5);1;1196
0;0.0;MoveSouthEast;(18, 7);RemoveObject;(9, 5);1;1197
0;0.0;MoveSouthEast;(18, 7);RemoveObject;(9, 5);1;1198
0;0.0;MoveSouthEast;(18, 7);RemoveObject;(9, 5);1;1199
0;0.0;MoveSouthEast;(18, 7);RemoveObject;(9, 5);1;1200
0;0.0;MoveSouthEast;(19, 8);RemoveObject;(9, 5);1;1201
0;0.0;MoveSouthEast;(19, 8);RemoveObject;(9, 5);1;1202
0;0.0;MoveSouthEast;(19, 8);RemoveObject;(9, 5);1;1203
0;0.0;MoveSouthEast;(19, 8);RemoveObject;(9, 5);1;1204
0;0.0;MoveSouthEast;(19, 8);RemoveObject;(9, 5);1;1205
0;0.0;MoveSouthEast;(19, 8);RemoveObject;(9, 5);1;1206
0;0.0;MoveSouthEast;(19, 8);RemoveObject;(9, 5);1;1207
0;0.0;MoveSouthEast;(19, 8);RemoveObject;(9, 5);1;1208
0;0.0;MoveSouthEast;(19, 8);RemoveObject;(9, 5);1;1209
0;0.0;MoveSouthEast;(19, 8);RemoveObject;(9, 5);1;1210
0;0.0;MoveSouthEast;(19, 8);RemoveObject;(9, 5);1;1211
0;0.0;MoveSouthEast;(19, 8);RemoveObject;(9, 5);1;1212
0;0.0;MoveSouthEast;(19, 8);RemoveObject;(9, 5);1;1213
0;0.0;MoveSouthEast;(19, 8);RemoveObject;(9, 5);1;1214
0;0.0;MoveSouthEast;(20, 9);RemoveObject;(9, 5);1;1215
0;0.0;MoveSouthEast;(20, 9);RemoveObject;(9, 5);1;1216
0;0.0;MoveSouthEast;(20, 9);RemoveObject;(9, 5);1;1217
0;0.0;MoveSouthEast;(20, 9);RemoveObject;(9, 5);1;1218
0;0.0;MoveSouthEast;(20, 9);RemoveObject;(9, 5);1;1219
0;0.0;MoveSouthEast;(20, 9);RemoveObject;(9, 5);1;1220
0;0.0;MoveSouthEast;(20, 9);RemoveObject;(9, 5);1;1221
0;0.0;MoveSouthEast;(20, 9);RemoveObject;(9, 5);1;1222
0;0.0;MoveSouthEast;(20, 9);RemoveObject;(9, 5);1;1223
0;0.0;MoveSouthEast;(21, 10);RemoveObject;(9, 5);1;1224
0;0.0;MoveSouthEast;(21, 10);RemoveObject;(9, 5);1;1225
0;0.0;MoveSouthEast;(21, 10);RemoveObject;(9, 5);1;1226
0;0.0;MoveSouthEast;(21, 10);RemoveObject;(9, 5);1;1227
0;0.0;MoveSouthEast;(21, 10);RemoveObject;(9, 5);1;1228
0;0.0;MoveSouthEast;(21, 10);RemoveObject;(9, 5);1;1229
0;0.0;MoveSouthEast;(21, 10);RemoveObject;(9, 5);1;1230
0;0.0;MoveSouthEast;(21, 10);RemoveObject;(9, 5);1;1231
0;0.0;MoveSouthEast;(21, 10);RemoveObject;(9, 5);1;1232
0;0.0;MoveSouthEast;(22, 11);RemoveObject;(9, 5);1;1233
0;0.0;MoveSouth;(22, 11);RemoveObject;(9, 5);1;1234
0;0.0;MoveSouth;(22, 11);RemoveObject;(9, 5);1;1235
0;0.0;MoveSouth;(22, 11);RemoveObject;(9, 5);1;1236
0;0.0;MoveSouth;(22, 11);RemoveObject;(9, 5);1;1237
0;0.0;MoveSouth;(22, 11);RemoveObject;(9, 5);1;1238
0;0.0;MoveSouth;(22, 11);RemoveObject;(9, 5);1;1239
0;0.0;MoveSouth;(22, 11);RemoveObject;(9, 5);1;1240
0;0.0;MoveSouth;(22, 11);RemoveObject;(9, 5);1;1241
0;0.0;MoveSouth;(22, 12);RemoveObject;(9, 5);1;1242
0;0.0;MoveSouth;(22, 12);RemoveObject;(9, 5);1;1243
0;0.0;MoveSouth;(22, 12);RemoveObject;(9, 5);1;1244
0;0.0;MoveSouth;(22, 12);RemoveObject;(9, 5);1;1245
0;0.0;MoveSouth;(22, 12);RemoveObject;(9, 5);1;1246
0;0.0;MoveSouth;(22, 12);RemoveObject;(9, 5);1;1247
0;0.0;MoveSouth;(22, 12);RemoveObject;(9, 5);1;1248
0;0.0;MoveSouth;(22, 12);RemoveObject;(9, 5);1;1249
0;0.0;MoveSouth;(22, 12);RemoveObject;(9, 5);1;1250
0;0.0;MoveSouth;(22, 13);RemoveObject;(9, 5);1;1251
0;0.0;MoveSouthEast;(22, 13);RemoveObject;(9, 5);1;1252
0;0.0;MoveSouthEast;(22, 13);RemoveObject;(9, 5);1;1253
0;0.0;MoveSouthEast;(22, 13);RemoveObject;(9, 5);1;1254
0;0.0;MoveSouthEast;(22, 13);RemoveObject;(9, 5);1;1255
0;0.0;MoveSouthEast;(22, 13);RemoveObject;(9, 5);1;1256
0;0.0;MoveSouthEast;(22, 13);RemoveObject;(9, 5);1;1257
0;0.0;MoveSouthEast;(22, 13);RemoveObject;(9, 5);1;1258
0;0.0;MoveSouthEast;(22, 13);RemoveObject;(9, 5);1;1259
0;0.0;MoveSouthEast;(23, 14);RemoveObject;(9, 5);1;1260
0;0.0;Drop;(23, 14);RemoveObject;(9, 5);1;1261
0;0.0;Drop;(23, 14);RemoveObject;(9, 5);1;1262
0;0.0;Drop;(23, 14);RemoveObject;(9, 5);1;1263
0;0.0;Drop;(23, 14);RemoveObject;(9, 5);1;1264
0;0.0;Drop;(23, 14);RemoveObject;(9, 5);1;1265
0;0.0;Drop;(23, 14);RemoveObject;(9, 5);1;1266
0;0.0;Drop;(23, 14);RemoveObject;(9, 5);1;1267
0;0.0;Drop;(23, 14);RemoveObject;(9, 5);1;1268
3;0.125;Drop;(23, 14);RemoveObject;(9, 5);1;1269
3;0.125;MoveSouthWest;(23, 14);RemoveObject;(9, 5);1;1270
3;0.125;MoveSouthWest;(23, 14);RemoveObject;(9, 5);1;1271
3;0.125;MoveSouthWest;(23, 14);RemoveObject;(9, 5);1;1272
3;0.125;MoveSouthWest;(23, 14);RemoveObject;(9, 5);1;1273
3;0.125;MoveSouthWest;(23, 14);RemoveObject;(9, 5);1;1274
3;0.125;MoveSouthWest;(23, 14);RemoveObject;(9, 5);1;1275
3;0.125;MoveSouthWest;(23, 14);RemoveObject;(9, 5);1;1276
3;0.125;MoveSouthWest;(23, 14);RemoveObject;(9, 5);1;1277
3;0.125;MoveSouthWest;(22, 15);RemoveObject;(9, 5);1;1278
3;0.125;MoveSouth;(22, 15);RemoveObject;(9, 5);1;1279
3;0.125;MoveSouth;(22, 15);RemoveObject;(9, 5);1;1280
3;0.125;MoveSouth;(22, 15);RemoveObject;(9, 5);1;1281
3;0.125;MoveSouth;(22, 15);RemoveObject;(9, 5);1;1282
3;0.125;MoveSouth;(22, 15);RemoveObject;(9, 5);1;1283
3;0.125;MoveSouth;(22, 15);RemoveObject;(9, 5);1;1284
3;0.125;MoveSouth;(22, 15);RemoveObject;(9, 5);1;1285
3;0.125;MoveSouth;(22, 15);RemoveObject;(9, 5);1;1286
3;0.125;MoveSouth;(22, 16);RemoveObject;(9, 5);1;1287
3;0.125;MoveSouthWest;(22, 16);RemoveObject;(9, 5);1;1288
3;0.125;MoveSouthWest;(22, 16);RemoveObject;(9, 5);1;1289
3;0.125;MoveSouthWest;(22, 16);RemoveObject;(9, 5);1;1290
3;0.125;MoveSouthWest;(22, 16);RemoveObject;(9, 5);1;1291
3;0.125;MoveSouthWest;(22, 16);RemoveObject;(9, 5);1;1292
3;0.125;MoveSouthWest;(22, 16);RemoveObject;(9, 5);1;1293
3;0.125;MoveSouthWest;(22, 16);RemoveObject;(9, 5);1;1294
3;0.125;MoveSouthWest;(22, 16);RemoveObject;(9, 5);1;1295
3;0.125;MoveSouthWest;(21, 17);RemoveObject;(9, 5);1;1296
3;0.125;MoveSouth;(21, 17);RemoveObject;(9, 5);1;1297
3;0.125;MoveSouth;(21, 17);RemoveObject;(9, 5);1;1298
3;0.125;MoveSouth;(21, 17);RemoveObject;(9, 5);1;1299
3;0.125;MoveSouth;(21, 17);RemoveObject;(9, 5);1;1300
3;0.125;MoveSouth;(21, 17);RemoveObject;(9, 5);1;1301
3;0.125;MoveSouth;(21, 17);RemoveObject;(9, 5);1;1302
3;0.125;MoveSouth;(21, 17);RemoveObject;(9, 5);1;1303
3;0.125;MoveSouth;(21, 17);;(9, 5);1;1304
3;0.125;MoveSouth;(21, 18);RemoveObject;(9, 5);1;1305
3;0.125;;(21, 18);RemoveObject;(9, 5);1;1306
3;0.125;;(21, 18);RemoveObject;(9, 5);1;1307
3;0.125;;(21, 18);RemoveObject;(9, 5);1;1308
3;0.125;;(21, 18);RemoveObject;(9, 5);1;1309
3;0.125;;(21, 18);RemoveObject;(9, 5);1;1310
3;0.125;;(21, 18);RemoveObject;(9, 5);1;1311
3;0.125;;(21, 18);RemoveObject;(9, 5);1;1312
3;0.125;;(21, 18);RemoveObject;(9, 5);1;1313
3;0.125;;(21, 18);RemoveObject;(9, 5);1;1314
3;0.125;;(21, 18);RemoveObject;(9, 5);1;1315
3;0.125;;(21, 18);RemoveObject;(9, 5);1;1316
3;0.125;;(21, 18);RemoveObject;(9, 5);1;1317
3;0.125;;(21, 18);RemoveObject;(9, 5);1;1318
3;0.125;;(21, 18);RemoveObject;(9, 5);1;1319
3;0.125;;(21, 18);RemoveObject;(9, 5);1;1320
3;0.125;;(21, 18);RemoveObject;(9, 5);1;1321
3;0.125;;(21, 18);RemoveObject;(9, 5);1;1322
3;0.125;;(21, 18);;(9, 5);1;1323
3;0.125;;(21, 18);RemoveObject;(9, 5);1;1324
3;0.125;;(21, 18);RemoveObject;(9, 5);1;1325
3;0.125;;(21, 18);;(9, 5);1;1326
3;0.125;;(21, 18);RemoveObject;(9, 5);1;1327
3;0.125;;(21, 18);;(9, 5);1;1328
3;0.125;;(21, 18);RemoveObject;(9, 5);1;1329
3;0.125;;(21, 18);RemoveObject;(9, 5);1;1330
3;0.125;;(21, 18);;(9, 5);1;1331
3;0.125;;(21, 18);RemoveObject;(9, 5);1;1332
3;0.125;;(21, 18);RemoveObject;(9, 5);1;1333
3;0.125;;(21, 18);;(9, 5);1;1334
3;0.125;;(21, 18);RemoveObject;(9, 5);1;1335
3;0.125;;(21, 18);RemoveObject;(9, 5);1;1336
3;0.125;;(21, 18);RemoveObject;(9, 5);1;1337
3;0.125;;(21, 18);;(9, 5);1;1338
3;0.125;;(21, 18);RemoveObject;(9, 5);1;1339
3;0.125;;(21, 18);RemoveObject;(9, 5);1;1340
3;0.125;;(21, 18);;(9, 5);1;1341
3;0.125;;(21, 18);RemoveObject;(9, 5);1;1342
3;0.125;;(21, 18);RemoveObject;(9, 5);1;1343
3;0.125;;(21, 18);;(9, 5);1;1344
3;0.125;;(21, 18);RemoveObject;(9, 5);1;1345
3;0.125;;(21, 18);RemoveObject;(9, 5);1;1346
3;0.125;;(21, 18);RemoveObject;(9, 5);1;1347
3;0.125;;(21, 18);RemoveObject;(9, 5);1;1348
3;0.125;;(21, 18);RemoveObject;(9, 5);1;1349
3;0.125;;(21, 18);RemoveObject;(9, 5);1;1350
3;0.125;;(21, 18);RemoveObject;(9, 5);1;1351
3;0.125;;(21, 18);RemoveObject;(9, 5);1;1352
3;0.125;;(21, 18);RemoveObject;(9, 5);1;1353
3;0.125;;(21, 18);RemoveObject;(9, 5);1;1354
3;0.125;;(21, 18);RemoveObject;(9, 5);1;1355
3;0.125;;(21, 18);RemoveObject;(9, 5);1;1356
3;0.125;;(21, 18);RemoveObject;(9, 5);1;1357
3;0.125;;(21, 18);RemoveObject;(9, 5);1;1358
3;0.125;;(21, 18);RemoveObject;(9, 5);1;1359
3;0.125;;(21, 18);RemoveObject;(9, 5);1;1360
3;0.125;;(21, 18);RemoveObject;(9, 5);1;1361
3;0.125;;(21, 18);RemoveObject;(9, 5);1;1362
3;0.125;;(21, 18);RemoveObject;(9, 5);1;1363
3;0.125;;(21, 18);RemoveObject;(9, 5);1;1364
3;0.125;;(21, 18);RemoveObject;(9, 5);1;1365
3;0.125;;(21, 18);RemoveObject;(9, 5);1;1366
3;0.125;;(21, 18);RemoveObject;(9, 5);1;1367
3;0.125;;(21, 18);RemoveObject;(9, 5);1;1368
3;0.125;;(21, 18);RemoveObject;(9, 5);1;1369
3;0.125;;(21, 18);RemoveObject;(9, 5);1;1370
3;0.125;;(21, 18);RemoveObject;(9, 5);1;1371
3;0.125;;(21, 18);RemoveObject;(9, 5);1;1372
3;0.125;;(21, 18);RemoveObject;(9, 5);1;1373
3;0.125;;(21, 18);RemoveObject;(9, 5);1;1374
3;0.125;;(21, 18);RemoveObject;(9, 5);1;1375
3;0.125;;(21, 18);RemoveObject;(9, 5);1;1376
3;0.125;;(21, 18);RemoveObject;(9, 5);1;1377
3;0.125;;(21, 18);RemoveObject;(9, 5);1;1378
3;0.125;;(21, 18);RemoveObject;(9, 5);1;1379
3;0.125;;(21, 18);RemoveObject;(9, 5);1;1380
3;0.125;;(21, 18);RemoveObject;(9, 5);1;1381
3;0.125;;(21, 18);RemoveObject;(9, 5);1;1382
3;0.125;;(21, 18);RemoveObject;(9, 5);1;1383
3;0.125;;(21, 18);RemoveObject;(9, 5);1;1384
3;0.125;;(21, 18);RemoveObject;(9, 5);1;1385
3;0.125;;(21, 18);RemoveObject;(9, 5);1;1386
3;0.125;;(21, 18);RemoveObject;(9, 5);1;1387
3;0.125;;(21, 18);RemoveObject;(9, 5);1;1388
3;0.125;;(21, 18);RemoveObject;(9, 5);1;1389
3;0.125;;(21, 18);RemoveObject;(9, 5);1;1390
3;0.125;;(21, 18);RemoveObject;(9, 5);1;1391
3;0.125;;(21, 18);RemoveObject;(9, 5);1;1392
3;0.125;;(21, 18);RemoveObject;(9, 5);1;1393
3;0.125;;(21, 18);RemoveObject;(9, 5);1;1394
3;0.125;;(21, 18);RemoveObject;(9, 5);1;1395
3;0.125;;(21, 18);RemoveObject;(9, 5);1;1396
3;0.125;;(21, 18);RemoveObject;(9, 5);1;1397
3;0.125;;(21, 18);RemoveObject;(9, 5);1;1398
3;0.125;;(21, 18);RemoveObject;(9, 5);1;1399
3;0.125;;(21, 18);RemoveObject;(9, 5);1;1400
3;0.125;;(21, 18);RemoveObject;(9, 5);1;1401
3;0.125;;(21, 18);RemoveObject;(9, 5);1;1402
3;0.125;;(21, 18);RemoveObject;(9, 5);1;1403
3;0.125;;(21, 18);RemoveObject;(9, 5);1;1404
3;0.125;;(21, 18);RemoveObject;(9, 5);1;1405
3;0.125;;(21, 18);;(9, 5);1;1406
3;0.125;;(21, 18);;(9, 5);1;1407
3;0.125;;(21, 18);;(9, 5);1;1408
3;0.125;;(21, 18);;(9, 5);1;1409
3;0.125;;(21, 18);;(9, 5);1;1410
3;0.125;;(21, 18);;(9, 5);1;1411
3;0.125;;(21, 18);;(9, 5);1;1412
3;0.125;;(21, 18);;(9, 5);1;1413
3;0.125;;(21, 18);;(9, 5);1;1414
3;0.125;;(21, 18);;(9, 5);1;1415
3;0.125;;(21, 18);;(9, 5);1;1416
3;0.125;;(21, 18);;(9, 5);1;1417
3;0.125;;(21, 18);;(9, 5);1;1418
3;0.125;;(21, 18);;(9, 5);1;1419
3;0.125;;(21, 18);;(9, 5);1;1420
3;0.125;;(21, 18);;(9, 5);1;1421
3;0.125;;(21, 18);;(9, 5);1;1422
3;0.125;;(21, 18);;(9, 5);1;1423
3;0.125;;(21, 18);;(9, 5);1;1424
3;0.125;;(21, 18);;(9, 5);1;1425
3;0.125;;(21, 18);;(9, 5);1;1426
3;0.125;;(21, 18);;(9, 5);1;1427
3;0.125;;(21, 18);;(9, 5);1;1428
3;0.125;;(21, 18);;(9, 5);1;1429
3;0.125;;(21, 18);;(9, 5);1;1430
3;0.125;;(21, 18);;(9, 5);1;1431
3;0.125;;(21, 18);;(9, 5);1;1432
3;0.125;;(21, 18);;(9, 5);1;1433
3;0.125;;(21, 18);;(9, 5);1;1434
3;0.125;;(21, 18);;(9, 5);1;1435
3;0.125;;(21, 18);;(9, 5);1;1436
3;0.125;;(21, 18);;(9, 5);1;1437
3;0.125;;(21, 18);;(9, 5);1;1438
3;0.125;;(21, 18);;(9, 5);1;1439
3;0.125;;(21, 18);;(9, 5);1;1440
3;0.125;;(21, 18);;(9, 5);1;1441
3;0.125;;(21, 18);;(9, 5);1;1442
3;0.125;;(21, 18);;(9, 5);1;1443
3;0.125;;(21, 18);;(9, 5);1;1444
3;0.125;;(21, 18);;(9, 5);1;1445
3;0.125;;(21, 18);;(9, 5);1;1446
3;0.125;;(21, 18);;(9, 5);1;1447
3;0.125;;(21, 18);;(9, 5);1;1448
3;0.125;;(21, 18);;(9, 5);1;1449
3;0.125;;(21, 18);;(9, 5);1;1450
3;0.125;;(21, 18);;(9, 5);1;1451
3;0.125;;(21, 18);;(9, 5);1;1452
3;0.125;;(21, 18);;(9, 5);1;1453
3;0.125;;(21, 18);;(9, 5);1;1454
3;0.125;;(21, 18);;(9, 5);1;1455
3;0.125;;(21, 18);;(9, 5);1;1456
3;0.125;;(21, 18);;(9, 5);1;1457
3;0.125;;(21, 18);;(9, 5);1;1458
3;0.125;;(21, 18);;(9, 5);1;1459
3;0.125;;(21, 18);;(9, 5);1;1460
3;0.125;;(21, 18);;(9, 5);1;1461
3;0.125;;(21, 18);;(9, 5);1;1462
3;0.125;;(21, 18);;(9, 5);1;1463
3;0.125;;(21, 18);;(9, 5);1;1464
3;0.125;;(21, 18);;(9, 5);1;1465
3;0.125;;(21, 18);;(9, 5);1;1466
3;0.125;;(21, 18);;(9, 5);1;1467
3;0.125;;(21, 18);;(9, 5);1;1468
3;0.125;;(21, 18);;(9, 5);1;1469
3;0.125;;(21, 18);;(9, 5);1;1470
3;0.125;;(21, 18);;(9, 5);1;1471
3;0.125;;(21, 18);;(9, 5);1;1472
3;0.125;;(21, 18);;(9, 5);1;1473
3;0.125;;(21, 18);;(9, 5);1;1474
3;0.125;;(21, 18);;(9, 5);1;1475
3;0.125;;(21, 18);;(9, 5);1;1476
3;0.125;;(21, 18);;(9, 5);1;1477
3;0.125;;(21, 18);;(9, 5);1;1478
3;0.125;;(21, 18);;(9, 5);1;1479
3;0.125;;(21, 18);;(9, 5);1;1480
3;0.125;;(21, 18);;(9, 5);1;1481
3;0.125;;(21, 18);;(9, 5);1;1482
3;0.125;;(21, 18);;(9, 5);1;1483
3;0.125;;(21, 18);;(9, 5);1;1484
3;0.125;;(21, 18);;(9, 5);1;1485
3;0.125;;(21, 18);;(9, 5);1;1486
3;0.125;;(21, 18);;(9, 5);1;1487
3;0.125;;(21, 18);;(9, 5);1;1488
3;0.125;;(21, 18);;(9, 5);1;1489
3;0.125;;(21, 18);;(9, 5);1;1490
3;0.125;;(21, 18);;(9, 5);1;1491
3;0.125;;(21, 18);;(9, 5);1;1492
3;0.125;;(21, 18);;(9, 5);1;1493
3;0.125;;(21, 18);;(9, 5);1;1494
3;0.125;;(21, 18);;(9, 5);1;1495
3;0.125;;(21, 18);;(9, 5);1;1496
3;0.125;;(21, 18);;(9, 5);1;1497
3;0.125;;(21, 18);;(9, 5);1;1498
3;0.125;;(21, 18);;(9, 5);1;1499
3;0.125;;(21, 18);;(9, 5);1;1500
3;0.125;;(21, 18);;(9, 5);1;1501
3;0.125;;(21, 18);;(9, 5);1;1502
3;0.125;;(21, 18);;(9, 5);1;1503
3;0.125;;(21, 18);;(9, 5);1;1504
3;0.125;;(21, 18);;(9, 5);1;1505
3;0.125;;(21, 18);;(9, 5);1;1506
3;0.125;;(21, 18);;(9, 5);1;1507
3;0.125;;(21, 18);;(9, 5);1;1508
3;0.125;;(21, 18);;(9, 5);1;1509
3;0.125;;(21, 18);;(9, 5);1;1510
3;0.125;;(21, 18);;(9, 5);1;1511
3;0.125;;(21, 18);;(9, 5);1;1512
3;0.125;;(21, 18);;(9, 5);1;1513
3;0.125;;(21, 18);;(9, 5);1;1514
3;0.125;;(21, 18);;(9, 5);1;1515
3;0.125;;(21, 18);;(9, 5);1;1516
3;0.125;;(21, 18);;(9, 5);1;1517
3;0.125;;(21, 18);;(9, 5);1;1518
3;0.125;;(21, 18);;(9, 5);1;1519
3;0.125;;(21, 18);;(9, 5);1;1520
3;0.125;;(21, 18);;(9, 5);1;1521
3;0.125;;(21, 18);;(9, 5);1;1522
3;0.125;;(21, 18);;(9, 5);1;1523
3;0.125;;(21, 18);;(9, 5);1;1524
3;0.125;;(21, 18);;(9, 5);1;1525
3;0.125;;(21, 18);;(9, 5);1;1526
3;0.125;;(21, 18);;(9, 5);1;1527
3;0.125;;(21, 18);;(9, 5);1;1528
3;0.125;;(21, 18);;(9, 5);1;1529
3;0.125;;(21, 18);;(9, 5);1;1530
3;0.125;;(21, 18);;(9, 5);1;1531
3;0.125;;(21, 18);;(9, 5);1;1532
3;0.125;;(21, 18);;(9, 5);1;1533
3;0.125;;(21, 18);;(9, 5);1;1534
3;0.125;;(21, 18);;(9, 5);1;1535
3;0.125;;(21, 18);;(9, 5);1;1536
3;0.125;;(21, 18);;(9, 5);1;1537
3;0.125;;(21, 18);;(9, 5);1;1538
3;0.125;;(21, 18);;(9, 5);1;1539
3;0.125;;(21, 18);;(9, 5);1;1540
3;0.125;;(21, 18);;(9, 5);1;1541
3;0.125;;(21, 18);;(9, 5);1;1542
3;0.125;;(21, 18);;(9, 5);1;1543
3;0.125;;(21, 18);;(9, 5);1;1544
3;0.125;;(21, 18);;(9, 5);1;1545
3;0.125;;(21, 18);;(9, 5);1;1546
3;0.125;;(21, 18);;(9, 5);1;1547
3;0.125;;(21, 18);;(9, 5);1;1548
3;0.125;;(21, 18);;(9, 5);1;1549
3;0.125;;(21, 18);;(9, 5);1;1550
3;0.125;;(21, 18);;(9, 5);1;1551
3;0.125;;(21, 18);;(9, 5);1;1552
3;0.125;;(21, 18);;(9, 5);1;1553
3;0.125;;(21, 18);;(9, 5);1;1554
3;0.125;;(21, 18);;(9, 5);1;1555
3;0.125;;(21, 18);;(9, 5);1;1556
3;0.125;;(21, 18);;(9, 5);1;1557
3;0.125;;(21, 18);;(9, 5);1;1558
3;0.125;;(21, 18);;(9, 5);1;1559
3;0.125;;(21, 18);;(9, 5);1;1560
3;0.125;;(21, 18);;(9, 5);1;1561
3;0.125;;(21, 18);;(9, 5);1;1562
3;0.125;;(21, 18);;(9, 5);1;1563
3;0.125;;(21, 18);;(9, 5);1;1564
3;0.125;;(21, 18);;(9, 5);1;1565
3;0.125;;(21, 18);;(9, 5);1;1566
3;0.125;;(21, 18);;(9, 5);1;1567
3;0.125;;(21, 18);;(9, 5);1;1568
3;0.125;;(21, 18);;(9, 5);1;1569
3;0.125;;(21, 18);;(9, 5);1;1570
3;0.125;;(21, 18);;(9, 5);1;1571
3;0.125;;(21, 18);;(9, 5);1;1572
3;0.125;;(21, 18);;(9, 5);1;1573
3;0.125;;(21, 18);;(9, 5);1;1574
3;0.125;;(21, 18);;(9, 5);1;1575
3;0.125;;(21, 18);;(9, 5);1;1576
3;0.125;;(21, 18);;(9, 5);1;1577
3;0.125;;(21, 18);;(9, 5);1;1578
3;0.125;;(21, 18);;(9, 5);1;1579
3;0.125;;(21, 18);;(9, 5);1;1580
3;0.125;;(21, 18);;(9, 5);1;1581
3;0.125;;(21, 18);;(9, 5);1;1582
3;0.125;;(21, 18);;(9, 5);1;1583
3;0.125;;(21, 18);;(9, 5);1;1584
3;0.125;;(21, 18);;(9, 5);1;1585
3;0.125;;(21, 18);;(9, 5);1;1586
3;0.125;;(21, 18);;(9, 5);1;1587
3;0.125;;(21, 18);;(9, 5);1;1588
3;0.125;;(21, 18);;(9, 5);1;1589
3;0.125;;(21, 18);;(9, 5);1;1590
3;0.125;;(21, 18);;(9, 5);1;1591
3;0.125;;(21, 18);;(9, 5);1;1592
3;0.125;;(21, 18);;(9, 5);1;1593
3;0.125;;(21, 18);;(9, 5);1;1594
3;0.125;;(21, 18);;(9, 5);1;1595
3;0.125;;(21, 18);;(9, 5);1;1596
3;0.125;;(21, 18);;(9, 5);1;1597
3;0.125;;(21, 18);;(9, 5);1;1598
3;0.125;;(21, 18);;(9, 5);1;1599
3;0.125;;(21, 18);;(9, 5);1;1600
3;0.125;;(21, 18);;(9, 5);1;1601
3;0.125;;(21, 18);;(9, 5);1;1602
3;0.125;;(21, 18);;(9, 5);1;1603
3;0.125;;(21, 18);;(9, 5);1;1604
3;0.125;;(21, 18);;(9, 5);1;1605
3;0.125;;(21, 18);;(9, 5);1;1606
3;0.125;;(21, 18);;(9, 5);1;1607
3;0.125;;(21, 18);;(9, 5);1;1608
3;0.125;;(21, 18);;(9, 5);1;1609
3;0.125;;(21, 18);;(9, 5);1;1610
3;0.125;;(21, 18);;(9, 5);1;1611
3;0.125;;(21, 18);;(9, 5);1;1612
3;0.125;;(21, 18);;(9, 5);1;1613
3;0.125;;(21, 18);;(9, 5);1;1614
3;0.125;;(21, 18);;(9, 5);1;1615
3;0.125;;(21, 18);;(9, 5);1;1616
3;0.125;;(21, 18);;(9, 5);1;1617
3;0.125;;(21, 18);;(9, 5);1;1618
3;0.125;;(21, 18);;(9, 5);1;1619
3;0.125;;(21, 18);;(9, 5);1;1620
3;0.125;;(21, 18);;(9, 5);1;1621
3;0.125;;(21, 18);;(9, 5);1;1622
3;0.125;;(21, 18);;(9, 5);1;1623
3;0.125;;(21, 18);;(9, 5);1;1624
3;0.125;;(21, 18);;(9, 5);1;1625
3;0.125;;(21, 18);;(9, 5);1;1626
3;0.125;;(21, 18);;(9, 5);1;1627
3;0.125;;(21, 18);;(9, 5);1;1628
3;0.125;;(21, 18);;(9, 5);1;1629
3;0.125;;(21, 18);;(9, 5);1;1630
3;0.125;;(21, 18);;(9, 5);1;1631
3;0.125;;(21, 18);;(9, 5);1;1632
3;0.125;;(21, 18);;(9, 5);1;1633
3;0.125;;(21, 18);;(9, 5);1;1634
3;0.125;;(21, 18);;(9, 5);1;1635
3;0.125;;(21, 18);;(9, 5);1;1636
3;0.125;;(21, 18);;(9, 5);1;1637
3;0.125;;(21, 18);;(9, 5);1;1638
3;0.125;;(21, 18);;(9, 5);1;1639
3;0.125;;(21, 18);;(9, 5);1;1640
3;0.125;;(21, 18);;(9, 5);1;1641
3;0.125;;(21, 18);;(9, 5);1;1642
3;0.125;;(21, 18);;(9, 5);1;1643
3;0.125;;(21, 18);;(9, 5);1;1644
3;0.125;;(21, 18);;(9, 5);1;1645
3;0.125;;(21, 18);;(9, 5);1;1646
3;0.125;;(21, 18);;(9, 5);1;1647
3;0.125;;(21, 18);;(9, 5);1;1648
3;0.125;;(21, 18);;(9, 5);1;1649
3;0.125;;(21, 18);;(9, 5);1;1650
3;0.125;;(21, 18);;(9, 5);1;1651
3;0.125;;(21, 18);;(9, 5);1;1652
3;0.125;;(21, 18);;(9, 5);1;1653
3;0.125;;(21, 18);;(9, 5);1;1654
3;0.125;;(21, 18);;(9, 5);1;1655
3;0.125;;(21, 18);;(9, 5);1;1656
3;0.125;;(21, 18);;(9, 5);1;1657
3;0.125;;(21, 18);;(9, 5);1;1658
3;0.125;;(21, 18);;(9, 5);1;1659
3;0.125;;(21, 18);;(9, 5);1;1660
3;0.125;;(21, 18);;(9, 5);1;1661
3;0.125;;(21, 18);;(9, 5);1;1662
3;0.125;;(21, 18);;(9, 5);1;1663
3;0.125;;(21, 18);;(9, 5);1;1664
3;0.125;;(21, 18);;(9, 5);1;1665
3;0.125;;(21, 18);;(9, 5);1;1666
3;0.125;;(21, 18);;(9, 5);1;1667
3;0.125;;(21, 18);;(9, 5);1;1668
3;0.125;;(21, 18);;(9, 5);1;1669
3;0.125;;(21, 18);;(9, 5);1;1670
3;0.125;;(21, 18);;(9, 5);1;1671
3;0.125;;(21, 18);;(9, 5);1;1672
3;0.125;;(21, 18);;(9, 5);1;1673
3;0.125;;(21, 18);;(9, 5);1;1674
3;0.125;;(21, 18);;(9, 5);1;1675
3;0.125;;(21, 18);;(9, 5);1;1676
3;0.125;;(21, 18);;(9, 5);1;1677
3;0.125;;(21, 18);;(9, 5);1;1678
3;0.125;;(21, 18);;(9, 5);1;1679
3;0.125;;(21, 18);;(9, 5);1;1680
3;0.125;;(21, 18);;(9, 5);1;1681
3;0.125;;(21, 18);;(9, 5);1;1682
3;0.125;;(21, 18);;(9, 5);1;1683
3;0.125;;(21, 18);;(9, 5);1;1684
3;0.125;;(21, 18);;(9, 5);1;1685
3;0.125;;(21, 18);;(9, 5);1;1686
3;0.125;;(21, 18);;(9, 5);1;1687
3;0.125;;(21, 18);;(9, 5);1;1688
3;0.125;;(21, 18);;(9, 5);1;1689
3;0.125;;(21, 18);RemoveObject;(9, 5);1;1690
3;0.125;;(21, 18);;(9, 5);1;1691
3;0.125;;(21, 18);;(9, 5);1;1692
3;0.125;;(21, 18);RemoveObject;(9, 5);1;1693
3;0.125;;(21, 18);;(9, 5);1;1694
3;0.125;;(21, 18);;(9, 5);1;1695
3;0.125;;(21, 18);RemoveObject;(9, 5);1;1696
3;0.125;;(21, 18);;(9, 5);1;1697
3;0.125;;(21, 18);;(9, 5);1;1698
3;0.125;;(21, 18);RemoveObject;(9, 5);1;1699
3;0.125;;(21, 18);;(9, 5);1;1700
3;0.125;;(21, 18);;(9, 5);1;1701
3;0.125;;(21, 18);RemoveObject;(9, 5);1;1702
3;0.125;;(21, 18);;(9, 5);1;1703
3;0.125;;(21, 18);;(9, 5);1;1704
3;0.125;;(21, 18);RemoveObject;(9, 5);1;1705
3;0.125;;(21, 18);;(9, 5);1;1706
3;0.125;;(21, 18);;(9, 5);1;1707
3;0.125;;(21, 18);RemoveObject;(9, 5);1;1708
3;0.125;;(21, 18);;(9, 5);1;1709
3;0.125;;(21, 18);;(9, 5);1;1710
3;0.125;;(21, 18);RemoveObject;(9, 5);1;1711
3;0.125;;(21, 18);;(9, 5);1;1712
3;0.125;;(21, 18);;(9, 5);1;1713
3;0.125;;(21, 18);RemoveObject;(9, 5);1;1714
3;0.125;;(21, 18);;(9, 5);1;1715
3;0.125;;(21, 18);RemoveObject;(9, 5);1;1716
3;0.125;;(21, 18);RemoveObject;(9, 5);1;1717
3;0.125;;(21, 18);;(9, 5);1;1718
3;0.125;;(21, 18);RemoveObject;(9, 5);1;1719
3;0.125;;(21, 18);RemoveObject;(9, 5);1;1720
3;0.125;;(21, 18);;(9, 5);1;1721
3;0.125;;(21, 18);RemoveObject;(9, 5);1;1722
3;0.125;;(21, 18);RemoveObject;(9, 5);1;1723
3;0.125;;(21, 18);;(9, 5);1;1724
3;0.125;;(21, 18);RemoveObject;(9, 5);1;1725
3;0.125;;(21, 18);RemoveObject;(9, 5);1;1726
3;0.125;;(21, 18);;(9, 5);1;1727
3;0.125;;(21, 18);RemoveObject;(9, 5);1;1728
3;0.125;;(21, 18);RemoveObject;(9, 5);1;1729
3;0.125;;(21, 18);;(9, 5);1;1730
3;0.125;;(21, 18);;(9, 5);1;1731
3;0.125;;(21, 18);RemoveObject;(9, 5);1;1732
3;0.125;;(21, 18);;(9, 5);1;1733
3;0.125;;(21, 18);RemoveObject;(9, 5);1;1734
3;0.125;;(21, 18);RemoveObject;(9, 5);1;1735
3;0.125;;(21, 18);;(9, 5);1;1736
3;0.125;;(21, 18);RemoveObject;(9, 5);1;1737
3;0.125;;(21, 18);RemoveObject;(9, 5);1;1738
3;0.125;;(21, 18);;(9, 5);1;1739
3;0.125;;(21, 18);RemoveObject;(9, 5);1;1740
3;0.125;;(21, 18);RemoveObject;(9, 5);1;1741
3;0.125;;(21, 18);;(9, 5);1;1742
3;0.125;;(21, 18);RemoveObject;(9, 5);1;1743
3;0.125;;(21, 18);RemoveObject;(9, 5);1;1744
3;0.125;;(21, 18);;(9, 5);1;1745
3;0.125;;(21, 18);RemoveObject;(9, 5);1;1746
3;0.125;;(21, 18);;(9, 5);1;1747
3;0.125;;(21, 18);RemoveObject;(9, 5);1;1748
3;0.125;;(21, 18);RemoveObject;(9, 5);1;1749
3;0.125;;(21, 18);;(9, 5);1;1750
3;0.125;;(21, 18);RemoveObject;(9, 5);1;1751
3;0.125;;(21, 18);RemoveObject;(9, 5);1;1752
3;0.125;;(21, 18);RemoveObject;(9, 5);1;1753
3;0.125;;(21, 18);;(9, 5);1;1754
3;0.125;;(21, 18);RemoveObject;(9, 5);1;1755
3;0.125;;(21, 18);RemoveObject;(9, 5);1;1756
3;0.125;;(21, 18);;(9, 5);1;1757
3;0.125;;(21, 18);RemoveObject;(9, 5);1;1758
3;0.125;;(21, 18);RemoveObject;(9, 5);1;1759
3;0.125;;(21, 18);;(9, 5);1;1760
3;0.125;;(21, 18);RemoveObject;(9, 5);1;1761
3;0.125;;(21, 18);RemoveObject;(9, 5);1;1762
3;0.125;;(21, 18);;(9, 5);1;1763
3;0.125;;(21, 18);RemoveObject;(9, 5);1;1764
3;0.125;;(21, 18);RemoveObject;(9, 5);1;1765
3;0.125;;(21, 18);;(9, 5);1;1766
3;0.125;;(21, 18);RemoveObject;(9, 5);1;1767
3;0.125;;(21, 18);RemoveObject;(9, 5);1;1768
3;0.125;;(21, 18);;(9, 5);1;1769
3;0.125;;(21, 18);RemoveObject;(9, 5);1;1770
3;0.125;;(21, 18);RemoveObject;(9, 5);1;1771
3;0.125;;(21, 18);;(9, 5);1;1772
3;0.125;;(21, 18);RemoveObject;(9, 5);1;1773
3;0.125;;(21, 18);RemoveObject;(9, 5);1;1774
3;0.125;;(21, 18);;(9, 5);1;1775
3;0.125;;(21, 18);RemoveObject;(9, 5);1;1776
3;0.125;;(21, 18);RemoveObject;(9, 5);1;1777
3;0.125;;(21, 18);;(9, 5);1;1778
3;0.125;;(21, 18);RemoveObject;(9, 5);1;1779
3;0.125;;(21, 18);RemoveObject;(9, 5);1;1780
3;0.125;;(21, 18);;(9, 5);1;1781
3;0.125;;(21, 18);RemoveObject;(9, 5);1;1782
3;0.125;;(21, 18);RemoveObject;(9, 5);1;1783
3;0.125;;(21, 18);;(9, 5);1;1784
3;0.125;;(21, 18);RemoveObject;(9, 5);1;1785
3;0.125;;(21, 18);RemoveObject;(9, 5);1;1786
3;0.125;;(21, 18);;(9, 5);1;1787
3;0.125;;(21, 18);RemoveObject;(9, 5);1;1788
3;0.125;;(21, 18);RemoveObject;(9, 5);1;1789
3;0.125;;(21, 18);;(9, 5);1;1790
3;0.125;;(21, 18);RemoveObject;(9, 5);1;1791
3;0.125;;(21, 18);;(9, 5);1;1792
3;0.125;;(21, 18);RemoveObject;(9, 5);1;1793
3;0.125;;(21, 18);;(9, 5);1;1794
3;0.125;;(21, 18);RemoveObject;(9, 5);1;1795
3;0.125;;(21, 18);RemoveObject;(9, 5);1;1796
3;0.125;;(21, 18);;(9, 5);1;1797
3;0.125;;(21, 18);RemoveObject;(9, 5);1;1798
3;0.125;;(21, 18);RemoveObject;(9, 5);1;1799
3;0.125;;(21, 18);;(9, 5);1;1800
3;0.125;;(21, 18);RemoveObject;(9, 5);1;1801
3;0.125;;(21, 18);RemoveObject;(9, 5);1;1802
3;0.125;;(21, 18);RemoveObject;(9, 5);1;1803
3;0.125;;(21, 18);;(9, 5);1;1804
3;0.125;;(21, 18);RemoveObject;(9, 5);1;1805
3;0.125;;(21, 18);RemoveObject;(9, 5);1;1806
3;0.125;;(21, 18);RemoveObject;(9, 5);1;1807
3;0.125;;(21, 18);;(9, 5);1;1808
3;0.125;;(21, 18);RemoveObject;(9, 5);1;1809
3;0.125;;(21, 18);RemoveObject;(9, 5);1;1810
3;0.125;;(21, 18);;(9, 5);1;1811
3;0.125;;(21, 18);RemoveObject;(9, 5);1;1812
3;0.125;;(21, 18);RemoveObject;(9, 5);1;1813
3;0.125;;(21, 18);;(9, 5);1;1814
3;0.125;;(21, 18);RemoveObject;(9, 5);1;1815
3;0.125;;(21, 18);RemoveObject;(9, 5);1;1816
3;0.125;;(21, 18);;(9, 5);1;1817
3;0.125;;(21, 18);RemoveObject;(9, 5);1;1818
3;0.125;;(21, 18);RemoveObject;(9, 5);1;1819
3;0.125;;(21, 18);;(9, 5);1;1820
3;0.125;;(21, 18);RemoveObject;(9, 5);1;1821
3;0.125;;(21, 18);RemoveObject;(9, 5);1;1822
3;0.125;;(21, 18);;(9, 5);1;1823
3;0.125;;(21, 18);RemoveObject;(9, 5);1;1824
3;0.125;;(21, 18);RemoveObject;(9, 5);1;1825
3;0.125;;(21, 18);;(9, 5);1;1826
3;0.125;;(21, 18);RemoveObject;(9, 5);1;1827
3;0.125;;(21, 18);RemoveObject;(9, 5);1;1828
3;0.125;;(21, 18);;(9, 5);1;1829
3;0.125;;(21, 18);RemoveObject;(9, 5);1;1830
3;0.125;;(21, 18);RemoveObject;(9, 5);1;1831
3;0.125;;(21, 18);;(9, 5);1;1832
3;0.125;;(21, 18);RemoveObject;(9, 5);1;1833
3;0.125;;(21, 18);RemoveObject;(9, 5);1;1834
3;0.125;;(21, 18);;(9, 5);1;1835
3;0.125;;(21, 18);RemoveObject;(9, 5);1;1836
3;0.125;;(21, 18);RemoveObject;(9, 5);1;1837
3;0.125;;(21, 18);;(9, 5);1;1838
3;0.125;;(21, 18);RemoveObject;(9, 5);1;1839
3;0.125;;(21, 18);RemoveObject;(9, 5);1;1840
3;0.125;;(21, 18);;(9, 5);1;1841
3;0.125;;(21, 18);;(9, 5);1;1842
3;0.125;;(21, 18);RemoveObject;(9, 5);1;1843
3;0.125;;(21, 18);;(9, 5);1;1844
3;0.125;;(21, 18);;(9, 5);1;1845
3;0.125;;(21, 18);RemoveObject;(9, 5);1;1846
3;0.125;;(21, 18);;(9, 5);1;1847
3;0.125;;(21, 18);;(9, 5);1;1848
3;0.125;;(21, 18);RemoveObject;(9, 5);1;1849
3;0.125;;(21, 18);;(9, 5);1;1850
3;0.125;;(21, 18);;(9, 5);1;1851
3;0.125;;(21, 18);RemoveObject;(9, 5);1;1852
3;0.125;;(21, 18);;(9, 5);1;1853
3;0.125;;(21, 18);RemoveObject;(9, 5);1;1854
3;0.125;;(21, 18);RemoveObject;(9, 5);1;1855
3;0.125;;(21, 18);;(9, 5);1;1856
3;0.125;;(21, 18);RemoveObject;(9, 5);1;1857
3;0.125;;(21, 18);RemoveObject;(9, 5);1;1858
3;0.125;;(21, 18);;(9, 5);1;1859
3;0.125;;(21, 18);RemoveObject;(9, 5);1;1860
3;0.125;;(21, 18);RemoveObject;(9, 5);1;1861
3;0.125;;(21, 18);;(9, 5);1;1862
3;0.125;;(21, 18);RemoveObject;(9, 5);1;1863
3;0.125;;(21, 18);RemoveObject;(9, 5);1;1864
3;0.125;;(21, 18);;(9, 5);1;1865
3;0.125;;(21, 18);RemoveObject;(9, 5);1;1866
3;0.125;;(21, 18);RemoveObject;(9, 5);1;1867
3;0.125;;(21, 18);;(9, 5);1;1868
3;0.125;;(21, 18);RemoveObject;(9, 5);1;1869
3;0.125;;(21, 18);RemoveObject;(9, 5);1;1870
3;0.125;;(21, 18);;(9, 5);1;1871
3;0.125;;(21, 18);RemoveObject;(9, 5);1;1872
3;0.125;;(21, 18);RemoveObject;(9, 5);1;1873
3;0.125;;(21, 18);;(9, 5);1;1874
3;0.125;;(21, 18);RemoveObject;(9, 5);1;1875
3;0.125;;(21, 18);RemoveObject;(9, 5);1;1876
3;0.125;;(21, 18);;(9, 5);1;1877
3;0.125;;(21, 18);RemoveObject;(9, 5);1;1878
3;0.125;;(21, 18);RemoveObject;(9, 5);1;1879
3;0.125;;(21, 18);;(9, 5);1;1880
3;0.125;;(21, 18);RemoveObject;(9, 5);1;1881
3;0.125;;(21, 18);RemoveObject;(9, 5);1;1882
3;0.125;;(21, 18);;(9, 5);1;1883
3;0.125;;(21, 18);RemoveObject;(9, 5);1;1884
3;0.125;;(21, 18);RemoveObject;(9, 5);1;1885
3;0.125;;(21, 18);;(9, 5);1;1886
3;0.125;;(21, 18);RemoveObject;(9, 5);1;1887
3;0.125;;(21, 18);RemoveObject;(9, 5);1;1888
3;0.125;;(21, 18);;(9, 5);1;1889
3;0.125;;(21, 18);RemoveObject;(9, 5);1;1890
3;0.125;;(21, 18);RemoveObject;(9, 5);1;1891
3;0.125;;(21, 18);;(9, 5);1;1892
3;0.125;;(21, 18);RemoveObject;(9, 5);1;1893
3;0.125;;(21, 18);RemoveObject;(9, 5);1;1894
3;0.125;;(21, 18);;(9, 5);1;1895
3;0.125;;(21, 18);RemoveObject;(9, 5);1;1896
3;0.125;;(21, 18);RemoveObject;(9, 5);1;1897
3;0.125;;(21, 18);;(9, 5);1;1898
3;0.125;;(21, 18);RemoveObject;(9, 5);1;1899
3;0.125;;(21, 18);RemoveObject;(9, 5);1;1900
3;0.125;;(21, 18);;(9, 5);1;1901
3;0.125;;(21, 18);RemoveObject;(9, 5);1;1902
3;0.125;;(21, 18);RemoveObject;(9, 5);1;1903
3;0.125;;(21, 18);;(9, 5);1;1904
3;0.125;;(21, 18);RemoveObject;(9, 5);1;1905
3;0.125;;(21, 18);RemoveObject;(9, 5);1;1906
3;0.125;;(21, 18);;(9, 5);1;1907
3;0.125;;(21, 18);RemoveObject;(9, 5);1;1908
3;0.125;;(21, 18);RemoveObject;(9, 5);1;1909
3;0.125;;(21, 18);;(9, 5);1;1910
3;0.125;;(21, 18);RemoveObject;(9, 5);1;1911
3;0.125;;(21, 18);RemoveObject;(9, 5);1;1912
3;0.125;;(21, 18);;(9, 5);1;1913
3;0.125;;(21, 18);RemoveObject;(9, 5);1;1914
3;0.125;;(21, 18);RemoveObject;(9, 5);1;1915
3;0.125;;(21, 18);;(9, 5);1;1916
3;0.125;;(21, 18);RemoveObject;(9, 5);1;1917
3;0.125;;(21, 18);RemoveObject;(9, 5);1;1918
3;0.125;;(21, 18);;(9, 5);1;1919
3;0.125;;(21, 18);RemoveObject;(9, 5);1;1920
3;0.125;;(21, 18);RemoveObject;(9, 5);1;1921
3;0.125;;(21, 18);;(9, 5);1;1922
3;0.125;;(21, 18);RemoveObject;(9, 5);1;1923
3;0.125;;(21, 18);RemoveObject;(9, 5);1;1924
3;0.125;;(21, 18);;(9, 5);1;1925
3;0.125;;(21, 18);RemoveObject;(9, 5);1;1926
3;0.125;;(21, 18);RemoveObject;(9, 5);1;1927
3;0.125;;(21, 18);;(9, 5);1;1928
3;0.125;;(21, 18);RemoveObject;(9, 5);1;1929
3;0.125;;(21, 18);RemoveObject;(9, 5);1;1930
3;0.125;;(21, 18);;(9, 5);1;1931
3;0.125;;(21, 18);RemoveObject;(9, 5);1;1932
3;0.125;;(21, 18);RemoveObject;(9, 5);1;1933
3;0.125;;(21, 18);;(9, 5);1;1934
3;0.125;;(21, 18);RemoveObject;(9, 5);1;1935
3;0.125;;(21, 18);;(9, 5);1;1936
3;0.125;;(21, 18);;(9, 5);1;1937
3;0.125;;(21, 18);RemoveObject;(9, 5);1;1938
3;0.125;;(21, 18);;(9, 5);1;1939
3;0.125;;(21, 18);;(9, 5);1;1940
3;0.125;;(21, 18);RemoveObject;(9, 5);1;1941
3;0.125;;(21, 18);;(9, 5);1;1942
3;0.125;;(21, 18);;(9, 5);1;1943
3;0.125;;(21, 18);RemoveObject;(9, 5);1;1944
3;0.125;;(21, 18);;(9, 5);1;1945
3;0.125;;(21, 18);RemoveObject;(9, 5);1;1946
3;0.125;;(21, 18);RemoveObject;(9, 5);1;1947
3;0.125;;(21, 18);;(9, 5);1;1948
3;0.125;;(21, 18);RemoveObject;(9, 5);1;1949
3;0.125;;(21, 18);RemoveObject;(9, 5);1;1950
3;0.125;;(21, 18);;(9, 5);1;1951
3;0.125;;(21, 18);RemoveObject;(9, 5);1;1952
3;0.125;;(21, 18);RemoveObject;(9, 5);1;1953
3;0.125;;(21, 18);;(9, 5);1;1954
3;0.125;;(21, 18);RemoveObject;(9, 5);1;1955
3;0.125;;(21, 18);RemoveObject;(9, 5);1;1956
3;0.125;;(21, 18);;(9, 5);1;1957
3;0.125;;(21, 18);RemoveObject;(9, 5);1;1958
3;0.125;;(21, 18);RemoveObject;(9, 5);1;1959
3;0.125;;(21, 18);;(9, 5);1;1960
3;0.125;;(21, 18);RemoveObject;(9, 5);1;1961
3;0.125;;(21, 18);RemoveObject;(9, 5);1;1962
3;0.125;;(21, 18);;(9, 5);1;1963
3;0.125;;(21, 18);RemoveObject;(9, 5);1;1964
3;0.125;;(21, 18);RemoveObject;(9, 5);1;1965
3;0.125;;(21, 18);;(9, 5);1;1966
3;0.125;;(21, 18);RemoveObject;(9, 5);1;1967
3;0.125;;(21, 18);RemoveObject;(9, 5);1;1968
3;0.125;;(21, 18);;(9, 5);1;1969
3;0.125;;(21, 18);RemoveObject;(9, 5);1;1970
3;0.125;;(21, 18);RemoveObject;(9, 5);1;1971
3;0.125;;(21, 18);;(9, 5);1;1972
3;0.125;;(21, 18);RemoveObject;(9, 5);1;1973
3;0.125;;(21, 18);RemoveObject;(9, 5);1;1974
3;0.125;;(21, 18);;(9, 5);1;1975
3;0.125;;(21, 18);RemoveObject;(9, 5);1;1976
3;0.125;;(21, 18);RemoveObject;(9, 5);1;1977
3;0.125;;(21, 18);;(9, 5);1;1978
3;0.125;;(21, 18);RemoveObject;(9, 5);1;1979
3;0.125;;(21, 18);RemoveObject;(9, 5);1;1980
3;0.125;;(21, 18);;(9, 5);1;1981
3;0.125;;(21, 18);RemoveObject;(9, 5);1;1982
3;0.125;;(21, 18);RemoveObject;(9, 5);1;1983
3;0.125;;(21, 18);;(9, 5);1;1984
3;0.125;;(21, 18);RemoveObject;(9, 5);1;1985
3;0.125;;(21, 18);RemoveObject;(9, 5);1;1986
3;0.125;;(21, 18);;(9, 5);1;1987
3;0.125;;(21, 18);RemoveObject;(9, 5);1;1988
3;0.125;;(21, 18);RemoveObject;(9, 5);1;1989
3;0.125;;(21, 18);;(9, 5);1;1990
3;0.125;;(21, 18);RemoveObject;(9, 5);1;1991
3;0.125;;(21, 18);RemoveObject;(9, 5);1;1992
3;0.125;;(21, 18);;(9, 5);1;1993
3;0.125;;(21, 18);RemoveObject;(9, 5);1;1994
3;0.125;;(21, 18);RemoveObject;(9, 5);1;1995
3;0.125;;(21, 18);;(9, 5);1;1996
3;0.125;;(21, 18);RemoveObject;(9, 5);1;1997
3;0.125;;(21, 18);RemoveObject;(9, 5);1;1998
3;0.125;;(21, 18);;(9, 5);1;1999
3;0.125;;(21, 18);RemoveObject;(9, 5);1;2000
3;0.125;;(21, 18);RemoveObject;(9, 5);1;2001
3;0.125;;(21, 18);;(9, 5);1;2002
3;0.125;;(21, 18);RemoveObject;(9, 5);1;2003
3;0.125;;(21, 18);;(9, 5);1;2004
3;0.125;;(21, 18);RemoveObject;(9, 5);1;2005
3;0.125;;(21, 18);RemoveObject;(9, 5);1;2006
3;0.125;;(21, 18);RemoveObject;(9, 5);1;2007
3;0.125;;(21, 18);RemoveObject;(9, 5);1;2008
3;0.125;;(21, 18);RemoveObject;(9, 5);1;2009
3;0.125;;(21, 18);RemoveObject;(9, 5);1;2010
3;0.125;;(21, 18);RemoveObject;(9, 5);1;2011
3;0.125;;(21, 18);RemoveObject;(9, 5);1;2012
3;0.125;;(21, 18);RemoveObject;(9, 5);1;2013
3;0.125;;(21, 18);RemoveObject;(9, 5);1;2014
3;0.125;;(21, 18);RemoveObject;(9, 5);1;2015
3;0.125;;(21, 18);RemoveObject;(9, 5);1;2016
3;0.125;;(21, 18);RemoveObject;(9, 5);1;2017
3;0.125;;(21, 18);RemoveObject;(9, 5);1;2018
3;0.125;;(21, 18);RemoveObject;(9, 5);1;2019
3;0.125;;(21, 18);RemoveObject;(9, 5);1;2020
3;0.125;;(21, 18);RemoveObject;(9, 5);1;2021
3;0.125;;(21, 18);RemoveObject;(9, 5);1;2022
3;0.125;;(21, 18);RemoveObject;(9, 5);1;2023
3;0.125;;(21, 18);RemoveObject;(9, 5);1;2024
3;0.125;;(21, 18);RemoveObject;(9, 5);1;2025
3;0.125;;(21, 18);;(9, 5);1;2026
3;0.125;;(21, 18);RemoveObject;(9, 5);1;2027
3;0.125;;(21, 18);RemoveObject;(9, 5);1;2028
3;0.125;;(21, 18);;(9, 5);1;2029
3;0.125;;(21, 18);RemoveObject;(9, 5);1;2030
3;0.125;;(21, 18);RemoveObject;(9, 5);1;2031
3;0.125;;(21, 18);;(9, 5);1;2032
3;0.125;;(21, 18);RemoveObject;(9, 5);1;2033
3;0.125;;(21, 18);RemoveObject;(9, 5);1;2034
3;0.125;;(21, 18);;(9, 5);1;2035
3;0.125;;(21, 18);RemoveObject;(9, 5);1;2036
3;0.125;;(21, 18);RemoveObject;(9, 5);1;2037
3;0.125;;(21, 18);;(9, 5);1;2038
3;0.125;;(21, 18);RemoveObject;(9, 5);1;2039
3;0.125;;(21, 18);RemoveObject;(9, 5);1;2040
3;0.125;;(21, 18);;(9, 5);1;2041
3;0.125;;(21, 18);RemoveObject;(9, 5);1;2042
3;0.125;;(21, 18);RemoveObject;(9, 5);1;2043
3;0.125;;(21, 18);;(9, 5);1;2044
3;0.125;;(21, 18);RemoveObject;(9, 5);1;2045
3;0.125;;(21, 18);RemoveObject;(9, 5);1;2046
3;0.125;;(21, 18);;(9, 5);1;2047
3;0.125;;(21, 18);;(9, 5);1;2048
3;0.125;;(21, 18);RemoveObject;(9, 5);1;2049
3;0.125;;(21, 18);;(9, 5);1;2050
3;0.125;;(21, 18);;(9, 5);1;2051
3;0.125;;(21, 18);RemoveObject;(9, 5);1;2052
3;0.125;;(21, 18);;(9, 5);1;2053
3;0.125;;(21, 18);;(9, 5);1;2054
3;0.125;;(21, 18);RemoveObject;(9, 5);1;2055
3;0.125;;(21, 18);;(9, 5);1;2056
3;0.125;;(21, 18);RemoveObject;(9, 5);1;2057
3;0.125;;(21, 18);RemoveObject;(9, 5);1;2058
3;0.125;;(21, 18);;(9, 5);1;2059
3;0.125;;(21, 18);RemoveObject;(9, 5);1;2060
3;0.125;;(21, 18);RemoveObject;(9, 5);1;2061
3;0.125;;(21, 18);;(9, 5);1;2062
3;0.125;;(21, 18);RemoveObject;(9, 5);1;2063
3;0.125;;(21, 18);RemoveObject;(9, 5);1;2064
3;0.125;;(21, 18);;(9, 5);1;2065
3;0.125;;(21, 18);RemoveObject;(9, 5);1;2066
3;0.125;;(21, 18);RemoveObject;(9, 5);1;2067
3;0.125;;(21, 18);;(9, 5);1;2068
3;0.125;;(21, 18);RemoveObject;(9, 5);1;2069
3;0.125;;(21, 18);RemoveObject;(9, 5);1;2070
3;0.125;;(21, 18);;(9, 5);1;2071
3;0.125;;(21, 18);RemoveObject;(9, 5);1;2072
3;0.125;;(21, 18);RemoveObject;(9, 5);1;2073
3;0.125;;(21, 18);;(9, 5);1;2074
3;0.125;;(21, 18);RemoveObject;(9, 5);1;2075
3;0.125;;(21, 18);RemoveObject;(9, 5);1;2076
3;0.125;;(21, 18);;(9, 5);1;2077
3;0.125;;(21, 18);RemoveObject;(9, 5);1;2078
3;0.125;;(21, 18);RemoveObject;(9, 5);1;2079
3;0.125;;(21, 18);;(9, 5);1;2080
3;0.125;;(21, 18);RemoveObject;(9, 5);1;2081
3;0.125;;(21, 18);RemoveObject;(9, 5);1;2082
3;0.125;;(21, 18);;(9, 5);1;2083
3;0.125;;(21, 18);RemoveObject;(9, 5);1;2084
3;0.125;;(21, 18);RemoveObject;(9, 5);1;2085
3;0.125;;(21, 18);;(9, 5);1;2086
3;0.125;;(21, 18);RemoveObject;(9, 5);1;2087
3;0.125;;(21, 18);RemoveObject;(9, 5);1;2088
3;0.125;;(21, 18);;(9, 5);1;2089
3;0.125;;(21, 18);RemoveObject;(9, 5);1;2090
3;0.125;;(21, 18);RemoveObject;(9, 5);1;2091
3;0.125;;(21, 18);;(9, 5);1;2092
3;0.125;;(21, 18);RemoveObject;(9, 5);1;2093
3;0.125;;(21, 18);RemoveObject;(9, 5);1;2094
3;0.125;;(21, 18);;(9, 5);1;2095
3;0.125;;(21, 18);RemoveObject;(9, 5);1;2096
3;0.125;;(21, 18);RemoveObject;(9, 5);1;2097
3;0.125;;(21, 18);RemoveObject;(9, 5);1;2098
3;0.125;;(21, 18);;(9, 5);1;2099
3;0.125;;(21, 18);RemoveObject;(9, 5);1;2100
3;0.125;;(21, 18);RemoveObject;(9, 5);1;2101
3;0.125;;(21, 18);;(9, 5);1;2102
3;0.125;;(21, 18);RemoveObject;(9, 5);1;2103
3;0.125;;(21, 18);RemoveObject;(9, 5);1;2104
3;0.125;;(21, 18);;(9, 5);1;2105
3;0.125;;(21, 18);RemoveObject;(9, 5);1;2106
3;0.125;;(21, 18);RemoveObject;(9, 5);1;2107
3;0.125;;(21, 18);;(9, 5);1;2108
3;0.125;;(21, 18);RemoveObject;(9, 5);1;2109
3;0.125;;(21, 18);RemoveObject;(9, 5);1;2110
3;0.125;;(21, 18);;(9, 5);1;2111
3;0.125;;(21, 18);RemoveObject;(9, 5);1;2112
3;0.125;;(21, 18);RemoveObject;(9, 5);1;2113
3;0.125;;(21, 18);;(9, 5);1;2114
3;0.125;;(21, 18);RemoveObject;(9, 5);1;2115
3;0.125;;(21, 18);RemoveObject;(9, 5);1;2116
3;0.125;;(21, 18);;(9, 5);1;2117
3;0.125;;(21, 18);RemoveObject;(9, 5);1;2118
3;0.125;;(21, 18);RemoveObject;(9, 5);1;2119
3;0.125;;(21, 18);;(9, 5);1;2120
3;0.125;;(21, 18);RemoveObject;(9, 5);1;2121
3;0.125;;(21, 18);RemoveObject;(9, 5);1;2122
3;0.125;;(21, 18);;(9, 5);1;2123
3;0.125;;(21, 18);RemoveObject;(9, 5);1;2124
3;0.125;;(21, 18);RemoveObject;(9, 5);1;2125
3;0.125;;(21, 18);;(9, 5);1;2126
3;0.125;;(21, 18);RemoveObject;(9, 5);1;2127
3;0.125;;(21, 18);RemoveObject;(9, 5);1;2128
3;0.125;;(21, 18);;(9, 5);1;2129
3;0.125;;(21, 18);RemoveObject;(9, 5);1;2130
3;0.125;;(21, 18);RemoveObject;(9, 5);1;2131
3;0.125;;(21, 18);;(9, 5);1;2132
3;0.125;;(21, 18);RemoveObject;(9, 5);1;2133
3;0.125;;(21, 18);RemoveObject;(9, 5);1;2134
3;0.125;;(21, 18);;(9, 5);1;2135
3;0.125;;(21, 18);RemoveObject;(9, 5);1;2136
3;0.125;;(21, 18);RemoveObject;(9, 5);1;2137
3;0.125;;(21, 18);;(9, 5);1;2138
3;0.125;;(21, 18);RemoveObject;(9, 5);1;2139
3;0.125;;(21, 18);RemoveObject;(9, 5);1;2140
3;0.125;;(21, 18);;(9, 5);1;2141
3;0.125;;(21, 18);RemoveObject;(9, 5);1;2142
3;0.125;;(21, 18);RemoveObject;(9, 5);1;2143
3;0.125;;(21, 18);;(9, 5);1;2144
3;0.125;;(21, 18);RemoveObject;(9, 5);1;2145
3;0.125;;(21, 18);RemoveObject;(9, 5);1;2146
3;0.125;;(21, 18);;(9, 5);1;2147
3;0.125;;(21, 18);RemoveObject;(9, 5);1;2148
3;0.125;;(21, 18);RemoveObject;(9, 5);1;2149
3;0.125;;(21, 18);;(9, 5);1;2150
3;0.125;;(21, 18);RemoveObject;(9, 5);1;2151
3;0.125;;(21, 18);RemoveObject;(9, 5);1;2152
3;0.125;;(21, 18);;(9, 5);1;2153
3;0.125;;(21, 18);RemoveObject;(9, 5);1;2154
3;0.125;;(21, 18);RemoveObject;(9, 5);1;2155
3;0.125;;(21, 18);;(9, 5);1;2156
3;0.125;;(21, 18);RemoveObject;(9, 5);1;2157
3;0.125;;(21, 18);RemoveObject;(9, 5);1;2158
3;0.125;;(21, 18);;(9, 5);1;2159
3;0.125;;(21, 18);RemoveObject;(9, 5);1;2160
3;0.125;;(21, 18);RemoveObject;(9, 5);1;2161
3;0.125;;(21, 18);;(9, 5);1;2162
3;0.125;;(21, 18);RemoveObject;(9, 5);1;2163
3;0.125;;(21, 18);RemoveObject;(9, 5);1;2164
3;0.125;;(21, 18);;(9, 5);1;2165
3;0.125;;(21, 18);RemoveObject;(9, 5);1;2166
3;0.125;;(21, 18);RemoveObject;(9, 5);1;2167
3;0.125;;(21, 18);;(9, 5);1;2168
3;0.125;;(21, 18);RemoveObject;(9, 5);1;2169
3;0.125;;(21, 18);RemoveObject;(9, 5);1;2170
3;0.125;;(21, 18);;(9, 5);1;2171
3;0.125;;(21, 18);RemoveObject;(9, 5);1;2172
3;0.125;;(21, 18);RemoveObject;(9, 5);1;2173
3;0.125;;(21, 18);RemoveObject;(9, 5);1;2174
3;0.125;;(21, 18);RemoveObject;(9, 5);1;2175
3;0.125;;(21, 18);RemoveObject;(9, 5);1;2176
3;0.125;;(21, 18);RemoveObject;(9, 5);1;2177
3;0.125;;(21, 18);RemoveObject;(9, 5);1;2178
3;0.125;;(21, 18);RemoveObject;(9, 5);1;2179
3;0.125;;(21, 18);RemoveObject;(9, 5);1;2180
3;0.125;;(21, 18);RemoveObject;(9, 5);1;2181
3;0.125;;(21, 18);RemoveObject;(9, 5);1;2182
3;0.125;;(21, 18);RemoveObject;(9, 5);1;2183
3;0.125;;(21, 18);RemoveObject;(9, 5);1;2184
3;0.125;;(21, 18);RemoveObject;(9, 5);1;2185
3;0.125;;(21, 18);RemoveObject;(9, 5);1;2186
3;0.125;;(21, 18);RemoveObject;(9, 5);1;2187
3;0.125;;(21, 18);RemoveObject;(9, 5);1;2188
3;0.125;;(21, 18);RemoveObject;(9, 5);1;2189
3;0.125;;(21, 18);RemoveObject;(9, 5);1;2190
3;0.125;;(21, 18);RemoveObject;(9, 5);1;2191
3;0.125;;(21, 18);RemoveObject;(9, 5);1;2192
3;0.125;;(21, 18);RemoveObject;(9, 5);1;2193
3;0.125;;(21, 18);RemoveObject;(9, 5);1;2194
3;0.125;;(21, 18);RemoveObject;(9, 5);1;2195
3;0.125;;(21, 18);RemoveObject;(9, 5);1;2196
3;0.125;;(21, 18);RemoveObject;(9, 5);1;2197
3;0.125;;(21, 18);RemoveObject;(9, 5);1;2198
3;0.125;;(21, 18);RemoveObject;(9, 5);1;2199
3;0.125;;(21, 18);RemoveObject;(9, 5);1;2200
3;0.125;;(21, 18);RemoveObject;(9, 5);1;2201
3;0.125;;(21, 18);RemoveObject;(9, 5);1;2202
3;0.125;;(21, 18);RemoveObject;(9, 5);1;2203
3;0.125;;(21, 18);RemoveObject;(9, 5);1;2204
3;0.125;;(21, 18);RemoveObject;(9, 5);1;2205
3;0.125;;(21, 18);RemoveObject;(9, 5);1;2206
3;0.125;;(21, 18);RemoveObject;(9, 5);1;2207
3;0.125;;(21, 18);RemoveObject;(9, 5);1;2208
3;0.125;;(21, 18);RemoveObject;(9, 5);1;2209
3;0.125;;(21, 18);RemoveObject;(9, 5);1;2210
3;0.125;;(21, 18);RemoveObject;(9, 5);1;2211
3;0.125;;(21, 18);RemoveObject;(9, 5);1;2212
3;0.125;;(21, 18);RemoveObject;(9, 5);1;2213
3;0.125;;(21, 18);RemoveObject;(9, 5);1;2214
3;0.125;;(21, 18);RemoveObject;(9, 5);1;2215
3;0.125;;(21, 18);RemoveObject;(9, 5);1;2216
3;0.125;;(21, 18);RemoveObject;(9, 5);1;2217
3;0.125;;(21, 18);RemoveObject;(9, 5);1;2218
3;0.125;;(21, 18);RemoveObject;(9, 5);1;2219
3;0.125;;(21, 18);RemoveObject;(9, 5);1;2220
3;0.125;;(21, 18);RemoveObject;(9, 5);1;2221
3;0.125;;(21, 18);RemoveObject;(9, 5);1;2222
3;0.125;;(21, 18);RemoveObject;(9, 5);1;2223
3;0.125;;(21, 18);RemoveObject;(9, 5);1;2224
3;0.125;;(21, 18);RemoveObject;(9, 5);1;2225
3;0.125;;(21, 18);RemoveObject;(9, 5);1;2226
3;0.125;;(21, 18);RemoveObject;(9, 5);1;2227
3;0.125;;(21, 18);RemoveObject;(9, 5);1;2228
3;0.125;;(21, 18);RemoveObject;(9, 5);1;2229
3;0.125;;(21, 18);RemoveObject;(9, 5);1;2230
3;0.125;;(21, 18);RemoveObject;(9, 5);1;2231
3;0.125;;(21, 18);RemoveObject;(9, 5);1;2232
3;0.125;;(21, 18);RemoveObject;(9, 5);1;2233
3;0.125;;(21, 18);RemoveObject;(9, 5);1;2234
3;0.125;;(21, 18);RemoveObject;(9, 5);1;2235
3;0.125;;(21, 18);RemoveObject;(9, 5);1;2236
3;0.125;;(21, 18);RemoveObject;(9, 5);1;2237
3;0.125;;(21, 18);RemoveObject;(9, 5);1;2238
3;0.125;;(21, 18);RemoveObject;(9, 5);1;2239
3;0.125;;(21, 18);RemoveObject;(9, 5);1;2240
3;0.125;;(21, 18);RemoveObject;(9, 5);1;2241
3;0.125;;(21, 18);RemoveObject;(9, 5);1;2242
3;0.125;;(21, 18);RemoveObject;(9, 5);1;2243
3;0.125;;(21, 18);RemoveObject;(9, 5);1;2244
3;0.125;;(21, 18);RemoveObject;(9, 5);1;2245
3;0.125;;(21, 18);RemoveObject;(9, 5);1;2246
3;0.125;;(21, 18);RemoveObject;(9, 5);1;2247
3;0.125;;(21, 18);RemoveObject;(9, 5);1;2248
3;0.125;;(21, 18);RemoveObject;(9, 5);1;2249
3;0.125;;(21, 18);RemoveObject;(9, 5);1;2250
3;0.125;;(21, 18);RemoveObject;(9, 5);1;2251
3;0.125;;(21, 18);RemoveObject;(9, 5);1;2252
3;0.125;;(21, 18);RemoveObject;(9, 5);1;2253
3;0.125;;(21, 18);RemoveObject;(9, 5);1;2254
3;0.125;;(21, 18);RemoveObject;(9, 5);1;2255
3;0.125;;(21, 18);RemoveObject;(9, 5);1;2256
3;0.125;;(21, 18);RemoveObject;(9, 5);1;2257
3;0.125;;(21, 18);RemoveObject;(9, 5);1;2258
3;0.125;;(21, 18);RemoveObject;(9, 5);1;2259
3;0.125;;(21, 18);RemoveObject;(9, 5);1;2260
3;0.125;;(21, 18);RemoveObject;(9, 5);1;2261
3;0.125;;(21, 18);RemoveObject;(9, 5);1;2262
3;0.125;;(21, 18);RemoveObject;(9, 5);1;2263
3;0.125;;(21, 18);RemoveObject;(9, 5);1;2264
3;0.125;;(21, 18);RemoveObject;(9, 5);1;2265
3;0.125;;(21, 18);RemoveObject;(9, 5);1;2266
3;0.125;;(21, 18);RemoveObject;(9, 5);1;2267
3;0.125;;(21, 18);RemoveObject;(9, 5);1;2268
3;0.125;;(21, 18);RemoveObject;(9, 5);1;2269
3;0.125;;(21, 18);RemoveObject;(9, 5);1;2270
3;0.125;;(21, 18);RemoveObject;(9, 5);1;2271
3;0.125;;(21, 18);RemoveObject;(9, 5);1;2272
3;0.125;;(21, 18);RemoveObject;(9, 5);1;2273
3;0.125;;(21, 18);RemoveObject;(9, 5);1;2274
3;0.125;;(21, 18);RemoveObject;(9, 5);1;2275
3;0.125;;(21, 18);RemoveObject;(9, 5);1;2276
3;0.125;;(21, 18);RemoveObject;(9, 5);1;2277
3;0.125;;(21, 18);RemoveObject;(9, 5);1;2278
3;0.125;;(21, 18);RemoveObject;(9, 5);1;2279
3;0.125;;(21, 18);RemoveObject;(9, 5);1;2280
3;0.125;;(21, 18);RemoveObject;(9, 5);1;2281
3;0.125;;(21, 18);RemoveObject;(9, 5);1;2282
3;0.125;;(21, 18);RemoveObject;(9, 5);1;2283
3;0.125;;(21, 18);RemoveObject;(9, 5);1;2284
3;0.125;;(21, 18);RemoveObject;(9, 5);1;2285
3;0.125;;(21, 18);RemoveObject;(9, 5);1;2286
3;0.125;;(21, 18);RemoveObject;(9, 5);1;2287
3;0.125;;(21, 18);RemoveObject;(9, 5);1;2288
3;0.125;;(21, 18);RemoveObject;(9, 5);1;2289
3;0.125;;(21, 18);RemoveObject;(9, 5);1;2290
3;0.125;;(21, 18);RemoveObject;(9, 5);1;2291
3;0.125;;(21, 18);RemoveObject;(9, 5);1;2292
3;0.125;;(21, 18);RemoveObject;(9, 5);1;2293
3;0.125;;(21, 18);RemoveObject;(9, 5);1;2294
3;0.125;;(21, 18);RemoveObject;(9, 5);1;2295
3;0.125;;(21, 18);RemoveObject;(9, 5);1;2296
3;0.125;;(21, 18);RemoveObject;(9, 5);1;2297
3;0.125;;(21, 18);RemoveObject;(9, 5);1;2298
3;0.125;;(21, 18);RemoveObject;(9, 5);1;2299
3;0.125;;(21, 18);RemoveObject;(9, 5);1;2300
3;0.125;;(21, 18);RemoveObject;(9, 5);1;2301
3;0.125;;(21, 18);RemoveObject;(9, 5);1;2302
3;0.125;;(21, 18);RemoveObject;(9, 5);1;2303
3;0.125;;(21, 18);RemoveObject;(9, 5);1;2304
3;0.125;;(21, 18);RemoveObject;(9, 5);1;2305
3;0.125;;(21, 18);RemoveObject;(9, 5);1;2306
3;0.125;;(21, 18);RemoveObject;(9, 5);1;2307
3;0.125;;(21, 18);RemoveObject;(9, 5);1;2308
3;0.125;;(21, 18);RemoveObject;(9, 5);1;2309
3;0.125;;(21, 18);RemoveObject;(9, 5);1;2310
3;0.125;;(21, 18);RemoveObject;(9, 5);1;2311
3;0.125;;(21, 18);RemoveObject;(9, 5);1;2312
3;0.125;;(21, 18);RemoveObject;(9, 5);1;2313
3;0.125;;(21, 18);RemoveObject;(9, 5);1;2314
3;0.125;;(21, 18);RemoveObject;(9, 5);1;2315
3;0.125;;(21, 18);RemoveObject;(9, 5);1;2316
3;0.125;;(21, 18);RemoveObject;(9, 5);1;2317
3;0.125;;(21, 18);;(9, 5);1;2318
3;0.125;;(21, 18);RemoveObject;(9, 5);1;2319
3;0.125;;(21, 18);RemoveObject;(9, 5);1;2320
3;0.125;;(21, 18);;(9, 5);1;2321
3;0.125;;(21, 18);RemoveObject;(9, 5);1;2322
3;0.125;;(21, 18);RemoveObject;(9, 5);1;2323
3;0.125;;(21, 18);;(9, 5);1;2324
3;0.125;;(21, 18);RemoveObject;(9, 5);1;2325
3;0.125;;(21, 18);RemoveObject;(9, 5);1;2326
3;0.125;;(21, 18);RemoveObject;(9, 5);1;2327
3;0.125;;(21, 18);RemoveObject;(9, 5);1;2328
3;0.125;;(21, 18);RemoveObject;(9, 5);1;2329
3;0.125;;(21, 18);;(9, 5);1;2330
3;0.125;;(21, 18);RemoveObject;(9, 5);1;2331
3;0.125;;(21, 18);RemoveObject;(9, 5);1;2332
3;0.125;;(21, 18);RemoveObject;(9, 5);1;2333
3;0.125;;(21, 18);RemoveObject;(9, 5);1;2334
3;0.125;;(21, 18);RemoveObject;(9, 5);1;2335
3;0.125;;(21, 18);RemoveObject;(9, 5);1;2336
3;0.125;;(21, 18);RemoveObject;(9, 5);1;2337
3;0.125;;(21, 18);RemoveObject;(9, 5);1;2338
3;0.125;;(21, 18);RemoveObject;(9, 5);1;2339
3;0.125;;(21, 18);RemoveObject;(9, 5);1;2340
3;0.125;;(21, 18);RemoveObject;(9, 5);1;2341
3;0.125;;(21, 18);RemoveObject;(9, 5);1;2342
3;0.125;;(21, 18);RemoveObject;(9, 5);1;2343
3;0.125;;(21, 18);RemoveObject;(9, 5);1;2344
3;0.125;;(21, 18);RemoveObject;(9, 5);1;2345
3;0.125;;(21, 18);RemoveObject;(9, 5);1;2346
3;0.125;;(21, 18);RemoveObject;(9, 5);1;2347
3;0.125;;(21, 18);RemoveObject;(9, 5);1;2348
3;0.125;;(21, 18);RemoveObject;(9, 5);1;2349
3;0.125;;(21, 18);RemoveObject;(9, 5);1;2350
3;0.125;;(21, 18);RemoveObject;(9, 5);1;2351
3;0.125;;(21, 18);RemoveObject;(9, 5);1;2352
3;0.125;;(21, 18);RemoveObject;(9, 5);1;2353
3;0.125;;(21, 18);RemoveObject;(9, 5);1;2354
3;0.125;;(21, 18);RemoveObject;(9, 5);1;2355
3;0.125;;(21, 18);RemoveObject;(9, 5);1;2356
3;0.125;;(21, 18);RemoveObject;(9, 5);1;2357
3;0.125;;(21, 18);RemoveObject;(9, 5);1;2358
3;0.125;;(21, 18);RemoveObject;(9, 5);1;2359
3;0.125;;(21, 18);RemoveObject;(9, 5);1;2360
3;0.125;;(21, 18);RemoveObject;(9, 5);1;2361
3;0.125;;(21, 18);RemoveObject;(9, 5);1;2362
3;0.125;;(21, 18);RemoveObject;(9, 5);1;2363
3;0.125;;(21, 18);RemoveObject;(9, 5);1;2364
3;0.125;;(21, 18);RemoveObject;(9, 5);1;2365
3;0.125;;(21, 18);RemoveObject;(9, 5);1;2366
3;0.125;;(21, 18);RemoveObject;(9, 5);1;2367
3;0.125;;(21, 18);RemoveObject;(9, 5);1;2368
3;0.125;;(21, 18);RemoveObject;(9, 5);1;2369
3;0.125;;(21, 18);RemoveObject;(9, 5);1;2370
3;0.125;;(21, 18);RemoveObject;(9, 5);1;2371
3;0.125;;(21, 18);RemoveObject;(9, 5);1;2372
3;0.125;;(21, 18);RemoveObject;(9, 5);1;2373
3;0.125;;(21, 18);RemoveObject;(9, 5);1;2374
3;0.125;;(21, 18);RemoveObject;(9, 5);1;2375
3;0.125;;(21, 18);RemoveObject;(9, 5);1;2376
3;0.125;;(21, 18);RemoveObject;(9, 5);1;2377
3;0.125;;(21, 18);;(9, 5);1;2378
3;0.125;;(21, 18);RemoveObject;(9, 5);1;2379
3;0.125;;(21, 18);RemoveObject;(9, 5);1;2380
3;0.125;;(21, 18);;(9, 5);1;2381
3;0.125;;(21, 18);RemoveObject;(9, 5);1;2382
3;0.125;;(21, 18);RemoveObject;(9, 5);1;2383
3;0.125;;(21, 18);RemoveObject;(9, 5);1;2384
3;0.125;;(21, 18);RemoveObject;(9, 5);1;2385
3;0.125;;(21, 18);RemoveObject;(9, 5);1;2386
3;0.125;;(21, 18);RemoveObject;(9, 5);1;2387
3;0.125;;(21, 18);RemoveObject;(9, 5);1;2388
3;0.125;;(21, 18);RemoveObject;(9, 5);1;2389
3;0.125;;(21, 18);RemoveObject;(9, 5);1;2390
3;0.125;;(21, 18);RemoveObject;(9, 5);1;2391
3;0.125;;(21, 18);RemoveObject;(9, 5);1;2392
3;0.125;;(21, 18);RemoveObject;(9, 5);1;2393
3;0.125;;(21, 18);;(9, 5);1;2394
3;0.125;;(21, 18);RemoveObject;(9, 5);1;2395
3;0.125;;(21, 18);RemoveObject;(9, 5);1;2396
3;0.125;;(21, 18);;(9, 5);1;2397
3;0.125;;(21, 18);RemoveObject;(9, 5);1;2398
3;0.125;;(21, 18);RemoveObject;(9, 5);1;2399
3;0.125;;(21, 18);RemoveObject;(9, 5);1;2400
3;0.125;;(21, 18);RemoveObject;(9, 5);1;2401
3;0.125;;(21, 18);RemoveObject;(9, 5);1;2402
3;0.125;;(21, 18);RemoveObject;(9, 5);1;2403
3;0.125;;(21, 18);RemoveObject;(9, 5);1;2404
3;0.125;;(21, 18);RemoveObject;(9, 5);1;2405
3;0.125;;(21, 18);RemoveObject;(9, 5);1;2406
3;0.125;;(21, 18);RemoveObject;(9, 5);1;2407
3;0.125;;(21, 18);RemoveObject;(9, 5);1;2408
3;0.125;;(21, 18);RemoveObject;(9, 5);1;2409
3;0.125;;(21, 18);;(9, 5);1;2410
3;0.125;;(21, 18);;(9, 5);1;2411
3;0.125;;(21, 18);;(9, 5);1;2412
3;0.125;;(21, 18);;(9, 5);1;2413
3;0.125;;(21, 18);RemoveObject;(9, 5);1;2414
3;0.125;;(21, 18);RemoveObject;(9, 5);1;2415
3;0.125;;(21, 18);RemoveObject;(9, 5);1;2416
3;0.125;;(21, 18);RemoveObject;(9, 5);1;2417
3;0.125;;(21, 18);MoveNorth;(9, 4);1;2418
3;0.125;;(21, 18);;(9, 4);1;2419
3;0.125;;(21, 18);;(9, 4);1;2420
3;0.125;;(21, 18);;(9, 4);1;2421
3;0.125;;(21, 18);;(9, 4);1;2422
3;0.125;;(21, 18);;(9, 4);1;2423
3;0.125;;(21, 18);;(9, 4);1;2424
3;0.125;;(21, 18);;(9, 4);1;2425
3;0.125;;(21, 18);;(9, 4);1;2426
3;0.125;;(21, 18);;(9, 4);1;2427
3;0.125;;(21, 18);;(9, 4);1;2428
3;0.125;;(21, 18);;(9, 4);1;2429
3;0.125;;(21, 18);;(9, 4);1;2430
3;0.125;;(21, 18);;(9, 4);1;2431
3;0.125;;(21, 18);;(9, 4);1;2432
3;0.125;;(21, 18);;(9, 4);1;2433
3;0.125;;(21, 18);;(9, 4);1;2434
3;0.125;;(21, 18);;(9, 4);1;2435
3;0.125;;(21, 18);;(9, 4);1;2436
3;0.125;;(21, 18);;(9, 4);1;2437
3;0.125;;(21, 18);;(9, 4);1;2438
3;0.125;;(21, 18);;(9, 4);1;2439
3;0.125;;(21, 18);;(9, 4);1;2440
3;0.125;;(21, 18);;(9, 4);1;2441
3;0.125;;(21, 18);;(9, 4);1;2442
3;0.125;;(21, 18);;(9, 4);1;2443
3;0.125;;(21, 18);;(9, 4);1;2444
3;0.125;;(21, 18);;(9, 4);1;2445
3;0.125;;(21, 18);;(9, 4);1;2446
3;0.125;;(21, 18);;(9, 4);1;2447
3;0.125;;(21, 18);;(9, 4);1;2448
3;0.125;;(21, 18);;(9, 4);1;2449
3;0.125;;(21, 18);;(9, 4);1;2450
3;0.125;;(21, 18);;(9, 4);1;2451
3;0.125;;(21, 18);;(9, 4);1;2452
3;0.125;;(21, 18);;(9, 4);1;2453
3;0.125;;(21, 18);;(9, 4);1;2454
3;0.125;;(21, 18);;(9, 4);1;2455
3;0.125;;(21, 18);;(9, 4);1;2456
3;0.125;;(21, 18);;(9, 4);1;2457
3;0.125;;(21, 18);;(9, 4);1;2458
3;0.125;;(21, 18);;(9, 4);1;2459
3;0.125;;(21, 18);;(9, 4);1;2460
3;0.125;;(21, 18);;(9, 4);1;2461
3;0.125;;(21, 18);;(9, 4);1;2462
3;0.125;;(21, 18);;(9, 4);1;2463
3;0.125;;(21, 18);;(9, 4);1;2464
3;0.125;;(21, 18);;(9, 4);1;2465
3;0.125;;(21, 18);;(9, 4);1;2466
3;0.125;;(21, 18);;(9, 4);1;2467
3;0.125;;(21, 18);;(9, 4);1;2468
3;0.125;;(21, 18);;(9, 4);1;2469
3;0.125;;(21, 18);;(9, 4);1;2470
3;0.125;;(21, 18);;(9, 4);1;2471
3;0.125;;(21, 18);;(9, 4);1;2472
3;0.125;;(21, 18);;(9, 4);1;2473
3;0.125;;(21, 18);;(9, 4);1;2474
3;0.125;;(21, 18);;(9, 4);1;2475
3;0.125;;(21, 18);;(9, 4);1;2476
3;0.125;;(21, 18);;(9, 4);1;2477
3;0.125;;(21, 18);;(9, 4);1;2478
3;0.125;;(21, 18);;(9, 4);1;2479
3;0.125;;(21, 18);;(9, 4);1;2480
3;0.125;;(21, 18);;(9, 4);1;2481
3;0.125;;(21, 18);;(9, 4);1;2482
3;0.125;;(21, 18);;(9, 4);1;2483
3;0.125;;(21, 18);;(9, 4);1;2484
3;0.125;;(21, 18);;(9, 4);1;2485
3;0.125;;(21, 18);;(9, 4);1;2486
3;0.125;;(21, 18);;(9, 4);1;2487
3;0.125;;(21, 18);;(9, 4);1;2488
3;0.125;;(21, 18);;(9, 4);1;2489
3;0.125;;(21, 18);;(9, 4);1;2490
3;0.125;;(21, 18);;(9, 4);1;2491
3;0.125;;(21, 18);;(9, 4);1;2492
3;0.125;;(21, 18);;(9, 4);1;2493
3;0.125;;(21, 18);;(9, 4);1;2494
3;0.125;;(21, 18);;(9, 4);1;2495
3;0.125;;(21, 18);;(9, 4);1;2496
3;0.125;;(21, 18);;(9, 4);1;2497
3;0.125;;(21, 18);;(9, 4);1;2498
3;0.125;;(21, 18);;(9, 4);1;2499
3;0.125;;(21, 18);;(9, 4);1;2500
3;0.125;;(21, 18);;(9, 4);1;2501
3;0.125;;(21, 18);;(9, 4);1;2502
3;0.125;;(21, 18);;(9, 4);1;2503
3;0.125;;(21, 18);;(9, 4);1;2504
3;0.125;;(21, 18);;(9, 4);1;2505
3;0.125;;(21, 18);;(9, 4);1;2506
3;0.125;;(21, 18);;(9, 4);1;2507
3;0.125;;(21, 18);;(9, 4);1;2508
3;0.125;;(21, 18);;(9, 4);1;2509
3;0.125;;(21, 18);;(9, 4);1;2510
3;0.125;;(21, 18);;(9, 4);1;2511
3;0.125;;(21, 18);;(9, 4);1;2512
3;0.125;;(21, 18);;(9, 4);1;2513
3;0.125;;(21, 18);;(9, 4);1;2514
3;0.125;;(21, 18);;(9, 4);1;2515
3;0.125;;(21, 18);;(9, 4);1;2516
3;0.125;;(21, 18);;(9, 4);1;2517
3;0.125;;(21, 18);;(9, 4);1;2518
3;0.125;;(21, 18);;(9, 4);1;2519
3;0.125;;(21, 18);;(9, 4);1;2520
3;0.125;;(21, 18);;(9, 4);1;2521
3;0.125;;(21, 18);;(9, 4);1;2522
3;0.125;;(21, 18);;(9, 4);1;2523
3;0.125;;(21, 18);;(9, 4);1;2524
3;0.125;;(21, 18);;(9, 4);1;2525
3;0.125;;(21, 18);;(9, 4);1;2526
3;0.125;;(21, 18);;(9, 4);1;2527
3;0.125;;(21, 18);;(9, 4);1;2528
3;0.125;;(21, 18);;(9, 4);1;2529
3;0.125;;(21, 18);;(9, 4);1;2530
3;0.125;;(21, 18);;(9, 4);1;2531
3;0.125;;(21, 18);;(9, 4);1;2532
3;0.125;;(21, 18);;(9, 4);1;2533
3;0.125;;(21, 18);;(9, 4);1;2534
3;0.125;;(21, 18);;(9, 4);1;2535
3;0.125;;(21, 18);;(9, 4);1;2536
3;0.125;;(21, 18);;(9, 4);1;2537
3;0.125;;(21, 18);;(9, 4);1;2538
3;0.125;;(21, 18);;(9, 4);1;2539
3;0.125;;(21, 18);;(9, 4);1;2540
3;0.125;;(21, 18);;(9, 4);1;2541
3;0.125;;(21, 18);;(9, 4);1;2542
3;0.125;;(21, 18);;(9, 4);1;2543
3;0.125;;(21, 18);;(9, 4);1;2544
3;0.125;;(21, 18);;(9, 4);1;2545
3;0.125;;(21, 18);;(9, 4);1;2546
3;0.125;;(21, 18);;(9, 4);1;2547
3;0.125;;(21, 18);;(9, 4);1;2548
3;0.125;;(21, 18);;(9, 4);1;2549
3;0.125;;(21, 18);;(9, 4);1;2550
3;0.125;;(21, 18);;(9, 4);1;2551
3;0.125;;(21, 18);;(9, 4);1;2552
3;0.125;;(21, 18);;(9, 4);1;2553
3;0.125;;(21, 18);;(9, 4);1;2554
3;0.125;;(21, 18);;(9, 4);1;2555
3;0.125;;(21, 18);;(9, 4);1;2556
3;0.125;;(21, 18);;(9, 4);1;2557
3;0.125;;(21, 18);;(9, 4);1;2558
3;0.125;;(21, 18);;(9, 4);1;2559
3;0.125;;(21, 18);;(9, 4);1;2560
3;0.125;;(21, 18);;(9, 4);1;2561
3;0.125;;(21, 18);;(9, 4);1;2562
3;0.125;;(21, 18);;(9, 4);1;2563
3;0.125;;(21, 18);;(9, 4);1;2564
3;0.125;;(21, 18);;(9, 4);1;2565
3;0.125;;(21, 18);;(9, 4);1;2566
3;0.125;;(21, 18);;(9, 4);1;2567
3;0.125;;(21, 18);;(9, 4);1;2568
3;0.125;;(21, 18);;(9, 4);1;2569
3;0.125;;(21, 18);;(9, 4);1;2570
3;0.125;;(21, 18);;(9, 4);1;2571
3;0.125;;(21, 18);;(9, 4);1;2572
3;0.125;;(21, 18);;(9, 4);1;2573
3;0.125;;(21, 18);;(9, 4);1;2574
3;0.125;;(21, 18);;(9, 4);1;2575
3;0.125;;(21, 18);;(9, 4);1;2576
3;0.125;;(21, 18);;(9, 4);1;2577
3;0.125;;(21, 18);;(9, 4);1;2578
3;0.125;;(21, 18);;(9, 4);1;2579
3;0.125;;(21, 18);;(9, 4);1;2580
3;0.125;;(21, 18);;(9, 4);1;2581
3;0.125;;(21, 18);;(9, 4);1;2582
3;0.125;;(21, 18);;(9, 4);1;2583
3;0.125;;(21, 18);;(9, 4);1;2584
3;0.125;;(21, 18);;(9, 4);1;2585
3;0.125;;(21, 18);;(9, 4);1;2586
3;0.125;;(21, 18);;(9, 4);1;2587
3;0.125;;(21, 18);;(9, 4);1;2588
3;0.125;;(21, 18);;(9, 4);1;2589
3;0.125;;(21, 18);;(9, 4);1;2590
3;0.125;;(21, 18);;(9, 4);1;2591
3;0.125;;(21, 18);;(9, 4);1;2592
3;0.125;;(21, 18);;(9, 4);1;2593
3;0.125;;(21, 18);;(9, 4);1;2594
3;0.125;;(21, 18);;(9, 4);1;2595
3;0.125;;(21, 18);;(9, 4);1;2596
3;0.125;;(21, 18);;(9, 4);1;2597
3;0.125;;(21, 18);;(9, 4);1;2598
3;0.125;;(21, 18);;(9, 4);1;2599
3;0.125;;(21, 18);;(9, 4);1;2600
3;0.125;;(21, 18);;(9, 4);1;2601
3;0.125;;(21, 18);;(9, 4);1;2602
3;0.125;;(21, 18);;(9, 4);1;2603
3;0.125;;(21, 18);;(9, 4);1;2604
3;0.125;;(21, 18);;(9, 4);1;2605
3;0.125;;(21, 18);;(9, 4);1;2606
3;0.125;;(21, 18);;(9, 4);1;2607
3;0.125;;(21, 18);;(9, 4);1;2608
3;0.125;;(21, 18);;(9, 4);1;2609
3;0.125;;(21, 18);;(9, 4);1;2610
3;0.125;;(21, 18);;(9, 4);1;2611
3;0.125;;(21, 18);;(9, 4);1;2612
3;0.125;;(21, 18);;(9, 4);1;2613
3;0.125;;(21, 18);;(9, 4);1;2614
3;0.125;;(21, 18);;(9, 4);1;2615
3;0.125;;(21, 18);;(9, 4);1;2616
3;0.125;;(21, 18);;(9, 4);1;2617
3;0.125;;(21, 18);;(9, 4);1;2618
3;0.125;;(21, 18);;(9, 4);1;2619
3;0.125;;(21, 18);;(9, 4);1;2620
3;0.125;;(21, 18);;(9, 4);1;2621
3;0.125;;(21, 18);;(9, 4);1;2622
3;0.125;;(21, 18);;(9, 4);1;2623
3;0.125;;(21, 18);;(9, 4);1;2624
3;0.125;;(21, 18);;(9, 4);1;2625
3;0.125;;(21, 18);;(9, 4);1;2626
3;0.125;;(21, 18);;(9, 4);1;2627
3;0.125;;(21, 18);;(9, 4);1;2628
3;0.125;;(21, 18);;(9, 4);1;2629
3;0.125;;(21, 18);;(9, 4);1;2630
3;0.125;;(21, 18);;(9, 4);1;2631
3;0.125;;(21, 18);;(9, 4);1;2632
3;0.125;;(21, 18);;(9, 4);1;2633
3;0.125;;(21, 18);;(9, 4);1;2634
3;0.125;;(21, 18);;(9, 4);1;2635
3;0.125;;(21, 18);;(9, 4);1;2636
3;0.125;;(21, 18);;(9, 4);1;2637
3;0.125;;(21, 18);;(9, 4);1;2638
3;0.125;;(21, 18);;(9, 4);1;2639
3;0.125;;(21, 18);;(9, 4);1;2640
3;0.125;;(21, 18);;(9, 4);1;2641
3;0.125;;(21, 18);;(9, 4);1;2642
3;0.125;;(21, 18);;(9, 4);1;2643
3;0.125;;(21, 18);;(9, 4);1;2644
3;0.125;;(21, 18);;(9, 4);1;2645
3;0.125;;(21, 18);;(9, 4);1;2646
3;0.125;;(21, 18);;(9, 4);1;2647
3;0.125;;(21, 18);;(9, 4);1;2648
3;0.125;;(21, 18);;(9, 4);1;2649
3;0.125;;(21, 18);;(9, 4);1;2650
3;0.125;;(21, 18);;(9, 4);1;2651
3;0.125;;(21, 18);;(9, 4);1;2652
3;0.125;;(21, 18);;(9, 4);1;2653
3;0.125;;(21, 18);;(9, 4);1;2654
3;0.125;;(21, 18);;(9, 4);1;2655
3;0.125;;(21, 18);;(9, 4);1;2656
3;0.125;;(21, 18);;(9, 4);1;2657
3;0.125;;(21, 18);;(9, 4);1;2658
3;0.125;;(21, 18);;(9, 4);1;2659
3;0.125;;(21, 18);;(9, 4);1;2660
3;0.125;;(21, 18);;(9, 4);1;2661
3;0.125;;(21, 18);;(9, 4);1;2662
3;0.125;;(21, 18);;(9, 4);1;2663
3;0.125;;(21, 18);;(9, 4);1;2664
3;0.125;;(21, 18);;(9, 4);1;2665
3;0.125;;(21, 18);;(9, 4);1;2666
3;0.125;;(21, 18);;(9, 4);1;2667
3;0.125;;(21, 18);;(9, 4);1;2668
3;0.125;;(21, 18);;(9, 4);1;2669
3;0.125;;(21, 18);;(9, 4);1;2670
3;0.125;;(21, 18);;(9, 4);1;2671
3;0.125;;(21, 18);;(9, 4);1;2672
3;0.125;;(21, 18);;(9, 4);1;2673
3;0.125;;(21, 18);;(9, 4);1;2674
3;0.125;;(21, 18);;(9, 4);1;2675
3;0.125;;(21, 18);;(9, 4);1;2676
3;0.125;;(21, 18);;(9, 4);1;2677
3;0.125;;(21, 18);;(9, 4);1;2678
3;0.125;;(21, 18);;(9, 4);1;2679
3;0.125;;(21, 18);;(9, 4);1;2680
3;0.125;;(21, 18);;(9, 4);1;2681
3;0.125;;(21, 18);;(9, 4);1;2682
3;0.125;;(21, 18);;(9, 4);1;2683
3;0.125;;(21, 18);;(9, 4);1;2684
3;0.125;;(21, 18);;(9, 4);1;2685
3;0.125;;(21, 18);;(9, 4);1;2686
3;0.125;;(21, 18);;(9, 4);1;2687
3;0.125;;(21, 18);;(9, 4);1;2688
3;0.125;;(21, 18);;(9, 4);1;2689
3;0.125;;(21, 18);;(9, 4);1;2690
3;0.125;;(21, 18);;(9, 4);1;2691
3;0.125;;(21, 18);;(9, 4);1;2692
3;0.125;;(21, 18);;(9, 4);1;2693
3;0.125;;(21, 18);;(9, 4);1;2694
3;0.125;;(21, 18);;(9, 4);1;2695
3;0.125;;(21, 18);;(9, 4);1;2696
3;0.125;;(21, 18);;(9, 4);1;2697
3;0.125;;(21, 18);;(9, 4);1;2698
3;0.125;;(21, 18);;(9, 4);1;2699
3;0.125;;(21, 18);;(9, 4);1;2700
3;0.125;;(21, 18);;(9, 4);1;2701
3;0.125;;(21, 18);;(9, 4);1;2702
3;0.125;;(21, 18);;(9, 4);1;2703
3;0.125;;(21, 18);;(9, 4);1;2704
3;0.125;;(21, 18);;(9, 4);1;2705
3;0.125;;(21, 18);;(9, 4);1;2706
3;0.125;;(21, 18);;(9, 4);1;2707
3;0.125;;(21, 18);;(9, 4);1;2708
3;0.125;;(21, 18);;(9, 4);1;2709
3;0.125;;(21, 18);;(9, 4);1;2710
3;0.125;;(21, 18);;(9, 4);1;2711
3;0.125;;(21, 18);;(9, 4);1;2712
3;0.125;;(21, 18);;(9, 4);1;2713
3;0.125;;(21, 18);;(9, 4);1;2714
3;0.125;;(21, 18);;(9, 4);1;2715
3;0.125;;(21, 18);;(9, 4);1;2716
3;0.125;;(21, 18);;(9, 4);1;2717
3;0.125;;(21, 18);;(9, 4);1;2718
3;0.125;;(21, 18);;(9, 4);1;2719
3;0.125;;(21, 18);;(9, 4);1;2720
3;0.125;;(21, 18);;(9, 4);1;2721
3;0.125;;(21, 18);;(9, 4);1;2722
3;0.125;;(21, 18);;(9, 4);1;2723
3;0.125;;(21, 18);;(9, 4);1;2724
3;0.125;;(21, 18);;(9, 4);1;2725
3;0.125;;(21, 18);;(9, 4);1;2726
3;0.125;;(21, 18);;(9, 4);1;2727
3;0.125;;(21, 18);;(9, 4);1;2728
3;0.125;;(21, 18);;(9, 4);1;2729
3;0.125;;(21, 18);;(9, 4);1;2730
3;0.125;;(21, 18);;(9, 4);1;2731
3;0.125;;(21, 18);;(9, 4);1;2732
3;0.125;;(21, 18);;(9, 4);1;2733
3;0.125;;(21, 18);;(9, 4);1;2734
3;0.125;;(21, 18);;(9, 4);1;2735
3;0.125;;(21, 18);;(9, 4);1;2736
3;0.125;;(21, 18);;(9, 4);1;2737
3;0.125;;(21, 18);;(9, 4);1;2738
3;0.125;;(21, 18);;(9, 4);1;2739
3;0.125;;(21, 18);;(9, 4);1;2740
3;0.125;;(21, 18);;(9, 4);1;2741
3;0.125;;(21, 18);;(9, 4);1;2742
3;0.125;;(21, 18);;(9, 4);1;2743
3;0.125;;(21, 18);;(9, 4);1;2744
3;0.125;;(21, 18);;(9, 4);1;2745
3;0.125;;(21, 18);;(9, 4);1;2746
3;0.125;;(21, 18);;(9, 4);1;2747
3;0.125;;(21, 18);;(9, 4);1;2748
3;0.125;;(21, 18);;(9, 4);1;2749
3;0.125;;(21, 18);;(9, 4);1;2750
3;0.125;;(21, 18);;(9, 4);1;2751
3;0.125;;(21, 18);;(9, 4);1;2752
3;0.125;;(21, 18);;(9, 4);1;2753
3;0.125;;(21, 18);;(9, 4);1;2754
3;0.125;;(21, 18);;(9, 4);1;2755
3;0.125;;(21, 18);;(9, 4);1;2756
3;0.125;;(21, 18);;(9, 4);1;2757
3;0.125;;(21, 18);;(9, 4);1;2758
3;0.125;;(21, 18);;(9, 4);1;2759
3;0.125;;(21, 18);;(9, 4);1;2760
3;0.125;;(21, 18);;(9, 4);1;2761
3;0.125;;(21, 18);;(9, 4);1;2762
3;0.125;;(21, 18);;(9, 4);1;2763
3;0.125;;(21, 18);;(9, 4);1;2764
3;0.125;;(21, 18);;(9, 4);1;2765
3;0.125;;(21, 18);;(9, 4);1;2766
3;0.125;;(21, 18);;(9, 4);1;2767
3;0.125;;(21, 18);;(9, 4);1;2768
3;0.125;;(21, 18);;(9, 4);1;2769
3;0.125;;(21, 18);;(9, 4);1;2770
3;0.125;;(21, 18);;(9, 4);1;2771
3;0.125;;(21, 18);;(9, 4);1;2772
3;0.125;;(21, 18);;(9, 4);1;2773
3;0.125;;(21, 18);;(9, 4);1;2774
3;0.125;;(21, 18);;(9, 4);1;2775
3;0.125;;(21, 18);;(9, 4);1;2776
3;0.125;;(21, 18);;(9, 4);1;2777
3;0.125;;(21, 18);;(9, 4);1;2778
3;0.125;;(21, 18);;(9, 4);1;2779
3;0.125;;(21, 18);;(9, 4);1;2780
3;0.125;;(21, 18);;(9, 4);1;2781
3;0.125;;(21, 18);;(9, 4);1;2782
3;0.125;;(21, 18);;(9, 4);1;2783
3;0.125;;(21, 18);;(9, 4);1;2784
3;0.125;;(21, 18);;(9, 4);1;2785
3;0.125;;(21, 18);;(9, 4);1;2786
3;0.125;;(21, 18);;(9, 4);1;2787
3;0.125;;(21, 18);;(9, 4);1;2788
3;0.125;;(21, 18);;(9, 4);1;2789
3;0.125;;(21, 18);;(9, 4);1;2790
3;0.125;;(21, 18);;(9, 4);1;2791
3;0.125;;(21, 18);;(9, 4);1;2792
3;0.125;;(21, 18);;(9, 4);1;2793
3;0.125;;(21, 18);;(9, 4);1;2794
3;0.125;;(21, 18);;(9, 4);1;2795
3;0.125;;(21, 18);;(9, 4);1;2796
3;0.125;;(21, 18);;(9, 4);1;2797
3;0.125;;(21, 18);;(9, 4);1;2798
3;0.125;;(21, 18);;(9, 4);1;2799
3;0.125;;(21, 18);;(9, 4);1;2800
3;0.125;;(21, 18);;(9, 4);1;2801
3;0.125;;(21, 18);;(9, 4);1;2802
3;0.125;;(21, 18);;(9, 4);1;2803
3;0.125;;(21, 18);;(9, 4);1;2804
3;0.125;;(21, 18);;(9, 4);1;2805
3;0.125;;(21, 18);;(9, 4);1;2806
3;0.125;;(21, 18);;(9, 4);1;2807
3;0.125;;(21, 18);;(9, 4);1;2808
3;0.125;;(21, 18);;(9, 4);1;2809
3;0.125;;(21, 18);;(9, 4);1;2810
3;0.125;;(21, 18);;(9, 4);1;2811
3;0.125;;(21, 18);;(9, 4);1;2812
3;0.125;;(21, 18);;(9, 4);1;2813
3;0.125;;(21, 18);;(9, 4);1;2814
3;0.125;;(21, 18);;(9, 4);1;2815
3;0.125;;(21, 18);;(9, 4);1;2816
3;0.125;;(21, 18);;(9, 4);1;2817
3;0.125;;(21, 18);;(9, 4);1;2818
3;0.125;;(21, 18);;(9, 4);1;2819
3;0.125;;(21, 18);;(9, 4);1;2820
3;0.125;;(21, 18);;(9, 4);1;2821
3;0.125;;(21, 18);;(9, 4);1;2822
3;0.125;;(21, 18);;(9, 4);1;2823
3;0.125;RemoveObject;(21, 18);;(9, 4);1;2824
3;0.125;RemoveObject;(21, 18);;(9, 4);1;2825
3;0.125;RemoveObject;(21, 18);;(9, 4);1;2826
3;0.125;RemoveObject;(21, 18);;(9, 4);1;2827
3;0.125;RemoveObject;(21, 18);;(9, 4);1;2828
3;0.125;RemoveObject;(21, 18);;(9, 4);1;2829
3;0.125;RemoveObject;(21, 18);;(9, 4);1;2830
3;0.125;RemoveObject;(21, 18);;(9, 4);1;2831
3;0.125;RemoveObject;(21, 18);;(9, 4);1;2832
3;0.125;RemoveObject;(21, 18);;(9, 4);1;2833
3;0.125;RemoveObject;(21, 18);;(9, 4);1;2834
3;0.125;RemoveObject;(21, 18);;(9, 4);1;2835
3;0.125;RemoveObject;(21, 18);;(9, 4);1;2836
3;0.125;RemoveObject;(21, 18);;(9, 4);1;2837
3;0.125;RemoveObject;(21, 18);;(9, 4);1;2838
3;0.125;RemoveObject;(21, 18);;(9, 4);1;2839
3;0.125;RemoveObject;(21, 18);;(9, 4);1;2840
3;0.125;RemoveObject;(21, 18);;(9, 4);1;2841
3;0.125;RemoveObject;(21, 18);;(9, 4);1;2842
3;0.125;RemoveObject;(21, 18);;(9, 4);1;2843
3;0.125;RemoveObject;(21, 18);;(9, 4);1;2844
3;0.125;RemoveObject;(21, 18);;(9, 4);1;2845
3;0.125;RemoveObject;(21, 18);;(9, 4);1;2846
3;0.125;RemoveObject;(21, 18);MoveNorth;(9, 3);1;2847
3;0.125;RemoveObject;(21, 18);;(9, 3);1;2848
3;0.125;RemoveObject;(21, 18);;(9, 3);1;2849
3;0.125;RemoveObject;(21, 18);;(9, 3);1;2850
3;0.125;RemoveObject;(21, 18);;(9, 3);1;2851
3;0.125;RemoveObject;(21, 18);;(9, 3);1;2852
3;0.125;RemoveObject;(21, 18);;(9, 3);1;2853
3;0.125;RemoveObject;(21, 18);;(9, 3);1;2854
3;0.125;RemoveObject;(21, 18);;(9, 3);1;2855
3;0.125;RemoveObject;(21, 18);;(9, 3);1;2856
3;0.125;RemoveObject;(21, 18);MoveEast;(10, 3);1;2857
3;0.125;RemoveObject;(21, 18);;(10, 3);1;2858
3;0.125;RemoveObject;(21, 18);;(10, 3);1;2859
3;0.125;RemoveObject;(21, 18);;(10, 3);1;2860
3;0.125;RemoveObject;(21, 18);;(10, 3);1;2861
3;0.125;RemoveObject;(21, 18);;(10, 3);1;2862
3;0.125;RemoveObject;(21, 18);;(10, 3);1;2863
3;0.125;RemoveObject;(21, 18);;(10, 3);1;2864
3;0.125;RemoveObject;(21, 18);;(10, 3);1;2865
3;0.125;RemoveObject;(21, 18);;(10, 3);1;2866
3;0.125;RemoveObject;(21, 18);;(10, 3);1;2867
3;0.125;RemoveObject;(21, 18);;(10, 3);1;2868
3;0.125;RemoveObject;(21, 18);;(10, 3);1;2869
3;0.125;RemoveObject;(21, 18);;(10, 3);1;2870
3;0.125;RemoveObject;(21, 18);;(10, 3);1;2871
3;0.125;RemoveObject;(21, 18);;(10, 3);1;2872
3;0.125;RemoveObject;(21, 18);;(10, 3);1;2873
3;0.125;RemoveObject;(21, 18);;(10, 3);1;2874
3;0.125;RemoveObject;(21, 18);;(10, 3);1;2875
3;0.125;RemoveObject;(21, 18);;(10, 3);1;2876
3;0.125;RemoveObject;(21, 18);;(10, 3);1;2877
3;0.125;RemoveObject;(21, 18);;(10, 3);1;2878
3;0.125;RemoveObject;(21, 18);;(10, 3);1;2879
3;0.125;RemoveObject;(21, 18);;(10, 3);1;2880
3;0.125;RemoveObject;(21, 18);;(10, 3);1;2881
3;0.125;RemoveObject;(21, 18);;(10, 3);1;2882
3;0.125;RemoveObject;(21, 18);;(10, 3);1;2883
3;0.125;RemoveObject;(21, 18);;(10, 3);1;2884
3;0.125;RemoveObject;(21, 18);;(10, 3);1;2885
3;0.125;RemoveObject;(21, 18);;(10, 3);1;2886
3;0.125;RemoveObject;(21, 18);;(10, 3);1;2887
3;0.125;RemoveObject;(21, 18);;(10, 3);1;2888
3;0.125;RemoveObject;(21, 18);;(10, 3);1;2889
3;0.125;RemoveObject;(21, 18);;(10, 3);1;2890
3;0.125;RemoveObject;(21, 18);;(10, 3);1;2891
3;0.125;RemoveObject;(21, 18);;(10, 3);1;2892
3;0.125;RemoveObject;(21, 18);;(10, 3);1;2893
3;0.125;RemoveObject;(21, 18);;(10, 3);1;2894
3;0.125;RemoveObject;(21, 18);;(10, 3);1;2895
3;0.125;RemoveObject;(21, 18);;(10, 3);1;2896
3;0.125;RemoveObject;(21, 18);;(10, 3);1;2897
3;0.125;RemoveObject;(21, 18);;(10, 3);1;2898
3;0.125;RemoveObject;(21, 18);;(10, 3);1;2899
3;0.125;RemoveObject;(21, 18);;(10, 3);1;2900
3;0.125;RemoveObject;(21, 18);;(10, 3);1;2901
3;0.125;RemoveObject;(21, 18);;(10, 3);1;2902
3;0.125;RemoveObject;(21, 18);;(10, 3);1;2903
3;0.125;RemoveObject;(21, 18);;(10, 3);1;2904
3;0.125;RemoveObject;(21, 18);;(10, 3);1;2905
3;0.125;RemoveObject;(21, 18);;(10, 3);1;2906
3;0.125;RemoveObject;(21, 18);;(10, 3);1;2907
3;0.125;RemoveObject;(21, 18);;(10, 3);1;2908
3;0.125;RemoveObject;(21, 18);;(10, 3);1;2909
3;0.125;RemoveObject;(21, 18);;(10, 3);1;2910
3;0.125;RemoveObject;(21, 18);;(10, 3);1;2911
3;0.125;RemoveObject;(21, 18);;(10, 3);1;2912
3;0.125;RemoveObject;(21, 18);;(10, 3);1;2913
3;0.125;RemoveObject;(21, 18);;(10, 3);1;2914
3;0.125;RemoveObject;(21, 18);;(10, 3);1;2915
3;0.125;RemoveObject;(21, 18);;(10, 3);1;2916
3;0.125;RemoveObject;(21, 18);;(10, 3);1;2917
3;0.125;RemoveObject;(21, 18);;(10, 3);1;2918
3;0.125;RemoveObject;(21, 18);;(10, 3);1;2919
3;0.125;RemoveObject;(21, 18);;(10, 3);1;2920
3;0.125;RemoveObject;(21, 18);;(10, 3);1;2921
3;0.125;RemoveObject;(21, 18);;(10, 3);1;2922
3;0.125;RemoveObject;(21, 18);;(10, 3);1;2923
3;0.125;RemoveObject;(21, 18);;(10, 3);1;2924
3;0.125;RemoveObject;(21, 18);;(10, 3);1;2925
3;0.125;RemoveObject;(21, 18);;(10, 3);1;2926
3;0.125;RemoveObject;(21, 18);;(10, 3);1;2927
3;0.125;RemoveObject;(21, 18);;(10, 3);1;2928
3;0.125;RemoveObject;(21, 18);;(10, 3);1;2929
3;0.125;RemoveObject;(21, 18);;(10, 3);1;2930
3;0.125;RemoveObject;(21, 18);;(10, 3);1;2931
3;0.125;RemoveObject;(21, 18);;(10, 3);1;2932
3;0.125;RemoveObject;(21, 18);;(10, 3);1;2933
3;0.125;RemoveObject;(21, 18);;(10, 3);1;2934
3;0.125;RemoveObject;(21, 18);;(10, 3);1;2935
3;0.125;RemoveObject;(21, 18);;(10, 3);1;2936
3;0.125;RemoveObject;(21, 18);;(10, 3);1;2937
3;0.125;RemoveObject;(21, 18);;(10, 3);1;2938
3;0.125;RemoveObject;(21, 18);;(10, 3);1;2939
3;0.125;RemoveObject;(21, 18);;(10, 3);1;2940
3;0.125;RemoveObject;(21, 18);;(10, 3);1;2941
3;0.125;RemoveObject;(21, 18);;(10, 3);1;2942
3;0.125;RemoveObject;(21, 18);;(10, 3);1;2943
3;0.125;RemoveObject;(21, 18);;(10, 3);1;2944
3;0.125;RemoveObject;(21, 18);;(10, 3);1;2945
3;0.125;RemoveObject;(21, 18);;(10, 3);1;2946
3;0.125;RemoveObject;(21, 18);;(10, 3);1;2947
3;0.125;RemoveObject;(21, 18);;(10, 3);1;2948
3;0.125;RemoveObject;(21, 18);;(10, 3);1;2949
3;0.125;RemoveObject;(21, 18);;(10, 3);1;2950
3;0.125;RemoveObject;(21, 18);;(10, 3);1;2951
3;0.125;RemoveObject;(21, 18);;(10, 3);1;2952
3;0.125;RemoveObject;(21, 18);;(10, 3);1;2953
3;0.125;RemoveObject;(21, 18);;(10, 3);1;2954
3;0.125;RemoveObject;(21, 18);;(10, 3);1;2955
3;0.125;RemoveObject;(21, 18);;(10, 3);1;2956
3;0.125;RemoveObject;(21, 18);;(10, 3);1;2957
3;0.125;RemoveObject;(21, 18);;(10, 3);1;2958
3;0.125;RemoveObject;(21, 18);;(10, 3);1;2959
3;0.125;RemoveObject;(21, 18);;(10, 3);1;2960
3;0.125;RemoveObject;(21, 18);;(10, 3);1;2961
3;0.125;RemoveObject;(21, 18);;(10, 3);1;2962
3;0.125;RemoveObject;(21, 18);;(10, 3);1;2963
3;0.125;RemoveObject;(21, 18);;(10, 3);1;2964
3;0.125;RemoveObject;(21, 18);;(10, 3);1;2965
3;0.125;RemoveObject;(21, 18);;(10, 3);1;2966
3;0.125;RemoveObject;(21, 18);;(10, 3);1;2967
3;0.125;RemoveObject;(21, 18);;(10, 3);1;2968
3;0.125;RemoveObject;(21, 18);;(10, 3);1;2969
3;0.125;RemoveObject;(21, 18);;(10, 3);1;2970
3;0.125;RemoveObject;(21, 18);;(10, 3);1;2971
3;0.125;RemoveObject;(21, 18);;(10, 3);1;2972
3;0.125;RemoveObject;(21, 18);;(10, 3);1;2973
3;0.125;RemoveObject;(21, 18);;(10, 3);1;2974
3;0.125;RemoveObject;(21, 18);;(10, 3);1;2975
3;0.125;RemoveObject;(21, 18);;(10, 3);1;2976
3;0.125;RemoveObject;(21, 18);;(10, 3);1;2977
3;0.125;RemoveObject;(21, 18);;(10, 3);1;2978
3;0.125;RemoveObject;(21, 18);;(10, 3);1;2979
3;0.125;RemoveObject;(21, 18);;(10, 3);1;2980
3;0.125;RemoveObject;(21, 18);;(10, 3);1;2981
3;0.125;RemoveObject;(21, 18);;(10, 3);1;2982
3;0.125;RemoveObject;(21, 18);;(10, 3);1;2983
3;0.125;RemoveObject;(21, 18);;(10, 3);1;2984
3;0.125;RemoveObject;(21, 18);;(10, 3);1;2985
3;0.125;RemoveObject;(21, 18);;(10, 3);1;2986
3;0.125;RemoveObject;(21, 18);;(10, 3);1;2987
3;0.125;RemoveObject;(21, 18);MoveWest;(9, 3);1;2988
3;0.125;RemoveObject;(21, 18);;(9, 3);1;2989
3;0.125;RemoveObject;(21, 18);;(9, 3);1;2990
3;0.125;RemoveObject;(21, 18);;(9, 3);1;2991
3;0.125;RemoveObject;(21, 18);;(9, 3);1;2992
3;0.125;RemoveObject;(21, 18);;(9, 3);1;2993
3;0.125;RemoveObject;(21, 18);;(9, 3);1;2994
3;0.125;RemoveObject;(21, 18);;(9, 3);1;2995
3;0.125;RemoveObject;(21, 18);;(9, 3);1;2996
3;0.125;RemoveObject;(21, 18);;(9, 3);1;2997
3;0.125;RemoveObject;(21, 18);;(9, 3);1;2998
3;0.125;RemoveObject;(21, 18);;(9, 3);1;2999
3;0.125;RemoveObject;(21, 18);;(9, 3);1;3000
3;0.125;RemoveObject;(21, 18);;(9, 3);1;3001
3;0.125;RemoveObject;(21, 18);;(9, 3);1;3002
3;0.125;RemoveObject;(21, 18);;(9, 3);1;3003
3;0.125;RemoveObject;(21, 18);;(9, 3);1;3004
3;0.125;RemoveObject;(21, 18);;(9, 3);1;3005
3;0.125;RemoveObject;(21, 18);MoveEast;(10, 3);1;3006
3;0.125;RemoveObject;(21, 18);;(10, 3);1;3007
3;0.125;RemoveObject;(21, 18);;(10, 3);1;3008
3;0.125;RemoveObject;(21, 18);;(10, 3);1;3009
3;0.125;RemoveObject;(21, 18);;(10, 3);1;3010
3;0.125;RemoveObject;(21, 18);;(10, 3);1;3011
3;0.125;RemoveObject;(21, 18);;(10, 3);1;3012
3;0.125;RemoveObject;(21, 18);;(10, 3);1;3013
3;0.125;RemoveObject;(21, 18);;(10, 3);1;3014
3;0.125;RemoveObject;(21, 18);;(10, 3);1;3015
3;0.125;RemoveObject;(21, 18);;(10, 3);1;3016
3;0.125;RemoveObject;(21, 18);;(10, 3);1;3017
3;0.125;RemoveObject;(21, 18);;(10, 3);1;3018
3;0.125;RemoveObject;(21, 18);;(10, 3);1;3019
3;0.125;RemoveObject;(21, 18);;(10, 3);1;3020
3;0.125;RemoveObject;(21, 18);;(10, 3);1;3021
3;0.125;RemoveObject;(21, 18);;(10, 3);1;3022
3;0.125;RemoveObject;(21, 18);;(10, 3);1;3023
3;0.125;RemoveObject;(21, 18);;(10, 3);1;3024
3;0.125;MoveSouth;(21, 18);;(10, 3);1;3025
3;0.125;MoveSouth;(21, 18);;(10, 3);1;3026
3;0.125;MoveSouth;(21, 18);;(10, 3);1;3027
3;0.125;MoveSouth;(21, 18);;(10, 3);1;3028
3;0.125;MoveSouth;(21, 18);;(10, 3);1;3029
3;0.125;MoveSouth;(21, 18);;(10, 3);1;3030
3;0.125;MoveSouth;(21, 18);;(10, 3);1;3031
3;0.125;MoveSouth;(21, 18);;(10, 3);1;3032
3;0.125;MoveSouth;(21, 19);;(10, 3);1;3033
3;0.125;MoveSouthWest;(21, 19);;(10, 3);1;3034
3;0.125;MoveSouthWest;(21, 19);;(10, 3);1;3035
3;0.125;MoveSouthWest;(21, 19);;(10, 3);1;3036
3;0.125;MoveSouthWest;(21, 19);;(10, 3);1;3037
3;0.125;MoveSouthWest;(21, 19);;(10, 3);1;3038
3;0.125;MoveSouthWest;(21, 19);;(10, 3);1;3039
3;0.125;MoveSouthWest;(21, 19);;(10, 3);1;3040
3;0.125;MoveSouthWest;(21, 19);;(10, 3);1;3041
3;0.125;MoveSouthWest;(20, 20);CarryObject;(10, 3);1;3042
3;0.125;MoveSouthEast;(20, 20);;(10, 3);1;3043
3;0.125;MoveSouthEast;(20, 20);;(10, 3);1;3044
3;0.125;MoveSouthEast;(20, 20);;(10, 3);1;3045
3;0.125;MoveSouthEast;(20, 20);;(10, 3);1;3046
3;0.125;MoveSouthEast;(20, 20);;(10, 3);1;3047
3;0.125;MoveSouthEast;(20, 20);;(10, 3);1;3048
3;0.125;MoveSouthEast;(20, 20);;(10, 3);1;3049
3;0.125;MoveSouthEast;(20, 20);;(10, 3);1;3050
3;0.125;MoveSouthEast;(21, 21);;(10, 3);1;3051
3;0.125;MoveNorthEast;(21, 21);;(10, 3);1;3052
3;0.125;MoveNorthEast;(21, 21);;(10, 3);1;3053
3;0.125;MoveNorthEast;(21, 21);;(10, 3);1;3054
3;0.125;MoveNorthEast;(21, 21);;(10, 3);1;3055
3;0.125;MoveNorthEast;(21, 21);;(10, 3);1;3056
3;0.125;MoveNorthEast;(21, 21);;(10, 3);1;3057
3;0.125;MoveNorthEast;(21, 21);;(10, 3);1;3058
3;0.125;MoveNorthEast;(21, 21);;(10, 3);1;3059
3;0.125;MoveNorthEast;(22, 20);;(10, 3);1;3060
3;0.125;Idle;(22, 20);;(10, 3);1;3061
3;0.125;Idle;(22, 20);;(10, 3);1;3062
3;0.125;Idle;(22, 20);;(10, 3);1;3063
3;0.125;Idle;(22, 20);;(10, 3);1;3064
3;0.125;Idle;(22, 20);;(10, 3);1;3065
3;0.125;Idle;(22, 20);;(10, 3);1;3066
3;0.125;Idle;(22, 20);;(10, 3);1;3067
3;0.125;Idle;(22, 20);;(10, 3);1;3068
3;0.125;Idle;(22, 20);;(10, 3);1;3069
3;0.125;Idle;(22, 20);;(10, 3);1;3070
3;0.125;Idle;(22, 20);;(10, 3);1;3071
3;0.125;Idle;(22, 20);;(10, 3);1;3072
3;0.125;Idle;(22, 20);;(10, 3);1;3073
3;0.125;Idle;(22, 20);;(10, 3);1;3074
3;0.125;Idle;(22, 20);;(10, 3);1;3075
3;0.125;Idle;(22, 20);;(10, 3);1;3076
3;0.125;Idle;(22, 20);;(10, 3);1;3077
3;0.125;Idle;(22, 20);;(10, 3);1;3078
3;0.125;Idle;(22, 20);;(10, 3);1;3079
3;0.125;Idle;(22, 20);;(10, 3);1;3080
3;0.125;Idle;(22, 20);;(10, 3);1;3081
3;0.125;Idle;(22, 20);;(10, 3);1;3082
3;0.125;Idle;(22, 20);;(10, 3);1;3083
3;0.125;Idle;(22, 20);;(10, 3);1;3084
3;0.125;Idle;(22, 20);;(10, 3);1;3085
3;0.125;Idle;(22, 20);;(10, 3);1;3086
3;0.125;MoveNorthWest;(22, 20);;(10, 3);1;3087
3;0.125;MoveNorthWest;(22, 20);;(10, 3);1;3088
3;0.125;MoveNorthWest;(22, 20);;(10, 3);1;3089
3;0.125;MoveNorthWest;(22, 20);;(10, 3);1;3090
3;0.125;MoveNorthWest;(22, 20);;(10, 3);1;3091
3;0.125;MoveNorthWest;(22, 20);;(10, 3);1;3092
3;0.125;MoveNorthWest;(22, 20);;(10, 3);1;3093
3;0.125;MoveNorthWest;(22, 20);;(10, 3);1;3094
3;0.125;MoveNorthWest;(21, 19);;(10, 3);1;3095
3;0.125;MoveNorthWest;(21, 19);;(10, 3);1;3096
3;0.125;MoveNorthWest;(21, 19);;(10, 3);1;3097
3;0.125;MoveNorthWest;(21, 19);;(10, 3);1;3098
3;0.125;MoveNorthWest;(21, 19);;(10, 3);1;3099
3;0.125;MoveNorthWest;(21, 19);;(10, 3);1;3100
3;0.125;MoveNorthWest;(21, 19);;(10, 3);1;3101
3;0.125;MoveNorthWest;(21, 19);;(10, 3);1;3102
3;0.125;MoveNorthWest;(21, 19);;(10, 3);1;3103
3;0.125;MoveNorthWest;(20, 18);;(10, 3);1;3104
3;0.125;MoveWest;(20, 18);;(10, 3);1;3105
3;0.125;MoveWest;(20, 18);;(10, 3);1;3106
3;0.125;MoveWest;(20, 18);;(10, 3);1;3107
3;0.125;MoveWest;(20, 18);;(10, 3);1;3108
3;0.125;MoveWest;(20, 18);;(10, 3);1;3109
3;0.125;MoveWest;(20, 18);;(10, 3);1;3110
3;0.125;MoveWest;(20, 18);;(10, 3);1;3111
3;0.125;MoveWest;(20, 18);;(10, 3);1;3112
3;0.125;MoveWest;(20, 18);;(10, 3);1;3113
3;0.125;MoveWest;(20, 18);;(10, 3);1;3114
3;0.125;MoveWest;(20, 18);;(10, 3);1;3115
3;0.125;MoveWest;(20, 18);;(10, 3);1;3116
3;0.125;MoveWest;(20, 18);;(10, 3);1;3117
3;0.125;MoveWest;(19, 18);;(10, 3);1;3118
3;0.125;MoveWest;(19, 18);;(10, 3);1;3119
3;0.125;MoveWest;(19, 18);;(10, 3);1;3120
3;0.125;MoveWest;(19, 18);;(10, 3);1;3121
3;0.125;MoveWest;(19, 18);;(10, 3);1;3122
3;0.125;MoveWest;(19, 18);;(10, 3);1;3123
3;0.125;MoveWest;(19, 18);;(10, 3);1;3124
3;0.125;MoveWest;(19, 18);;(10, 3);1;3125
3;0.125;MoveWest;(19, 18);;(10, 3);1;3126
3;0.125;MoveWest;(18, 18);;(10, 3);1;3127
3;0.125;MoveWest;(18, 18);;(10, 3);1;3128
3;0.125;MoveWest;(18, 18);;(10, 3);1;3129
3;0.125;MoveWest;(18, 18);;(10, 3);1;3130
3;0.125;MoveWest;(18, 18);;(10, 3);1;3131
3;0.125;MoveWest;(18, 18);;(10, 3);1;3132
3;0.125;MoveWest;(18, 18);;(10, 3);1;3133
3;0.125;MoveWest;(18, 18);;(10, 3);1;3134
3;0.125;MoveWest;(18, 18);;(10, 3);1;3135
3;0.125;MoveWest;(17, 18);;(10, 3);1;3136
3;0.125;MoveWest;(17, 18);;(10, 3);1;3137
3;0.125;MoveWest;(17, 18);;(10, 3);1;3138
3;0.125;MoveWest;(17, 18);;(10, 3);1;3139
3;0.125;MoveWest;(17, 18);;(10, 3);1;3140
3;0.125;MoveWest;(17, 18);;(10, 3);1;3141
3;0.125;MoveWest;(17, 18);;(10, 3);1;3142
3;0.125;MoveWest;(17, 18);;(10, 3);1;3143
3;0.125;MoveWest;(17, 18);;(10, 3);1;3144
3;0.125;MoveWest;(16, 18);;(10, 3);1;3145
3;0.125;MoveWest;(16, 18);;(10, 3);1;3146
3;0.125;MoveWest;(16, 18);;(10, 3);1;3147
3;0.125;MoveWest;(16, 18);;(10, 3);1;3148
3;0.125;MoveWest;(16, 18);;(10, 3);1;3149
3;0.125;MoveWest;(16, 18);;(10, 3);1;3150
3;0.125;MoveWest;(16, 18);;(10, 3);1;3151
3;0.125;MoveWest;(16, 18);;(10, 3);1;3152
3;0.125;MoveWest;(16, 18);;(10, 3);1;3153
3;0.125;MoveWest;(15, 18);;(10, 3);1;3154
3;0.125;;(15, 18);;(10, 3);1;3155
3;0.125;;(15, 18);;(10, 3);1;3156
3;0.125;;(15, 18);;(10, 3);1;3157
3;0.125;;(15, 18);;(10, 3);1;3158
3;0.125;;(15, 18);;(10, 3);1;3159
3;0.125;;(15, 18);;(10, 3);1;3160
3;0.125;;(15, 18);;(10, 3);1;3161
3;0.125;;(15, 18);;(10, 3);1;3162
3;0.125;;(15, 18);;(10, 3);1;3163
3;0.125;;(15, 18);;(10, 3);1;3164
3;0.125;;(15, 18);;(10, 3);1;3165
3;0.125;;(15, 18);;(10, 3);1;3166
3;0.125;;(15, 18);;(10, 3);1;3167
3;0.125;;(15, 18);;(10, 3);1;3168
3;0.125;;(15, 18);;(10, 3);1;3169
3;0.125;;(15, 18);;(10, 3);1;3170
3;0.125;;(15, 18);;(10, 3);1;3171
3;0.125;;(15, 18);;(10, 3);1;3172
3;0.125;;(15, 18);;(10, 3);1;3173
3;0.125;;(15, 18);;(10, 3);1;3174
3;0.125;;(15, 18);;(10, 3);1;3175
3;0.125;;(15, 18);;(10, 3);1;3176
3;0.125;;(15, 18);;(10, 3);1;3177
3;0.125;;(15, 18);;(10, 3);1;3178
3;0.125;;(15, 18);;(10, 3);1;3179
3;0.125;;(15, 18);;(10, 3);1;3180
3;0.125;;(15, 18);;(10, 3);1;3181
3;0.125;;(15, 18);;(10, 3);1;3182
3;0.125;;(15, 18);;(10, 3);1;3183
3;0.125;;(15, 18);;(10, 3);1;3184
3;0.125;;(15, 18);;(10, 3);1;3185
3;0.125;;(15, 18);;(10, 3);1;3186
3;0.125;;(15, 18);;(10, 3);1;3187
3;0.125;;(15, 18);;(10, 3);1;3188
3;0.125;;(15, 18);;(10, 3);1;3189
3;0.125;;(15, 18);;(10, 3);1;3190
3;0.125;;(15, 18);;(10, 3);1;3191
3;0.125;;(15, 18);;(10, 3);1;3192
3;0.125;;(15, 18);;(10, 3);1;3193
3;0.125;;(15, 18);;(10, 3);1;3194
3;0.125;;(15, 18);;(10, 3);1;3195
3;0.125;;(15, 18);;(10, 3);1;3196
3;0.125;;(15, 18);;(10, 3);1;3197
3;0.125;;(15, 18);;(10, 3);1;3198
3;0.125;;(15, 18);;(10, 3);1;3199
3;0.125;;(15, 18);;(10, 3);1;3200
3;0.125;;(15, 18);;(10, 3);1;3201
3;0.125;;(15, 18);;(10, 3);1;3202
3;0.125;;(15, 18);;(10, 3);1;3203
3;0.125;;(15, 18);;(10, 3);1;3204
3;0.125;;(15, 18);;(10, 3);1;3205
3;0.125;;(15, 18);;(10, 3);1;3206
3;0.125;;(15, 18);;(10, 3);1;3207
3;0.125;;(15, 18);;(10, 3);1;3208
3;0.125;;(15, 18);;(10, 3);1;3209
3;0.125;;(15, 18);;(10, 3);1;3210
3;0.125;;(15, 18);;(10, 3);1;3211
3;0.125;;(15, 18);;(10, 3);1;3212
3;0.125;;(15, 18);;(10, 3);1;3213
3;0.125;;(15, 18);;(10, 3);1;3214
3;0.125;;(15, 18);;(10, 3);1;3215
3;0.125;;(15, 18);;(10, 3);1;3216
3;0.125;;(15, 18);;(10, 3);1;3217
3;0.125;;(15, 18);;(10, 3);1;3218
3;0.125;;(15, 18);;(10, 3);1;3219
3;0.125;;(15, 18);;(10, 3);1;3220
3;0.125;;(15, 18);;(10, 3);1;3221
3;0.125;;(15, 18);;(10, 3);1;3222
3;0.125;;(15, 18);;(10, 3);1;3223
3;0.125;;(15, 18);;(10, 3);1;3224
3;0.125;;(15, 18);;(10, 3);1;3225
3;0.125;;(15, 18);;(10, 3);1;3226
3;0.125;;(15, 18);;(10, 3);1;3227
3;0.125;;(15, 18);;(10, 3);1;3228
3;0.125;;(15, 18);;(10, 3);1;3229
3;0.125;RemoveObject;(15, 18);;(10, 3);1;3230
3;0.125;RemoveObject;(15, 18);;(10, 3);1;3231
3;0.125;RemoveObject;(15, 18);;(10, 3);1;3232
3;0.125;RemoveObject;(15, 18);;(10, 3);1;3233
3;0.125;RemoveObject;(15, 18);;(10, 3);1;3234
3;0.125;RemoveObject;(15, 18);;(10, 3);1;3235
3;0.125;RemoveObject;(15, 18);;(10, 3);1;3236
3;0.125;RemoveObject;(15, 18);;(10, 3);1;3237
3;0.125;RemoveObject;(15, 18);;(10, 3);1;3238
3;0.125;RemoveObject;(15, 18);;(10, 3);1;3239
3;0.125;RemoveObject;(15, 18);;(10, 3);1;3240
3;0.125;RemoveObject;(15, 18);;(10, 3);1;3241
3;0.125;RemoveObject;(15, 18);;(10, 3);1;3242
3;0.125;RemoveObject;(15, 18);;(10, 3);1;3243
3;0.125;RemoveObject;(15, 18);;(10, 3);1;3244
3;0.125;RemoveObject;(15, 18);;(10, 3);1;3245
3;0.125;RemoveObject;(15, 18);;(10, 3);1;3246
3;0.125;RemoveObject;(15, 18);;(10, 3);1;3247
3;0.125;RemoveObject;(15, 18);;(10, 3);1;3248
3;0.125;RemoveObject;(15, 18);;(10, 3);1;3249
3;0.125;RemoveObject;(15, 18);;(10, 3);1;3250
3;0.125;RemoveObject;(15, 18);;(10, 3);1;3251
3;0.125;RemoveObject;(15, 18);;(10, 3);1;3252
3;0.125;RemoveObject;(15, 18);;(10, 3);1;3253
3;0.125;RemoveObject;(15, 18);;(10, 3);1;3254
3;0.125;RemoveObject;(15, 18);;(10, 3);1;3255
3;0.125;RemoveObject;(15, 18);;(10, 3);1;3256
3;0.125;RemoveObject;(15, 18);;(10, 3);1;3257
3;0.125;RemoveObject;(15, 18);;(10, 3);1;3258
3;0.125;RemoveObject;(15, 18);;(10, 3);1;3259
3;0.125;RemoveObject;(15, 18);;(10, 3);1;3260
3;0.125;RemoveObject;(15, 18);;(10, 3);1;3261
3;0.125;RemoveObject;(15, 18);;(10, 3);1;3262
3;0.125;RemoveObject;(15, 18);;(10, 3);1;3263
3;0.125;RemoveObject;(15, 18);;(10, 3);1;3264
3;0.125;RemoveObject;(15, 18);;(10, 3);1;3265
3;0.125;RemoveObject;(15, 18);;(10, 3);1;3266
3;0.125;RemoveObject;(15, 18);;(10, 3);1;3267
3;0.125;RemoveObject;(15, 18);;(10, 3);1;3268
3;0.125;RemoveObject;(15, 18);;(10, 3);1;3269
3;0.125;RemoveObject;(15, 18);;(10, 3);1;3270
3;0.125;RemoveObject;(15, 18);;(10, 3);1;3271
3;0.125;RemoveObject;(15, 18);;(10, 3);1;3272
3;0.125;RemoveObject;(15, 18);;(10, 3);1;3273
3;0.125;RemoveObject;(15, 18);;(10, 3);1;3274
3;0.125;RemoveObject;(15, 18);;(10, 3);1;3275
3;0.125;RemoveObject;(15, 18);;(10, 3);1;3276
3;0.125;RemoveObject;(15, 18);;(10, 3);1;3277
3;0.125;RemoveObject;(15, 18);;(10, 3);1;3278
3;0.125;RemoveObject;(15, 18);;(10, 3);1;3279
3;0.125;RemoveObject;(15, 18);;(10, 3);1;3280
3;0.125;RemoveObject;(15, 18);;(10, 3);1;3281
3;0.125;RemoveObject;(15, 18);;(10, 3);1;3282
3;0.125;RemoveObject;(15, 18);;(10, 3);1;3283
3;0.125;RemoveObject;(15, 18);;(10, 3);1;3284
3;0.125;RemoveObject;(15, 18);;(10, 3);1;3285
3;0.125;RemoveObject;(15, 18);;(10, 3);1;3286
3;0.125;RemoveObject;(15, 18);;(10, 3);1;3287
3;0.125;RemoveObject;(15, 18);;(10, 3);1;3288
3;0.125;RemoveObject;(15, 18);;(10, 3);1;3289
3;0.125;RemoveObject;(15, 18);;(10, 3);1;3290
3;0.125;RemoveObject;(15, 18);;(10, 3);1;3291
3;0.125;RemoveObject;(15, 18);;(10, 3);1;3292
3;0.125;RemoveObject;(15, 18);;(10, 3);1;3293
3;0.125;RemoveObject;(15, 18);;(10, 3);1;3294
3;0.125;RemoveObject;(15, 18);;(10, 3);1;3295
3;0.125;RemoveObject;(15, 18);;(10, 3);1;3296
3;0.125;RemoveObject;(15, 18);;(10, 3);1;3297
3;0.125;RemoveObject;(15, 18);;(10, 3);1;3298
3;0.125;RemoveObject;(15, 18);;(10, 3);1;3299
3;0.125;RemoveObject;(15, 18);;(10, 3);1;3300
3;0.125;RemoveObject;(15, 18);;(10, 3);1;3301
3;0.125;RemoveObject;(15, 18);;(10, 3);1;3302
3;0.125;RemoveObject;(15, 18);;(10, 3);1;3303
3;0.125;RemoveObject;(15, 18);;(10, 3);1;3304
3;0.125;RemoveObject;(15, 18);;(10, 3);1;3305
3;0.125;RemoveObject;(15, 18);;(10, 3);1;3306
3;0.125;RemoveObject;(15, 18);;(10, 3);1;3307
3;0.125;RemoveObject;(15, 18);;(10, 3);1;3308
3;0.125;RemoveObject;(15, 18);;(10, 3);1;3309
3;0.125;RemoveObject;(15, 18);;(10, 3);1;3310
3;0.125;RemoveObject;(15, 18);;(10, 3);1;3311
3;0.125;RemoveObject;(15, 18);;(10, 3);1;3312
3;0.125;RemoveObject;(15, 18);;(10, 3);1;3313
3;0.125;RemoveObject;(15, 18);;(10, 3);1;3314
3;0.125;RemoveObject;(15, 18);;(10, 3);1;3315
3;0.125;RemoveObject;(15, 18);;(10, 3);1;3316
3;0.125;RemoveObject;(15, 18);;(10, 3);1;3317
3;0.125;RemoveObject;(15, 18);;(10, 3);1;3318
3;0.125;RemoveObject;(15, 18);;(10, 3);1;3319
3;0.125;RemoveObject;(15, 18);;(10, 3);1;3320
3;0.125;RemoveObject;(15, 18);;(10, 3);1;3321
3;0.125;RemoveObject;(15, 18);;(10, 3);1;3322
3;0.125;RemoveObject;(15, 18);;(10, 3);1;3323
3;0.125;RemoveObject;(15, 18);;(10, 3);1;3324
3;0.125;RemoveObject;(15, 18);;(10, 3);1;3325
3;0.125;RemoveObject;(15, 18);;(10, 3);1;3326
3;0.125;RemoveObject;(15, 18);;(10, 3);1;3327
3;0.125;RemoveObject;(15, 18);;(10, 3);1;3328
3;0.125;RemoveObject;(15, 18);;(10, 3);1;3329
3;0.125;RemoveObject;(15, 18);;(10, 3);1;3330
3;0.125;MoveSouth;(15, 18);;(10, 3);1;3331
3;0.125;MoveSouth;(15, 18);;(10, 3);1;3332
3;0.125;MoveSouth;(15, 18);;(10, 3);1;3333
3;0.125;MoveSouth;(15, 18);;(10, 3);1;3334
3;0.125;MoveSouth;(15, 18);;(10, 3);1;3335
3;0.125;MoveSouth;(15, 18);;(10, 3);1;3336
3;0.125;MoveSouth;(15, 18);;(10, 3);1;3337
3;0.125;MoveSouth;(15, 18);;(10, 3);1;3338
3;0.125;MoveSouth;(15, 19);;(10, 3);1;3339
3;0.125;MoveSouthWest;(15, 19);;(10, 3);1;3340
3;0.125;MoveSouthWest;(15, 19);;(10, 3);1;3341
3;0.125;MoveSouthWest;(15, 19);;(10, 3);1;3342
3;0.125;MoveSouthWest;(15, 19);;(10, 3);1;3343
3;0.125;MoveSouthWest;(15, 19);;(10, 3);1;3344
3;0.125;MoveSouthWest;(15, 19);;(10, 3);1;3345
3;0.125;MoveSouthWest;(15, 19);;(10, 3);1;3346
3;0.125;MoveSouthWest;(15, 19);;(10, 3);1;3347
3;0.125;MoveSouthWest;(14, 20);;(10, 3);1;3348
3;0.125;MoveSouthEast;(14, 20);;(10, 3);1;3349
3;0.125;MoveSouthEast;(14, 20);;(10, 3);1;3350
3;0.125;MoveSouthEast;(14, 20);;(10, 3);1;3351
3;0.125;MoveSouthEast;(14, 20);;(10, 3);1;3352
3;0.125;MoveSouthEast;(14, 20);;(10, 3);1;3353
3;0.125;MoveSouthEast;(14, 20);;(10, 3);1;3354
3;0.125;MoveSouthEast;(14, 20);;(10, 3);1;3355
3;0.125;MoveSouthEast;(14, 20);;(10, 3);1;3356
3;0.125;MoveSouthEast;(15, 21);;(10, 3);1;3357
3;0.125;MoveNorthWest;(15, 21);;(10, 3);1;3358
3;0.125;MoveNorthWest;(15, 21);;(10, 3);1;3359
3;0.125;MoveNorthWest;(15, 21);;(10, 3);1;3360
3;0.125;MoveNorthWest;(15, 21);;(10, 3);1;3361
3;0.125;MoveNorthWest;(15, 21);;(10, 3);1;3362
3;0.125;MoveNorthWest;(15, 21);;(10, 3);1;3363
3;0.125;MoveNorthWest;(15, 21);;(10, 3);1;3364
3;0.125;MoveNorthWest;(15, 21);;(10, 3);1;3365
3;0.125;MoveNorthWest;(14, 20);;(10, 3);1;3366
3;0.125;CarryObject;(14, 20);;(10, 3);1;3367
3;0.125;CarryObject;(14, 20);;(10, 3);1;3368
3;0.125;CarryObject;(14, 20);;(10, 3);1;3369
3;0.125;CarryObject;(14, 20);;(10, 3);1;3370
3;0.125;CarryObject;(14, 20);;(10, 3);1;3371
3;0.125;CarryObject;(14, 20);;(10, 3);1;3372
3;0.125;CarryObject;(14, 20);;(10, 3);1;3373
3;0.125;CarryObject;(14, 20);;(10, 3);1;3374
3;0.125;CarryObject;(14, 20);;(10, 3);1;3375
3;0.125;CarryObject;(14, 20);;(10, 3);1;3376
3;0.125;CarryObject;(14, 20);;(10, 3);1;3377
3;0.125;CarryObject;(14, 20);;(10, 3);1;3378
3;0.125;CarryObject;(14, 20);;(10, 3);1;3379
3;0.125;CarryObject;(14, 20);;(10, 3);1;3380
3;0.125;CarryObject;(14, 20);;(10, 3);1;3381
3;0.125;CarryObject;(14, 20);;(10, 3);1;3382
3;0.125;CarryObject;(14, 20);;(10, 3);1;3383
3;0.125;CarryObject;(14, 20);;(10, 3);1;3384
3;0.125;CarryObject;(14, 20);;(10, 3);1;3385
3;0.125;CarryObject;(14, 20);;(10, 3);1;3386
3;0.125;CarryObject;(14, 20);;(10, 3);1;3387
3;0.125;CarryObject;(14, 20);;(10, 3);1;3388
3;0.125;CarryObject;(14, 20);;(10, 3);1;3389
3;0.125;CarryObject;(14, 20);;(10, 3);1;3390
3;0.125;CarryObject;(14, 20);;(10, 3);1;3391
3;0.125;CarryObject;(14, 20);;(10, 3);1;3392
3;0.125;CarryObject;(14, 20);;(10, 3);1;3393
3;0.125;CarryObject;(14, 20);;(10, 3);1;3394
3;0.125;CarryObject;(14, 20);;(10, 3);1;3395
3;0.125;CarryObject;(14, 20);;(10, 3);1;3396
3;0.125;CarryObject;(14, 20);;(10, 3);1;3397
3;0.125;CarryObject;(14, 20);;(10, 3);1;3398
3;0.125;CarryObject;(14, 20);;(10, 3);1;3399
3;0.125;CarryObject;(14, 20);;(10, 3);1;3400
3;0.125;CarryObject;(14, 20);;(10, 3);1;3401
3;0.125;CarryObject;(14, 20);;(10, 3);1;3402
3;0.125;CarryObject;(14, 20);;(10, 3);1;3403
3;0.125;CarryObject;(14, 20);;(10, 3);1;3404
3;0.125;CarryObject;(14, 20);;(10, 3);1;3405
3;0.125;CarryObject;(14, 20);;(10, 3);1;3406
3;0.125;CarryObject;(14, 20);;(10, 3);1;3407
3;0.125;CarryObject;(14, 20);;(10, 3);1;3408
3;0.125;CarryObject;(14, 20);;(10, 3);1;3409
3;0.125;CarryObject;(14, 20);;(10, 3);1;3410
3;0.125;CarryObject;(14, 20);;(10, 3);1;3411
3;0.125;CarryObject;(14, 20);;(10, 3);1;3412
3;0.125;CarryObject;(14, 20);;(10, 3);1;3413
3;0.125;CarryObject;(14, 20);;(10, 3);1;3414
3;0.125;CarryObject;(14, 20);;(10, 3);1;3415
3;0.125;CarryObject;(14, 20);;(10, 3);1;3416
3;0.125;CarryObject;(14, 20);;(10, 3);1;3417
3;0.125;CarryObject;(14, 20);;(10, 3);1;3418
3;0.125;CarryObject;(14, 20);;(10, 3);1;3419
3;0.125;CarryObject;(14, 20);;(10, 3);1;3420
3;0.125;CarryObject;(14, 20);;(10, 3);1;3421
3;0.125;CarryObject;(14, 20);;(10, 3);1;3422
3;0.125;CarryObject;(14, 20);;(10, 3);1;3423
3;0.125;CarryObject;(14, 20);;(10, 3);1;3424
3;0.125;CarryObject;(14, 20);;(10, 3);1;3425
3;0.125;CarryObject;(14, 20);;(10, 3);1;3426
3;0.125;CarryObject;(14, 20);;(10, 3);1;3427
3;0.125;CarryObject;(14, 20);;(10, 3);1;3428
3;0.125;CarryObject;(14, 20);;(10, 3);1;3429
3;0.125;CarryObject;(14, 20);;(10, 3);1;3430
3;0.125;CarryObject;(14, 20);;(10, 3);1;3431
3;0.125;CarryObject;(14, 20);;(10, 3);1;3432
3;0.125;CarryObject;(14, 20);;(10, 3);1;3433
3;0.125;CarryObject;(14, 20);;(10, 3);1;3434
3;0.125;CarryObject;(14, 20);;(10, 3);1;3435
3;0.125;CarryObject;(14, 20);;(10, 3);1;3436
3;0.125;CarryObject;(14, 20);;(10, 3);1;3437
3;0.125;CarryObject;(14, 20);;(10, 3);1;3438
3;0.125;CarryObject;(14, 20);;(10, 3);1;3439
3;0.125;CarryObject;(14, 20);;(10, 3);1;3440
3;0.125;CarryObject;(14, 20);;(10, 3);1;3441
3;0.125;CarryObject;(14, 20);;(10, 3);1;3442
3;0.125;CarryObject;(14, 20);;(10, 3);1;3443
3;0.125;CarryObject;(14, 20);;(10, 3);1;3444
3;0.125;CarryObject;(14, 20);;(10, 3);1;3445
3;0.125;CarryObject;(14, 20);;(10, 3);1;3446
3;0.125;CarryObject;(14, 20);;(10, 3);1;3447
3;0.125;CarryObject;(14, 20);;(10, 3);1;3448
3;0.125;CarryObject;(14, 20);;(10, 3);1;3449
3;0.125;CarryObject;(14, 20);;(10, 3);1;3450
3;0.125;CarryObject;(14, 20);;(10, 3);1;3451
3;0.125;CarryObject;(14, 20);;(10, 3);1;3452
3;0.125;CarryObject;(14, 20);;(10, 3);1;3453
3;0.125;CarryObject;(14, 20);;(10, 3);1;3454
3;0.125;CarryObject;(14, 20);;(10, 3);1;3455
3;0.125;CarryObject;(14, 20);;(10, 3);1;3456
3;0.125;CarryObject;(14, 20);;(10, 3);1;3457
3;0.125;CarryObject;(14, 20);;(10, 3);1;3458
3;0.125;CarryObject;(14, 20);;(10, 3);1;3459
3;0.125;CarryObject;(14, 20);;(10, 3);1;3460
3;0.125;CarryObject;(14, 20);;(10, 3);1;3461
3;0.125;CarryObject;(14, 20);;(10, 3);1;3462
3;0.125;CarryObject;(14, 20);;(10, 3);1;3463
3;0.125;CarryObject;(14, 20);;(10, 3);1;3464
3;0.125;CarryObject;(14, 20);;(10, 3);1;3465
3;0.125;CarryObject;(14, 20);;(10, 3);1;3466
3;0.125;CarryObject;(14, 20);;(10, 3);1;3467
3;0.125;CarryObject;(14, 20);;(10, 3);1;3468
3;0.125;CarryObject;(14, 20);;(10, 3);1;3469
3;0.125;CarryObject;(14, 20);;(10, 3);1;3470
3;0.125;CarryObject;(14, 20);;(10, 3);1;3471
3;0.125;CarryObject;(14, 20);;(10, 3);1;3472
3;0.125;CarryObject;(14, 20);;(10, 3);1;3473
3;0.125;CarryObject;(14, 20);;(10, 3);1;3474
3;0.125;CarryObject;(14, 20);;(10, 3);1;3475
3;0.125;CarryObject;(14, 20);;(10, 3);1;3476
3;0.125;CarryObject;(14, 20);;(10, 3);1;3477
3;0.125;CarryObject;(14, 20);;(10, 3);1;3478
3;0.125;CarryObject;(14, 20);;(10, 3);1;3479
3;0.125;CarryObject;(14, 20);;(10, 3);1;3480
3;0.125;CarryObject;(14, 20);;(10, 3);1;3481
3;0.125;CarryObject;(14, 20);;(10, 3);1;3482
3;0.125;CarryObject;(14, 20);;(10, 3);1;3483
3;0.125;CarryObject;(14, 20);;(10, 3);1;3484
3;0.125;CarryObject;(14, 20);;(10, 3);1;3485
3;0.125;CarryObject;(14, 20);;(10, 3);1;3486
3;0.125;CarryObject;(14, 20);;(10, 3);1;3487
3;0.125;CarryObject;(14, 20);;(10, 3);1;3488
3;0.125;CarryObject;(14, 20);;(10, 3);1;3489
3;0.125;CarryObject;(14, 20);;(10, 3);1;3490
3;0.125;CarryObject;(14, 20);;(10, 3);1;3491
3;0.125;CarryObject;(14, 20);;(10, 3);1;3492
3;0.125;CarryObject;(14, 20);;(10, 3);1;3493
3;0.125;CarryObject;(14, 20);;(10, 3);1;3494
3;0.125;CarryObject;(14, 20);;(10, 3);1;3495
3;0.125;CarryObject;(14, 20);;(10, 3);1;3496
3;0.125;CarryObject;(14, 20);;(10, 3);1;3497
3;0.125;CarryObject;(14, 20);;(10, 3);1;3498
3;0.125;CarryObject;(14, 20);;(10, 3);1;3499
3;0.125;CarryObject;(14, 20);;(10, 3);1;3500
3;0.125;CarryObject;(14, 20);;(10, 3);1;3501
3;0.125;CarryObject;(14, 20);;(10, 3);1;3502
3;0.125;CarryObject;(14, 20);;(10, 3);1;3503
3;0.125;CarryObject;(14, 20);;(10, 3);1;3504
3;0.125;CarryObject;(14, 20);;(10, 3);1;3505
3;0.125;CarryObject;(14, 20);;(10, 3);1;3506
3;0.125;CarryObject;(14, 20);;(10, 3);1;3507
3;0.125;CarryObject;(14, 20);;(10, 3);1;3508
3;0.125;CarryObject;(14, 20);;(10, 3);1;3509
3;0.125;CarryObject;(14, 20);;(10, 3);1;3510
3;0.125;CarryObject;(14, 20);;(10, 3);1;3511
3;0.125;CarryObject;(14, 20);;(10, 3);1;3512
3;0.125;CarryObject;(14, 20);;(10, 3);1;3513
3;0.125;CarryObject;(14, 20);;(10, 3);1;3514
3;0.125;CarryObject;(14, 20);;(10, 3);1;3515
3;0.125;CarryObject;(14, 20);;(10, 3);1;3516
3;0.125;CarryObject;(14, 20);;(10, 3);1;3517
3;0.125;MoveNorthEast;(14, 20);;(10, 3);1;3518
3;0.125;MoveNorthEast;(14, 20);;(10, 3);1;3519
3;0.125;MoveNorthEast;(14, 20);;(10, 3);1;3520
3;0.125;MoveNorthEast;(14, 20);;(10, 3);1;3521
3;0.125;MoveNorthEast;(14, 20);;(10, 3);1;3522
3;0.125;MoveNorthEast;(14, 20);;(10, 3);1;3523
3;0.125;MoveNorthEast;(14, 20);;(10, 3);1;3524
3;0.125;MoveNorthEast;(14, 20);;(10, 3);1;3525
3;0.125;MoveNorthEast;(15, 19);;(10, 3);1;3526
3;0.125;MoveNorthEast;(15, 19);;(10, 3);1;3527
3;0.125;MoveNorthEast;(15, 19);;(10, 3);1;3528
3;0.125;MoveNorthEast;(15, 19);;(10, 3);1;3529
3;0.125;MoveNorthEast;(15, 19);;(10, 3);1;3530
3;0.125;MoveNorthEast;(15, 19);;(10, 3);1;3531
3;0.125;MoveNorthEast;(15, 19);;(10, 3);1;3532
3;0.125;MoveNorthEast;(15, 19);;(10, 3);1;3533
3;0.125;MoveNorthEast;(15, 19);;(10, 3);1;3534
3;0.125;MoveNorthEast;(16, 18);;(10, 3);1;3535
3;0.125;MoveNorthEast;(16, 18);;(10, 3);1;3536
3;0.125;MoveNorthEast;(16, 18);;(10, 3);1;3537
3;0.125;MoveNorthEast;(16, 18);;(10, 3);1;3538
3;0.125;MoveNorthEast;(16, 18);;(10, 3);1;3539
3;0.125;MoveNorthEast;(16, 18);;(10, 3);1;3540
3;0.125;MoveNorthEast;(16, 18);;(10, 3);1;3541
3;0.125;MoveNorthEast;(16, 18);;(10, 3);1;3542
3;0.125;MoveNorthEast;(16, 18);;(10, 3);1;3543
3;0.125;MoveNorthEast;(17, 17);;(10, 3);1;3544
3;0.125;MoveNorthEast;(17, 17);;(10, 3);1;3545
3;0.125;MoveNorthEast;(17, 17);;(10, 3);1;3546
3;0.125;MoveNorthEast;(17, 17);;(10, 3);1;3547
3;0.125;MoveNorthEast;(17, 17);;(10, 3);1;3548
3;0.125;MoveNorthEast;(17, 17);;(10, 3);1;3549
3;0.125;MoveNorthEast;(17, 17);;(10, 3);1;3550
3;0.125;MoveNorthEast;(17, 17);;(10, 3);1;3551
3;0.125;MoveNorthEast;(17, 17);;(10, 3);1;3552
3;0.125;MoveNorthEast;(17, 17);;(10, 3);1;3553
3;0.125;MoveNorthEast;(17, 17);;(10, 3);1;3554
3;0.125;MoveNorthEast;(17, 17);;(10, 3);1;3555
3;0.125;MoveNorthEast;(17, 17);;(10, 3);1;3556
3;0.125;MoveNorthEast;(17, 17);;(10, 3);1;3557
3;0.125;MoveNorthEast;(18, 16);;(10, 3);1;3558
3;0.125;MoveNorthEast;(18, 16);;(10, 3);1;3559
3;0.125;MoveNorthEast;(18, 16);;(10, 3);1;3560
3;0.125;MoveNorthEast;(18, 16);;(10, 3);1;3561
3;0.125;MoveNorthEast;(18, 16);;(10, 3);1;3562
3;0.125;MoveNorthEast;(18, 16);;(10, 3);1;3563
3;0.125;MoveNorthEast;(18, 16);;(10, 3);1;3564
3;0.125;MoveNorthEast;(18, 16);;(10, 3);1;3565
3;0.125;MoveNorthEast;(18, 16);;(10, 3);1;3566
3;0.125;MoveNorthEast;(18, 16);;(10, 3);1;3567
3;0.125;MoveNorthEast;(18, 16);;(10, 3);1;3568
3;0.125;MoveNorthEast;(18, 16);;(10, 3);1;3569
3;0.125;MoveNorthEast;(18, 16);;(10, 3);1;3570
3;0.125;MoveNorthEast;(18, 16);;(10, 3);1;3571
3;0.125;MoveNorthEast;(19, 15);;(10, 3);1;3572
3;0.125;MoveNorthEast;(19, 15);;(10, 3);1;3573
3;0.125;MoveNorthEast;(19, 15);;(10, 3);1;3574
3;0.125;MoveNorthEast;(19, 15);;(10, 3);1;3575
3;0.125;MoveNorthEast;(19, 15);;(10, 3);1;3576
3;0.125;MoveNorthEast;(19, 15);;(10, 3);1;3577
3;0.125;MoveNorthEast;(19, 15);;(10, 3);1;3578
3;0.125;MoveNorthEast;(19, 15);;(10, 3);1;3579
3;0.125;MoveNorthEast;(19, 15);;(10, 3);1;3580
3;0.125;MoveNorthEast;(20, 14);;(10, 3);1;3581
3;0.125;MoveEast;(20, 14);;(10, 3);1;3582
3;0.125;MoveEast;(20, 14);;(10, 3);1;3583
3;0.125;MoveEast;(20, 14);;(10, 3);1;3584
3;0.125;MoveEast;(20, 14);;(10, 3);1;3585
3;0.125;MoveEast;(20, 14);;(10, 3);1;3586
3;0.125;MoveEast;(20, 14);;(10, 3);1;3587
3;0.125;MoveEast;(20, 14);;(10, 3);1;3588
3;0.125;MoveEast;(20, 14);;(10, 3);1;3589
3;0.125;MoveEast;(21, 14);;(10, 3);1;3590
3;0.125;MoveNorthEast;(21, 14);;(10, 3);1;3591
3;0.125;MoveNorthEast;(21, 14);;(10, 3);1;3592
3;0.125;MoveNorthEast;(21, 14);;(10, 3);1;3593
3;0.125;MoveNorthEast;(21, 14);;(10, 3);1;3594
3;0.125;MoveNorthEast;(21, 14);;(10, 3);1;3595
3;0.125;MoveNorthEast;(21, 14);;(10, 3);1;3596
3;0.125;MoveNorthEast;(21, 14);;(10, 3);1;3597
3;0.125;MoveNorthEast;(21, 14);;(10, 3);1;3598
3;0.125;MoveNorthEast;(22, 13);;(10, 3);1;3599
3;0.125;MoveEast;(22, 13);;(10, 3);1;3600
3;0.125;MoveEast;(22, 13);;(10, 3);1;3601
3;0.125;MoveEast;(22, 13);;(10, 3);1;3602
3;0.125;MoveEast;(22, 13);;(10, 3);1;3603
3;0.125;MoveEast;(22, 13);;(10, 3);1;3604
3;0.125;MoveEast;(22, 13);;(10, 3);1;3605
3;0.125;MoveEast;(22, 13);;(10, 3);1;3606
3;0.125;MoveEast;(22, 13);;(10, 3);1;3607
3;0.125;MoveEast;(23, 13);;(10, 3);1;3608
3;0.125;Drop;(23, 13);;(10, 3);1;3609
3;0.125;Drop;(23, 13);;(10, 3);1;3610
3;0.125;Drop;(23, 13);;(10, 3);1;3611
3;0.125;Drop;(23, 13);;(10, 3);1;3612
3;0.125;Drop;(23, 13);;(10, 3);1;3613
3;0.125;Drop;(23, 13);;(10, 3);1;3614
3;0.125;Drop;(23, 13);;(10, 3);1;3615
3;0.125;Drop;(23, 13);;(10, 3);1;3616
6;0.25;Drop;(23, 13);;(10, 3);1;3617
6;0.25;MoveSouthWest;(23, 13);;(10, 3);1;3618
6;0.25;MoveSouthWest;(23, 13);;(10, 3);1;3619
6;0.25;MoveSouthWest;(23, 13);;(10, 3);1;3620
6;0.25;MoveSouthWest;(23, 13);;(10, 3);1;3621
6;0.25;MoveSouthWest;(23, 13);;(10, 3);1;3622
6;0.25;MoveSouthWest;(23, 13);;(10, 3);1;3623
6;0.25;MoveSouthWest;(23, 13);;(10, 3);1;3624
6;0.25;MoveSouthWest;(23, 13);;(10, 3);1;3625
6;0.25;MoveSouthWest;(22, 14);;(10, 3);1;3626
6;0.25;MoveWest;(22, 14);;(10, 3);1;3627
6;0.25;MoveWest;(22, 14);;(10, 3);1;3628
6;0.25;MoveWest;(22, 14);;(10, 3);1;3629
6;0.25;MoveWest;(22, 14);;(10, 3);1;3630
6;0.25;MoveWest;(22, 14);;(10, 3);1;3631
6;0.25;MoveWest;(22, 14);;(10, 3);1;3632
6;0.25;MoveWest;(22, 14);;(10, 3);1;3633
6;0.25;MoveWest;(22, 14);;(10, 3);1;3634
6;0.25;MoveWest;(21, 14);;(10, 3);1;3635
6;0.25;MoveSouthWest;(21, 14);;(10, 3);1;3636
6;0.25;MoveSouthWest;(21, 14);;(10, 3);1;3637
6;0.25;MoveSouthWest;(21, 14);;(10, 3);1;3638
6;0.25;MoveSouthWest;(21, 14);;(10, 3);1;3639
6;0.25;MoveSouthWest;(21, 14);;(10, 3);1;3640
6;0.25;MoveSouthWest;(21, 14);;(10, 3);1;3641
6;0.25;MoveSouthWest;(21, 14);;(10, 3);1;3642
6;0.25;MoveSouthWest;(21, 14);;(10, 3);1;3643
6;0.25;MoveSouthWest;(20, 15);;(10, 3);1;3644
6;0.25;MoveWest;(20, 15);;(10, 3);1;3645
6;0.25;MoveWest;(20, 15);;(10, 3);1;3646
6;0.25;MoveWest;(20, 15);;(10, 3);1;3647
6;0.25;MoveWest;(20, 15);;(10, 3);1;3648
6;0.25;MoveWest;(20, 15);;(10, 3);1;3649
6;0.25;MoveWest;(20, 15);;(10, 3);1;3650
6;0.25;MoveWest;(20, 15);;(10, 3);1;3651
6;0.25;MoveWest;(20, 15);;(10, 3);1;3652
6;0.25;MoveWest;(19, 15);;(10, 3);1;3653
6;0.25;MoveSouthWest;(19, 15);;(10, 3);1;3654
6;0.25;MoveSouthWest;(19, 15);;(10, 3);1;3655
6;0.25;MoveSouthWest;(19, 15);;(10, 3);1;3656
6;0.25;MoveSouthWest;(19, 15);;(10, 3);1;3657
6;0.25;MoveSouthWest;(19, 15);;(10, 3);1;3658
6;0.25;MoveSouthWest;(19, 15);;(10, 3);1;3659
6;0.25;MoveSouthWest;(19, 15);;(10, 3);1;3660
6;0.25;MoveSouthWest;(19, 15);;(10, 3);1;3661
6;0.25;MoveSouthWest;(18, 16);;(10, 3);1;3662
6;0.25;MoveSouthWest;(18, 16);;(10, 3);1;3663
6;0.25;MoveSouthWest;(18, 16);;(10, 3);1;3664
6;0.25;MoveSouthWest;(18, 16);;(10, 3);1;3665
6;0.25;MoveSouthWest;(18, 16);;(10, 3);1;3666
6;0.25;MoveSouthWest;(18, 16);;(10, 3);1;3667
6;0.25;MoveSouthWest;(18, 16);;(10, 3);1;3668
6;0.25;MoveSouthWest;(18, 16);;(10, 3);1;3669
6;0.25;MoveSouthWest;(18, 16);;(10, 3);1;3670
6;0.25;MoveSouthWest;(18, 16);;(10, 3);1;3671
6;0.25;MoveSouthWest;(18, 16);;(10, 3);1;3672
6;0.25;MoveSouthWest;(18, 16);;(10, 3);1;3673
6;0.25;MoveSouthWest;(18, 16);;(10, 3);1;3674
6;0.25;MoveSouthWest;(18, 16);;(10, 3);1;3675
6;0.25;MoveSouthWest;(17, 17);;(10, 3);1;3676
6;0.25;MoveWest;(17, 17);;(10, 3);1;3677
6;0.25;MoveWest;(17, 17);;(10, 3);1;3678
6;0.25;MoveWest;(17, 17);;(10, 3);1;3679
6;0.25;MoveWest;(17, 17);;(10, 3);1;3680
6;0.25;MoveWest;(17, 17);;(10, 3);1;3681
6;0.25;MoveWest;(17, 17);;(10, 3);1;3682
6;0.25;MoveWest;(17, 17);;(10, 3);1;3683
6;0.25;MoveWest;(17, 17);;(10, 3);1;3684
6;0.25;MoveWest;(17, 17);;(10, 3);1;3685
6;0.25;MoveWest;(17, 17);;(10, 3);1;3686
6;0.25;MoveWest;(17, 17);;(10, 3);1;3687
6;0.25;MoveWest;(17, 17);;(10, 3);1;3688
6;0.25;MoveWest;(17, 17);;(10, 3);1;3689
6;0.25;MoveWest;(16, 17);;(10, 3);1;3690
6;0.25;MoveWest;(16, 17);;(10, 3);1;3691
6;0.25;MoveWest;(16, 17);;(10, 3);1;3692
6;0.25;MoveWest;(16, 17);;(10, 3);1;3693
6;0.25;MoveWest;(16, 17);;(10, 3);1;3694
6;0.25;MoveWest;(16, 17);;(10, 3);1;3695
6;0.25;MoveWest;(16, 17);;(10, 3);1;3696
6;0.25;MoveWest;(16, 17);;(10, 3);1;3697
6;0.25;MoveWest;(16, 17);;(10, 3);1;3698
6;0.25;MoveWest;(16, 17);;(10, 3);1;3699
6;0.25;MoveWest;(16, 17);;(10, 3);1;3700
6;0.25;MoveWest;(16, 17);;(10, 3);1;3701
6;0.25;MoveWest;(16, 17);;(10, 3);1;3702
6;0.25;MoveWest;(16, 17);;(10, 3);1;3703
6;0.25;MoveWest;(15, 17);;(10, 3);1;3704
6;0.25;MoveNorth;(15, 17);;(10, 3);1;3705
6;0.25;MoveNorth;(15, 17);;(10, 3);1;3706
6;0.25;MoveNorth;(15, 17);;(10, 3);1;3707
6;0.25;MoveNorth;(15, 17);;(10, 3);1;3708
6;0.25;MoveNorth;(15, 17);;(10, 3);1;3709
6;0.25;MoveNorth;(15, 17);;(10, 3);1;3710
6;0.25;MoveNorth;(15, 17);;(10, 3);1;3711
6;0.25;MoveNorth;(15, 17);;(10, 3);1;3712
6;0.25;MoveNorth;(15, 16);;(10, 3);1;3713
6;0.25;MoveNorthWest;(15, 16);;(10, 3);1;3714
6;0.25;MoveNorthWest;(15, 16);;(10, 3);1;3715
6;0.25;MoveNorthWest;(15, 16);;(10, 3);1;3716
6;0.25;MoveNorthWest;(15, 16);;(10, 3);1;3717
6;0.25;MoveNorthWest;(15, 16);;(10, 3);1;3718
6;0.25;MoveNorthWest;(15, 16);;(10, 3);1;3719
6;0.25;MoveNorthWest;(15, 16);;(10, 3);1;3720
6;0.25;MoveNorthWest;(15, 16);;(10, 3);1;3721
6;0.25;MoveNorthWest;(14, 15);;(10, 3);1;3722
6;0.25;MoveNorth;(14, 15);;(10, 3);1;3723
6;0.25;MoveNorth;(14, 15);;(10, 3);1;3724
6;0.25;MoveNorth;(14, 15);;(10, 3);1;3725
6;0.25;MoveNorth;(14, 15);;(10, 3);1;3726
6;0.25;MoveNorth;(14, 15);;(10, 3);1;3727
6;0.25;MoveNorth;(14, 15);;(10, 3);1;3728
6;0.25;MoveNorth;(14, 15);;(10, 3);1;3729
6;0.25;MoveNorth;(14, 15);;(10, 3);1;3730
6;0.25;MoveNorth;(14, 14);;(10, 3);1;3731
6;0.25;MoveSouthEast;(14, 14);;(10, 3);1;3732
6;0.25;MoveSouthEast;(14, 14);;(10, 3);1;3733
6;0.25;MoveSouthEast;(14, 14);;(10, 3);1;3734
6;0.25;MoveSouthEast;(14, 14);;(10, 3);1;3735
6;0.25;MoveSouthEast;(14, 14);;(10, 3);1;3736
6;0.25;MoveSouthEast;(14, 14);;(10, 3);1;3737
6;0.25;MoveSouthEast;(14, 14);;(10, 3);1;3738
6;0.25;MoveSouthEast;(14, 14);;(10, 3);1;3739
6;0.25;MoveSouthEast;(15, 15);;(10, 3);1;3740
6;0.25;MoveNorthEast;(15, 15);;(10, 3);1;3741
6;0.25;MoveNorthEast;(15, 15);;(10, 3);1;3742
6;0.25;MoveNorthEast;(15, 15);;(10, 3);1;3743
6;0.25;MoveNorthEast;(15, 15);;(10, 3);1;3744
6;0.25;MoveNorthEast;(15, 15);;(10, 3);1;3745
6;0.25;MoveNorthEast;(15, 15);;(10, 3);1;3746
6;0.25;MoveNorthEast;(15, 15);;(10, 3);1;3747
6;0.25;MoveNorthEast;(15, 15);;(10, 3);1;3748
6;0.25;MoveNorthEast;(16, 14);;(10, 3);1;3749
6;0.25;Idle;(16, 14);;(10, 3);1;3750
6;0.25;Idle;(16, 14);;(10, 3);1;3751
6;0.25;Idle;(16, 14);;(10, 3);1;3752
6;0.25;Idle;(16, 14);;(10, 3);1;3753
6;0.25;Idle;(16, 14);;(10, 3);1;3754
6;0.25;Idle;(16, 14);;(10, 3);1;3755
6;0.25;Idle;(16, 14);;(10, 3);1;3756
6;0.25;Idle;(16, 14);;(10, 3);1;3757
6;0.25;Idle;(16, 14);;(10, 3);1;3758
6;0.25;Idle;(16, 14);;(10, 3);1;3759
6;0.25;Idle;(16, 14);;(10, 3);1;3760
6;0.25;Idle;(16, 14);;(10, 3);1;3761
6;0.25;Idle;(16, 14);;(10, 3);1;3762
6;0.25;Idle;(16, 14);;(10, 3);1;3763
6;0.25;Idle;(16, 14);;(10, 3);1;3764
6;0.25;Idle;(16, 14);;(10, 3);1;3765
6;0.25;Idle;(16, 14);;(10, 3);1;3766
6;0.25;Idle;(16, 14);;(10, 3);1;3767
6;0.25;Idle;(16, 14);;(10, 3);1;3768
6;0.25;Idle;(16, 14);;(10, 3);1;3769
6;0.25;Idle;(16, 14);;(10, 3);1;3770
6;0.25;Idle;(16, 14);;(10, 3);1;3771
6;0.25;Idle;(16, 14);;(10, 3);1;3772
6;0.25;Idle;(16, 14);;(10, 3);1;3773
6;0.25;Idle;(16, 14);;(10, 3);1;3774
6;0.25;Idle;(16, 14);;(10, 3);1;3775
6;0.25;MoveSouth;(16, 14);;(10, 3);1;3776
6;0.25;MoveSouth;(16, 14);;(10, 3);1;3777
6;0.25;MoveSouth;(16, 14);;(10, 3);1;3778
6;0.25;MoveSouth;(16, 14);;(10, 3);1;3779
6;0.25;MoveSouth;(16, 14);;(10, 3);1;3780
6;0.25;MoveSouth;(16, 14);;(10, 3);1;3781
6;0.25;MoveSouth;(16, 14);;(10, 3);1;3782
6;0.25;MoveSouth;(16, 14);;(10, 3);1;3783
6;0.25;MoveSouth;(16, 15);;(10, 3);1;3784
6;0.25;MoveSouthWest;(16, 15);;(10, 3);1;3785
6;0.25;MoveSouthWest;(16, 15);;(10, 3);1;3786
6;0.25;MoveSouthWest;(16, 15);;(10, 3);1;3787
6;0.25;MoveSouthWest;(16, 15);;(10, 3);1;3788
6;0.25;MoveSouthWest;(16, 15);;(10, 3);1;3789
6;0.25;MoveSouthWest;(16, 15);;(10, 3);1;3790
6;0.25;MoveSouthWest;(16, 15);;(10, 3);1;3791
6;0.25;MoveSouthWest;(16, 15);;(10, 3);1;3792
6;0.25;MoveSouthWest;(15, 16);;(10, 3);1;3793
6;0.25;MoveSouth;(15, 16);;(10, 3);1;3794
6;0.25;MoveSouth;(15, 16);;(10, 3);1;3795
6;0.25;MoveSouth;(15, 16);;(10, 3);1;3796
6;0.25;MoveSouth;(15, 16);;(10, 3);1;3797
6;0.25;MoveSouth;(15, 16);;(10, 3);1;3798
6;0.25;MoveSouth;(15, 16);;(10, 3);1;3799
6;0.25;MoveSouth;(15, 16);;(10, 3);1;3800
6;0.25;MoveSouth;(15, 16);;(10, 3);1;3801
6;0.25;MoveSouth;(15, 17);;(10, 3);1;3802
6;0.25;MoveSouth;(15, 17);;(10, 3);1;3803
6;0.25;MoveSouth;(15, 17);;(10, 3);1;3804
6;0.25;MoveSouth;(15, 17);;(10, 3);1;3805
6;0.25;MoveSouth;(15, 17);;(10, 3);1;3806
6;0.25;MoveSouth;(15, 17);;(10, 3);1;3807
6;0.25;MoveSouth;(15, 17);;(10, 3);1;3808
6;0.25;MoveSouth;(15, 17);;(10, 3);1;3809
6;0.25;MoveSouth;(15, 17);;(10, 3);1;3810
6;0.25;MoveSouth;(15, 18);;(10, 3);1;3811
6;0.25;MoveSouth;(15, 18);;(10, 3);1;3812
6;0.25;MoveSouth;(15, 18);;(10, 3);1;3813
6;0.25;MoveSouth;(15, 18);;(10, 3);1;3814
6;0.25;MoveSouth;(15, 18);;(10, 3);1;3815
6;0.25;MoveSouth;(15, 18);;(10, 3);1;3816
6;0.25;MoveSouth;(15, 18);;(10, 3);1;3817
6;0.25;MoveSouth;(15, 18);;(10, 3);1;3818
6;0.25;MoveSouth;(15, 18);;(10, 3);1;3819
6;0.25;MoveSouth;(15, 19);;(10, 3);1;3820
6;0.25;MoveSouthWest;(15, 19);;(10, 3);1;3821
6;0.25;MoveSouthWest;(15, 19);;(10, 3);1;3822
6;0.25;MoveSouthWest;(15, 19);;(10, 3);1;3823
6;0.25;MoveSouthWest;(15, 19);;(10, 3);1;3824
6;0.25;MoveSouthWest;(15, 19);;(10, 3);1;3825
6;0.25;MoveSouthWest;(15, 19);;(10, 3);1;3826
6;0.25;MoveSouthWest;(15, 19);;(10, 3);1;3827
6;0.25;MoveSouthWest;(15, 19);;(10, 3);1;3828
6;0.25;MoveSouthWest;(14, 20);;(10, 3);1;3829
6;0.25;MoveSouthEast;(14, 20);;(10, 3);1;3830
6;0.25;MoveSouthEast;(14, 20);;(10, 3);1;3831
6;0.25;MoveSouthEast;(14, 20);;(10, 3);1;3832
6;0.25;MoveSouthEast;(14, 20);;(10, 3);1;3833
6;0.25;MoveSouthEast;(14, 20);;(10, 3);1;3834
6;0.25;MoveSouthEast;(14, 20);;(10, 3);1;3835
6;0.25;MoveSouthEast;(14, 20);;(10, 3);1;3836
6;0.25;MoveSouthEast;(14, 20);;(10, 3);1;3837
6;0.25;MoveSouthEast;(15, 21);;(10, 3);1;3838
6;0.25;MoveNorthEast;(15, 21);;(10, 3);1;3839
6;0.25;MoveNorthEast;(15, 21);;(10, 3);1;3840
6;0.25;MoveNorthEast;(15, 21);;(10, 3);1;3841
6;0.25;MoveNorthEast;(15, 21);;(10, 3);1;3842
6;0.25;MoveNorthEast;(15, 21);;(10, 3);1;3843
6;0.25;MoveNorthEast;(15, 21);;(10, 3);1;3844
6;0.25;MoveNorthEast;(15, 21);;(10, 3);1;3845
6;0.25;MoveNorthEast;(15, 21);;(10, 3);1;3846
6;0.25;MoveNorthEast;(16, 20);;(10, 3);1;3847
6;0.25;Idle;(16, 20);;(10, 3);1;3848
6;0.25;Idle;(16, 20);;(10, 3);1;3849
6;0.25;Idle;(16, 20);;(10, 3);1;3850
6;0.25;Idle;(16, 20);;(10, 3);1;3851
6;0.25;Idle;(16, 20);;(10, 3);1;3852
6;0.25;Idle;(16, 20);;(10, 3);1;3853
6;0.25;Idle;(16, 20);;(10, 3);1;3854
6;0.25;Idle;(16, 20);;(10, 3);1;3855
6;0.25;Idle;(16, 20);;(10, 3);1;3856
6;0.25;Idle;(16, 20);;(10, 3);1;3857
6;0.25;Idle;(16, 20);;(10, 3);1;3858
6;0.25;Idle;(16, 20);;(10, 3);1;3859
6;0.25;Idle;(16, 20);;(10, 3);1;3860
6;0.25;Idle;(16, 20);;(10, 3);1;3861
6;0.25;Idle;(16, 20);;(10, 3);1;3862
6;0.25;Idle;(16, 20);;(10, 3);1;3863
6;0.25;Idle;(16, 20);;(10, 3);1;3864
6;0.25;Idle;(16, 20);;(10, 3);1;3865
6;0.25;Idle;(16, 20);;(10, 3);1;3866
6;0.25;Idle;(16, 20);;(10, 3);1;3867
6;0.25;Idle;(16, 20);;(10, 3);1;3868
6;0.25;Idle;(16, 20);;(10, 3);1;3869
6;0.25;Idle;(16, 20);;(10, 3);1;3870
6;0.25;Idle;(16, 20);;(10, 3);1;3871
6;0.25;Idle;(16, 20);;(10, 3);1;3872
6;0.25;Idle;(16, 20);;(10, 3);1;3873
6;0.25;MoveNorthWest;(16, 20);;(10, 3);1;3874
6;0.25;MoveNorthWest;(16, 20);;(10, 3);1;3875
6;0.25;MoveNorthWest;(16, 20);;(10, 3);1;3876
6;0.25;MoveNorthWest;(16, 20);;(10, 3);1;3877
6;0.25;MoveNorthWest;(16, 20);;(10, 3);1;3878
6;0.25;MoveNorthWest;(16, 20);;(10, 3);1;3879
6;0.25;MoveNorthWest;(16, 20);;(10, 3);1;3880
6;0.25;MoveNorthWest;(16, 20);;(10, 3);1;3881
6;0.25;MoveNorthWest;(15, 19);;(10, 3);1;3882
6;0.25;MoveNorthWest;(15, 19);;(10, 3);1;3883
6;0.25;MoveNorthWest;(15, 19);;(10, 3);1;3884
6;0.25;MoveNorthWest;(15, 19);;(10, 3);1;3885
6;0.25;MoveNorthWest;(15, 19);;(10, 3);1;3886
6;0.25;MoveNorthWest;(15, 19);;(10, 3);1;3887
6;0.25;MoveNorthWest;(15, 19);;(10, 3);1;3888
6;0.25;MoveNorthWest;(15, 19);;(10, 3);1;3889
6;0.25;MoveNorthWest;(15, 19);;(10, 3);1;3890
6;0.25;MoveNorthWest;(14, 18);;(10, 3);1;3891
6;0.25;MoveWest;(14, 18);;(10, 3);1;3892
6;0.25;MoveWest;(14, 18);;(10, 3);1;3893
6;0.25;MoveWest;(14, 18);;(10, 3);1;3894
6;0.25;MoveWest;(14, 18);;(10, 3);1;3895
6;0.25;MoveWest;(14, 18);;(10, 3);1;3896
6;0.25;MoveWest;(14, 18);;(10, 3);1;3897
6;0.25;MoveWest;(14, 18);;(10, 3);1;3898
6;0.25;MoveWest;(14, 18);;(10, 3);1;3899
6;0.25;MoveWest;(14, 18);;(10, 3);1;3900
6;0.25;MoveWest;(14, 18);;(10, 3);1;3901
6;0.25;MoveWest;(14, 18);;(10, 3);1;3902
6;0.25;MoveWest;(14, 18);;(10, 3);1;3903
6;0.25;MoveWest;(14, 18);;(10, 3);1;3904
6;0.25;MoveWest;(13, 18);;(10, 3);1;3905
6;0.25;MoveWest;(13, 18);;(10, 3);1;3906
6;0.25;MoveWest;(13, 18);;(10, 3);1;3907
6;0.25;MoveWest;(13, 18);;(10, 3);1;3908
6;0.25;MoveWest;(13, 18);;(10, 3);1;3909
6;0.25;MoveWest;(13, 18);;(10, 3);1;3910
6;0.25;MoveWest;(13, 18);;(10, 3);1;3911
6;0.25;MoveWest;(13, 18);;(10, 3);1;3912
6;0.25;MoveWest;(13, 18);;(10, 3);1;3913
6;0.25;MoveWest;(13, 18);;(10, 3);1;3914
6;0.25;MoveWest;(13, 18);;(10, 3);1;3915
6;0.25;MoveWest;(13, 18);;(10, 3);1;3916
6;0.25;MoveWest;(13, 18);;(10, 3);1;3917
6;0.25;MoveWest;(13, 18);;(10, 3);1;3918
6;0.25;MoveWest;(12, 18);;(10, 3);1;3919
6;0.25;MoveWest;(12, 18);;(10, 3);1;3920
6;0.25;MoveWest;(12, 18);;(10, 3);1;3921
6;0.25;MoveWest;(12, 18);;(10, 3);1;3922
6;0.25;MoveWest;(12, 18);;(10, 3);1;3923
6;0.25;MoveWest;(12, 18);;(10, 3);1;3924
6;0.25;MoveWest;(12, 18);;(10, 3);1;3925
6;0.25;MoveWest;(12, 18);;(10, 3);1;3926
6;0.25;MoveWest;(12, 18);;(10, 3);1;3927
6;0.25;MoveWest;(12, 18);;(10, 3);1;3928
6;0.25;MoveWest;(12, 18);;(10, 3);1;3929
6;0.25;MoveWest;(12, 18);;(10, 3);1;3930
6;0.25;MoveWest;(12, 18);;(10, 3);1;3931
6;0.25;MoveWest;(12, 18);;(10, 3);1;3932
6;0.25;MoveWest;(11, 18);;(10, 3);1;3933
6;0.25;MoveWest;(11, 18);;(10, 3);1;3934
6;0.25;MoveWest;(11, 18);;(10, 3);1;3935
6;0.25;MoveWest;(11, 18);;(10, 3);1;3936
6;0.25;MoveWest;(11, 18);;(10, 3);1;3937
6;0.25;MoveWest;(11, 18);;(10, 3);1;3938
6;0.25;MoveWest;(11, 18);;(10, 3);1;3939
6;0.25;MoveWest;(11, 18);;(10, 3);1;3940
6;0.25;MoveWest;(11, 18);;(10, 3);1;3941
6;0.25;MoveWest;(11, 18);;(10, 3);1;3942
6;0.25;MoveWest;(11, 18);;(10, 3);1;3943
6;0.25;MoveWest;(11, 18);;(10, 3);1;3944
6;0.25;MoveWest;(11, 18);;(10, 3);1;3945
6;0.25;MoveWest;(11, 18);;(10, 3);1;3946
6;0.25;MoveWest;(10, 18);;(10, 3);1;3947
6;0.25;MoveWest;(10, 18);;(10, 3);1;3948
6;0.25;MoveWest;(10, 18);;(10, 3);1;3949
6;0.25;MoveWest;(10, 18);;(10, 3);1;3950
6;0.25;MoveWest;(10, 18);;(10, 3);1;3951
6;0.25;MoveWest;(10, 18);;(10, 3);1;3952
6;0.25;MoveWest;(10, 18);;(10, 3);1;3953
6;0.25;MoveWest;(10, 18);;(10, 3);1;3954
6;0.25;MoveWest;(10, 18);;(10, 3);1;3955
6;0.25;MoveWest;(10, 18);;(10, 3);1;3956
6;0.25;MoveWest;(10, 18);;(10, 3);1;3957
6;0.25;MoveWest;(10, 18);;(10, 3);1;3958
6;0.25;MoveWest;(10, 18);;(10, 3);1;3959
6;0.25;MoveWest;(10, 18);;(10, 3);1;3960
6;0.25;MoveWest;(9, 18);;(10, 3);1;3961
6;0.25;;(9, 18);;(10, 3);1;3962
6;0.25;;(9, 18);;(10, 3);1;3963
6;0.25;;(9, 18);;(10, 3);1;3964
6;0.25;;(9, 18);;(10, 3);1;3965
6;0.25;;(9, 18);;(10, 3);1;3966
6;0.25;;(9, 18);;(10, 3);1;3967
6;0.25;;(9, 18);;(10, 3);1;3968
6;0.25;;(9, 18);;(10, 3);1;3969
6;0.25;;(9, 18);;(10, 3);1;3970
6;0.25;;(9, 18);;(10, 3);1;3971
6;0.25;;(9, 18);;(10, 3);1;3972
6;0.25;;(9, 18);;(10, 3);1;3973
6;0.25;;(9, 18);;(10, 3);1;3974
6;0.25;;(9, 18);;(10, 3);1;3975
6;0.25;;(9, 18);;(10, 3);1;3976
6;0.25;;(9, 18);;(10, 3);1;3977
6;0.25;;(9, 18);;(10, 3);1;3978
6;0.25;;(9, 18);;(10, 3);1;3979
6;0.25;;(9, 18);;(10, 3);1;3980
6;0.25;;(9, 18);;(10, 3);1;3981
6;0.25;;(9, 18);;(10, 3);1;3982
6;0.25;;(9, 18);;(10, 3);1;3983
6;0.25;;(9, 18);;(10, 3);1;3984
6;0.25;;(9, 18);;(10, 3);1;3985
6;0.25;;(9, 18);;(10, 3);1;3986
6;0.25;;(9, 18);;(10, 3);1;3987
6;0.25;;(9, 18);;(10, 3);1;3988
6;0.25;;(9, 18);;(10, 3);1;3989
6;0.25;;(9, 18);;(10, 3);1;3990
6;0.25;;(9, 18);;(10, 3);1;3991
6;0.25;;(9, 18);;(10, 3);1;3992
6;0.25;;(9, 18);;(10, 3);1;3993
6;0.25;;(9, 18);;(10, 3);1;3994
6;0.25;;(9, 18);;(10, 3);1;3995
6;0.25;;(9, 18);;(10, 3);1;3996
6;0.25;;(9, 18);;(10, 3);1;3997
6;0.25;;(9, 18);;(10, 3);1;3998
6;0.25;;(9, 18);;(10, 3);1;3999
6;0.25;;(9, 18);;(10, 3);1;4000
6;0.25;;(9, 18);;(10, 3);1;4001
6;0.25;;(9, 18);;(10, 3);1;4002
6;0.25;;(9, 18);;(10, 3);1;4003
6;0.25;;(9, 18);;(10, 3);1;4004
6;0.25;;(9, 18);;(10, 3);1;4005
6;0.25;;(9, 18);;(10, 3);1;4006
6;0.25;;(9, 18);;(10, 3);1;4007
6;0.25;;(9, 18);;(10, 3);1;4008
6;0.25;;(9, 18);;(10, 3);1;4009
6;0.25;;(9, 18);;(10, 3);1;4010
6;0.25;;(9, 18);;(10, 3);1;4011
6;0.25;;(9, 18);;(10, 3);1;4012
6;0.25;;(9, 18);;(10, 3);1;4013
6;0.25;;(9, 18);;(10, 3);1;4014
6;0.25;;(9, 18);;(10, 3);1;4015
6;0.25;;(9, 18);;(10, 3);1;4016
6;0.25;RemoveObject;(9, 18);;(10, 3);1;4017
6;0.25;RemoveObject;(9, 18);;(10, 3);1;4018
6;0.25;RemoveObject;(9, 18);;(10, 3);1;4019
6;0.25;RemoveObject;(9, 18);;(10, 3);1;4020
6;0.25;RemoveObject;(9, 18);;(10, 3);1;4021
6;0.25;RemoveObject;(9, 18);;(10, 3);1;4022
6;0.25;RemoveObject;(9, 18);;(10, 3);1;4023
6;0.25;RemoveObject;(9, 18);;(10, 3);1;4024
6;0.25;RemoveObject;(9, 18);;(10, 3);1;4025
6;0.25;RemoveObject;(9, 18);;(10, 3);1;4026
6;0.25;RemoveObject;(9, 18);;(10, 3);1;4027
6;0.25;RemoveObject;(9, 18);;(10, 3);1;4028
6;0.25;RemoveObject;(9, 18);;(10, 3);1;4029
6;0.25;RemoveObject;(9, 18);;(10, 3);1;4030
6;0.25;RemoveObject;(9, 18);;(10, 3);1;4031
6;0.25;RemoveObject;(9, 18);;(10, 3);1;4032
6;0.25;RemoveObject;(9, 18);;(10, 3);1;4033
6;0.25;RemoveObject;(9, 18);;(10, 3);1;4034
6;0.25;RemoveObject;(9, 18);;(10, 3);1;4035
6;0.25;RemoveObject;(9, 18);;(10, 3);1;4036
6;0.25;RemoveObject;(9, 18);;(10, 3);1;4037
6;0.25;RemoveObject;(9, 18);;(10, 3);1;4038
6;0.25;RemoveObject;(9, 18);;(10, 3);1;4039
6;0.25;RemoveObject;(9, 18);;(10, 3);1;4040
6;0.25;RemoveObject;(9, 18);;(10, 3);1;4041
6;0.25;RemoveObject;(9, 18);;(10, 3);1;4042
6;0.25;RemoveObject;(9, 18);;(10, 3);1;4043
6;0.25;RemoveObject;(9, 18);;(10, 3);1;4044
6;0.25;RemoveObject;(9, 18);;(10, 3);1;4045
6;0.25;RemoveObject;(9, 18);;(10, 3);1;4046
6;0.25;RemoveObject;(9, 18);;(10, 3);1;4047
6;0.25;RemoveObject;(9, 18);;(10, 3);1;4048
6;0.25;RemoveObject;(9, 18);;(10, 3);1;4049
6;0.25;RemoveObject;(9, 18);;(10, 3);1;4050
6;0.25;RemoveObject;(9, 18);;(10, 3);1;4051
6;0.25;RemoveObject;(9, 18);;(10, 3);1;4052
6;0.25;RemoveObject;(9, 18);;(10, 3);1;4053
6;0.25;RemoveObject;(9, 18);;(10, 3);1;4054
6;0.25;RemoveObject;(9, 18);;(10, 3);1;4055
6;0.25;RemoveObject;(9, 18);;(10, 3);1;4056
6;0.25;RemoveObject;(9, 18);;(10, 3);1;4057
6;0.25;RemoveObject;(9, 18);;(10, 3);1;4058
6;0.25;RemoveObject;(9, 18);;(10, 3);1;4059
6;0.25;RemoveObject;(9, 18);;(10, 3);1;4060
6;0.25;RemoveObject;(9, 18);;(10, 3);1;4061
6;0.25;RemoveObject;(9, 18);;(10, 3);1;4062
6;0.25;RemoveObject;(9, 18);;(10, 3);1;4063
6;0.25;RemoveObject;(9, 18);;(10, 3);1;4064
6;0.25;RemoveObject;(9, 18);;(10, 3);1;4065
6;0.25;RemoveObject;(9, 18);;(10, 3);1;4066
6;0.25;RemoveObject;(9, 18);;(10, 3);1;4067
6;0.25;RemoveObject;(9, 18);;(10, 3);1;4068
6;0.25;RemoveObject;(9, 18);;(10, 3);1;4069
6;0.25;RemoveObject;(9, 18);;(10, 3);1;4070
6;0.25;RemoveObject;(9, 18);;(10, 3);1;4071
6;0.25;RemoveObject;(9, 18);;(10, 3);1;4072
6;0.25;RemoveObject;(9, 18);;(10, 3);1;4073
6;0.25;RemoveObject;(9, 18);;(10, 3);1;4074
6;0.25;RemoveObject;(9, 18);;(10, 3);1;4075
6;0.25;RemoveObject;(9, 18);;(10, 3);1;4076
6;0.25;RemoveObject;(9, 18);;(10, 3);1;4077
6;0.25;RemoveObject;(9, 18);;(10, 3);1;4078
6;0.25;RemoveObject;(9, 18);;(10, 3);1;4079
6;0.25;RemoveObject;(9, 18);;(10, 3);1;4080
6;0.25;RemoveObject;(9, 18);;(10, 3);1;4081
6;0.25;RemoveObject;(9, 18);;(10, 3);1;4082
6;0.25;RemoveObject;(9, 18);;(10, 3);1;4083
6;0.25;RemoveObject;(9, 18);;(10, 3);1;4084
6;0.25;RemoveObject;(9, 18);;(10, 3);1;4085
6;0.25;RemoveObject;(9, 18);;(10, 3);1;4086
6;0.25;RemoveObject;(9, 18);;(10, 3);1;4087
6;0.25;RemoveObject;(9, 18);;(10, 3);1;4088
6;0.25;RemoveObject;(9, 18);;(10, 3);1;4089
6;0.25;RemoveObject;(9, 18);;(10, 3);1;4090
6;0.25;RemoveObject;(9, 18);;(10, 3);1;4091
6;0.25;RemoveObject;(9, 18);;(10, 3);1;4092
6;0.25;RemoveObject;(9, 18);;(10, 3);1;4093
6;0.25;RemoveObject;(9, 18);;(10, 3);1;4094
6;0.25;RemoveObject;(9, 18);;(10, 3);1;4095
6;0.25;RemoveObject;(9, 18);;(10, 3);1;4096
6;0.25;RemoveObject;(9, 18);;(10, 3);1;4097
6;0.25;RemoveObject;(9, 18);;(10, 3);1;4098
6;0.25;RemoveObject;(9, 18);;(10, 3);1;4099
6;0.25;RemoveObject;(9, 18);;(10, 3);1;4100
6;0.25;RemoveObject;(9, 18);;(10, 3);1;4101
6;0.25;RemoveObject;(9, 18);;(10, 3);1;4102
6;0.25;RemoveObject;(9, 18);;(10, 3);1;4103
6;0.25;RemoveObject;(9, 18);;(10, 3);1;4104
6;0.25;RemoveObject;(9, 18);;(10, 3);1;4105
6;0.25;RemoveObject;(9, 18);;(10, 3);1;4106
6;0.25;RemoveObject;(9, 18);;(10, 3);1;4107
6;0.25;RemoveObject;(9, 18);;(10, 3);1;4108
6;0.25;RemoveObject;(9, 18);;(10, 3);1;4109
6;0.25;RemoveObject;(9, 18);;(10, 3);1;4110
6;0.25;RemoveObject;(9, 18);;(10, 3);1;4111
6;0.25;RemoveObject;(9, 18);;(10, 3);1;4112
6;0.25;RemoveObject;(9, 18);;(10, 3);1;4113
6;0.25;RemoveObject;(9, 18);;(10, 3);1;4114
6;0.25;RemoveObject;(9, 18);;(10, 3);1;4115
6;0.25;RemoveObject;(9, 18);;(10, 3);1;4116
6;0.25;RemoveObject;(9, 18);;(10, 3);1;4117
6;0.25;RemoveObject;(9, 18);;(10, 3);1;4118
6;0.25;RemoveObject;(9, 18);;(10, 3);1;4119
6;0.25;RemoveObject;(9, 18);;(10, 3);1;4120
6;0.25;RemoveObject;(9, 18);;(10, 3);1;4121
6;0.25;RemoveObject;(9, 18);;(10, 3);1;4122
6;0.25;RemoveObject;(9, 18);;(10, 3);1;4123
6;0.25;RemoveObject;(9, 18);;(10, 3);1;4124
6;0.25;RemoveObject;(9, 18);;(10, 3);1;4125
6;0.25;RemoveObject;(9, 18);;(10, 3);1;4126
6;0.25;RemoveObject;(9, 18);;(10, 3);1;4127
6;0.25;RemoveObject;(9, 18);;(10, 3);1;4128
6;0.25;RemoveObject;(9, 18);;(10, 3);1;4129
6;0.25;RemoveObject;(9, 18);;(10, 3);1;4130
6;0.25;RemoveObject;(9, 18);;(10, 3);1;4131
6;0.25;RemoveObject;(9, 18);;(10, 3);1;4132
6;0.25;RemoveObject;(9, 18);;(10, 3);1;4133
6;0.25;RemoveObject;(9, 18);;(10, 3);1;4134
6;0.25;RemoveObject;(9, 18);;(10, 3);1;4135
6;0.25;RemoveObject;(9, 18);;(10, 3);1;4136
6;0.25;RemoveObject;(9, 18);;(10, 3);1;4137
6;0.25;RemoveObject;(9, 18);;(10, 3);1;4138
6;0.25;RemoveObject;(9, 18);;(10, 3);1;4139
6;0.25;RemoveObject;(9, 18);;(10, 3);1;4140
6;0.25;RemoveObject;(9, 18);;(10, 3);1;4141
6;0.25;RemoveObject;(9, 18);;(10, 3);1;4142
6;0.25;RemoveObject;(9, 18);;(10, 3);1;4143
6;0.25;RemoveObject;(9, 18);;(10, 3);1;4144
6;0.25;RemoveObject;(9, 18);;(10, 3);1;4145
6;0.25;RemoveObject;(9, 18);;(10, 3);1;4146
6;0.25;RemoveObject;(9, 18);;(10, 3);1;4147
6;0.25;RemoveObject;(9, 18);;(10, 3);1;4148
6;0.25;RemoveObject;(9, 18);;(10, 3);1;4149
6;0.25;RemoveObject;(9, 18);;(10, 3);1;4150
6;0.25;RemoveObject;(9, 18);;(10, 3);1;4151
6;0.25;RemoveObject;(9, 18);;(10, 3);1;4152
6;0.25;RemoveObject;(9, 18);;(10, 3);1;4153
6;0.25;RemoveObject;(9, 18);;(10, 3);1;4154
6;0.25;RemoveObject;(9, 18);;(10, 3);1;4155
6;0.25;RemoveObject;(9, 18);;(10, 3);1;4156
6;0.25;RemoveObject;(9, 18);;(10, 3);1;4157
6;0.25;RemoveObject;(9, 18);;(10, 3);1;4158
6;0.25;RemoveObject;(9, 18);;(10, 3);1;4159
6;0.25;RemoveObject;(9, 18);;(10, 3);1;4160
6;0.25;RemoveObject;(9, 18);;(10, 3);1;4161
6;0.25;RemoveObject;(9, 18);;(10, 3);1;4162
6;0.25;RemoveObject;(9, 18);;(10, 3);1;4163
6;0.25;RemoveObject;(9, 18);;(10, 3);1;4164
6;0.25;RemoveObject;(9, 18);;(10, 3);1;4165
6;0.25;RemoveObject;(9, 18);;(10, 3);1;4166
6;0.25;RemoveObject;(9, 18);;(10, 3);1;4167
6;0.25;RemoveObject;(9, 18);;(10, 3);1;4168
6;0.25;RemoveObject;(9, 18);;(10, 3);1;4169
6;0.25;RemoveObject;(9, 18);;(10, 3);1;4170
6;0.25;RemoveObject;(9, 18);;(10, 3);1;4171
6;0.25;RemoveObject;(9, 18);;(10, 3);1;4172
6;0.25;RemoveObject;(9, 18);;(10, 3);1;4173
6;0.25;RemoveObject;(9, 18);;(10, 3);1;4174
6;0.25;RemoveObject;(9, 18);;(10, 3);1;4175
6;0.25;RemoveObject;(9, 18);;(10, 3);1;4176
6;0.25;RemoveObject;(9, 18);;(10, 3);1;4177
6;0.25;RemoveObject;(9, 18);;(10, 3);1;4178
6;0.25;RemoveObject;(9, 18);;(10, 3);1;4179
6;0.25;RemoveObject;(9, 18);;(10, 3);1;4180
6;0.25;RemoveObject;(9, 18);;(10, 3);1;4181
6;0.25;RemoveObject;(9, 18);;(10, 3);1;4182
6;0.25;RemoveObject;(9, 18);;(10, 3);1;4183
6;0.25;RemoveObject;(9, 18);;(10, 3);1;4184
6;0.25;RemoveObject;(9, 18);;(10, 3);1;4185
6;0.25;RemoveObject;(9, 18);;(10, 3);1;4186
6;0.25;RemoveObject;(9, 18);;(10, 3);1;4187
6;0.25;RemoveObject;(9, 18);;(10, 3);1;4188
6;0.25;RemoveObject;(9, 18);;(10, 3);1;4189
6;0.25;RemoveObject;(9, 18);;(10, 3);1;4190
6;0.25;RemoveObject;(9, 18);;(10, 3);1;4191
6;0.25;RemoveObject;(9, 18);;(10, 3);1;4192
6;0.25;RemoveObject;(9, 18);;(10, 3);1;4193
6;0.25;RemoveObject;(9, 18);;(10, 3);1;4194
6;0.25;RemoveObject;(9, 18);;(10, 3);1;4195
6;0.25;RemoveObject;(9, 18);;(10, 3);1;4196
6;0.25;RemoveObject;(9, 18);;(10, 3);1;4197
6;0.25;RemoveObject;(9, 18);;(10, 3);1;4198
6;0.25;RemoveObject;(9, 18);;(10, 3);1;4199
6;0.25;RemoveObject;(9, 18);;(10, 3);1;4200
6;0.25;RemoveObject;(9, 18);;(10, 3);1;4201
6;0.25;RemoveObject;(9, 18);;(10, 3);1;4202
6;0.25;RemoveObject;(9, 18);;(10, 3);1;4203
6;0.25;RemoveObject;(9, 18);;(10, 3);1;4204
6;0.25;RemoveObject;(9, 18);;(10, 3);1;4205
6;0.25;RemoveObject;(9, 18);;(10, 3);1;4206
6;0.25;RemoveObject;(9, 18);;(10, 3);1;4207
6;0.25;RemoveObject;(9, 18);;(10, 3);1;4208
6;0.25;RemoveObject;(9, 18);;(10, 3);1;4209
6;0.25;RemoveObject;(9, 18);;(10, 3);1;4210
6;0.25;RemoveObject;(9, 18);;(10, 3);1;4211
6;0.25;RemoveObject;(9, 18);;(10, 3);1;4212
6;0.25;RemoveObject;(9, 18);;(10, 3);1;4213
6;0.25;RemoveObject;(9, 18);;(10, 3);1;4214
6;0.25;RemoveObject;(9, 18);;(10, 3);1;4215
6;0.25;RemoveObject;(9, 18);;(10, 3);1;4216
6;0.25;RemoveObject;(9, 18);;(10, 3);1;4217
6;0.25;MoveSouth;(9, 18);;(10, 3);1;4218
6;0.25;MoveSouth;(9, 18);;(10, 3);1;4219
6;0.25;MoveSouth;(9, 18);;(10, 3);1;4220
6;0.25;MoveSouth;(9, 18);;(10, 3);1;4221
6;0.25;MoveSouth;(9, 18);;(10, 3);1;4222
6;0.25;MoveSouth;(9, 18);;(10, 3);1;4223
6;0.25;MoveSouth;(9, 18);;(10, 3);1;4224
6;0.25;MoveSouth;(9, 18);;(10, 3);1;4225
6;0.25;MoveSouth;(9, 19);;(10, 3);1;4226
6;0.25;MoveSouthWest;(9, 19);;(10, 3);1;4227
6;0.25;MoveSouthWest;(9, 19);;(10, 3);1;4228
6;0.25;MoveSouthWest;(9, 19);;(10, 3);1;4229
6;0.25;MoveSouthWest;(9, 19);;(10, 3);1;4230
6;0.25;MoveSouthWest;(9, 19);;(10, 3);1;4231
6;0.25;MoveSouthWest;(9, 19);;(10, 3);1;4232
6;0.25;MoveSouthWest;(9, 19);;(10, 3);1;4233
6;0.25;MoveSouthWest;(9, 19);;(10, 3);1;4234
6;0.25;MoveSouthWest;(8, 20);;(10, 3);1;4235
6;0.25;MoveSouthEast;(8, 20);;(10, 3);1;4236
6;0.25;MoveSouthEast;(8, 20);;(10, 3);1;4237
6;0.25;MoveSouthEast;(8, 20);;(10, 3);1;4238
6;0.25;MoveSouthEast;(8, 20);;(10, 3);1;4239
6;0.25;MoveSouthEast;(8, 20);;(10, 3);1;4240
6;0.25;MoveSouthEast;(8, 20);;(10, 3);1;4241
6;0.25;MoveSouthEast;(8, 20);;(10, 3);1;4242
6;0.25;MoveSouthEast;(8, 20);;(10, 3);1;4243
6;0.25;MoveSouthEast;(9, 21);;(10, 3);1;4244
6;0.25;MoveNorthEast;(9, 21);;(10, 3);1;4245
6;0.25;MoveNorthEast;(9, 21);;(10, 3);1;4246
6;0.25;MoveNorthEast;(9, 21);;(10, 3);1;4247
6;0.25;MoveNorthEast;(9, 21);;(10, 3);1;4248
6;0.25;MoveNorthEast;(9, 21);;(10, 3);1;4249
6;0.25;MoveNorthEast;(9, 21);;(10, 3);1;4250
6;0.25;MoveNorthEast;(9, 21);;(10, 3);1;4251
6;0.25;MoveNorthEast;(9, 21);;(10, 3);1;4252
6;0.25;MoveNorthEast;(10, 20);;(10, 3);1;4253
6;0.25;Idle;(10, 20);;(10, 3);1;4254
6;0.25;Idle;(10, 20);;(10, 3);1;4255
6;0.25;Idle;(10, 20);;(10, 3);1;4256
6;0.25;Idle;(10, 20);;(10, 3);1;4257
6;0.25;Idle;(10, 20);;(10, 3);1;4258
6;0.25;Idle;(10, 20);;(10, 3);1;4259
6;0.25;Idle;(10, 20);;(10, 3);1;4260
6;0.25;Idle;(10, 20);;(10, 3);1;4261
6;0.25;Idle;(10, 20);;(10, 3);1;4262
6;0.25;Idle;(10, 20);;(10, 3);1;4263
6;0.25;Idle;(10, 20);;(10, 3);1;4264
6;0.25;Idle;(10, 20);;(10, 3);1;4265
6;0.25;Idle;(10, 20);;(10, 3);1;4266
6;0.25;Idle;(10, 20);;(10, 3);1;4267
6;0.25;Idle;(10, 20);;(10, 3);1;4268
6;0.25;Idle;(10, 20);;(10, 3);1;4269
6;0.25;Idle;(10, 20);;(10, 3);1;4270
6;0.25;Idle;(10, 20);;(10, 3);1;4271
6;0.25;Idle;(10, 20);;(10, 3);1;4272
6;0.25;Idle;(10, 20);;(10, 3);1;4273
6;0.25;Idle;(10, 20);;(10, 3);1;4274
6;0.25;Idle;(10, 20);;(10, 3);1;4275
6;0.25;Idle;(10, 20);;(10, 3);1;4276
6;0.25;Idle;(10, 20);;(10, 3);1;4277
6;0.25;Idle;(10, 20);;(10, 3);1;4278
6;0.25;Idle;(10, 20);;(10, 3);1;4279
6;0.25;MoveNorthWest;(10, 20);;(10, 3);1;4280
6;0.25;MoveNorthWest;(10, 20);;(10, 3);1;4281
6;0.25;MoveNorthWest;(10, 20);;(10, 3);1;4282
6;0.25;MoveNorthWest;(10, 20);;(10, 3);1;4283
6;0.25;MoveNorthWest;(10, 20);;(10, 3);1;4284
6;0.25;MoveNorthWest;(10, 20);;(10, 3);1;4285
6;0.25;MoveNorthWest;(10, 20);;(10, 3);1;4286
6;0.25;MoveNorthWest;(10, 20);;(10, 3);1;4287
6;0.25;MoveNorthWest;(9, 19);;(10, 3);1;4288
6;0.25;MoveNorth;(9, 19);;(10, 3);1;4289
6;0.25;MoveNorth;(9, 19);;(10, 3);1;4290
6;0.25;MoveNorth;(9, 19);;(10, 3);1;4291
6;0.25;MoveNorth;(9, 19);;(10, 3);1;4292
6;0.25;MoveNorth;(9, 19);;(10, 3);1;4293
6;0.25;MoveNorth;(9, 19);;(10, 3);1;4294
6;0.25;MoveNorth;(9, 19);;(10, 3);1;4295
6;0.25;MoveNorth;(9, 19);;(10, 3);1;4296
6;0.25;MoveNorth;(9, 18);;(10, 3);1;4297
6;0.25;MoveNorth;(9, 18);;(10, 3);1;4298
6;0.25;MoveNorth;(9, 18);;(10, 3);1;4299
6;0.25;MoveNorth;(9, 18);;(10, 3);1;4300
6;0.25;MoveNorth;(9, 18);;(10, 3);1;4301
6;0.25;MoveNorth;(9, 18);;(10, 3);1;4302
6;0.25;MoveNorth;(9, 18);;(10, 3);1;4303
6;0.25;MoveNorth;(9, 18);;(10, 3);1;4304
6;0.25;MoveNorth;(9, 18);;(10, 3);1;4305
6;0.25;MoveNorth;(9, 17);;(10, 3);1;4306
6;0.25;;(9, 17);;(10, 3);1;4307
6;0.25;;(9, 17);;(10, 3);1;4308
6;0.25;;(9, 17);;(10, 3);1;4309
6;0.25;;(9, 17);;(10, 3);1;4310
6;0.25;;(9, 17);;(10, 3);1;4311
6;0.25;;(9, 17);;(10, 3);1;4312
6;0.25;;(9, 17);;(10, 3);1;4313
6;0.25;;(9, 17);;(10, 3);1;4314
6;0.25;;(9, 17);;(10, 3);1;4315
6;0.25;;(9, 17);;(10, 3);1;4316
6;0.25;;(9, 17);;(10, 3);1;4317
6;0.25;;(9, 17);;(10, 3);1;4318
6;0.25;;(9, 17);;(10, 3);1;4319
6;0.25;;(9, 17);;(10, 3);1;4320
6;0.25;;(9, 17);;(10, 3);1;4321
6;0.25;;(9, 17);;(10, 3);1;4322
6;0.25;;(9, 17);;(10, 3);1;4323
6;0.25;;(9, 17);;(10, 3);1;4324
6;0.25;;(9, 17);;(10, 3);1;4325
6;0.25;;(9, 17);;(10, 3);1;4326
6;0.25;;(9, 17);;(10, 3);1;4327
6;0.25;;(9, 17);;(10, 3);1;4328
6;0.25;;(9, 17);;(10, 3);1;4329
6;0.25;;(9, 17);;(10, 3);1;4330
6;0.25;;(9, 17);;(10, 3);1;4331
6;0.25;;(9, 17);;(10, 3);1;4332
6;0.25;;(9, 17);;(10, 3);1;4333
6;0.25;;(9, 17);;(10, 3);1;4334
6;0.25;;(9, 17);;(10, 3);1;4335
6;0.25;;(9, 17);;(10, 3);1;4336
6;0.25;;(9, 17);;(10, 3);1;4337
6;0.25;;(9, 17);;(10, 3);1;4338
6;0.25;;(9, 17);;(10, 3);1;4339
6;0.25;;(9, 17);;(10, 3);1;4340
6;0.25;;(9, 17);;(10, 3);1;4341
6;0.25;;(9, 17);;(10, 3);1;4342
6;0.25;;(9, 17);;(10, 3);1;4343
6;0.25;;(9, 17);;(10, 3);1;4344
6;0.25;;(9, 17);;(10, 3);1;4345
6;0.25;;(9, 17);;(10, 3);1;4346
6;0.25;;(9, 17);;(10, 3);1;4347
6;0.25;;(9, 17);;(10, 3);1;4348
6;0.25;;(9, 17);;(10, 3);1;4349
6;0.25;;(9, 17);;(10, 3);1;4350
6;0.25;;(9, 17);;(10, 3);1;4351
6;0.25;;(9, 17);;(10, 3);1;4352
6;0.25;;(9, 17);;(10, 3);1;4353
6;0.25;;(9, 17);;(10, 3);1;4354
6;0.25;;(9, 17);;(10, 3);1;4355
6;0.25;;(9, 17);;(10, 3);1;4356
6;0.25;;(9, 17);;(10, 3);1;4357
6;0.25;;(9, 17);;(10, 3);1;4358
6;0.25;;(9, 17);;(10, 3);1;4359
6;0.25;;(9, 17);;(10, 3);1;4360
6;0.25;;(9, 17);;(10, 3);1;4361
6;0.25;;(9, 17);;(10, 3);1;4362
6;0.25;;(9, 17);;(10, 3);1;4363
6;0.25;;(9, 17);;(10, 3);1;4364
6;0.25;;(9, 17);;(10, 3);1;4365
6;0.25;;(9, 17);;(10, 3);1;4366
6;0.25;;(9, 17);;(10, 3);1;4367
6;0.25;;(9, 17);;(10, 3);1;4368
6;0.25;;(9, 17);;(10, 3);1;4369
6;0.25;;(9, 17);;(10, 3);1;4370
6;0.25;;(9, 17);;(10, 3);1;4371
6;0.25;;(9, 17);;(10, 3);1;4372
6;0.25;;(9, 17);;(10, 3);1;4373
6;0.25;;(9, 17);;(10, 3);1;4374
6;0.25;;(9, 17);;(10, 3);1;4375
6;0.25;;(9, 17);;(10, 3);1;4376
6;0.25;;(9, 17);;(10, 3);1;4377
6;0.25;;(9, 17);;(10, 3);1;4378
6;0.25;;(9, 17);;(10, 3);1;4379
6;0.25;;(9, 17);;(10, 3);1;4380
6;0.25;;(9, 17);;(10, 3);1;4381
6;0.25;;(9, 17);;(10, 3);1;4382
6;0.25;;(9, 17);;(10, 3);1;4383
6;0.25;;(9, 17);;(10, 3);1;4384
6;0.25;;(9, 17);;(10, 3);1;4385
6;0.25;;(9, 17);;(10, 3);1;4386
6;0.25;;(9, 17);;(10, 3);1;4387
6;0.25;;(9, 17);;(10, 3);1;4388
6;0.25;;(9, 17);;(10, 3);1;4389
6;0.25;;(9, 17);;(10, 3);1;4390
6;0.25;;(9, 17);;(10, 3);1;4391
6;0.25;;(9, 17);;(10, 3);1;4392
6;0.25;;(9, 17);;(10, 3);1;4393
6;0.25;;(9, 17);;(10, 3);1;4394
6;0.25;;(9, 17);;(10, 3);1;4395
6;0.25;;(9, 17);;(10, 3);1;4396
6;0.25;;(9, 17);;(10, 3);1;4397
6;0.25;;(9, 17);;(10, 3);1;4398
6;0.25;;(9, 17);;(10, 3);1;4399
6;0.25;;(9, 17);;(10, 3);1;4400
6;0.25;;(9, 17);;(10, 3);1;4401
6;0.25;;(9, 17);;(10, 3);1;4402
6;0.25;;(9, 17);;(10, 3);1;4403
6;0.25;;(9, 17);;(10, 3);1;4404
6;0.25;;(9, 17);;(10, 3);1;4405
6;0.25;;(9, 17);;(10, 3);1;4406
6;0.25;;(9, 17);;(10, 3);1;4407
6;0.25;;(9, 17);;(10, 3);1;4408
6;0.25;;(9, 17);;(10, 3);1;4409
6;0.25;;(9, 17);;(10, 3);1;4410
6;0.25;;(9, 17);;(10, 3);1;4411
6;0.25;;(9, 17);;(10, 3);1;4412
6;0.25;;(9, 17);;(10, 3);1;4413
6;0.25;;(9, 17);;(10, 3);1;4414
6;0.25;;(9, 17);;(10, 3);1;4415
6;0.25;;(9, 17);;(10, 3);1;4416
6;0.25;;(9, 17);;(10, 3);1;4417
6;0.25;;(9, 17);;(10, 3);1;4418
6;0.25;;(9, 17);;(10, 3);1;4419
6;0.25;;(9, 17);;(10, 3);1;4420
6;0.25;;(9, 17);;(10, 3);1;4421
6;0.25;;(9, 17);;(10, 3);1;4422
6;0.25;;(9, 17);;(10, 3);1;4423
6;0.25;;(9, 17);;(10, 3);1;4424
6;0.25;;(9, 17);;(10, 3);1;4425
6;0.25;;(9, 17);;(10, 3);1;4426
6;0.25;;(9, 17);;(10, 3);1;4427
6;0.25;;(9, 17);;(10, 3);1;4428
6;0.25;;(9, 17);;(10, 3);1;4429
6;0.25;;(9, 17);;(10, 3);1;4430
6;0.25;;(9, 17);;(10, 3);1;4431
6;0.25;;(9, 17);;(10, 3);1;4432
6;0.25;;(9, 17);;(10, 3);1;4433
6;0.25;;(9, 17);;(10, 3);1;4434
6;0.25;;(9, 17);;(10, 3);1;4435
6;0.25;;(9, 17);;(10, 3);1;4436
6;0.25;;(9, 17);;(10, 3);1;4437
6;0.25;;(9, 17);;(10, 3);1;4438
6;0.25;;(9, 17);;(10, 3);1;4439
6;0.25;;(9, 17);;(10, 3);1;4440
6;0.25;;(9, 17);;(10, 3);1;4441
6;0.25;;(9, 17);;(10, 3);1;4442
6;0.25;;(9, 17);;(10, 3);1;4443
6;0.25;;(9, 17);;(10, 3);1;4444
6;0.25;;(9, 17);;(10, 3);1;4445
6;0.25;;(9, 17);;(10, 3);1;4446
6;0.25;;(9, 17);;(10, 3);1;4447
6;0.25;;(9, 17);;(10, 3);1;4448
6;0.25;;(9, 17);;(10, 3);1;4449
6;0.25;;(9, 17);;(10, 3);1;4450
6;0.25;;(9, 17);;(10, 3);1;4451
6;0.25;;(9, 17);;(10, 3);1;4452
6;0.25;;(9, 17);;(10, 3);1;4453
6;0.25;;(9, 17);;(10, 3);1;4454
6;0.25;;(9, 17);;(10, 3);1;4455
6;0.25;;(9, 17);;(10, 3);1;4456
6;0.25;;(9, 17);;(10, 3);1;4457
6;0.25;;(9, 17);;(10, 3);1;4458
6;0.25;;(9, 17);;(10, 3);1;4459
6;0.25;;(9, 17);;(10, 3);1;4460
6;0.25;;(9, 17);;(10, 3);1;4461
6;0.25;;(9, 17);;(10, 3);1;4462
6;0.25;;(9, 17);;(10, 3);1;4463
6;0.25;;(9, 17);;(10, 3);1;4464
6;0.25;;(9, 17);;(10, 3);1;4465
6;0.25;;(9, 17);;(10, 3);1;4466
6;0.25;;(9, 17);;(10, 3);1;4467
6;0.25;;(9, 17);;(10, 3);1;4468
6;0.25;;(9, 17);;(10, 3);1;4469
6;0.25;;(9, 17);;(10, 3);1;4470
6;0.25;;(9, 17);;(10, 3);1;4471
6;0.25;;(9, 17);;(10, 3);1;4472
6;0.25;;(9, 17);;(10, 3);1;4473
6;0.25;;(9, 17);;(10, 3);1;4474
6;0.25;;(9, 17);;(10, 3);1;4475
6;0.25;;(9, 17);;(10, 3);1;4476
6;0.25;;(9, 17);;(10, 3);1;4477
6;0.25;;(9, 17);;(10, 3);1;4478
6;0.25;;(9, 17);;(10, 3);1;4479
6;0.25;;(9, 17);;(10, 3);1;4480
6;0.25;;(9, 17);;(10, 3);1;4481
6;0.25;;(9, 17);;(10, 3);1;4482
6;0.25;;(9, 17);;(10, 3);1;4483
6;0.25;;(9, 17);;(10, 3);1;4484
6;0.25;;(9, 17);;(10, 3);1;4485
6;0.25;;(9, 17);;(10, 3);1;4486
6;0.25;;(9, 17);;(10, 3);1;4487
6;0.25;;(9, 17);;(10, 3);1;4488
6;0.25;;(9, 17);;(10, 3);1;4489
6;0.25;;(9, 17);;(10, 3);1;4490
6;0.25;;(9, 17);;(10, 3);1;4491
6;0.25;;(9, 17);;(10, 3);1;4492
6;0.25;;(9, 17);;(10, 3);1;4493
6;0.25;;(9, 17);;(10, 3);1;4494
6;0.25;;(9, 17);;(10, 3);1;4495
6;0.25;;(9, 17);;(10, 3);1;4496
6;0.25;;(9, 17);;(10, 3);1;4497
6;0.25;;(9, 17);;(10, 3);1;4498
6;0.25;;(9, 17);;(10, 3);1;4499
6;0.25;;(9, 17);;(10, 3);1;4500
6;0.25;;(9, 17);;(10, 3);1;4501
6;0.25;;(9, 17);;(10, 3);1;4502
6;0.25;;(9, 17);;(10, 3);1;4503
6;0.25;;(9, 17);;(10, 3);1;4504
6;0.25;;(9, 17);;(10, 3);1;4505
6;0.25;;(9, 17);;(10, 3);1;4506
6;0.25;;(9, 17);;(10, 3);1;4507
6;0.25;;(9, 17);;(10, 3);1;4508
6;0.25;;(9, 17);;(10, 3);1;4509
6;0.25;;(9, 17);;(10, 3);1;4510
6;0.25;;(9, 17);;(10, 3);1;4511
6;0.25;;(9, 17);;(10, 3);1;4512
6;0.25;;(9, 17);;(10, 3);1;4513
6;0.25;;(9, 17);;(10, 3);1;4514
6;0.25;;(9, 17);;(10, 3);1;4515
6;0.25;;(9, 17);;(10, 3);1;4516
6;0.25;;(9, 17);;(10, 3);1;4517
6;0.25;RemoveObject;(9, 17);;(10, 3);1;4518
6;0.25;RemoveObject;(9, 17);;(10, 3);1;4519
6;0.25;RemoveObject;(9, 17);;(10, 3);1;4520
6;0.25;RemoveObject;(9, 17);;(10, 3);1;4521
6;0.25;RemoveObject;(9, 17);;(10, 3);1;4522
6;0.25;RemoveObject;(9, 17);;(10, 3);1;4523
6;0.25;RemoveObject;(9, 17);;(10, 3);1;4524
6;0.25;RemoveObject;(9, 17);;(10, 3);1;4525
6;0.25;RemoveObject;(9, 17);;(10, 3);1;4526
6;0.25;RemoveObject;(9, 17);;(10, 3);1;4527
6;0.25;RemoveObject;(9, 17);;(10, 3);1;4528
6;0.25;RemoveObject;(9, 17);;(10, 3);1;4529
6;0.25;RemoveObject;(9, 17);;(10, 3);1;4530
6;0.25;RemoveObject;(9, 17);;(10, 3);1;4531
6;0.25;RemoveObject;(9, 17);;(10, 3);1;4532
6;0.25;RemoveObject;(9, 17);;(10, 3);1;4533
6;0.25;RemoveObject;(9, 17);;(10, 3);1;4534
6;0.25;RemoveObject;(9, 17);;(10, 3);1;4535
6;0.25;RemoveObject;(9, 17);;(10, 3);1;4536
6;0.25;RemoveObject;(9, 17);;(10, 3);1;4537
6;0.25;RemoveObject;(9, 17);;(10, 3);1;4538
6;0.25;RemoveObject;(9, 17);;(10, 3);1;4539
6;0.25;RemoveObject;(9, 17);;(10, 3);1;4540
6;0.25;RemoveObject;(9, 17);;(10, 3);1;4541
6;0.25;RemoveObject;(9, 17);;(10, 3);1;4542
6;0.25;RemoveObject;(9, 17);;(10, 3);1;4543
6;0.25;RemoveObject;(9, 17);;(10, 3);1;4544
6;0.25;RemoveObject;(9, 17);;(10, 3);1;4545
6;0.25;RemoveObject;(9, 17);;(10, 3);1;4546
6;0.25;RemoveObject;(9, 17);;(10, 3);1;4547
6;0.25;RemoveObject;(9, 17);;(10, 3);1;4548
6;0.25;RemoveObject;(9, 17);;(10, 3);1;4549
6;0.25;RemoveObject;(9, 17);;(10, 3);1;4550
6;0.25;RemoveObject;(9, 17);;(10, 3);1;4551
6;0.25;RemoveObject;(9, 17);;(10, 3);1;4552
6;0.25;RemoveObject;(9, 17);;(10, 3);1;4553
6;0.25;RemoveObject;(9, 17);;(10, 3);1;4554
6;0.25;RemoveObject;(9, 17);;(10, 3);1;4555
6;0.25;RemoveObject;(9, 17);;(10, 3);1;4556
6;0.25;RemoveObject;(9, 17);;(10, 3);1;4557
6;0.25;RemoveObject;(9, 17);;(10, 3);1;4558
6;0.25;RemoveObject;(9, 17);;(10, 3);1;4559
6;0.25;RemoveObject;(9, 17);;(10, 3);1;4560
6;0.25;RemoveObject;(9, 17);;(10, 3);1;4561
6;0.25;RemoveObject;(9, 17);;(10, 3);1;4562
6;0.25;RemoveObject;(9, 17);;(10, 3);1;4563
6;0.25;RemoveObject;(9, 17);;(10, 3);1;4564
6;0.25;RemoveObject;(9, 17);;(10, 3);1;4565
6;0.25;RemoveObject;(9, 17);;(10, 3);1;4566
6;0.25;RemoveObject;(9, 17);;(10, 3);1;4567
6;0.25;RemoveObject;(9, 17);;(10, 3);1;4568
6;0.25;RemoveObject;(9, 17);;(10, 3);1;4569
6;0.25;RemoveObject;(9, 17);;(10, 3);1;4570
6;0.25;RemoveObject;(9, 17);;(10, 3);1;4571
6;0.25;RemoveObject;(9, 17);;(10, 3);1;4572
6;0.25;RemoveObject;(9, 17);;(10, 3);1;4573
6;0.25;RemoveObject;(9, 17);;(10, 3);1;4574
6;0.25;RemoveObject;(9, 17);;(10, 3);1;4575
6;0.25;RemoveObject;(9, 17);;(10, 3);1;4576
6;0.25;RemoveObject;(9, 17);;(10, 3);1;4577
6;0.25;RemoveObject;(9, 17);;(10, 3);1;4578
6;0.25;RemoveObject;(9, 17);;(10, 3);1;4579
6;0.25;RemoveObject;(9, 17);;(10, 3);1;4580
6;0.25;RemoveObject;(9, 17);;(10, 3);1;4581
6;0.25;RemoveObject;(9, 17);;(10, 3);1;4582
6;0.25;RemoveObject;(9, 17);;(10, 3);1;4583
6;0.25;RemoveObject;(9, 17);;(10, 3);1;4584
6;0.25;RemoveObject;(9, 17);;(10, 3);1;4585
6;0.25;RemoveObject;(9, 17);;(10, 3);1;4586
6;0.25;RemoveObject;(9, 17);;(10, 3);1;4587
6;0.25;RemoveObject;(9, 17);;(10, 3);1;4588
6;0.25;RemoveObject;(9, 17);;(10, 3);1;4589
6;0.25;RemoveObject;(9, 17);;(10, 3);1;4590
6;0.25;RemoveObject;(9, 17);;(10, 3);1;4591
6;0.25;RemoveObject;(9, 17);;(10, 3);1;4592
6;0.25;RemoveObject;(9, 17);;(10, 3);1;4593
6;0.25;RemoveObject;(9, 17);;(10, 3);1;4594
6;0.25;RemoveObject;(9, 17);;(10, 3);1;4595
6;0.25;RemoveObject;(9, 17);;(10, 3);1;4596
6;0.25;RemoveObject;(9, 17);;(10, 3);1;4597
6;0.25;RemoveObject;(9, 17);;(10, 3);1;4598
6;0.25;RemoveObject;(9, 17);;(10, 3);1;4599
6;0.25;RemoveObject;(9, 17);;(10, 3);1;4600
6;0.25;RemoveObject;(9, 17);;(10, 3);1;4601
6;0.25;RemoveObject;(9, 17);;(10, 3);1;4602
6;0.25;RemoveObject;(9, 17);;(10, 3);1;4603
6;0.25;RemoveObject;(9, 17);;(10, 3);1;4604
6;0.25;RemoveObject;(9, 17);;(10, 3);1;4605
6;0.25;RemoveObject;(9, 17);;(10, 3);1;4606
6;0.25;RemoveObject;(9, 17);;(10, 3);1;4607
6;0.25;RemoveObject;(9, 17);;(10, 3);1;4608
6;0.25;RemoveObject;(9, 17);;(10, 3);1;4609
6;0.25;RemoveObject;(9, 17);;(10, 3);1;4610
6;0.25;RemoveObject;(9, 17);;(10, 3);1;4611
6;0.25;RemoveObject;(9, 17);;(10, 3);1;4612
6;0.25;RemoveObject;(9, 17);;(10, 3);1;4613
6;0.25;RemoveObject;(9, 17);;(10, 3);1;4614
6;0.25;RemoveObject;(9, 17);;(10, 3);1;4615
6;0.25;RemoveObject;(9, 17);;(10, 3);1;4616
6;0.25;RemoveObject;(9, 17);;(10, 3);1;4617
6;0.25;RemoveObject;(9, 17);;(10, 3);1;4618
6;0.25;MoveNorth;(9, 17);;(10, 3);1;4619
6;0.25;MoveNorth;(9, 17);;(10, 3);1;4620
6;0.25;MoveNorth;(9, 17);;(10, 3);1;4621
6;0.25;MoveNorth;(9, 17);;(10, 3);1;4622
6;0.25;MoveNorth;(9, 17);;(10, 3);1;4623
6;0.25;MoveNorth;(9, 17);;(10, 3);1;4624
6;0.25;MoveNorth;(9, 17);;(10, 3);1;4625
6;0.25;MoveNorth;(9, 17);;(10, 3);1;4626
6;0.25;MoveNorth;(9, 16);;(10, 3);1;4627
6;0.25;MoveNorthWest;(9, 16);;(10, 3);1;4628
6;0.25;MoveNorthWest;(9, 16);;(10, 3);1;4629
6;0.25;MoveNorthWest;(9, 16);;(10, 3);1;4630
6;0.25;MoveNorthWest;(9, 16);;(10, 3);1;4631
6;0.25;MoveNorthWest;(9, 16);;(10, 3);1;4632
6;0.25;MoveNorthWest;(9, 16);;(10, 3);1;4633
6;0.25;MoveNorthWest;(9, 16);;(10, 3);1;4634
6;0.25;MoveNorthWest;(9, 16);;(10, 3);1;4635
6;0.25;MoveNorthWest;(8, 15);;(10, 3);1;4636
6;0.25;MoveNorth;(8, 15);;(10, 3);1;4637
6;0.25;MoveNorth;(8, 15);;(10, 3);1;4638
6;0.25;MoveNorth;(8, 15);;(10, 3);1;4639
6;0.25;MoveNorth;(8, 15);;(10, 3);1;4640
6;0.25;MoveNorth;(8, 15);;(10, 3);1;4641
6;0.25;MoveNorth;(8, 15);;(10, 3);1;4642
6;0.25;MoveNorth;(8, 15);;(10, 3);1;4643
6;0.25;MoveNorth;(8, 15);;(10, 3);1;4644
6;0.25;MoveNorth;(8, 14);;(10, 3);1;4645
6;0.25;MoveSouthEast;(8, 14);;(10, 3);1;4646
6;0.25;MoveSouthEast;(8, 14);;(10, 3);1;4647
6;0.25;MoveSouthEast;(8, 14);;(10, 3);1;4648
6;0.25;MoveSouthEast;(8, 14);;(10, 3);1;4649
6;0.25;MoveSouthEast;(8, 14);;(10, 3);1;4650
6;0.25;MoveSouthEast;(8, 14);;(10, 3);1;4651
6;0.25;MoveSouthEast;(8, 14);;(10, 3);1;4652
6;0.25;MoveSouthEast;(8, 14);;(10, 3);1;4653
6;0.25;MoveSouthEast;(9, 15);;(10, 3);1;4654
6;0.25;MoveNorthEast;(9, 15);;(10, 3);1;4655
6;0.25;MoveNorthEast;(9, 15);;(10, 3);1;4656
6;0.25;MoveNorthEast;(9, 15);;(10, 3);1;4657
6;0.25;MoveNorthEast;(9, 15);;(10, 3);1;4658
6;0.25;MoveNorthEast;(9, 15);;(10, 3);1;4659
6;0.25;MoveNorthEast;(9, 15);;(10, 3);1;4660
6;0.25;MoveNorthEast;(9, 15);;(10, 3);1;4661
6;0.25;MoveNorthEast;(9, 15);;(10, 3);1;4662
6;0.25;MoveNorthEast;(10, 14);;(10, 3);1;4663
6;0.25;Idle;(10, 14);;(10, 3);1;4664
6;0.25;Idle;(10, 14);;(10, 3);1;4665
6;0.25;Idle;(10, 14);;(10, 3);1;4666
6;0.25;Idle;(10, 14);;(10, 3);1;4667
6;0.25;Idle;(10, 14);;(10, 3);1;4668
6;0.25;Idle;(10, 14);;(10, 3);1;4669
6;0.25;Idle;(10, 14);;(10, 3);1;4670
6;0.25;Idle;(10, 14);;(10, 3);1;4671
6;0.25;Idle;(10, 14);;(10, 3);1;4672
6;0.25;Idle;(10, 14);;(10, 3);1;4673
6;0.25;Idle;(10, 14);;(10, 3);1;4674
6;0.25;Idle;(10, 14);;(10, 3);1;4675
6;0.25;Idle;(10, 14);;(10, 3);1;4676
6;0.25;Idle;(10, 14);;(10, 3);1;4677
6;0.25;Idle;(10, 14);;(10, 3);1;4678
6;0.25;Idle;(10, 14);;(10, 3);1;4679
6;0.25;Idle;(10, 14);;(10, 3);1;4680
6;0.25;Idle;(10, 14);;(10, 3);1;4681
6;0.25;Idle;(10, 14);;(10, 3);1;4682
6;0.25;Idle;(10, 14);;(10, 3);1;4683
6;0.25;Idle;(10, 14);;(10, 3);1;4684
6;0.25;Idle;(10, 14);;(10, 3);1;4685
6;0.25;Idle;(10, 14);;(10, 3);1;4686
6;0.25;Idle;(10, 14);;(10, 3);1;4687
6;0.25;Idle;(10, 14);;(10, 3);1;4688
6;0.25;Idle;(10, 14);;(10, 3);1;4689
6;0.25;MoveSouthWest;(10, 14);;(10, 3);1;4690
6;0.25;MoveSouthWest;(10, 14);;(10, 3);1;4691
6;0.25;MoveSouthWest;(10, 14);;(10, 3);1;4692
6;0.25;MoveSouthWest;(10, 14);;(10, 3);1;4693
6;0.25;MoveSouthWest;(10, 14);;(10, 3);1;4694
6;0.25;MoveSouthWest;(10, 14);;(10, 3);1;4695
6;0.25;MoveSouthWest;(10, 14);;(10, 3);1;4696
6;0.25;MoveSouthWest;(10, 14);;(10, 3);1;4697
6;0.25;MoveSouthWest;(9, 15);;(10, 3);1;4698
6;0.25;MoveSouth;(9, 15);;(10, 3);1;4699
6;0.25;MoveSouth;(9, 15);;(10, 3);1;4700
6;0.25;MoveSouth;(9, 15);;(10, 3);1;4701
6;0.25;MoveSouth;(9, 15);;(10, 3);1;4702
6;0.25;MoveSouth;(9, 15);;(10, 3);1;4703
6;0.25;MoveSouth;(9, 15);;(10, 3);1;4704
6;0.25;MoveSouth;(9, 15);;(10, 3);1;4705
6;0.25;MoveSouth;(9, 15);;(10, 3);1;4706
6;0.25;MoveSouth;(9, 16);;(10, 3);1;4707
6;0.25;MoveSouthWest;(9, 16);;(10, 3);1;4708
6;0.25;MoveSouthWest;(9, 16);;(10, 3);1;4709
6;0.25;MoveSouthWest;(9, 16);;(10, 3);1;4710
6;0.25;MoveSouthWest;(9, 16);;(10, 3);1;4711
6;0.25;MoveSouthWest;(9, 16);;(10, 3);1;4712
6;0.25;MoveSouthWest;(9, 16);;(10, 3);1;4713
6;0.25;MoveSouthWest;(9, 16);;(10, 3);1;4714
6;0.25;MoveSouthWest;(9, 16);;(10, 3);1;4715
6;0.25;MoveSouthWest;(8, 17);;(10, 3);1;4716
6;0.25;MoveWest;(8, 17);;(10, 3);1;4717
6;0.25;MoveWest;(8, 17);;(10, 3);1;4718
6;0.25;MoveWest;(8, 17);;(10, 3);1;4719
6;0.25;MoveWest;(8, 17);;(10, 3);1;4720
6;0.25;MoveWest;(8, 17);;(10, 3);1;4721
6;0.25;MoveWest;(8, 17);;(10, 3);1;4722
6;0.25;MoveWest;(8, 17);;(10, 3);1;4723
6;0.25;MoveWest;(8, 17);;(10, 3);1;4724
6;0.25;MoveWest;(8, 17);;(10, 3);1;4725
6;0.25;MoveWest;(8, 17);;(10, 3);1;4726
6;0.25;MoveWest;(8, 17);;(10, 3);1;4727
6;0.25;MoveWest;(8, 17);;(10, 3);1;4728
6;0.25;MoveWest;(8, 17);;(10, 3);1;4729
6;0.25;MoveWest;(7, 17);;(10, 3);1;4730
6;0.25;MoveWest;(7, 17);;(10, 3);1;4731
6;0.25;MoveWest;(7, 17);;(10, 3);1;4732
6;0.25;MoveWest;(7, 17);;(10, 3);1;4733
6;0.25;MoveWest;(7, 17);;(10, 3);1;4734
6;0.25;MoveWest;(7, 17);;(10, 3);1;4735
6;0.25;MoveWest;(7, 17);;(10, 3);1;4736
6;0.25;MoveWest;(7, 17);;(10, 3);1;4737
6;0.25;MoveWest;(7, 17);;(10, 3);1;4738
6;0.25;MoveWest;(7, 17);;(10, 3);1;4739
6;0.25;MoveWest;(7, 17);;(10, 3);1;4740
6;0.25;MoveWest;(7, 17);;(10, 3);1;4741
6;0.25;MoveWest;(7, 17);;(10, 3);1;4742
6;0.25;MoveWest;(7, 17);;(10, 3);1;4743
6;0.25;MoveWest;(6, 17);;(10, 3);1;4744
6;0.25;MoveWest;(6, 17);;(10, 3);1;4745
6;0.25;MoveWest;(6, 17);;(10, 3);1;4746
6;0.25;MoveWest;(6, 17);;(10, 3);1;4747
6;0.25;MoveWest;(6, 17);;(10, 3);1;4748
6;0.25;MoveWest;(6, 17);;(10, 3);1;4749
6;0.25;MoveWest;(6, 17);;(10, 3);1;4750
6;0.25;MoveWest;(6, 17);;(10, 3);1;4751
6;0.25;MoveWest;(6, 17);;(10, 3);1;4752
6;0.25;MoveWest;(6, 17);;(10, 3);1;4753
6;0.25;MoveWest;(6, 17);;(10, 3);1;4754
6;0.25;MoveWest;(6, 17);;(10, 3);1;4755
6;0.25;MoveWest;(6, 17);;(10, 3);1;4756
6;0.25;MoveWest;(6, 17);;(10, 3);1;4757
6;0.25;MoveWest;(5, 17);;(10, 3);1;4758
6;0.25;MoveWest;(5, 17);;(10, 3);1;4759
6;0.25;MoveWest;(5, 17);;(10, 3);1;4760
6;0.25;MoveWest;(5, 17);;(10, 3);1;4761
6;0.25;MoveWest;(5, 17);;(10, 3);1;4762
6;0.25;MoveWest;(5, 17);;(10, 3);1;4763
6;0.25;MoveWest;(5, 17);;(10, 3);1;4764
6;0.25;MoveWest;(5, 17);;(10, 3);1;4765
6;0.25;MoveWest;(5, 17);;(10, 3);1;4766
6;0.25;MoveWest;(5, 17);;(10, 3);1;4767
6;0.25;MoveWest;(5, 17);;(10, 3);1;4768
6;0.25;MoveWest;(5, 17);;(10, 3);1;4769
6;0.25;MoveWest;(5, 17);;(10, 3);1;4770
6;0.25;MoveWest;(5, 17);;(10, 3);1;4771
6;0.25;MoveWest;(4, 17);;(10, 3);1;4772
6;0.25;MoveWest;(4, 17);;(10, 3);1;4773
6;0.25;MoveWest;(4, 17);;(10, 3);1;4774
6;0.25;MoveWest;(4, 17);;(10, 3);1;4775
6;0.25;MoveWest;(4, 17);;(10, 3);1;4776
6;0.25;MoveWest;(4, 17);;(10, 3);1;4777
6;0.25;MoveWest;(4, 17);;(10, 3);1;4778
6;0.25;MoveWest;(4, 17);;(10, 3);1;4779
6;0.25;MoveWest;(4, 17);;(10, 3);1;4780
6;0.25;MoveWest;(4, 17);;(10, 3);1;4781
6;0.25;MoveWest;(4, 17);;(10, 3);1;4782
6;0.25;MoveWest;(4, 17);;(10, 3);1;4783
6;0.25;MoveWest;(4, 17);;(10, 3);1;4784
6;0.25;MoveWest;(4, 17);;(10, 3);1;4785
6;0.25;MoveWest;(3, 17);;(10, 3);1;4786
6;0.25;;(3, 17);;(10, 3);1;4787
6;0.25;;(3, 17);;(10, 3);1;4788
6;0.25;;(3, 17);;(10, 3);1;4789
6;0.25;;(3, 17);;(10, 3);1;4790
6;0.25;;(3, 17);;(10, 3);1;4791
6;0.25;;(3, 17);;(10, 3);1;4792
6;0.25;;(3, 17);;(10, 3);1;4793
6;0.25;;(3, 17);;(10, 3);1;4794
6;0.25;;(3, 17);;(10, 3);1;4795
6;0.25;;(3, 17);;(10, 3);1;4796
6;0.25;;(3, 17);;(10, 3);1;4797
6;0.25;;(3, 17);;(10, 3);1;4798
6;0.25;;(3, 17);;(10, 3);1;4799
6;0.25;;(3, 17);;(10, 3);1;4800
6;0.25;;(3, 17);;(10, 3);1;4801
6;0.25;;(3, 17);;(10, 3);1;4802
6;0.25;;(3, 17);;(10, 3);1;4803
6;0.25;;(3, 17);;(10, 3);1;4804
6;0.25;;(3, 17);;(10, 3);1;4805
6;0.25;;(3, 17);;(10, 3);1;4806
6;0.25;;(3, 17);;(10, 3);1;4807
6;0.25;;(3, 17);;(10, 3);1;4808
6;0.25;;(3, 17);;(10, 3);1;4809
6;0.25;;(3, 17);;(10, 3);1;4810
6;0.25;;(3, 17);;(10, 3);1;4811
6;0.25;;(3, 17);;(10, 3);1;4812
6;0.25;;(3, 17);;(10, 3);1;4813
6;0.25;;(3, 17);;(10, 3);1;4814
6;0.25;;(3, 17);;(10, 3);1;4815
6;0.25;;(3, 17);;(10, 3);1;4816
6;0.25;;(3, 17);;(10, 3);1;4817
6;0.25;;(3, 17);;(10, 3);1;4818
6;0.25;;(3, 17);;(10, 3);1;4819
6;0.25;;(3, 17);;(10, 3);1;4820
6;0.25;;(3, 17);;(10, 3);1;4821
6;0.25;;(3, 17);;(10, 3);1;4822
6;0.25;;(3, 17);;(10, 3);1;4823
6;0.25;;(3, 17);;(10, 3);1;4824
6;0.25;;(3, 17);;(10, 3);1;4825
6;0.25;;(3, 17);;(10, 3);1;4826
6;0.25;;(3, 17);;(10, 3);1;4827
6;0.25;;(3, 17);;(10, 3);1;4828
6;0.25;;(3, 17);;(10, 3);1;4829
6;0.25;;(3, 17);;(10, 3);1;4830
6;0.25;;(3, 17);;(10, 3);1;4831
6;0.25;;(3, 17);;(10, 3);1;4832
6;0.25;;(3, 17);;(10, 3);1;4833
6;0.25;;(3, 17);;(10, 3);1;4834
6;0.25;;(3, 17);;(10, 3);1;4835
6;0.25;;(3, 17);;(10, 3);1;4836
6;0.25;;(3, 17);;(10, 3);1;4837
6;0.25;;(3, 17);;(10, 3);1;4838
6;0.25;;(3, 17);;(10, 3);1;4839
6;0.25;;(3, 17);;(10, 3);1;4840
6;0.25;;(3, 17);;(10, 3);1;4841
6;0.25;;(3, 17);;(10, 3);1;4842
6;0.25;;(3, 17);;(10, 3);1;4843
6;0.25;;(3, 17);;(10, 3);1;4844
6;0.25;;(3, 17);;(10, 3);1;4845
6;0.25;;(3, 17);;(10, 3);1;4846
6;0.25;;(3, 17);;(10, 3);1;4847
6;0.25;;(3, 17);;(10, 3);1;4848
6;0.25;;(3, 17);;(10, 3);1;4849
6;0.25;;(3, 17);;(10, 3);1;4850
6;0.25;;(3, 17);;(10, 3);1;4851
6;0.25;;(3, 17);;(10, 3);1;4852
6;0.25;;(3, 17);;(10, 3);1;4853
6;0.25;;(3, 17);;(10, 3);1;4854
6;0.25;;(3, 17);;(10, 3);1;4855
6;0.25;;(3, 17);;(10, 3);1;4856
6;0.25;;(3, 17);;(10, 3);1;4857
6;0.25;;(3, 17);;(10, 3);1;4858
6;0.25;;(3, 17);;(10, 3);1;4859
6;0.25;;(3, 17);;(10, 3);1;4860
6;0.25;;(3, 17);;(10, 3);1;4861
6;0.25;;(3, 17);;(10, 3);1;4862
6;0.25;;(3, 17);;(10, 3);1;4863
6;0.25;;(3, 17);;(10, 3);1;4864
6;0.25;;(3, 17);;(10, 3);1;4865
6;0.25;;(3, 17);;(10, 3);1;4866
6;0.25;;(3, 17);;(10, 3);1;4867
6;0.25;;(3, 17);;(10, 3);1;4868
6;0.25;;(3, 17);;(10, 3);1;4869
6;0.25;;(3, 17);;(10, 3);1;4870
6;0.25;;(3, 17);;(10, 3);1;4871
6;0.25;;(3, 17);;(10, 3);1;4872
6;0.25;;(3, 17);;(10, 3);1;4873
6;0.25;;(3, 17);;(10, 3);1;4874
6;0.25;;(3, 17);;(10, 3);1;4875
6;0.25;;(3, 17);;(10, 3);1;4876
6;0.25;;(3, 17);;(10, 3);1;4877
6;0.25;;(3, 17);;(10, 3);1;4878
6;0.25;;(3, 17);;(10, 3);1;4879
6;0.25;;(3, 17);;(10, 3);1;4880
6;0.25;;(3, 17);;(10, 3);1;4881
6;0.25;;(3, 17);;(10, 3);1;4882
6;0.25;;(3, 17);;(10, 3);1;4883
6;0.25;;(3, 17);;(10, 3);1;4884
6;0.25;;(3, 17);;(10, 3);1;4885
6;0.25;;(3, 17);;(10, 3);1;4886
6;0.25;;(3, 17);;(10, 3);1;4887
6;0.25;;(3, 17);;(10, 3);1;4888
6;0.25;;(3, 17);;(10, 3);1;4889
6;0.25;;(3, 17);;(10, 3);1;4890
6;0.25;;(3, 17);;(10, 3);1;4891
6;0.25;;(3, 17);;(10, 3);1;4892
6;0.25;;(3, 17);;(10, 3);1;4893
6;0.25;;(3, 17);;(10, 3);1;4894
6;0.25;;(3, 17);;(10, 3);1;4895
6;0.25;;(3, 17);;(10, 3);1;4896
6;0.25;;(3, 17);;(10, 3);1;4897
6;0.25;;(3, 17);;(10, 3);1;4898
6;0.25;;(3, 17);;(10, 3);1;4899
6;0.25;;(3, 17);;(10, 3);1;4900
6;0.25;;(3, 17);;(10, 3);1;4901
6;0.25;;(3, 17);;(10, 3);1;4902
6;0.25;;(3, 17);;(10, 3);1;4903
6;0.25;;(3, 17);;(10, 3);1;4904
6;0.25;;(3, 17);;(10, 3);1;4905
6;0.25;;(3, 17);;(10, 3);1;4906
6;0.25;;(3, 17);;(10, 3);1;4907
6;0.25;;(3, 17);;(10, 3);1;4908
6;0.25;;(3, 17);;(10, 3);1;4909
6;0.25;;(3, 17);;(10, 3);1;4910
6;0.25;;(3, 17);;(10, 3);1;4911
6;0.25;;(3, 17);;(10, 3);1;4912
6;0.25;;(3, 17);;(10, 3);1;4913
6;0.25;;(3, 17);;(10, 3);1;4914
6;0.25;;(3, 17);;(10, 3);1;4915
6;0.25;;(3, 17);;(10, 3);1;4916
6;0.25;;(3, 17);;(10, 3);1;4917
6;0.25;;(3, 17);;(10, 3);1;4918
6;0.25;;(3, 17);;(10, 3);1;4919
6;0.25;;(3, 17);;(10, 3);1;4920
6;0.25;;(3, 17);;(10, 3);1;4921
6;0.25;;(3, 17);;(10, 3);1;4922
6;0.25;;(3, 17);;(10, 3);1;4923
6;0.25;;(3, 17);;(10, 3);1;4924
6;0.25;;(3, 17);;(10, 3);1;4925
6;0.25;;(3, 17);;(10, 3);1;4926
6;0.25;;(3, 17);;(10, 3);1;4927
6;0.25;;(3, 17);;(10, 3);1;4928
6;0.25;;(3, 17);;(10, 3);1;4929
6;0.25;;(3, 17);;(10, 3);1;4930
6;0.25;;(3, 17);;(10, 3);1;4931
6;0.25;;(3, 17);;(10, 3);1;4932
6;0.25;;(3, 17);;(10, 3);1;4933
6;0.25;;(3, 17);;(10, 3);1;4934
6;0.25;;(3, 17);;(10, 3);1;4935
6;0.25;;(3, 17);;(10, 3);1;4936
6;0.25;;(3, 17);;(10, 3);1;4937
6;0.25;;(3, 17);;(10, 3);1;4938
6;0.25;;(3, 17);;(10, 3);1;4939
6;0.25;;(3, 17);;(10, 3);1;4940
6;0.25;;(3, 17);;(10, 3);1;4941
6;0.25;;(3, 17);;(10, 3);1;4942
6;0.25;;(3, 17);;(10, 3);1;4943
6;0.25;;(3, 17);;(10, 3);1;4944
6;0.25;;(3, 17);;(10, 3);1;4945
6;0.25;;(3, 17);;(10, 3);1;4946
6;0.25;;(3, 17);;(10, 3);1;4947
6;0.25;;(3, 17);;(10, 3);1;4948
6;0.25;;(3, 17);;(10, 3);1;4949
6;0.25;;(3, 17);;(10, 3);1;4950
6;0.25;;(3, 17);;(10, 3);1;4951
6;0.25;;(3, 17);;(10, 3);1;4952
6;0.25;;(3, 17);;(10, 3);1;4953
6;0.25;;(3, 17);;(10, 3);1;4954
6;0.25;;(3, 17);;(10, 3);1;4955
6;0.25;;(3, 17);;(10, 3);1;4956
6;0.25;;(3, 17);;(10, 3);1;4957
6;0.25;;(3, 17);;(10, 3);1;4958
6;0.25;;(3, 17);;(10, 3);1;4959
6;0.25;;(3, 17);;(10, 3);1;4960
6;0.25;;(3, 17);;(10, 3);1;4961
6;0.25;;(3, 17);;(10, 3);1;4962
6;0.25;;(3, 17);;(10, 3);1;4963
6;0.25;;(3, 17);;(10, 3);1;4964
6;0.25;;(3, 17);;(10, 3);1;4965
6;0.25;;(3, 17);;(10, 3);1;4966
6;0.25;;(3, 17);;(10, 3);1;4967
6;0.25;;(3, 17);;(10, 3);1;4968
6;0.25;;(3, 17);;(10, 3);1;4969
6;0.25;;(3, 17);;(10, 3);1;4970
6;0.25;;(3, 17);;(10, 3);1;4971
6;0.25;;(3, 17);;(10, 3);1;4972
6;0.25;;(3, 17);;(10, 3);1;4973
6;0.25;;(3, 17);;(10, 3);1;4974
6;0.25;;(3, 17);;(10, 3);1;4975
6;0.25;;(3, 17);;(10, 3);1;4976
6;0.25;;(3, 17);;(10, 3);1;4977
6;0.25;;(3, 17);;(10, 3);1;4978
6;0.25;;(3, 17);;(10, 3);1;4979
6;0.25;;(3, 17);;(10, 3);1;4980
6;0.25;;(3, 17);;(10, 3);1;4981
6;0.25;;(3, 17);;(10, 3);1;4982
6;0.25;;(3, 17);;(10, 3);1;4983
6;0.25;;(3, 17);;(10, 3);1;4984
6;0.25;;(3, 17);;(10, 3);1;4985
6;0.25;;(3, 17);;(10, 3);1;4986
6;0.25;;(3, 17);;(10, 3);1;4987
6;0.25;;(3, 17);;(10, 3);1;4988
6;0.25;;(3, 17);;(10, 3);1;4989
6;0.25;;(3, 17);;(10, 3);1;4990
6;0.25;;(3, 17);;(10, 3);1;4991
6;0.25;;(3, 17);;(10, 3);1;4992
6;0.25;;(3, 17);;(10, 3);1;4993
6;0.25;;(3, 17);;(10, 3);1;4994
6;0.25;;(3, 17);;(10, 3);1;4995
6;0.25;;(3, 17);;(10, 3);1;4996
6;0.25;;(3, 17);;(10, 3);1;4997
6;0.25;;(3, 17);;(10, 3);1;4998
6;0.25;;(3, 17);;(10, 3);1;4999
6;0.25;;(3, 17);;(10, 3);1;5000
6;0.25;;(3, 17);;(10, 3);1;5001
6;0.25;;(3, 17);;(10, 3);1;5002
6;0.25;;(3, 17);;(10, 3);1;5003
6;0.25;;(3, 17);;(10, 3);1;5004
6;0.25;;(3, 17);;(10, 3);1;5005
6;0.25;;(3, 17);;(10, 3);1;5006
6;0.25;;(3, 17);;(10, 3);1;5007
6;0.25;;(3, 17);;(10, 3);1;5008
6;0.25;;(3, 17);;(10, 3);1;5009
6;0.25;;(3, 17);;(10, 3);1;5010
6;0.25;;(3, 17);;(10, 3);1;5011
6;0.25;;(3, 17);;(10, 3);1;5012
6;0.25;;(3, 17);;(10, 3);1;5013
6;0.25;;(3, 17);;(10, 3);1;5014
6;0.25;;(3, 17);;(10, 3);1;5015
6;0.25;;(3, 17);;(10, 3);1;5016
6;0.25;;(3, 17);;(10, 3);1;5017
6;0.25;;(3, 17);;(10, 3);1;5018
6;0.25;;(3, 17);;(10, 3);1;5019
6;0.25;;(3, 17);;(10, 3);1;5020
6;0.25;;(3, 17);;(10, 3);1;5021
6;0.25;;(3, 17);;(10, 3);1;5022
6;0.25;;(3, 17);;(10, 3);1;5023
6;0.25;;(3, 17);;(10, 3);1;5024
6;0.25;;(3, 17);;(10, 3);1;5025
6;0.25;;(3, 17);;(10, 3);1;5026
6;0.25;;(3, 17);;(10, 3);1;5027
6;0.25;;(3, 17);;(10, 3);1;5028
6;0.25;;(3, 17);;(10, 3);1;5029
6;0.25;;(3, 17);;(10, 3);1;5030
6;0.25;;(3, 17);;(10, 3);1;5031
6;0.25;;(3, 17);;(10, 3);1;5032
6;0.25;;(3, 17);;(10, 3);1;5033
6;0.25;;(3, 17);;(10, 3);1;5034
6;0.25;;(3, 17);;(10, 3);1;5035
6;0.25;;(3, 17);;(10, 3);1;5036
6;0.25;;(3, 17);;(10, 3);1;5037
6;0.25;;(3, 17);;(10, 3);1;5038
6;0.25;;(3, 17);;(10, 3);1;5039
6;0.25;;(3, 17);;(10, 3);1;5040
6;0.25;;(3, 17);;(10, 3);1;5041
6;0.25;;(3, 17);;(10, 3);1;5042
6;0.25;;(3, 17);;(10, 3);1;5043
6;0.25;;(3, 17);;(10, 3);1;5044
6;0.25;;(3, 17);;(10, 3);1;5045
6;0.25;;(3, 17);;(10, 3);1;5046
6;0.25;;(3, 17);;(10, 3);1;5047
6;0.25;;(3, 17);;(10, 3);1;5048
6;0.25;;(3, 17);;(10, 3);1;5049
6;0.25;;(3, 17);;(10, 3);1;5050
6;0.25;;(3, 17);;(10, 3);1;5051
6;0.25;;(3, 17);;(10, 3);1;5052
6;0.25;;(3, 17);;(10, 3);1;5053
6;0.25;;(3, 17);;(10, 3);1;5054
6;0.25;;(3, 17);;(10, 3);1;5055
6;0.25;;(3, 17);;(10, 3);1;5056
6;0.25;;(3, 17);;(10, 3);1;5057
6;0.25;;(3, 17);;(10, 3);1;5058
6;0.25;;(3, 17);;(10, 3);1;5059
6;0.25;;(3, 17);;(10, 3);1;5060
6;0.25;;(3, 17);;(10, 3);1;5061
6;0.25;;(3, 17);;(10, 3);1;5062
6;0.25;;(3, 17);;(10, 3);1;5063
6;0.25;;(3, 17);;(10, 3);1;5064
6;0.25;;(3, 17);;(10, 3);1;5065
6;0.25;;(3, 17);;(10, 3);1;5066
6;0.25;;(3, 17);;(10, 3);1;5067
6;0.25;;(3, 17);;(10, 3);1;5068
6;0.25;;(3, 17);;(10, 3);1;5069
6;0.25;;(3, 17);;(10, 3);1;5070
6;0.25;;(3, 17);;(10, 3);1;5071
6;0.25;;(3, 17);;(10, 3);1;5072
6;0.25;;(3, 17);;(10, 3);1;5073
6;0.25;;(3, 17);;(10, 3);1;5074
6;0.25;;(3, 17);;(10, 3);1;5075
6;0.25;;(3, 17);;(10, 3);1;5076
6;0.25;;(3, 17);;(10, 3);1;5077
6;0.25;;(3, 17);;(10, 3);1;5078
6;0.25;;(3, 17);;(10, 3);1;5079
6;0.25;;(3, 17);;(10, 3);1;5080
6;0.25;;(3, 17);;(10, 3);1;5081
6;0.25;;(3, 17);;(10, 3);1;5082
6;0.25;;(3, 17);;(10, 3);1;5083
6;0.25;;(3, 17);;(10, 3);1;5084
6;0.25;;(3, 17);;(10, 3);1;5085
6;0.25;;(3, 17);;(10, 3);1;5086
6;0.25;;(3, 17);;(10, 3);1;5087
6;0.25;;(3, 17);;(10, 3);1;5088
6;0.25;;(3, 17);;(10, 3);1;5089
6;0.25;;(3, 17);;(10, 3);1;5090
6;0.25;;(3, 17);;(10, 3);1;5091
6;0.25;;(3, 17);;(10, 3);1;5092
6;0.25;;(3, 17);;(10, 3);1;5093
6;0.25;;(3, 17);;(10, 3);1;5094
6;0.25;;(3, 17);;(10, 3);1;5095
6;0.25;;(3, 17);;(10, 3);1;5096
6;0.25;;(3, 17);;(10, 3);1;5097
6;0.25;;(3, 17);;(10, 3);1;5098
6;0.25;;(3, 17);;(10, 3);1;5099
6;0.25;;(3, 17);;(10, 3);1;5100
6;0.25;;(3, 17);;(10, 3);1;5101
6;0.25;;(3, 17);;(10, 3);1;5102
6;0.25;;(3, 17);;(10, 3);1;5103
6;0.25;;(3, 17);;(10, 3);1;5104
6;0.25;;(3, 17);;(10, 3);1;5105
6;0.25;;(3, 17);;(10, 3);1;5106
6;0.25;;(3, 17);;(10, 3);1;5107
6;0.25;;(3, 17);;(10, 3);1;5108
6;0.25;;(3, 17);;(10, 3);1;5109
6;0.25;;(3, 17);;(10, 3);1;5110
6;0.25;;(3, 17);;(10, 3);1;5111
6;0.25;;(3, 17);;(10, 3);1;5112
6;0.25;;(3, 17);;(10, 3);1;5113
6;0.25;;(3, 17);;(10, 3);1;5114
6;0.25;;(3, 17);;(10, 3);1;5115
6;0.25;;(3, 17);;(10, 3);1;5116
6;0.25;;(3, 17);;(10, 3);1;5117
6;0.25;;(3, 17);;(10, 3);1;5118
6;0.25;;(3, 17);;(10, 3);1;5119
6;0.25;;(3, 17);;(10, 3);1;5120
6;0.25;;(3, 17);;(10, 3);1;5121
6;0.25;;(3, 17);;(10, 3);1;5122
6;0.25;;(3, 17);;(10, 3);1;5123
6;0.25;;(3, 17);;(10, 3);1;5124
6;0.25;;(3, 17);;(10, 3);1;5125
6;0.25;;(3, 17);;(10, 3);1;5126
6;0.25;;(3, 17);;(10, 3);1;5127
6;0.25;;(3, 17);;(10, 3);1;5128
6;0.25;;(3, 17);;(10, 3);1;5129
6;0.25;;(3, 17);;(10, 3);1;5130
6;0.25;;(3, 17);;(10, 3);1;5131
6;0.25;;(3, 17);;(10, 3);1;5132
6;0.25;;(3, 17);;(10, 3);1;5133
6;0.25;;(3, 17);;(10, 3);1;5134
6;0.25;;(3, 17);;(10, 3);1;5135
6;0.25;;(3, 17);;(10, 3);1;5136
6;0.25;;(3, 17);;(10, 3);1;5137
6;0.25;;(3, 17);;(10, 3);1;5138
6;0.25;;(3, 17);;(10, 3);1;5139
6;0.25;;(3, 17);;(10, 3);1;5140
6;0.25;;(3, 17);;(10, 3);1;5141
6;0.25;;(3, 17);;(10, 3);1;5142
6;0.25;;(3, 17);;(10, 3);1;5143
6;0.25;;(3, 17);;(10, 3);1;5144
6;0.25;;(3, 17);;(10, 3);1;5145
6;0.25;;(3, 17);;(10, 3);1;5146
6;0.25;;(3, 17);;(10, 3);1;5147
6;0.25;;(3, 17);;(10, 3);1;5148
6;0.25;;(3, 17);;(10, 3);1;5149
6;0.25;;(3, 17);;(10, 3);1;5150
6;0.25;;(3, 17);;(10, 3);1;5151
6;0.25;;(3, 17);;(10, 3);1;5152
6;0.25;;(3, 17);;(10, 3);1;5153
6;0.25;;(3, 17);;(10, 3);1;5154
6;0.25;;(3, 17);;(10, 3);1;5155
6;0.25;;(3, 17);;(10, 3);1;5156
6;0.25;;(3, 17);;(10, 3);1;5157
6;0.25;;(3, 17);;(10, 3);1;5158
6;0.25;;(3, 17);;(10, 3);1;5159
6;0.25;;(3, 17);;(10, 3);1;5160
6;0.25;;(3, 17);;(10, 3);1;5161
6;0.25;;(3, 17);;(10, 3);1;5162
6;0.25;;(3, 17);;(10, 3);1;5163
6;0.25;;(3, 17);;(10, 3);1;5164
6;0.25;;(3, 17);;(10, 3);1;5165
6;0.25;;(3, 17);;(10, 3);1;5166
6;0.25;;(3, 17);;(10, 3);1;5167
6;0.25;;(3, 17);;(10, 3);1;5168
6;0.25;;(3, 17);;(10, 3);1;5169
6;0.25;;(3, 17);;(10, 3);1;5170
6;0.25;;(3, 17);;(10, 3);1;5171
6;0.25;;(3, 17);;(10, 3);1;5172
6;0.25;;(3, 17);;(10, 3);1;5173
6;0.25;;(3, 17);;(10, 3);1;5174
6;0.25;;(3, 17);;(10, 3);1;5175
6;0.25;;(3, 17);;(10, 3);1;5176
6;0.25;;(3, 17);;(10, 3);1;5177
6;0.25;;(3, 17);;(10, 3);1;5178
6;0.25;;(3, 17);;(10, 3);1;5179
6;0.25;;(3, 17);;(10, 3);1;5180
6;0.25;;(3, 17);;(10, 3);1;5181
6;0.25;;(3, 17);;(10, 3);1;5182
6;0.25;;(3, 17);;(10, 3);1;5183
6;0.25;;(3, 17);;(10, 3);1;5184
6;0.25;;(3, 17);;(10, 3);1;5185
6;0.25;;(3, 17);;(10, 3);1;5186
6;0.25;;(3, 17);;(10, 3);1;5187
6;0.25;;(3, 17);;(10, 3);1;5188
6;0.25;;(3, 17);;(10, 3);1;5189
6;0.25;;(3, 17);;(10, 3);1;5190
6;0.25;;(3, 17);;(10, 3);1;5191
6;0.25;;(3, 17);;(10, 3);1;5192
6;0.25;;(3, 17);;(10, 3);1;5193
6;0.25;;(3, 17);;(10, 3);1;5194
6;0.25;;(3, 17);;(10, 3);1;5195
6;0.25;;(3, 17);;(10, 3);1;5196
6;0.25;;(3, 17);;(10, 3);1;5197
6;0.25;;(3, 17);;(10, 3);1;5198
6;0.25;;(3, 17);;(10, 3);1;5199
6;0.25;;(3, 17);;(10, 3);1;5200
6;0.25;;(3, 17);;(10, 3);1;5201
6;0.25;;(3, 17);;(10, 3);1;5202
6;0.25;;(3, 17);;(10, 3);1;5203
6;0.25;;(3, 17);;(10, 3);1;5204
6;0.25;;(3, 17);;(10, 3);1;5205
6;0.25;;(3, 17);;(10, 3);1;5206
6;0.25;;(3, 17);;(10, 3);1;5207
6;0.25;;(3, 17);;(10, 3);1;5208
6;0.25;;(3, 17);;(10, 3);1;5209
6;0.25;;(3, 17);;(10, 3);1;5210
6;0.25;;(3, 17);;(10, 3);1;5211
6;0.25;;(3, 17);;(10, 3);1;5212
6;0.25;;(3, 17);;(10, 3);1;5213
6;0.25;;(3, 17);;(10, 3);1;5214
6;0.25;;(3, 17);;(10, 3);1;5215
6;0.25;;(3, 17);;(10, 3);1;5216
6;0.25;;(3, 17);;(10, 3);1;5217
6;0.25;;(3, 17);;(10, 3);1;5218
6;0.25;;(3, 17);;(10, 3);1;5219
6;0.25;;(3, 17);;(10, 3);1;5220
6;0.25;;(3, 17);;(10, 3);1;5221
6;0.25;;(3, 17);;(10, 3);1;5222
6;0.25;;(3, 17);;(10, 3);1;5223
6;0.25;;(3, 17);;(10, 3);1;5224
6;0.25;;(3, 17);;(10, 3);1;5225
6;0.25;;(3, 17);;(10, 3);1;5226
6;0.25;;(3, 17);;(10, 3);1;5227
6;0.25;;(3, 17);;(10, 3);1;5228
6;0.25;;(3, 17);;(10, 3);1;5229
6;0.25;;(3, 17);;(10, 3);1;5230
6;0.25;;(3, 17);;(10, 3);1;5231
6;0.25;;(3, 17);;(10, 3);1;5232
6;0.25;;(3, 17);;(10, 3);1;5233
6;0.25;;(3, 17);;(10, 3);1;5234
6;0.25;;(3, 17);;(10, 3);1;5235
6;0.25;;(3, 17);;(10, 3);1;5236
6;0.25;;(3, 17);;(10, 3);1;5237
6;0.25;;(3, 17);;(10, 3);1;5238
6;0.25;;(3, 17);;(10, 3);1;5239
6;0.25;;(3, 17);;(10, 3);1;5240
6;0.25;;(3, 17);;(10, 3);1;5241
6;0.25;;(3, 17);;(10, 3);1;5242
6;0.25;;(3, 17);;(10, 3);1;5243
6;0.25;;(3, 17);;(10, 3);1;5244
6;0.25;;(3, 17);;(10, 3);1;5245
6;0.25;;(3, 17);;(10, 3);1;5246
6;0.25;;(3, 17);;(10, 3);1;5247
6;0.25;;(3, 17);;(10, 3);1;5248
6;0.25;;(3, 17);;(10, 3);1;5249
6;0.25;;(3, 17);;(10, 3);1;5250
6;0.25;;(3, 17);;(10, 3);1;5251
6;0.25;;(3, 17);;(10, 3);1;5252
6;0.25;;(3, 17);;(10, 3);1;5253
6;0.25;;(3, 17);;(10, 3);1;5254
6;0.25;;(3, 17);;(10, 3);1;5255
6;0.25;;(3, 17);;(10, 3);1;5256
6;0.25;;(3, 17);;(10, 3);1;5257
6;0.25;;(3, 17);;(10, 3);1;5258
6;0.25;;(3, 17);;(10, 3);1;5259
6;0.25;;(3, 17);;(10, 3);1;5260
6;0.25;;(3, 17);;(10, 3);1;5261
6;0.25;;(3, 17);;(10, 3);1;5262
6;0.25;;(3, 17);;(10, 3);1;5263
6;0.25;;(3, 17);;(10, 3);1;5264
6;0.25;;(3, 17);;(10, 3);1;5265
6;0.25;;(3, 17);;(10, 3);1;5266
6;0.25;;(3, 17);;(10, 3);1;5267
6;0.25;;(3, 17);;(10, 3);1;5268
6;0.25;;(3, 17);;(10, 3);1;5269
6;0.25;;(3, 17);;(10, 3);1;5270
6;0.25;;(3, 17);;(10, 3);1;5271
6;0.25;;(3, 17);;(10, 3);1;5272
6;0.25;;(3, 17);;(10, 3);1;5273
6;0.25;;(3, 17);;(10, 3);1;5274
6;0.25;;(3, 17);;(10, 3);1;5275
6;0.25;;(3, 17);;(10, 3);1;5276
6;0.25;;(3, 17);;(10, 3);1;5277
6;0.25;;(3, 17);;(10, 3);1;5278
6;0.25;;(3, 17);;(10, 3);1;5279
6;0.25;;(3, 17);;(10, 3);1;5280
6;0.25;;(3, 17);;(10, 3);1;5281
6;0.25;;(3, 17);;(10, 3);1;5282
6;0.25;;(3, 17);;(10, 3);1;5283
6;0.25;;(3, 17);;(10, 3);1;5284
6;0.25;;(3, 17);;(10, 3);1;5285
6;0.25;;(3, 17);;(10, 3);1;5286
6;0.25;;(3, 17);;(10, 3);1;5287
6;0.25;;(3, 17);;(10, 3);1;5288
6;0.25;;(3, 17);;(10, 3);1;5289
6;0.25;;(3, 17);;(10, 3);1;5290
6;0.25;;(3, 17);;(10, 3);1;5291
6;0.25;;(3, 17);;(10, 3);1;5292
6;0.25;;(3, 17);;(10, 3);1;5293
6;0.25;;(3, 17);;(10, 3);1;5294
6;0.25;;(3, 17);;(10, 3);1;5295
6;0.25;;(3, 17);;(10, 3);1;5296
6;0.25;;(3, 17);;(10, 3);1;5297
6;0.25;;(3, 17);;(10, 3);1;5298
6;0.25;;(3, 17);;(10, 3);1;5299
6;0.25;;(3, 17);;(10, 3);1;5300
6;0.25;;(3, 17);;(10, 3);1;5301
6;0.25;;(3, 17);;(10, 3);1;5302
6;0.25;;(3, 17);;(10, 3);1;5303
6;0.25;;(3, 17);;(10, 3);1;5304
6;0.25;;(3, 17);;(10, 3);1;5305
6;0.25;;(3, 17);;(10, 3);1;5306
6;0.25;;(3, 17);;(10, 3);1;5307
6;0.25;;(3, 17);;(10, 3);1;5308
6;0.25;;(3, 17);;(10, 3);1;5309
6;0.25;;(3, 17);;(10, 3);1;5310
6;0.25;;(3, 17);;(10, 3);1;5311
6;0.25;;(3, 17);;(10, 3);1;5312
6;0.25;;(3, 17);;(10, 3);1;5313
6;0.25;;(3, 17);;(10, 3);1;5314
6;0.25;;(3, 17);;(10, 3);1;5315
6;0.25;;(3, 17);;(10, 3);1;5316
6;0.25;;(3, 17);;(10, 3);1;5317
6;0.25;;(3, 17);;(10, 3);1;5318
6;0.25;;(3, 17);;(10, 3);1;5319
6;0.25;;(3, 17);;(10, 3);1;5320
6;0.25;;(3, 17);;(10, 3);1;5321
6;0.25;;(3, 17);;(10, 3);1;5322
6;0.25;;(3, 17);;(10, 3);1;5323
6;0.25;;(3, 17);;(10, 3);1;5324
6;0.25;;(3, 17);;(10, 3);1;5325
6;0.25;;(3, 17);;(10, 3);1;5326
6;0.25;;(3, 17);;(10, 3);1;5327
6;0.25;;(3, 17);;(10, 3);1;5328
6;0.25;;(3, 17);;(10, 3);1;5329
6;0.25;;(3, 17);;(10, 3);1;5330
6;0.25;;(3, 17);;(10, 3);1;5331
6;0.25;;(3, 17);;(10, 3);1;5332
6;0.25;;(3, 17);;(10, 3);1;5333
6;0.25;;(3, 17);;(10, 3);1;5334
6;0.25;;(3, 17);;(10, 3);1;5335
6;0.25;;(3, 17);;(10, 3);1;5336
6;0.25;;(3, 17);;(10, 3);1;5337
6;0.25;;(3, 17);;(10, 3);1;5338
6;0.25;;(3, 17);;(10, 3);1;5339
6;0.25;;(3, 17);;(10, 3);1;5340
6;0.25;;(3, 17);;(10, 3);1;5341
6;0.25;;(3, 17);;(10, 3);1;5342
6;0.25;;(3, 17);;(10, 3);1;5343
6;0.25;;(3, 17);;(10, 3);1;5344
6;0.25;;(3, 17);;(10, 3);1;5345
6;0.25;;(3, 17);;(10, 3);1;5346
6;0.25;;(3, 17);;(10, 3);1;5347
6;0.25;;(3, 17);;(10, 3);1;5348
6;0.25;;(3, 17);;(10, 3);1;5349
6;0.25;;(3, 17);;(10, 3);1;5350
6;0.25;;(3, 17);;(10, 3);1;5351
6;0.25;;(3, 17);;(10, 3);1;5352
6;0.25;;(3, 17);;(10, 3);1;5353
6;0.25;;(3, 17);;(10, 3);1;5354
6;0.25;;(3, 17);;(10, 3);1;5355
6;0.25;;(3, 17);;(10, 3);1;5356
6;0.25;;(3, 17);;(10, 3);1;5357
6;0.25;;(3, 17);;(10, 3);1;5358
6;0.25;;(3, 17);;(10, 3);1;5359
6;0.25;;(3, 17);;(10, 3);1;5360
6;0.25;;(3, 17);;(10, 3);1;5361
6;0.25;;(3, 17);;(10, 3);1;5362
6;0.25;;(3, 17);;(10, 3);1;5363
6;0.25;;(3, 17);;(10, 3);1;5364
6;0.25;;(3, 17);;(10, 3);1;5365
6;0.25;;(3, 17);;(10, 3);1;5366
6;0.25;;(3, 17);;(10, 3);1;5367
6;0.25;;(3, 17);;(10, 3);1;5368
6;0.25;;(3, 17);;(10, 3);1;5369
6;0.25;;(3, 17);;(10, 3);1;5370
6;0.25;;(3, 17);;(10, 3);1;5371
6;0.25;;(3, 17);;(10, 3);1;5372
6;0.25;;(3, 17);;(10, 3);1;5373
6;0.25;;(3, 17);;(10, 3);1;5374
6;0.25;;(3, 17);;(10, 3);1;5375
6;0.25;;(3, 17);;(10, 3);1;5376
6;0.25;;(3, 17);;(10, 3);1;5377
6;0.25;;(3, 17);;(10, 3);1;5378
6;0.25;;(3, 17);;(10, 3);1;5379
6;0.25;;(3, 17);;(10, 3);1;5380
6;0.25;;(3, 17);;(10, 3);1;5381
6;0.25;;(3, 17);;(10, 3);1;5382
6;0.25;;(3, 17);;(10, 3);1;5383
6;0.25;;(3, 17);;(10, 3);1;5384
6;0.25;;(3, 17);;(10, 3);1;5385
6;0.25;;(3, 17);;(10, 3);1;5386
6;0.25;;(3, 17);;(10, 3);1;5387
6;0.25;;(3, 17);;(10, 3);1;5388
6;0.25;;(3, 17);;(10, 3);1;5389
6;0.25;;(3, 17);;(10, 3);1;5390
6;0.25;;(3, 17);;(10, 3);1;5391
6;0.25;;(3, 17);;(10, 3);1;5392
6;0.25;;(3, 17);;(10, 3);1;5393
6;0.25;;(3, 17);;(10, 3);1;5394
6;0.25;;(3, 17);;(10, 3);1;5395
6;0.25;;(3, 17);;(10, 3);1;5396
6;0.25;;(3, 17);;(10, 3);1;5397
6;0.25;;(3, 17);;(10, 3);1;5398
6;0.25;;(3, 17);;(10, 3);1;5399
6;0.25;;(3, 17);;(10, 3);1;5400
6;0.25;;(3, 17);;(10, 3);1;5401
6;0.25;;(3, 17);;(10, 3);1;5402
6;0.25;;(3, 17);;(10, 3);1;5403
6;0.25;;(3, 17);;(10, 3);1;5404
6;0.25;;(3, 17);;(10, 3);1;5405
6;0.25;;(3, 17);;(10, 3);1;5406
6;0.25;;(3, 17);;(10, 3);1;5407
6;0.25;;(3, 17);;(10, 3);1;5408
6;0.25;;(3, 17);;(10, 3);1;5409
6;0.25;;(3, 17);;(10, 3);1;5410
6;0.25;;(3, 17);;(10, 3);1;5411
6;0.25;;(3, 17);;(10, 3);1;5412
6;0.25;;(3, 17);;(10, 3);1;5413
6;0.25;;(3, 17);;(10, 3);1;5414
6;0.25;;(3, 17);;(10, 3);1;5415
6;0.25;;(3, 17);;(10, 3);1;5416
6;0.25;;(3, 17);;(10, 3);1;5417
6;0.25;;(3, 17);;(10, 3);1;5418
6;0.25;;(3, 17);;(10, 3);1;5419
6;0.25;;(3, 17);;(10, 3);1;5420
6;0.25;;(3, 17);;(10, 3);1;5421
6;0.25;;(3, 17);;(10, 3);1;5422
6;0.25;;(3, 17);;(10, 3);1;5423
6;0.25;;(3, 17);;(10, 3);1;5424
6;0.25;;(3, 17);;(10, 3);1;5425
6;0.25;;(3, 17);;(10, 3);1;5426
6;0.25;;(3, 17);;(10, 3);1;5427
6;0.25;;(3, 17);;(10, 3);1;5428
6;0.25;;(3, 17);;(10, 3);1;5429
6;0.25;;(3, 17);;(10, 3);1;5430
6;0.25;;(3, 17);;(10, 3);1;5431
6;0.25;;(3, 17);;(10, 3);1;5432
6;0.25;;(3, 17);;(10, 3);1;5433
6;0.25;;(3, 17);;(10, 3);1;5434
6;0.25;;(3, 17);;(10, 3);1;5435
6;0.25;;(3, 17);;(10, 3);1;5436
6;0.25;;(3, 17);;(10, 3);1;5437
6;0.25;;(3, 17);;(10, 3);1;5438
6;0.25;;(3, 17);;(10, 3);1;5439
6;0.25;;(3, 17);;(10, 3);1;5440
6;0.25;;(3, 17);;(10, 3);1;5441
6;0.25;;(3, 17);;(10, 3);1;5442
6;0.25;;(3, 17);;(10, 3);1;5443
6;0.25;;(3, 17);;(10, 3);1;5444
6;0.25;;(3, 17);;(10, 3);1;5445
6;0.25;;(3, 17);;(10, 3);1;5446
6;0.25;;(3, 17);;(10, 3);1;5447
6;0.25;;(3, 17);;(10, 3);1;5448
6;0.25;;(3, 17);;(10, 3);1;5449
6;0.25;;(3, 17);;(10, 3);1;5450
6;0.25;;(3, 17);;(10, 3);1;5451
6;0.25;;(3, 17);;(10, 3);1;5452
6;0.25;;(3, 17);;(10, 3);1;5453
6;0.25;;(3, 17);;(10, 3);1;5454
6;0.25;;(3, 17);;(10, 3);1;5455
6;0.25;;(3, 17);;(10, 3);1;5456
6;0.25;;(3, 17);;(10, 3);1;5457
6;0.25;;(3, 17);;(10, 3);1;5458
6;0.25;;(3, 17);;(10, 3);1;5459
6;0.25;;(3, 17);;(10, 3);1;5460
6;0.25;;(3, 17);;(10, 3);1;5461
6;0.25;;(3, 17);;(10, 3);1;5462
6;0.25;;(3, 17);;(10, 3);1;5463
6;0.25;;(3, 17);;(10, 3);1;5464
6;0.25;;(3, 17);;(10, 3);1;5465
6;0.25;;(3, 17);;(10, 3);1;5466
6;0.25;;(3, 17);;(10, 3);1;5467
6;0.25;;(3, 17);;(10, 3);1;5468
6;0.25;;(3, 17);;(10, 3);1;5469
6;0.25;;(3, 17);;(10, 3);1;5470
6;0.25;;(3, 17);;(10, 3);1;5471
6;0.25;;(3, 17);;(10, 3);1;5472
6;0.25;;(3, 17);;(10, 3);1;5473
6;0.25;;(3, 17);;(10, 3);1;5474
6;0.25;;(3, 17);;(10, 3);1;5475
6;0.25;;(3, 17);;(10, 3);1;5476
6;0.25;;(3, 17);;(10, 3);1;5477
6;0.25;;(3, 17);;(10, 3);1;5478
6;0.25;;(3, 17);;(10, 3);1;5479
6;0.25;;(3, 17);;(10, 3);1;5480
6;0.25;;(3, 17);;(10, 3);1;5481
6;0.25;;(3, 17);;(10, 3);1;5482
6;0.25;;(3, 17);;(10, 3);1;5483
6;0.25;;(3, 17);;(10, 3);1;5484
6;0.25;;(3, 17);;(10, 3);1;5485
6;0.25;;(3, 17);;(10, 3);1;5486
6;0.25;;(3, 17);;(10, 3);1;5487
6;0.25;;(3, 17);;(10, 3);1;5488
6;0.25;;(3, 17);;(10, 3);1;5489
6;0.25;;(3, 17);;(10, 3);1;5490
6;0.25;;(3, 17);;(10, 3);1;5491
6;0.25;;(3, 17);;(10, 3);1;5492
6;0.25;;(3, 17);;(10, 3);1;5493
6;0.25;;(3, 17);;(10, 3);1;5494
6;0.25;;(3, 17);;(10, 3);1;5495
6;0.25;;(3, 17);;(10, 3);1;5496
6;0.25;;(3, 17);;(10, 3);1;5497
6;0.25;;(3, 17);;(10, 3);1;5498
6;0.25;;(3, 17);;(10, 3);1;5499
6;0.25;;(3, 17);;(10, 3);1;5500
6;0.25;;(3, 17);;(10, 3);1;5501
6;0.25;;(3, 17);;(10, 3);1;5502
6;0.25;;(3, 17);;(10, 3);1;5503
6;0.25;;(3, 17);;(10, 3);1;5504
6;0.25;;(3, 17);;(10, 3);1;5505
6;0.25;;(3, 17);;(10, 3);1;5506
6;0.25;;(3, 17);;(10, 3);1;5507
6;0.25;;(3, 17);;(10, 3);1;5508
6;0.25;;(3, 17);;(10, 3);1;5509
6;0.25;;(3, 17);;(10, 3);1;5510
6;0.25;;(3, 17);;(10, 3);1;5511
6;0.25;;(3, 17);;(10, 3);1;5512
6;0.25;;(3, 17);;(10, 3);1;5513
6;0.25;;(3, 17);;(10, 3);1;5514
6;0.25;;(3, 17);;(10, 3);1;5515
6;0.25;;(3, 17);;(10, 3);1;5516
6;0.25;;(3, 17);;(10, 3);1;5517
6;0.25;;(3, 17);;(10, 3);1;5518
6;0.25;;(3, 17);;(10, 3);1;5519
6;0.25;;(3, 17);;(10, 3);1;5520
6;0.25;;(3, 17);;(10, 3);1;5521
6;0.25;;(3, 17);;(10, 3);1;5522
6;0.25;;(3, 17);;(10, 3);1;5523
6;0.25;;(3, 17);;(10, 3);1;5524
6;0.25;;(3, 17);;(10, 3);1;5525
6;0.25;;(3, 17);;(10, 3);1;5526
6;0.25;;(3, 17);;(10, 3);1;5527
6;0.25;;(3, 17);;(10, 3);1;5528
6;0.25;;(3, 17);;(10, 3);1;5529
6;0.25;;(3, 17);;(10, 3);1;5530
6;0.25;;(3, 17);;(10, 3);1;5531
6;0.25;;(3, 17);;(10, 3);1;5532
6;0.25;;(3, 17);;(10, 3);1;5533
6;0.25;;(3, 17);;(10, 3);1;5534
6;0.25;;(3, 17);;(10, 3);1;5535
6;0.25;;(3, 17);;(10, 3);1;5536
6;0.25;;(3, 17);;(10, 3);1;5537
6;0.25;;(3, 17);;(10, 3);1;5538
6;0.25;;(3, 17);;(10, 3);1;5539
6;0.25;;(3, 17);;(10, 3);1;5540
6;0.25;;(3, 17);;(10, 3);1;5541
6;0.25;;(3, 17);;(10, 3);1;5542
6;0.25;;(3, 17);;(10, 3);1;5543
6;0.25;;(3, 17);;(10, 3);1;5544
6;0.25;;(3, 17);;(10, 3);1;5545
6;0.25;;(3, 17);;(10, 3);1;5546
6;0.25;;(3, 17);;(10, 3);1;5547
6;0.25;;(3, 17);;(10, 3);1;5548
6;0.25;;(3, 17);;(10, 3);1;5549
6;0.25;;(3, 17);;(10, 3);1;5550
6;0.25;;(3, 17);;(10, 3);1;5551
6;0.25;;(3, 17);;(10, 3);1;5552
6;0.25;;(3, 17);;(10, 3);1;5553
6;0.25;;(3, 17);;(10, 3);1;5554
6;0.25;;(3, 17);;(10, 3);1;5555
6;0.25;;(3, 17);;(10, 3);1;5556
6;0.25;;(3, 17);;(10, 3);1;5557
6;0.25;;(3, 17);;(10, 3);1;5558
6;0.25;;(3, 17);;(10, 3);1;5559
6;0.25;;(3, 17);;(10, 3);1;5560
6;0.25;;(3, 17);;(10, 3);1;5561
6;0.25;;(3, 17);;(10, 3);1;5562
6;0.25;;(3, 17);;(10, 3);1;5563
6;0.25;;(3, 17);;(10, 3);1;5564
6;0.25;;(3, 17);;(10, 3);1;5565
6;0.25;;(3, 17);;(10, 3);1;5566
6;0.25;;(3, 17);;(10, 3);1;5567
6;0.25;;(3, 17);;(10, 3);1;5568
6;0.25;;(3, 17);;(10, 3);1;5569
6;0.25;;(3, 17);;(10, 3);1;5570
6;0.25;;(3, 17);;(10, 3);1;5571
6;0.25;;(3, 17);;(10, 3);1;5572
6;0.25;;(3, 17);;(10, 3);1;5573
6;0.25;;(3, 17);;(10, 3);1;5574
6;0.25;;(3, 17);;(10, 3);1;5575
6;0.25;;(3, 17);;(10, 3);1;5576
6;0.25;;(3, 17);;(10, 3);1;5577
6;0.25;;(3, 17);;(10, 3);1;5578
6;0.25;;(3, 17);;(10, 3);1;5579
6;0.25;;(3, 17);;(10, 3);1;5580
6;0.25;;(3, 17);;(10, 3);1;5581
6;0.25;;(3, 17);;(10, 3);1;5582
6;0.25;;(3, 17);;(10, 3);1;5583
6;0.25;;(3, 17);;(10, 3);1;5584
6;0.25;;(3, 17);;(10, 3);1;5585
6;0.25;;(3, 17);;(10, 3);1;5586
6;0.25;;(3, 17);;(10, 3);1;5587
6;0.25;;(3, 17);;(10, 3);1;5588
6;0.25;;(3, 17);;(10, 3);1;5589
6;0.25;;(3, 17);;(10, 3);1;5590
6;0.25;;(3, 17);;(10, 3);1;5591
6;0.25;;(3, 17);;(10, 3);1;5592
6;0.25;;(3, 17);;(10, 3);1;5593
6;0.25;;(3, 17);;(10, 3);1;5594
6;0.25;;(3, 17);;(10, 3);1;5595
6;0.25;;(3, 17);;(10, 3);1;5596
6;0.25;;(3, 17);;(10, 3);1;5597
6;0.25;;(3, 17);;(10, 3);1;5598
6;0.25;;(3, 17);;(10, 3);1;5599
6;0.25;;(3, 17);;(10, 3);1;5600
6;0.25;;(3, 17);;(10, 3);1;5601
6;0.25;;(3, 17);;(10, 3);1;5602
6;0.25;;(3, 17);;(10, 3);1;5603
6;0.25;;(3, 17);;(10, 3);1;5604
6;0.25;;(3, 17);;(10, 3);1;5605
6;0.25;;(3, 17);;(10, 3);1;5606
6;0.25;;(3, 17);;(10, 3);1;5607
6;0.25;;(3, 17);;(10, 3);1;5608
6;0.25;;(3, 17);;(10, 3);1;5609
6;0.25;;(3, 17);;(10, 3);1;5610
6;0.25;;(3, 17);;(10, 3);1;5611
6;0.25;;(3, 17);;(10, 3);1;5612
6;0.25;;(3, 17);;(10, 3);1;5613
6;0.25;;(3, 17);;(10, 3);1;5614
6;0.25;;(3, 17);;(10, 3);1;5615
6;0.25;;(3, 17);;(10, 3);1;5616
6;0.25;;(3, 17);;(10, 3);1;5617
6;0.25;;(3, 17);;(10, 3);1;5618
6;0.25;;(3, 17);;(10, 3);1;5619
6;0.25;;(3, 17);;(10, 3);1;5620
6;0.25;;(3, 17);;(10, 3);1;5621
6;0.25;;(3, 17);;(10, 3);1;5622
6;0.25;;(3, 17);;(10, 3);1;5623
6;0.25;;(3, 17);;(10, 3);1;5624
6;0.25;;(3, 17);;(10, 3);1;5625
6;0.25;;(3, 17);;(10, 3);1;5626
6;0.25;;(3, 17);;(10, 3);1;5627
6;0.25;;(3, 17);;(10, 3);1;5628
6;0.25;;(3, 17);;(10, 3);1;5629
6;0.25;;(3, 17);;(10, 3);1;5630
6;0.25;;(3, 17);;(10, 3);1;5631
6;0.25;;(3, 17);;(10, 3);1;5632
6;0.25;;(3, 17);;(10, 3);1;5633
6;0.25;;(3, 17);;(10, 3);1;5634
6;0.25;;(3, 17);;(10, 3);1;5635
6;0.25;;(3, 17);;(10, 3);1;5636
6;0.25;;(3, 17);;(10, 3);1;5637
6;0.25;;(3, 17);;(10, 3);1;5638
6;0.25;;(3, 17);;(10, 3);1;5639
6;0.25;;(3, 17);;(10, 3);1;5640
6;0.25;;(3, 17);;(10, 3);1;5641
6;0.25;;(3, 17);;(10, 3);1;5642
6;0.25;;(3, 17);;(10, 3);1;5643
6;0.25;;(3, 17);;(10, 3);1;5644
6;0.25;;(3, 17);;(10, 3);1;5645
6;0.25;;(3, 17);;(10, 3);1;5646
6;0.25;;(3, 17);;(10, 3);1;5647
6;0.25;;(3, 17);;(10, 3);1;5648
6;0.25;;(3, 17);;(10, 3);1;5649
6;0.25;;(3, 17);;(10, 3);1;5650
6;0.25;;(3, 17);;(10, 3);1;5651
6;0.25;;(3, 17);;(10, 3);1;5652
6;0.25;;(3, 17);;(10, 3);1;5653
6;0.25;;(3, 17);;(10, 3);1;5654
6;0.25;;(3, 17);;(10, 3);1;5655
6;0.25;;(3, 17);;(10, 3);1;5656
6;0.25;;(3, 17);;(10, 3);1;5657
6;0.25;;(3, 17);;(10, 3);1;5658
6;0.25;;(3, 17);;(10, 3);1;5659
6;0.25;;(3, 17);;(10, 3);1;5660
6;0.25;;(3, 17);;(10, 3);1;5661
6;0.25;;(3, 17);;(10, 3);1;5662
6;0.25;;(3, 17);;(10, 3);1;5663
6;0.25;;(3, 17);;(10, 3);1;5664
6;0.25;;(3, 17);;(10, 3);1;5665
6;0.25;;(3, 17);;(10, 3);1;5666
6;0.25;;(3, 17);;(10, 3);1;5667
6;0.25;;(3, 17);;(10, 3);1;5668
6;0.25;;(3, 17);;(10, 3);1;5669
6;0.25;;(3, 17);;(10, 3);1;5670
6;0.25;;(3, 17);;(10, 3);1;5671
6;0.25;;(3, 17);;(10, 3);1;5672
6;0.25;;(3, 17);;(10, 3);1;5673
6;0.25;;(3, 17);;(10, 3);1;5674
6;0.25;;(3, 17);;(10, 3);1;5675
6;0.25;;(3, 17);;(10, 3);1;5676
6;0.25;;(3, 17);;(10, 3);1;5677
6;0.25;;(3, 17);;(10, 3);1;5678
6;0.25;;(3, 17);;(10, 3);1;5679
6;0.25;;(3, 17);;(10, 3);1;5680
6;0.25;;(3, 17);;(10, 3);1;5681
6;0.25;;(3, 17);;(10, 3);1;5682
6;0.25;;(3, 17);;(10, 3);1;5683
6;0.25;;(3, 17);;(10, 3);1;5684
6;0.25;;(3, 17);;(10, 3);1;5685
6;0.25;;(3, 17);;(10, 3);1;5686
6;0.25;;(3, 17);;(10, 3);1;5687
6;0.25;;(3, 17);;(10, 3);1;5688
6;0.25;;(3, 17);;(10, 3);1;5689
6;0.25;;(3, 17);;(10, 3);1;5690
6;0.25;;(3, 17);;(10, 3);1;5691
6;0.25;;(3, 17);;(10, 3);1;5692
6;0.25;;(3, 17);;(10, 3);1;5693
6;0.25;;(3, 17);;(10, 3);1;5694
6;0.25;;(3, 17);;(10, 3);1;5695
6;0.25;;(3, 17);;(10, 3);1;5696
6;0.25;;(3, 17);;(10, 3);1;5697
6;0.25;;(3, 17);;(10, 3);1;5698
6;0.25;;(3, 17);;(10, 3);1;5699
6;0.25;;(3, 17);;(10, 3);1;5700
6;0.25;;(3, 17);;(10, 3);1;5701
6;0.25;;(3, 17);;(10, 3);1;5702
6;0.25;;(3, 17);;(10, 3);1;5703
6;0.25;;(3, 17);;(10, 3);1;5704
6;0.25;;(3, 17);;(10, 3);1;5705
6;0.25;;(3, 17);;(10, 3);1;5706
6;0.25;;(3, 17);;(10, 3);1;5707
6;0.25;;(3, 17);;(10, 3);1;5708
6;0.25;;(3, 17);;(10, 3);1;5709
6;0.25;;(3, 17);;(10, 3);1;5710
6;0.25;;(3, 17);;(10, 3);1;5711
6;0.25;;(3, 17);;(10, 3);1;5712
6;0.25;;(3, 17);;(10, 3);1;5713
6;0.25;;(3, 17);;(10, 3);1;5714
6;0.25;;(3, 17);;(10, 3);1;5715
6;0.25;;(3, 17);;(10, 3);1;5716
6;0.25;;(3, 17);;(10, 3);1;5717
6;0.25;;(3, 17);;(10, 3);1;5718
6;0.25;;(3, 17);;(10, 3);1;5719
6;0.25;;(3, 17);;(10, 3);1;5720
6;0.25;;(3, 17);;(10, 3);1;5721
6;0.25;;(3, 17);;(10, 3);1;5722
6;0.25;;(3, 17);;(10, 3);1;5723
6;0.25;;(3, 17);;(10, 3);1;5724
6;0.25;;(3, 17);;(10, 3);1;5725
6;0.25;;(3, 17);;(10, 3);1;5726
6;0.25;;(3, 17);;(10, 3);1;5727
6;0.25;;(3, 17);;(10, 3);1;5728
6;0.25;;(3, 17);;(10, 3);1;5729
6;0.25;;(3, 17);;(10, 3);1;5730
6;0.25;;(3, 17);;(10, 3);1;5731
6;0.25;;(3, 17);;(10, 3);1;5732
6;0.25;;(3, 17);;(10, 3);1;5733
6;0.25;;(3, 17);;(10, 3);1;5734
6;0.25;;(3, 17);;(10, 3);1;5735
6;0.25;;(3, 17);;(10, 3);1;5736
6;0.25;;(3, 17);;(10, 3);1;5737
6;0.25;;(3, 17);;(10, 3);1;5738
6;0.25;;(3, 17);;(10, 3);1;5739
6;0.25;;(3, 17);;(10, 3);1;5740
6;0.25;;(3, 17);;(10, 3);1;5741
6;0.25;;(3, 17);;(10, 3);1;5742
6;0.25;;(3, 17);;(10, 3);1;5743
6;0.25;;(3, 17);;(10, 3);1;5744
6;0.25;;(3, 17);;(10, 3);1;5745
6;0.25;;(3, 17);;(10, 3);1;5746
6;0.25;;(3, 17);;(10, 3);1;5747
6;0.25;;(3, 17);;(10, 3);1;5748
6;0.25;;(3, 17);;(10, 3);1;5749
6;0.25;;(3, 17);;(10, 3);1;5750
6;0.25;;(3, 17);;(10, 3);1;5751
6;0.25;;(3, 17);;(10, 3);1;5752
6;0.25;;(3, 17);;(10, 3);1;5753
6;0.25;;(3, 17);;(10, 3);1;5754
6;0.25;;(3, 17);;(10, 3);1;5755
6;0.25;;(3, 17);;(10, 3);1;5756
6;0.25;;(3, 17);;(10, 3);1;5757
6;0.25;;(3, 17);MoveSouth;(10, 3);1;5758
6;0.25;;(3, 17);MoveSouth;(10, 3);1;5759
6;0.25;;(3, 17);;(10, 3);1;5760
6;0.25;;(3, 17);;(10, 3);1;5761
6;0.25;;(3, 17);;(10, 3);1;5762
6;0.25;;(3, 17);;(10, 3);1;5763
6;0.25;;(3, 17);;(10, 3);1;5764
6;0.25;;(3, 17);MoveSouth;(10, 3);1;5765
6;0.25;;(3, 17);;(10, 3);1;5766
6;0.25;;(3, 17);;(10, 3);1;5767
6;0.25;;(3, 17);MoveSouth;(10, 3);1;5768
6;0.25;;(3, 17);;(10, 3);1;5769
6;0.25;;(3, 17);;(10, 3);1;5770
6;0.25;;(3, 17);;(10, 3);1;5771
6;0.25;;(3, 17);;(10, 3);1;5772
6;0.25;;(3, 17);;(10, 3);1;5773
6;0.25;;(3, 17);;(10, 3);1;5774
6;0.25;;(3, 17);;(10, 3);1;5775
6;0.25;;(3, 17);;(10, 3);1;5776
6;0.25;;(3, 17);;(10, 3);1;5777
6;0.25;;(3, 17);;(10, 3);1;5778
6;0.25;;(3, 17);;(10, 3);1;5779
6;0.25;;(3, 17);;(10, 3);1;5780
6;0.25;;(3, 17);;(10, 3);1;5781
6;0.25;;(3, 17);;(10, 3);1;5782
6;0.25;;(3, 17);;(10, 3);1;5783
6;0.25;;(3, 17);;(10, 3);1;5784
6;0.25;;(3, 17);;(10, 3);1;5785
6;0.25;;(3, 17);;(10, 3);1;5786
6;0.25;;(3, 17);;(10, 3);1;5787
6;0.25;;(3, 17);;(10, 3);1;5788
6;0.25;;(3, 17);;(10, 3);1;5789
6;0.25;;(3, 17);;(10, 3);1;5790
6;0.25;;(3, 17);;(10, 3);1;5791
6;0.25;;(3, 17);;(10, 3);1;5792
6;0.25;;(3, 17);;(10, 3);1;5793
6;0.25;;(3, 17);;(10, 3);1;5794
6;0.25;;(3, 17);;(10, 3);1;5795
6;0.25;;(3, 17);;(10, 3);1;5796
6;0.25;;(3, 17);;(10, 3);1;5797
6;0.25;;(3, 17);;(10, 3);1;5798
6;0.25;;(3, 17);;(10, 3);1;5799
6;0.25;;(3, 17);;(10, 3);1;5800
6;0.25;;(3, 17);;(10, 3);1;5801
6;0.25;;(3, 17);;(10, 3);1;5802
6;0.25;;(3, 17);;(10, 3);1;5803
6;0.25;;(3, 17);;(10, 3);1;5804
6;0.25;;(3, 17);;(10, 3);1;5805
6;0.25;;(3, 17);;(10, 3);1;5806
6;0.25;;(3, 17);;(10, 3);1;5807
6;0.25;;(3, 17);;(10, 3);1;5808
6;0.25;;(3, 17);;(10, 3);1;5809
6;0.25;;(3, 17);;(10, 3);1;5810
6;0.25;;(3, 17);;(10, 3);1;5811
6;0.25;;(3, 17);;(10, 3);1;5812
6;0.25;;(3, 17);;(10, 3);1;5813
6;0.25;;(3, 17);;(10, 3);1;5814
6;0.25;;(3, 17);;(10, 3);1;5815
6;0.25;;(3, 17);;(10, 3);1;5816
6;0.25;;(3, 17);;(10, 3);1;5817
6;0.25;;(3, 17);;(10, 3);1;5818
6;0.25;;(3, 17);;(10, 3);1;5819
6;0.25;;(3, 17);MoveWest;(9, 3);1;5820
6;0.25;;(3, 17);;(9, 3);1;5821
6;0.25;;(3, 17);;(9, 3);1;5822
6;0.25;;(3, 17);;(9, 3);1;5823
6;0.25;;(3, 17);;(9, 3);1;5824
6;0.25;;(3, 17);;(9, 3);1;5825
6;0.25;;(3, 17);;(9, 3);1;5826
6;0.25;;(3, 17);;(9, 3);1;5827
6;0.25;;(3, 17);MoveSouth;(9, 4);1;5828
6;0.25;;(3, 17);;(9, 4);1;5829
6;0.25;;(3, 17);;(9, 4);1;5830
6;0.25;;(3, 17);;(9, 4);1;5831
6;0.25;;(3, 17);MoveSouth;(9, 5);1;5832
6;0.25;;(3, 17);;(9, 5);1;5833
6;0.25;;(3, 17);;(9, 5);1;5834
6;0.25;;(3, 17);;(9, 5);1;5835
6;0.25;;(3, 17);;(9, 5);1;5836
6;0.25;;(3, 17);MoveSouth;(9, 6);1;5837
6;0.25;;(3, 17);;(9, 6);1;5838
6;0.25;;(3, 17);;(9, 6);1;5839
6;0.25;;(3, 17);;(9, 6);1;5840
6;0.25;;(3, 17);MoveWest;(8, 6);1;5841
6;0.25;;(3, 17);;(8, 6);1;5842
6;0.25;;(3, 17);MoveWest;(7, 6);1;5843
6;0.25;;(3, 17);;(7, 6);1;5844
6;0.25;;(3, 17);MoveWest;(6, 6);1;5845
6;0.25;;(3, 17);;(6, 6);1;5846
6;0.25;;(3, 17);;(6, 6);1;5847
6;0.25;;(3, 17);;(6, 6);1;5848
6;0.25;;(3, 17);;(6, 6);1;5849
6;0.25;;(3, 17);;(6, 6);1;5850
6;0.25;;(3, 17);;(6, 6);1;5851
6;0.25;;(3, 17);;(6, 6);1;5852
6;0.25;;(3, 17);;(6, 6);1;5853
6;0.25;;(3, 17);MoveSouth;(6, 7);1;5854
6;0.25;;(3, 17);MoveSouth;(6, 8);1;5855
6;0.25;;(3, 17);;(6, 8);1;5856
6;0.25;;(3, 17);MoveSouth;(6, 9);1;5857
6;0.25;;(3, 17);;(6, 9);1;5858
6;0.25;;(3, 17);MoveSouth;(6, 10);1;5859
6;0.25;;(3, 17);;(6, 10);1;5860
6;0.25;;(3, 17);MoveSouth;(6, 11);1;5861
6;0.25;;(3, 17);MoveSouth;(6, 12);1;5862
6;0.25;;(3, 17);MoveSouth;(6, 12);1;5863
6;0.25;;(3, 17);MoveSouth;(6, 12);1;5864
6;0.25;;(3, 17);MoveSouth;(6, 12);1;5865
6;0.25;;(3, 17);MoveSouth;(6, 12);1;5866
6;0.25;;(3, 17);MoveSouth;(6, 12);1;5867
6;0.25;;(3, 17);MoveSouth;(6, 13);1;5868
6;0.25;;(3, 17);MoveSouth;(6, 13);1;5869
6;0.25;;(3, 17);MoveSouth;(6, 13);1;5870
6;0.25;;(3, 17);MoveSouth;(6, 13);1;5871
6;0.25;;(3, 17);MoveSouth;(6, 13);1;5872
6;0.25;;(3, 17);MoveSouth;(6, 13);1;5873
6;0.25;;(3, 17);MoveSouth;(6, 14);1;5874
6;0.25;;(3, 17);MoveSouth;(6, 14);1;5875
6;0.25;;(3, 17);MoveSouth;(6, 14);1;5876
6;0.25;;(3, 17);MoveSouth;(6, 14);1;5877
6;0.25;;(3, 17);MoveSouth;(6, 14);1;5878
6;0.25;;(3, 17);MoveSouth;(6, 14);1;5879
6;0.25;;(3, 17);MoveSouth;(6, 15);1;5880
6;0.25;;(3, 17);MoveSouth;(6, 15);1;5881
6;0.25;;(3, 17);MoveSouth;(6, 15);1;5882
6;0.25;;(3, 17);MoveSouth;(6, 15);1;5883
6;0.25;;(3, 17);MoveSouth;(6, 15);1;5884
6;0.25;;(3, 17);MoveSouth;(6, 15);1;5885
6;0.25;;(3, 17);MoveSouth;(6, 16);1;5886
6;0.25;;(3, 17);MoveSouth;(6, 16);1;5887
6;0.25;;(3, 17);MoveSouth;(6, 16);1;5888
6;0.25;;(3, 17);MoveSouth;(6, 16);1;5889
6;0.25;;(3, 17);MoveSouth;(6, 16);1;5890
6;0.25;;(3, 17);MoveSouth;(6, 16);1;5891
6;0.25;;(3, 17);MoveSouth;(6, 17);1;5892
6;0.25;;(3, 17);;(6, 17);1;5893
6;0.25;;(3, 17);;(6, 17);1;5894
6;0.25;;(3, 17);;(6, 17);1;5895
6;0.25;;(3, 17);;(6, 17);1;5896
6;0.25;;(3, 17);;(6, 17);1;5897
6;0.25;;(3, 17);;(6, 17);1;5898
6;0.25;;(3, 17);MoveWest;(6, 17);1;5899
6;0.25;;(3, 17);MoveWest;(6, 17);1;5900
6;0.25;;(3, 17);MoveWest;(6, 17);1;5901
6;0.25;;(3, 17);MoveWest;(6, 17);1;5902
6;0.25;;(3, 17);MoveWest;(6, 17);1;5903
6;0.25;;(3, 17);MoveWest;(5, 17);1;5904
6;0.25;;(3, 17);MoveWest;(5, 17);1;5905
6;0.25;;(3, 17);MoveWest;(5, 17);1;5906
6;0.25;;(3, 17);MoveWest;(5, 17);1;5907
6;0.25;;(3, 17);MoveWest;(5, 17);1;5908
6;0.25;;(3, 17);MoveWest;(5, 17);1;5909
6;0.25;;(3, 17);MoveWest;(4, 17);1;5910
6;0.25;;(3, 17);;(4, 17);1;5911
6;0.25;;(3, 17);;(4, 17);1;5912
6;0.25;;(3, 17);;(4, 17);1;5913
6;0.25;;(3, 17);;(4, 17);1;5914
6;0.25;;(3, 17);;(4, 17);1;5915
6;0.25;;(3, 17);;(4, 17);1;5916
6;0.25;;(3, 17);;(4, 17);1;5917
6;0.25;;(3, 17);;(4, 17);1;5918
6;0.25;;(3, 17);;(4, 17);1;5919
6;0.25;;(3, 17);;(4, 17);1;5920
6;0.25;;(3, 17);;(4, 17);1;5921
6;0.25;;(3, 17);;(4, 17);1;5922
6;0.25;;(3, 17);;(4, 17);1;5923
6;0.25;;(3, 17);;(4, 17);1;5924
6;0.25;;(3, 17);;(4, 17);1;5925
6;0.25;;(3, 17);;(4, 17);1;5926
6;0.25;;(3, 17);;(4, 17);1;5927
6;0.25;;(3, 17);MoveWest;(4, 17);1;5928
6;0.25;;(3, 17);MoveWest;(4, 17);1;5929
6;0.25;;(3, 17);MoveWest;(4, 17);1;5930
6;0.25;;(3, 17);MoveWest;(4, 17);1;5931
6;0.25;;(3, 17);MoveWest;(4, 17);1;5932
6;0.25;;(3, 17);MoveWest;(3, 17);1;5933
6;0.25;;(3, 17);;(3, 17);1;5934
6;0.25;;(3, 17);;(3, 17);1;5935
6;0.25;;(3, 17);;(3, 17);1;5936
6;0.25;;(3, 17);;(3, 17);1;5937
6;0.25;;(3, 17);;(3, 17);1;5938
6;0.25;;(3, 17);;(3, 17);1;5939
6;0.25;;(3, 17);;(3, 17);1;5940
6;0.25;;(3, 17);;(3, 17);1;5941
6;0.25;;(3, 17);;(3, 17);1;5942
6;0.25;;(3, 17);;(3, 17);1;5943
6;0.25;;(3, 17);;(3, 17);1;5944
6;0.25;;(3, 17);;(3, 17);1;5945
6;0.25;;(3, 17);;(3, 17);1;5946
6;0.25;;(3, 17);;(3, 17);1;5947
6;0.25;;(3, 17);;(3, 17);1;5948
6;0.25;;(3, 17);;(3, 17);1;5949
6;0.25;;(3, 17);;(3, 17);1;5950
6;0.25;;(3, 17);;(3, 17);1;5951
6;0.25;;(3, 17);RemoveObjectTogether;(3, 17);1;5952
6;0.25;;(3, 17);RemoveObjectTogether;(3, 17);1;5953
6;0.25;;(3, 17);RemoveObjectTogether;(3, 17);1;5954
6;0.25;;(3, 17);RemoveObjectTogether;(3, 17);1;5955
6;0.25;;(3, 17);RemoveObjectTogether;(3, 17);1;5956
6;0.25;;(3, 17);RemoveObjectTogether;(3, 17);1;5957
6;0.25;;(3, 17);RemoveObjectTogether;(3, 17);1;5958
6;0.25;;(3, 17);RemoveObjectTogether;(3, 17);1;5959
6;0.25;;(3, 17);RemoveObjectTogether;(3, 17);1;5960
6;0.25;;(3, 17);RemoveObjectTogether;(3, 17);1;5961
6;0.25;;(3, 17);RemoveObjectTogether;(3, 17);1;5962
6;0.25;;(3, 17);RemoveObjectTogether;(3, 17);1;5963
6;0.25;;(3, 17);RemoveObjectTogether;(3, 17);1;5964
6;0.25;;(3, 17);RemoveObjectTogether;(3, 17);1;5965
6;0.25;;(3, 17);RemoveObjectTogether;(3, 17);1;5966
6;0.25;;(3, 17);RemoveObjectTogether;(3, 17);1;5967
6;0.25;;(3, 17);RemoveObjectTogether;(3, 17);1;5968
6;0.25;;(3, 17);RemoveObjectTogether;(3, 17);1;5969
6;0.25;;(3, 17);RemoveObjectTogether;(3, 17);1;5970
6;0.25;;(3, 17);RemoveObjectTogether;(3, 17);1;5971
6;0.25;;(3, 17);RemoveObjectTogether;(3, 17);1;5972
6;0.25;;(3, 17);RemoveObjectTogether;(3, 17);1;5973
6;0.25;;(3, 17);RemoveObjectTogether;(3, 17);1;5974
6;0.25;;(3, 17);RemoveObjectTogether;(3, 17);1;5975
6;0.25;;(3, 17);RemoveObjectTogether;(3, 17);1;5976
6;0.25;;(3, 17);RemoveObjectTogether;(3, 17);1;5977
6;0.25;;(3, 17);RemoveObjectTogether;(3, 17);1;5978
6;0.25;;(3, 17);RemoveObjectTogether;(3, 17);1;5979
6;0.25;;(3, 17);RemoveObjectTogether;(3, 17);1;5980
6;0.25;;(3, 17);RemoveObjectTogether;(3, 17);1;5981
6;0.25;;(3, 17);RemoveObjectTogether;(3, 17);1;5982
6;0.25;;(3, 17);RemoveObjectTogether;(3, 17);1;5983
6;0.25;;(3, 17);RemoveObjectTogether;(3, 17);1;5984
6;0.25;;(3, 17);RemoveObjectTogether;(3, 17);1;5985
6;0.25;;(3, 17);RemoveObjectTogether;(3, 17);1;5986
6;0.25;;(3, 17);RemoveObjectTogether;(3, 17);1;5987
6;0.25;;(3, 17);RemoveObjectTogether;(3, 17);1;5988
6;0.25;;(3, 17);RemoveObjectTogether;(3, 17);1;5989
6;0.25;;(3, 17);RemoveObjectTogether;(3, 17);1;5990
6;0.25;;(3, 17);RemoveObjectTogether;(3, 17);1;5991
6;0.25;;(3, 17);RemoveObjectTogether;(3, 17);1;5992
6;0.25;;(3, 17);RemoveObjectTogether;(3, 17);1;5993
6;0.25;;(3, 17);RemoveObjectTogether;(3, 17);1;5994
6;0.25;;(3, 17);RemoveObjectTogether;(3, 17);1;5995
6;0.25;;(3, 17);RemoveObjectTogether;(3, 17);1;5996
6;0.25;;(3, 17);RemoveObjectTogether;(3, 17);1;5997
6;0.25;;(3, 17);RemoveObjectTogether;(3, 17);1;5998
6;0.25;;(3, 17);RemoveObjectTogether;(3, 17);1;5999
6;0.25;;(3, 17);RemoveObjectTogether;(3, 17);1;6000
6;0.25;;(3, 17);RemoveObjectTogether;(3, 17);1;6001
6;0.25;;(3, 17);RemoveObjectTogether;(3, 17);1;6002
6;0.25;MoveNorth;(3, 17);RemoveObjectTogether;(3, 17);1;6003
6;0.25;MoveNorth;(3, 17);;(3, 17);1;6004
6;0.25;MoveNorth;(3, 17);;(3, 17);1;6005
6;0.25;MoveNorth;(3, 17);;(3, 17);1;6006
6;0.25;MoveNorth;(3, 17);;(3, 17);1;6007
6;0.25;MoveNorth;(3, 17);;(3, 17);1;6008
6;0.25;MoveNorth;(3, 17);;(3, 17);1;6009
6;0.25;MoveNorth;(3, 17);;(3, 17);1;6010
6;0.25;MoveNorth;(3, 16);;(3, 17);1;6011
6;0.25;MoveNorthWest;(3, 16);;(3, 17);1;6012
6;0.25;MoveNorthWest;(3, 16);;(3, 17);1;6013
6;0.25;MoveNorthWest;(3, 16);RemoveObjectTogether;(3, 17);1;6014
6;0.25;MoveNorthWest;(3, 16);RemoveObjectTogether;(3, 17);1;6015
6;0.25;MoveNorthWest;(3, 16);RemoveObjectTogether;(3, 17);1;6016
6;0.25;MoveNorthWest;(3, 16);RemoveObjectTogether;(3, 17);1;6017
6;0.25;MoveNorthWest;(3, 16);RemoveObjectTogether;(3, 17);1;6018
6;0.25;MoveNorthWest;(3, 16);RemoveObjectTogether;(3, 17);1;6019
6;0.25;MoveNorthWest;(2, 15);RemoveObjectTogether;(3, 17);1;6020
6;0.25;MoveNorth;(2, 15);RemoveObjectTogether;(3, 17);1;6021
6;0.25;MoveNorth;(2, 15);RemoveObjectTogether;(3, 17);1;6022
6;0.25;MoveNorth;(2, 15);RemoveObjectTogether;(3, 17);1;6023
6;0.25;MoveNorth;(2, 15);RemoveObjectTogether;(3, 17);1;6024
6;0.25;MoveNorth;(2, 15);RemoveObjectTogether;(3, 17);1;6025
6;0.25;MoveNorth;(2, 15);RemoveObjectTogether;(3, 17);1;6026
6;0.25;MoveNorth;(2, 15);RemoveObjectTogether;(3, 17);1;6027
6;0.25;MoveNorth;(2, 15);RemoveObjectTogether;(3, 17);1;6028
6;0.25;MoveNorth;(2, 14);RemoveObjectTogether;(3, 17);1;6029
6;0.25;MoveSouthEast;(2, 14);RemoveObjectTogether;(3, 17);1;6030
6;0.25;MoveSouthEast;(2, 14);RemoveObjectTogether;(3, 17);1;6031
6;0.25;MoveSouthEast;(2, 14);RemoveObjectTogether;(3, 17);1;6032
6;0.25;MoveSouthEast;(2, 14);RemoveObjectTogether;(3, 17);1;6033
6;0.25;MoveSouthEast;(2, 14);RemoveObjectTogether;(3, 17);1;6034
6;0.25;MoveSouthEast;(2, 14);RemoveObjectTogether;(3, 17);1;6035
6;0.25;MoveSouthEast;(2, 14);RemoveObjectTogether;(3, 17);1;6036
6;0.25;MoveSouthEast;(2, 14);RemoveObjectTogether;(3, 17);1;6037
6;0.25;MoveSouthEast;(3, 15);RemoveObjectTogether;(3, 17);1;6038
6;0.25;MoveNorthEast;(3, 15);RemoveObjectTogether;(3, 17);1;6039
6;0.25;MoveNorthEast;(3, 15);RemoveObjectTogether;(3, 17);1;6040
6;0.25;MoveNorthEast;(3, 15);RemoveObjectTogether;(3, 17);1;6041
6;0.25;MoveNorthEast;(3, 15);RemoveObjectTogether;(3, 17);1;6042
6;0.25;MoveNorthEast;(3, 15);;(3, 17);1;6043
6;0.25;MoveNorthEast;(3, 15);RemoveObjectTogether;(3, 17);1;6044
6;0.25;MoveNorthEast;(3, 15);RemoveObjectTogether;(3, 17);1;6045
6;0.25;MoveNorthEast;(3, 15);RemoveObjectTogether;(3, 17);1;6046
6;0.25;MoveNorthEast;(4, 14);RemoveObjectTogether;(3, 17);1;6047
6;0.25;Idle;(4, 14);RemoveObjectTogether;(3, 17);1;6048
6;0.25;Idle;(4, 14);;(3, 17);1;6049
6;0.25;Idle;(4, 14);RemoveObjectTogether;(3, 17);1;6050
6;0.25;Idle;(4, 14);RemoveObjectTogether;(3, 17);1;6051
6;0.25;Idle;(4, 14);RemoveObjectTogether;(3, 17);1;6052
6;0.25;Idle;(4, 14);RemoveObjectTogether;(3, 17);1;6053
6;0.25;Idle;(4, 14);RemoveObjectTogether;(3, 17);1;6054
6;0.25;Idle;(4, 14);RemoveObjectTogether;(3, 17);1;6055
6;0.25;Idle;(4, 14);RemoveObjectTogether;(3, 17);1;6056
6;0.25;Idle;(4, 14);RemoveObjectTogether;(3, 17);1;6057
6;0.25;Idle;(4, 14);RemoveObjectTogether;(3, 17);1;6058
6;0.25;Idle;(4, 14);RemoveObjectTogether;(3, 17);1;6059
6;0.25;Idle;(4, 14);RemoveObjectTogether;(3, 17);1;6060
6;0.25;Idle;(4, 14);RemoveObjectTogether;(3, 17);1;6061
6;0.25;Idle;(4, 14);RemoveObjectTogether;(3, 17);1;6062
6;0.25;Idle;(4, 14);RemoveObjectTogether;(3, 17);1;6063
6;0.25;Idle;(4, 14);RemoveObjectTogether;(3, 17);1;6064
6;0.25;Idle;(4, 14);RemoveObjectTogether;(3, 17);1;6065
6;0.25;Idle;(4, 14);RemoveObjectTogether;(3, 17);1;6066
6;0.25;Idle;(4, 14);RemoveObjectTogether;(3, 17);1;6067
6;0.25;Idle;(4, 14);RemoveObjectTogether;(3, 17);1;6068
6;0.25;Idle;(4, 14);RemoveObjectTogether;(3, 17);1;6069
6;0.25;Idle;(4, 14);RemoveObjectTogether;(3, 17);1;6070
6;0.25;Idle;(4, 14);RemoveObjectTogether;(3, 17);1;6071
6;0.25;Idle;(4, 14);RemoveObjectTogether;(3, 17);1;6072
6;0.25;Idle;(4, 14);RemoveObjectTogether;(3, 17);1;6073
6;0.25;MoveSouth;(4, 14);RemoveObjectTogether;(3, 17);1;6074
6;0.25;MoveSouth;(4, 14);RemoveObjectTogether;(3, 17);1;6075
6;0.25;MoveSouth;(4, 14);RemoveObjectTogether;(3, 17);1;6076
6;0.25;MoveSouth;(4, 14);RemoveObjectTogether;(3, 17);1;6077
6;0.25;MoveSouth;(4, 14);RemoveObjectTogether;(3, 17);1;6078
6;0.25;MoveSouth;(4, 14);RemoveObjectTogether;(3, 17);1;6079
6;0.25;MoveSouth;(4, 14);RemoveObjectTogether;(3, 17);1;6080
6;0.25;MoveSouth;(4, 14);RemoveObjectTogether;(3, 17);1;6081
6;0.25;MoveSouth;(4, 15);RemoveObjectTogether;(3, 17);1;6082
6;0.25;MoveSouthWest;(4, 15);RemoveObjectTogether;(3, 17);1;6083
6;0.25;MoveSouthWest;(4, 15);RemoveObjectTogether;(3, 17);1;6084
6;0.25;MoveSouthWest;(4, 15);RemoveObjectTogether;(3, 17);1;6085
6;0.25;MoveSouthWest;(4, 15);RemoveObjectTogether;(3, 17);1;6086
6;0.25;MoveSouthWest;(4, 15);RemoveObjectTogether;(3, 17);1;6087
6;0.25;MoveSouthWest;(4, 15);RemoveObjectTogether;(3, 17);1;6088
6;0.25;MoveSouthWest;(4, 15);RemoveObjectTogether;(3, 17);1;6089
6;0.25;MoveSouthWest;(4, 15);RemoveObjectTogether;(3, 17);1;6090
6;0.25;MoveSouthWest;(3, 16);RemoveObjectTogether;(3, 17);1;6091
6;0.25;MoveSouth;(3, 16);RemoveObjectTogether;(3, 17);1;6092
6;0.25;MoveSouth;(3, 16);RemoveObjectTogether;(3, 17);1;6093
6;0.25;MoveSouth;(3, 16);RemoveObjectTogether;(3, 17);1;6094
6;0.25;MoveSouth;(3, 16);RemoveObjectTogether;(3, 17);1;6095
6;0.25;MoveSouth;(3, 16);RemoveObjectTogether;(3, 17);1;6096
6;0.25;MoveSouth;(3, 16);RemoveObjectTogether;(3, 17);1;6097
6;0.25;MoveSouth;(3, 16);RemoveObjectTogether;(3, 17);1;6098
6;0.25;MoveSouth;(3, 16);RemoveObjectTogether;(3, 17);1;6099
6;0.25;MoveSouth;(3, 17);RemoveObjectTogether;(3, 17);1;6100
6;0.25;MoveSouth;(3, 17);RemoveObjectTogether;(3, 17);1;6101
6;0.25;MoveSouth;(3, 17);RemoveObjectTogether;(3, 17);1;6102
6;0.25;MoveSouth;(3, 17);RemoveObjectTogether;(3, 17);1;6103
6;0.25;MoveSouth;(3, 17);RemoveObjectTogether;(3, 17);1;6104
6;0.25;MoveSouth;(3, 17);RemoveObjectTogether;(3, 17);1;6105
6;0.25;MoveSouth;(3, 17);RemoveObjectTogether;(3, 17);1;6106
6;0.25;MoveSouth;(3, 17);RemoveObjectTogether;(3, 17);1;6107
6;0.25;MoveSouth;(3, 17);RemoveObjectTogether;(3, 17);1;6108
6;0.25;MoveSouth;(3, 18);RemoveObjectTogether;(3, 17);1;6109
6;0.25;MoveSouth;(3, 18);RemoveObjectTogether;(3, 17);1;6110
6;0.25;MoveSouth;(3, 18);RemoveObjectTogether;(3, 17);1;6111
6;0.25;MoveSouth;(3, 18);RemoveObjectTogether;(3, 17);1;6112
6;0.25;MoveSouth;(3, 18);RemoveObjectTogether;(3, 17);1;6113
6;0.25;MoveSouth;(3, 18);RemoveObjectTogether;(3, 17);1;6114
6;0.25;MoveSouth;(3, 18);RemoveObjectTogether;(3, 17);1;6115
6;0.25;MoveSouth;(3, 18);RemoveObjectTogether;(3, 17);1;6116
6;0.25;MoveSouth;(3, 18);RemoveObjectTogether;(3, 17);1;6117
6;0.25;MoveSouth;(3, 19);RemoveObjectTogether;(3, 17);1;6118
6;0.25;MoveSouthWest;(3, 19);RemoveObjectTogether;(3, 17);1;6119
6;0.25;MoveSouthWest;(3, 19);RemoveObjectTogether;(3, 17);1;6120
6;0.25;MoveSouthWest;(3, 19);RemoveObjectTogether;(3, 17);1;6121
6;0.25;MoveSouthWest;(3, 19);RemoveObjectTogether;(3, 17);1;6122
6;0.25;MoveSouthWest;(3, 19);RemoveObjectTogether;(3, 17);1;6123
6;0.25;MoveSouthWest;(3, 19);RemoveObjectTogether;(3, 17);1;6124
6;0.25;MoveSouthWest;(3, 19);RemoveObjectTogether;(3, 17);1;6125
6;0.25;MoveSouthWest;(3, 19);RemoveObjectTogether;(3, 17);1;6126
6;0.25;MoveSouthWest;(2, 20);RemoveObjectTogether;(3, 17);1;6127
6;0.25;MoveSouthEast;(2, 20);RemoveObjectTogether;(3, 17);1;6128
6;0.25;MoveSouthEast;(2, 20);RemoveObjectTogether;(3, 17);1;6129
6;0.25;MoveSouthEast;(2, 20);RemoveObjectTogether;(3, 17);1;6130
6;0.25;MoveSouthEast;(2, 20);RemoveObjectTogether;(3, 17);1;6131
6;0.25;MoveSouthEast;(2, 20);RemoveObjectTogether;(3, 17);1;6132
6;0.25;MoveSouthEast;(2, 20);RemoveObjectTogether;(3, 17);1;6133
6;0.25;MoveSouthEast;(2, 20);RemoveObjectTogether;(3, 17);1;6134
6;0.25;MoveSouthEast;(2, 20);RemoveObjectTogether;(3, 17);1;6135
6;0.25;MoveSouthEast;(3, 21);RemoveObjectTogether;(3, 17);1;6136
6;0.25;MoveNorthEast;(3, 21);RemoveObjectTogether;(3, 17);1;6137
6;0.25;MoveNorthEast;(3, 21);RemoveObjectTogether;(3, 17);1;6138
6;0.25;MoveNorthEast;(3, 21);RemoveObjectTogether;(3, 17);1;6139
6;0.25;MoveNorthEast;(3, 21);RemoveObjectTogether;(3, 17);1;6140
6;0.25;MoveNorthEast;(3, 21);RemoveObjectTogether;(3, 17);1;6141
6;0.25;MoveNorthEast;(3, 21);RemoveObjectTogether;(3, 17);1;6142
6;0.25;MoveNorthEast;(3, 21);RemoveObjectTogether;(3, 17);1;6143
6;0.25;MoveNorthEast;(3, 21);RemoveObjectTogether;(3, 17);1;6144
6;0.25;MoveNorthEast;(4, 20);RemoveObjectTogether;(3, 17);1;6145
6;0.25;MoveSouth;(4, 20);RemoveObjectTogether;(3, 17);1;6146
6;0.25;MoveSouth;(4, 20);RemoveObjectTogether;(3, 17);1;6147
6;0.25;MoveSouth;(4, 20);RemoveObjectTogether;(3, 17);1;6148
6;0.25;MoveSouth;(4, 20);RemoveObjectTogether;(3, 17);1;6149
6;0.25;MoveSouth;(4, 20);RemoveObjectTogether;(3, 17);1;6150
6;0.25;MoveSouth;(4, 20);RemoveObjectTogether;(3, 17);1;6151
6;0.25;MoveSouth;(4, 20);RemoveObjectTogether;(3, 17);1;6152
6;0.25;MoveSouth;(4, 20);RemoveObjectTogether;(3, 17);1;6153
6;0.25;MoveSouth;(4, 21);RemoveObjectTogether;(3, 17);1;6154
6;0.25;CarryObject;(4, 21);RemoveObjectTogether;(3, 17);1;6155
6;0.25;CarryObject;(4, 21);;(3, 17);1;6156
6;0.25;CarryObject;(4, 21);;(3, 17);1;6157
6;0.25;CarryObject;(4, 21);;(3, 17);1;6158
6;0.25;CarryObject;(4, 21);;(3, 17);1;6159
6;0.25;CarryObject;(4, 21);;(3, 17);1;6160
6;0.25;CarryObject;(4, 21);;(3, 17);1;6161
6;0.25;CarryObject;(4, 21);;(3, 17);1;6162
6;0.25;CarryObject;(4, 21);;(3, 17);1;6163
6;0.25;CarryObject;(4, 21);;(3, 17);1;6164
6;0.25;CarryObject;(4, 21);;(3, 17);1;6165
6;0.25;CarryObject;(4, 21);;(3, 17);1;6166
6;0.25;CarryObject;(4, 21);;(3, 17);1;6167
6;0.25;CarryObject;(4, 21);;(3, 17);1;6168
6;0.25;CarryObject;(4, 21);;(3, 17);1;6169
6;0.25;CarryObject;(4, 21);;(3, 17);1;6170
6;0.25;CarryObject;(4, 21);;(3, 17);1;6171
6;0.25;CarryObject;(4, 21);;(3, 17);1;6172
6;0.25;CarryObject;(4, 21);;(3, 17);1;6173
6;0.25;CarryObject;(4, 21);;(3, 17);1;6174
6;0.25;CarryObject;(4, 21);;(3, 17);1;6175
6;0.25;CarryObject;(4, 21);;(3, 17);1;6176
6;0.25;CarryObject;(4, 21);;(3, 17);1;6177
6;0.25;CarryObject;(4, 21);;(3, 17);1;6178
6;0.25;CarryObject;(4, 21);;(3, 17);1;6179
6;0.25;CarryObject;(4, 21);;(3, 17);1;6180
6;0.25;CarryObject;(4, 21);;(3, 17);1;6181
6;0.25;CarryObject;(4, 21);;(3, 17);1;6182
6;0.25;CarryObject;(4, 21);;(3, 17);1;6183
6;0.25;CarryObject;(4, 21);;(3, 17);1;6184
6;0.25;CarryObject;(4, 21);;(3, 17);1;6185
6;0.25;CarryObject;(4, 21);;(3, 17);1;6186
6;0.25;CarryObject;(4, 21);;(3, 17);1;6187
6;0.25;CarryObject;(4, 21);;(3, 17);1;6188
6;0.25;CarryObject;(4, 21);;(3, 17);1;6189
6;0.25;CarryObject;(4, 21);;(3, 17);1;6190
6;0.25;CarryObject;(4, 21);;(3, 17);1;6191
6;0.25;CarryObject;(4, 21);;(3, 17);1;6192
6;0.25;CarryObject;(4, 21);;(3, 17);1;6193
6;0.25;CarryObject;(4, 21);;(3, 17);1;6194
6;0.25;CarryObject;(4, 21);;(3, 17);1;6195
6;0.25;CarryObject;(4, 21);;(3, 17);1;6196
6;0.25;CarryObject;(4, 21);;(3, 17);1;6197
6;0.25;CarryObject;(4, 21);;(3, 17);1;6198
6;0.25;CarryObject;(4, 21);;(3, 17);1;6199
6;0.25;CarryObject;(4, 21);;(3, 17);1;6200
6;0.25;CarryObject;(4, 21);;(3, 17);1;6201
6;0.25;CarryObject;(4, 21);;(3, 17);1;6202
6;0.25;CarryObject;(4, 21);;(3, 17);1;6203
6;0.25;CarryObject;(4, 21);;(3, 17);1;6204
6;0.25;CarryObject;(4, 21);;(3, 17);1;6205
6;0.25;CarryObject;(4, 21);;(3, 17);1;6206
6;0.25;CarryObject;(4, 21);;(3, 17);1;6207
6;0.25;CarryObject;(4, 21);;(3, 17);1;6208
6;0.25;CarryObject;(4, 21);;(3, 17);1;6209
6;0.25;CarryObject;(4, 21);;(3, 17);1;6210
6;0.25;CarryObject;(4, 21);;(3, 17);1;6211
6;0.25;CarryObject;(4, 21);;(3, 17);1;6212
6;0.25;CarryObject;(4, 21);;(3, 17);1;6213
6;0.25;CarryObject;(4, 21);;(3, 17);1;6214
6;0.25;CarryObject;(4, 21);;(3, 17);1;6215
6;0.25;CarryObject;(4, 21);;(3, 17);1;6216
6;0.25;CarryObject;(4, 21);;(3, 17);1;6217
6;0.25;CarryObject;(4, 21);;(3, 17);1;6218
6;0.25;CarryObject;(4, 21);;(3, 17);1;6219
6;0.25;CarryObject;(4, 21);;(3, 17);1;6220
6;0.25;CarryObject;(4, 21);;(3, 17);1;6221
6;0.25;CarryObject;(4, 21);;(3, 17);1;6222
6;0.25;CarryObject;(4, 21);;(3, 17);1;6223
6;0.25;CarryObject;(4, 21);;(3, 17);1;6224
6;0.25;CarryObject;(4, 21);;(3, 17);1;6225
6;0.25;CarryObject;(4, 21);;(3, 17);1;6226
6;0.25;CarryObject;(4, 21);;(3, 17);1;6227
6;0.25;CarryObject;(4, 21);;(3, 17);1;6228
6;0.25;CarryObject;(4, 21);;(3, 17);1;6229
6;0.25;CarryObject;(4, 21);;(3, 17);1;6230
6;0.25;CarryObject;(4, 21);;(3, 17);1;6231
6;0.25;CarryObject;(4, 21);;(3, 17);1;6232
6;0.25;CarryObject;(4, 21);;(3, 17);1;6233
6;0.25;CarryObject;(4, 21);;(3, 17);1;6234
6;0.25;CarryObject;(4, 21);;(3, 17);1;6235
6;0.25;CarryObject;(4, 21);;(3, 17);1;6236
6;0.25;CarryObject;(4, 21);;(3, 17);1;6237
6;0.25;CarryObject;(4, 21);;(3, 17);1;6238
6;0.25;CarryObject;(4, 21);;(3, 17);1;6239
6;0.25;CarryObject;(4, 21);;(3, 17);1;6240
6;0.25;CarryObject;(4, 21);;(3, 17);1;6241
6;0.25;CarryObject;(4, 21);;(3, 17);1;6242
6;0.25;CarryObject;(4, 21);;(3, 17);1;6243
6;0.25;CarryObject;(4, 21);;(3, 17);1;6244
6;0.25;CarryObject;(4, 21);;(3, 17);1;6245
6;0.25;CarryObject;(4, 21);;(3, 17);1;6246
6;0.25;CarryObject;(4, 21);;(3, 17);1;6247
6;0.25;CarryObject;(4, 21);;(3, 17);1;6248
6;0.25;CarryObject;(4, 21);;(3, 17);1;6249
6;0.25;CarryObject;(4, 21);;(3, 17);1;6250
6;0.25;CarryObject;(4, 21);;(3, 17);1;6251
6;0.25;CarryObject;(4, 21);;(3, 17);1;6252
6;0.25;CarryObject;(4, 21);;(3, 17);1;6253
6;0.25;CarryObject;(4, 21);;(3, 17);1;6254
6;0.25;CarryObject;(4, 21);;(3, 17);1;6255
6;0.25;CarryObject;(4, 21);;(3, 17);1;6256
6;0.25;CarryObject;(4, 21);;(3, 17);1;6257
6;0.25;CarryObject;(4, 21);;(3, 17);1;6258
6;0.25;CarryObject;(4, 21);;(3, 17);1;6259
6;0.25;CarryObject;(4, 21);;(3, 17);1;6260
6;0.25;CarryObject;(4, 21);;(3, 17);1;6261
6;0.25;CarryObject;(4, 21);;(3, 17);1;6262
6;0.25;CarryObject;(4, 21);;(3, 17);1;6263
6;0.25;CarryObject;(4, 21);;(3, 17);1;6264
6;0.25;CarryObject;(4, 21);;(3, 17);1;6265
6;0.25;CarryObject;(4, 21);;(3, 17);1;6266
6;0.25;CarryObject;(4, 21);;(3, 17);1;6267
6;0.25;CarryObject;(4, 21);;(3, 17);1;6268
6;0.25;CarryObject;(4, 21);;(3, 17);1;6269
6;0.25;CarryObject;(4, 21);;(3, 17);1;6270
6;0.25;CarryObject;(4, 21);;(3, 17);1;6271
6;0.25;CarryObject;(4, 21);;(3, 17);1;6272
6;0.25;CarryObject;(4, 21);;(3, 17);1;6273
6;0.25;CarryObject;(4, 21);;(3, 17);1;6274
6;0.25;CarryObject;(4, 21);;(3, 17);1;6275
6;0.25;CarryObject;(4, 21);;(3, 17);1;6276
6;0.25;CarryObject;(4, 21);;(3, 17);1;6277
6;0.25;CarryObject;(4, 21);;(3, 17);1;6278
6;0.25;CarryObject;(4, 21);;(3, 17);1;6279
6;0.25;CarryObject;(4, 21);;(3, 17);1;6280
6;0.25;CarryObject;(4, 21);;(3, 17);1;6281
6;0.25;CarryObject;(4, 21);;(3, 17);1;6282
6;0.25;CarryObject;(4, 21);;(3, 17);1;6283
6;0.25;CarryObject;(4, 21);;(3, 17);1;6284
6;0.25;CarryObject;(4, 21);;(3, 17);1;6285
6;0.25;CarryObject;(4, 21);;(3, 17);1;6286
6;0.25;CarryObject;(4, 21);;(3, 17);1;6287
6;0.25;CarryObject;(4, 21);;(3, 17);1;6288
6;0.25;CarryObject;(4, 21);;(3, 17);1;6289
6;0.25;CarryObject;(4, 21);;(3, 17);1;6290
6;0.25;CarryObject;(4, 21);;(3, 17);1;6291
6;0.25;CarryObject;(4, 21);;(3, 17);1;6292
6;0.25;CarryObject;(4, 21);;(3, 17);1;6293
6;0.25;CarryObject;(4, 21);;(3, 17);1;6294
6;0.25;CarryObject;(4, 21);;(3, 17);1;6295
6;0.25;CarryObject;(4, 21);;(3, 17);1;6296
6;0.25;CarryObject;(4, 21);;(3, 17);1;6297
6;0.25;CarryObject;(4, 21);;(3, 17);1;6298
6;0.25;CarryObject;(4, 21);;(3, 17);1;6299
6;0.25;CarryObject;(4, 21);;(3, 17);1;6300
6;0.25;CarryObject;(4, 21);;(3, 17);1;6301
6;0.25;CarryObject;(4, 21);;(3, 17);1;6302
6;0.25;CarryObject;(4, 21);;(3, 17);1;6303
6;0.25;CarryObject;(4, 21);;(3, 17);1;6304
6;0.25;CarryObject;(4, 21);;(3, 17);1;6305
6;0.25;MoveNorth;(4, 21);;(3, 17);1;6306
6;0.25;MoveNorth;(4, 21);;(3, 17);1;6307
6;0.25;MoveNorth;(4, 21);;(3, 17);1;6308
6;0.25;MoveNorth;(4, 21);;(3, 17);1;6309
6;0.25;MoveNorth;(4, 21);;(3, 17);1;6310
6;0.25;MoveNorth;(4, 21);;(3, 17);1;6311
6;0.25;MoveNorth;(4, 21);;(3, 17);1;6312
6;0.25;MoveNorth;(4, 21);;(3, 17);1;6313
6;0.25;MoveNorth;(4, 20);;(3, 17);1;6314
6;0.25;MoveNorthWest;(4, 20);;(3, 17);1;6315
6;0.25;MoveNorthWest;(4, 20);;(3, 17);1;6316
6;0.25;MoveNorthWest;(4, 20);;(3, 17);1;6317
6;0.25;MoveNorthWest;(4, 20);;(3, 17);1;6318
6;0.25;MoveNorthWest;(4, 20);;(3, 17);1;6319
6;0.25;MoveNorthWest;(4, 20);;(3, 17);1;6320
6;0.25;MoveNorthWest;(4, 20);;(3, 17);1;6321
6;0.25;MoveNorthWest;(4, 20);;(3, 17);1;6322
6;0.25;MoveNorthWest;(3, 19);;(3, 17);1;6323
6;0.25;MoveNorthEast;(3, 19);;(3, 17);1;6324
6;0.25;MoveNorthEast;(3, 19);;(3, 17);1;6325
6;0.25;MoveNorthEast;(3, 19);;(3, 17);1;6326
6;0.25;MoveNorthEast;(3, 19);;(3, 17);1;6327
6;0.25;MoveNorthEast;(3, 19);;(3, 17);1;6328
6;0.25;MoveNorthEast;(3, 19);;(3, 17);1;6329
6;0.25;MoveNorthEast;(3, 19);;(3, 17);1;6330
6;0.25;MoveNorthEast;(3, 19);;(3, 17);1;6331
6;0.25;MoveNorthEast;(4, 18);;(3, 17);1;6332
6;0.25;MoveEast;(4, 18);;(3, 17);1;6333
6;0.25;MoveEast;(4, 18);;(3, 17);1;6334
6;0.25;MoveEast;(4, 18);;(3, 17);1;6335
6;0.25;MoveEast;(4, 18);;(3, 17);1;6336
6;0.25;MoveEast;(4, 18);;(3, 17);1;6337
6;0.25;MoveEast;(4, 18);;(3, 17);1;6338
6;0.25;MoveEast;(4, 18);;(3, 17);1;6339
6;0.25;MoveEast;(4, 18);;(3, 17);1;6340
6;0.25;MoveEast;(5, 18);;(3, 17);1;6341
6;0.25;MoveEast;(5, 18);;(3, 17);1;6342
6;0.25;MoveEast;(5, 18);;(3, 17);1;6343
6;0.25;MoveEast;(5, 18);;(3, 17);1;6344
6;0.25;MoveEast;(5, 18);;(3, 17);1;6345
6;0.25;MoveEast;(5, 18);;(3, 17);1;6346
6;0.25;MoveEast;(5, 18);;(3, 17);1;6347
6;0.25;MoveEast;(5, 18);;(3, 17);1;6348
6;0.25;MoveEast;(5, 18);;(3, 17);1;6349
6;0.25;MoveEast;(6, 18);;(3, 17);1;6350
6;0.25;MoveEast;(6, 18);;(3, 17);1;6351
6;0.25;MoveEast;(6, 18);;(3, 17);1;6352
6;0.25;MoveEast;(6, 18);;(3, 17);1;6353
6;0.25;MoveEast;(6, 18);;(3, 17);1;6354
6;0.25;MoveEast;(6, 18);;(3, 17);1;6355
6;0.25;MoveEast;(6, 18);;(3, 17);1;6356
6;0.25;MoveEast;(6, 18);;(3, 17);1;6357
6;0.25;MoveEast;(6, 18);;(3, 17);1;6358
6;0.25;MoveEast;(7, 18);;(3, 17);1;6359
6;0.25;MoveEast;(7, 18);;(3, 17);1;6360
6;0.25;MoveEast;(7, 18);;(3, 17);1;6361
6;0.25;MoveEast;(7, 18);;(3, 17);1;6362
6;0.25;MoveEast;(7, 18);;(3, 17);1;6363
6;0.25;MoveEast;(7, 18);;(3, 17);1;6364
6;0.25;MoveEast;(7, 18);;(3, 17);1;6365
6;0.25;MoveEast;(7, 18);;(3, 17);1;6366
6;0.25;MoveEast;(7, 18);;(3, 17);1;6367
6;0.25;MoveEast;(8, 18);;(3, 17);1;6368
6;0.25;MoveEast;(8, 18);;(3, 17);1;6369
6;0.25;MoveEast;(8, 18);;(3, 17);1;6370
6;0.25;MoveEast;(8, 18);;(3, 17);1;6371
6;0.25;MoveEast;(8, 18);;(3, 17);1;6372
6;0.25;MoveEast;(8, 18);;(3, 17);1;6373
6;0.25;MoveEast;(8, 18);;(3, 17);1;6374
6;0.25;MoveEast;(8, 18);;(3, 17);1;6375
6;0.25;MoveEast;(8, 18);;(3, 17);1;6376
6;0.25;MoveEast;(9, 18);;(3, 17);1;6377
6;0.25;MoveEast;(9, 18);;(3, 17);1;6378
6;0.25;MoveEast;(9, 18);;(3, 17);1;6379
6;0.25;MoveEast;(9, 18);;(3, 17);1;6380
6;0.25;MoveEast;(9, 18);;(3, 17);1;6381
6;0.25;MoveEast;(9, 18);;(3, 17);1;6382
6;0.25;MoveEast;(9, 18);;(3, 17);1;6383
6;0.25;MoveEast;(9, 18);;(3, 17);1;6384
6;0.25;MoveEast;(9, 18);;(3, 17);1;6385
6;0.25;MoveEast;(10, 18);;(3, 17);1;6386
6;0.25;MoveEast;(10, 18);;(3, 17);1;6387
6;0.25;MoveEast;(10, 18);;(3, 17);1;6388
6;0.25;MoveEast;(10, 18);;(3, 17);1;6389
6;0.25;MoveEast;(10, 18);;(3, 17);1;6390
6;0.25;MoveEast;(10, 18);;(3, 17);1;6391
6;0.25;MoveEast;(10, 18);;(3, 17);1;6392
6;0.25;MoveEast;(10, 18);;(3, 17);1;6393
6;0.25;MoveEast;(10, 18);;(3, 17);1;6394
6;0.25;MoveEast;(10, 18);;(3, 17);1;6395
6;0.25;MoveEast;(10, 18);;(3, 17);1;6396
6;0.25;MoveEast;(10, 18);;(3, 17);1;6397
6;0.25;MoveEast;(10, 18);;(3, 17);1;6398
6;0.25;MoveEast;(10, 18);;(3, 17);1;6399
6;0.25;MoveEast;(11, 18);;(3, 17);1;6400
6;0.25;MoveEast;(11, 18);;(3, 17);1;6401
6;0.25;MoveEast;(11, 18);;(3, 17);1;6402
6;0.25;MoveEast;(11, 18);;(3, 17);1;6403
6;0.25;MoveEast;(11, 18);;(3, 17);1;6404
6;0.25;MoveEast;(11, 18);;(3, 17);1;6405
6;0.25;MoveEast;(11, 18);;(3, 17);1;6406
6;0.25;MoveEast;(11, 18);;(3, 17);1;6407
6;0.25;MoveEast;(11, 18);;(3, 17);1;6408
6;0.25;MoveEast;(11, 18);;(3, 17);1;6409
6;0.25;MoveEast;(11, 18);;(3, 17);1;6410
6;0.25;MoveEast;(11, 18);;(3, 17);1;6411
6;0.25;MoveEast;(11, 18);;(3, 17);1;6412
6;0.25;MoveEast;(11, 18);;(3, 17);1;6413
6;0.25;MoveEast;(12, 18);;(3, 17);1;6414
6;0.25;MoveEast;(12, 18);;(3, 17);1;6415
6;0.25;MoveEast;(12, 18);;(3, 17);1;6416
6;0.25;MoveEast;(12, 18);;(3, 17);1;6417
6;0.25;MoveEast;(12, 18);;(3, 17);1;6418
6;0.25;MoveEast;(12, 18);;(3, 17);1;6419
6;0.25;MoveEast;(12, 18);;(3, 17);1;6420
6;0.25;MoveEast;(12, 18);;(3, 17);1;6421
6;0.25;MoveEast;(12, 18);;(3, 17);1;6422
6;0.25;MoveEast;(12, 18);;(3, 17);1;6423
6;0.25;MoveEast;(12, 18);;(3, 17);1;6424
6;0.25;MoveEast;(12, 18);;(3, 17);1;6425
6;0.25;MoveEast;(12, 18);;(3, 17);1;6426
6;0.25;MoveEast;(12, 18);;(3, 17);1;6427
6;0.25;MoveEast;(13, 18);;(3, 17);1;6428
6;0.25;MoveEast;(13, 18);;(3, 17);1;6429
6;0.25;MoveEast;(13, 18);;(3, 17);1;6430
6;0.25;MoveEast;(13, 18);;(3, 17);1;6431
6;0.25;MoveEast;(13, 18);;(3, 17);1;6432
6;0.25;MoveEast;(13, 18);;(3, 17);1;6433
6;0.25;MoveEast;(13, 18);;(3, 17);1;6434
6;0.25;MoveEast;(13, 18);;(3, 17);1;6435
6;0.25;MoveEast;(13, 18);;(3, 17);1;6436
6;0.25;MoveEast;(13, 18);;(3, 17);1;6437
6;0.25;MoveEast;(13, 18);;(3, 17);1;6438
6;0.25;MoveEast;(13, 18);;(3, 17);1;6439
6;0.25;MoveEast;(13, 18);;(3, 17);1;6440
6;0.25;MoveEast;(13, 18);;(3, 17);1;6441
6;0.25;MoveEast;(14, 18);;(3, 17);1;6442
6;0.25;MoveEast;(14, 18);;(3, 17);1;6443
6;0.25;MoveEast;(14, 18);;(3, 17);1;6444
6;0.25;MoveEast;(14, 18);;(3, 17);1;6445
6;0.25;MoveEast;(14, 18);;(3, 17);1;6446
6;0.25;MoveEast;(14, 18);;(3, 17);1;6447
6;0.25;MoveEast;(14, 18);;(3, 17);1;6448
6;0.25;MoveEast;(14, 18);;(3, 17);1;6449
6;0.25;MoveEast;(14, 18);;(3, 17);1;6450
6;0.25;MoveEast;(14, 18);;(3, 17);1;6451
6;0.25;MoveEast;(14, 18);;(3, 17);1;6452
6;0.25;MoveEast;(14, 18);;(3, 17);1;6453
6;0.25;MoveEast;(14, 18);;(3, 17);1;6454
6;0.25;MoveEast;(14, 18);;(3, 17);1;6455
6;0.25;MoveEast;(15, 18);;(3, 17);1;6456
6;0.25;MoveEast;(15, 18);;(3, 17);1;6457
6;0.25;MoveEast;(15, 18);;(3, 17);1;6458
6;0.25;MoveEast;(15, 18);;(3, 17);1;6459
6;0.25;MoveEast;(15, 18);;(3, 17);1;6460
6;0.25;MoveEast;(15, 18);;(3, 17);1;6461
6;0.25;MoveEast;(15, 18);;(3, 17);1;6462
6;0.25;MoveEast;(15, 18);;(3, 17);1;6463
6;0.25;MoveEast;(15, 18);;(3, 17);1;6464
6;0.25;MoveEast;(16, 18);;(3, 17);1;6465
6;0.25;MoveEast;(16, 18);;(3, 17);1;6466
6;0.25;MoveEast;(16, 18);;(3, 17);1;6467
6;0.25;MoveEast;(16, 18);;(3, 17);1;6468
6;0.25;MoveEast;(16, 18);;(3, 17);1;6469
6;0.25;MoveEast;(16, 18);;(3, 17);1;6470
6;0.25;MoveEast;(16, 18);;(3, 17);1;6471
6;0.25;MoveEast;(16, 18);;(3, 17);1;6472
6;0.25;MoveEast;(16, 18);;(3, 17);1;6473
6;0.25;MoveEast;(17, 18);;(3, 17);1;6474
6;0.25;MoveNorthEast;(17, 18);;(3, 17);1;6475
6;0.25;MoveNorthEast;(17, 18);;(3, 17);1;6476
6;0.25;MoveNorthEast;(17, 18);;(3, 17);1;6477
6;0.25;MoveNorthEast;(17, 18);;(3, 17);1;6478
6;0.25;MoveNorthEast;(17, 18);;(3, 17);1;6479
6;0.25;MoveNorthEast;(17, 18);;(3, 17);1;6480
6;0.25;MoveNorthEast;(17, 18);;(3, 17);1;6481
6;0.25;MoveNorthEast;(17, 18);;(3, 17);1;6482
6;0.25;MoveNorthEast;(18, 17);;(3, 17);1;6483
6;0.25;MoveEast;(18, 17);;(3, 17);1;6484
6;0.25;MoveEast;(18, 17);;(3, 17);1;6485
6;0.25;MoveEast;(18, 17);;(3, 17);1;6486
6;0.25;MoveEast;(18, 17);;(3, 17);1;6487
6;0.25;MoveEast;(18, 17);;(3, 17);1;6488
6;0.25;MoveEast;(18, 17);;(3, 17);1;6489
6;0.25;MoveEast;(18, 17);;(3, 17);1;6490
6;0.25;MoveEast;(18, 17);;(3, 17);1;6491
6;0.25;MoveEast;(18, 17);;(3, 17);1;6492
6;0.25;MoveEast;(18, 17);;(3, 17);1;6493
6;0.25;MoveEast;(18, 17);;(3, 17);1;6494
6;0.25;MoveEast;(18, 17);;(3, 17);1;6495
6;0.25;MoveEast;(18, 17);;(3, 17);1;6496
6;0.25;MoveEast;(19, 17);;(3, 17);1;6497
6;0.25;MoveNorthEast;(19, 17);;(3, 17);1;6498
6;0.25;MoveNorthEast;(19, 17);;(3, 17);1;6499
6;0.25;MoveNorthEast;(19, 17);;(3, 17);1;6500
6;0.25;MoveNorthEast;(19, 17);;(3, 17);1;6501
6;0.25;MoveNorthEast;(19, 17);;(3, 17);1;6502
6;0.25;MoveNorthEast;(19, 17);;(3, 17);1;6503
6;0.25;MoveNorthEast;(19, 17);;(3, 17);1;6504
6;0.25;MoveNorthEast;(19, 17);;(3, 17);1;6505
6;0.25;MoveNorthEast;(19, 17);;(3, 17);1;6506
6;0.25;MoveNorthEast;(19, 17);;(3, 17);1;6507
6;0.25;MoveNorthEast;(19, 17);;(3, 17);1;6508
6;0.25;MoveNorthEast;(19, 17);;(3, 17);1;6509
6;0.25;MoveNorthEast;(19, 17);;(3, 17);1;6510
6;0.25;MoveNorthEast;(20, 16);;(3, 17);1;6511
6;0.25;MoveNorthEast;(20, 16);;(3, 17);1;6512
6;0.25;MoveNorthEast;(20, 16);;(3, 17);1;6513
6;0.25;MoveNorthEast;(20, 16);;(3, 17);1;6514
6;0.25;MoveNorthEast;(20, 16);;(3, 17);1;6515
6;0.25;MoveNorthEast;(20, 16);;(3, 17);1;6516
6;0.25;MoveNorthEast;(20, 16);;(3, 17);1;6517
6;0.25;MoveNorthEast;(20, 16);;(3, 17);1;6518
6;0.25;MoveNorthEast;(20, 16);;(3, 17);1;6519
6;0.25;MoveNorthEast;(21, 15);;(3, 17);1;6520
6;0.25;MoveEast;(21, 15);;(3, 17);1;6521
6;0.25;MoveEast;(21, 15);;(3, 17);1;6522
6;0.25;MoveEast;(21, 15);;(3, 17);1;6523
6;0.25;MoveEast;(21, 15);;(3, 17);1;6524
6;0.25;MoveEast;(21, 15);;(3, 17);1;6525
6;0.25;MoveEast;(21, 15);;(3, 17);1;6526
6;0.25;MoveEast;(21, 15);;(3, 17);1;6527
6;0.25;MoveEast;(21, 15);;(3, 17);1;6528
6;0.25;MoveEast;(22, 15);;(3, 17);1;6529
6;0.25;MoveEast;(22, 15);;(3, 17);1;6530
6;0.25;MoveEast;(22, 15);;(3, 17);1;6531
6;0.25;MoveEast;(22, 15);;(3, 17);1;6532
6;0.25;MoveEast;(22, 15);;(3, 17);1;6533
6;0.25;MoveEast;(22, 15);;(3, 17);1;6534
6;0.25;MoveEast;(22, 15);;(3, 17);1;6535
6;0.25;MoveEast;(22, 15);;(3, 17);1;6536
6;0.25;MoveEast;(22, 15);;(3, 17);1;6537
6;0.25;MoveEast;(23, 15);;(3, 17);1;6538
6;0.25;Drop;(23, 15);;(3, 17);1;6539
6;0.25;Drop;(23, 15);;(3, 17);1;6540
6;0.25;Drop;(23, 15);;(3, 17);1;6541
6;0.25;Drop;(23, 15);;(3, 17);1;6542
6;0.25;Drop;(23, 15);;(3, 17);1;6543
6;0.25;Drop;(23, 15);;(3, 17);1;6544
6;0.25;Drop;(23, 15);;(3, 17);1;6545
6;0.25;Drop;(23, 15);;(3, 17);1;6546
9;0.375;Drop;(23, 15);;(3, 17);1;6547
9;0.375;MoveNorthWest;(23, 15);;(3, 17);1;6548
9;0.375;MoveNorthWest;(23, 15);;(3, 17);1;6549
9;0.375;MoveNorthWest;(23, 15);;(3, 17);1;6550
9;0.375;MoveNorthWest;(23, 15);;(3, 17);1;6551
9;0.375;MoveNorthWest;(23, 15);;(3, 17);1;6552
9;0.375;MoveNorthWest;(23, 15);;(3, 17);1;6553
9;0.375;MoveNorthWest;(23, 15);;(3, 17);1;6554
9;0.375;MoveNorthWest;(23, 15);;(3, 17);1;6555
9;0.375;MoveNorthWest;(22, 14);;(3, 17);1;6556
9;0.375;MoveNorthWest;(22, 14);;(3, 17);1;6557
9;0.375;MoveNorthWest;(22, 14);;(3, 17);1;6558
9;0.375;MoveNorthWest;(22, 14);;(3, 17);1;6559
9;0.375;MoveNorthWest;(22, 14);;(3, 17);1;6560
9;0.375;MoveNorthWest;(22, 14);;(3, 17);1;6561
9;0.375;MoveNorthWest;(22, 14);;(3, 17);1;6562
9;0.375;MoveNorthWest;(22, 14);;(3, 17);1;6563
9;0.375;MoveNorthWest;(22, 14);;(3, 17);1;6564
9;0.375;MoveNorthWest;(21, 13);;(3, 17);1;6565
9;0.375;MoveNorthWest;(21, 13);;(3, 17);1;6566
9;0.375;MoveNorthWest;(21, 13);;(3, 17);1;6567
9;0.375;MoveNorthWest;(21, 13);;(3, 17);1;6568
9;0.375;MoveNorthWest;(21, 13);;(3, 17);1;6569
9;0.375;MoveNorthWest;(21, 13);;(3, 17);1;6570
9;0.375;MoveNorthWest;(21, 13);;(3, 17);1;6571
9;0.375;MoveNorthWest;(21, 13);;(3, 17);1;6572
9;0.375;MoveNorthWest;(21, 13);;(3, 17);1;6573
9;0.375;MoveNorthWest;(20, 12);;(3, 17);1;6574
9;0.375;MoveNorthWest;(20, 12);;(3, 17);1;6575
9;0.375;MoveNorthWest;(20, 12);;(3, 17);1;6576
9;0.375;MoveNorthWest;(20, 12);;(3, 17);1;6577
9;0.375;MoveNorthWest;(20, 12);;(3, 17);1;6578
9;0.375;MoveNorthWest;(20, 12);;(3, 17);1;6579
9;0.375;MoveNorthWest;(20, 12);;(3, 17);1;6580
9;0.375;MoveNorthWest;(20, 12);;(3, 17);1;6581
9;0.375;MoveNorthWest;(20, 12);;(3, 17);1;6582
9;0.375;MoveNorthWest;(19, 11);;(3, 17);1;6583
9;0.375;MoveNorthWest;(19, 11);;(3, 17);1;6584
9;0.375;MoveNorthWest;(19, 11);;(3, 17);1;6585
9;0.375;MoveNorthWest;(19, 11);;(3, 17);1;6586
9;0.375;MoveNorthWest;(19, 11);;(3, 17);1;6587
9;0.375;MoveNorthWest;(19, 11);;(3, 17);1;6588
9;0.375;MoveNorthWest;(19, 11);;(3, 17);1;6589
9;0.375;MoveNorthWest;(19, 11);;(3, 17);1;6590
9;0.375;MoveNorthWest;(19, 11);;(3, 17);1;6591
9;0.375;MoveNorthWest;(18, 10);;(3, 17);1;6592
9;0.375;MoveNorth;(18, 10);;(3, 17);1;6593
9;0.375;MoveNorth;(18, 10);;(3, 17);1;6594
9;0.375;MoveNorth;(18, 10);;(3, 17);1;6595
9;0.375;MoveNorth;(18, 10);;(3, 17);1;6596
9;0.375;MoveNorth;(18, 10);;(3, 17);1;6597
9;0.375;MoveNorth;(18, 10);;(3, 17);1;6598
9;0.375;MoveNorth;(18, 10);;(3, 17);1;6599
9;0.375;MoveNorth;(18, 10);;(3, 17);1;6600
9;0.375;MoveNorth;(18, 10);;(3, 17);1;6601
9;0.375;MoveNorth;(18, 10);;(3, 17);1;6602
9;0.375;MoveNorth;(18, 10);;(3, 17);1;6603
9;0.375;MoveNorth;(18, 10);;(3, 17);1;6604
9;0.375;MoveNorth;(18, 10);;(3, 17);1;6605
9;0.375;MoveNorth;(18, 9);;(3, 17);1;6606
9;0.375;MoveNorth;(18, 9);;(3, 17);1;6607
9;0.375;MoveNorth;(18, 9);;(3, 17);1;6608
9;0.375;MoveNorth;(18, 9);;(3, 17);1;6609
9;0.375;MoveNorth;(18, 9);;(3, 17);1;6610
9;0.375;MoveNorth;(18, 9);;(3, 17);1;6611
9;0.375;MoveNorth;(18, 9);;(3, 17);1;6612
9;0.375;MoveNorth;(18, 9);;(3, 17);1;6613
9;0.375;MoveNorth;(18, 9);;(3, 17);1;6614
9;0.375;MoveNorth;(18, 9);;(3, 17);1;6615
9;0.375;MoveNorth;(18, 9);;(3, 17);1;6616
9;0.375;MoveNorth;(18, 9);;(3, 17);1;6617
9;0.375;MoveNorth;(18, 9);;(3, 17);1;6618
9;0.375;MoveNorth;(18, 9);;(3, 17);1;6619
9;0.375;MoveNorth;(18, 8);;(3, 17);1;6620
9;0.375;MoveNorth;(18, 8);;(3, 17);1;6621
9;0.375;MoveNorth;(18, 8);;(3, 17);1;6622
9;0.375;MoveNorth;(18, 8);;(3, 17);1;6623
9;0.375;MoveNorth;(18, 8);;(3, 17);1;6624
9;0.375;MoveNorth;(18, 8);;(3, 17);1;6625
9;0.375;MoveNorth;(18, 8);;(3, 17);1;6626
9;0.375;MoveNorth;(18, 8);;(3, 17);1;6627
9;0.375;MoveNorth;(18, 8);;(3, 17);1;6628
9;0.375;MoveNorth;(18, 7);;(3, 17);1;6629
9;0.375;MoveNorthWest;(18, 7);;(3, 17);1;6630
9;0.375;MoveNorthWest;(18, 7);;(3, 17);1;6631
9;0.375;MoveNorthWest;(18, 7);;(3, 17);1;6632
9;0.375;MoveNorthWest;(18, 7);;(3, 17);1;6633
9;0.375;MoveNorthWest;(18, 7);;(3, 17);1;6634
9;0.375;MoveNorthWest;(18, 7);;(3, 17);1;6635
9;0.375;MoveNorthWest;(18, 7);;(3, 17);1;6636
9;0.375;MoveNorthWest;(18, 7);;(3, 17);1;6637
9;0.375;MoveNorthWest;(17, 6);;(3, 17);1;6638
9;0.375;MoveWest;(17, 6);;(3, 17);1;6639
9;0.375;MoveWest;(17, 6);;(3, 17);1;6640
9;0.375;MoveWest;(17, 6);;(3, 17);1;6641
9;0.375;MoveWest;(17, 6);;(3, 17);1;6642
9;0.375;MoveWest;(17, 6);;(3, 17);1;6643
9;0.375;MoveWest;(17, 6);;(3, 17);1;6644
9;0.375;MoveWest;(17, 6);;(3, 17);1;6645
9;0.375;MoveWest;(17, 6);;(3, 17);1;6646
9;0.375;MoveWest;(16, 6);;(3, 17);1;6647
9;0.375;MoveWest;(16, 6);;(3, 17);1;6648
9;0.375;MoveWest;(16, 6);;(3, 17);1;6649
9;0.375;MoveWest;(16, 6);;(3, 17);1;6650
9;0.375;MoveWest;(16, 6);;(3, 17);1;6651
9;0.375;MoveWest;(16, 6);;(3, 17);1;6652
9;0.375;MoveWest;(16, 6);;(3, 17);1;6653
9;0.375;MoveWest;(16, 6);;(3, 17);1;6654
9;0.375;MoveWest;(16, 6);;(3, 17);1;6655
9;0.375;MoveWest;(15, 6);;(3, 17);1;6656
9;0.375;MoveSouth;(15, 6);;(3, 17);1;6657
9;0.375;MoveSouth;(15, 6);;(3, 17);1;6658
9;0.375;MoveSouth;(15, 6);;(3, 17);1;6659
9;0.375;MoveSouth;(15, 6);;(3, 17);1;6660
9;0.375;MoveSouth;(15, 6);;(3, 17);1;6661
9;0.375;MoveSouth;(15, 6);;(3, 17);1;6662
9;0.375;MoveSouth;(15, 6);;(3, 17);1;6663
9;0.375;MoveSouth;(15, 6);;(3, 17);1;6664
9;0.375;MoveSouth;(15, 7);;(3, 17);1;6665
9;0.375;MoveSouthWest;(15, 7);;(3, 17);1;6666
9;0.375;MoveSouthWest;(15, 7);;(3, 17);1;6667
9;0.375;MoveSouthWest;(15, 7);;(3, 17);1;6668
9;0.375;MoveSouthWest;(15, 7);;(3, 17);1;6669
9;0.375;MoveSouthWest;(15, 7);;(3, 17);1;6670
9;0.375;MoveSouthWest;(15, 7);;(3, 17);1;6671
9;0.375;MoveSouthWest;(15, 7);;(3, 17);1;6672
9;0.375;MoveSouthWest;(15, 7);;(3, 17);1;6673
9;0.375;MoveSouthWest;(14, 8);;(3, 17);1;6674
9;0.375;MoveSouthEast;(14, 8);;(3, 17);1;6675
9;0.375;MoveSouthEast;(14, 8);;(3, 17);1;6676
9;0.375;MoveSouthEast;(14, 8);;(3, 17);1;6677
9;0.375;MoveSouthEast;(14, 8);;(3, 17);1;6678
9;0.375;MoveSouthEast;(14, 8);;(3, 17);1;6679
9;0.375;MoveSouthEast;(14, 8);;(3, 17);1;6680
9;0.375;MoveSouthEast;(14, 8);;(3, 17);1;6681
9;0.375;MoveSouthEast;(14, 8);;(3, 17);1;6682
9;0.375;MoveSouthEast;(15, 9);;(3, 17);1;6683
9;0.375;MoveNorthEast;(15, 9);;(3, 17);1;6684
9;0.375;MoveNorthEast;(15, 9);;(3, 17);1;6685
9;0.375;MoveNorthEast;(15, 9);;(3, 17);1;6686
9;0.375;MoveNorthEast;(15, 9);;(3, 17);1;6687
9;0.375;MoveNorthEast;(15, 9);;(3, 17);1;6688
9;0.375;MoveNorthEast;(15, 9);;(3, 17);1;6689
9;0.375;MoveNorthEast;(15, 9);;(3, 17);1;6690
9;0.375;MoveNorthEast;(15, 9);;(3, 17);1;6691
9;0.375;MoveNorthEast;(16, 8);;(3, 17);1;6692
9;0.375;Idle;(16, 8);;(3, 17);1;6693
9;0.375;Idle;(16, 8);;(3, 17);1;6694
9;0.375;Idle;(16, 8);;(3, 17);1;6695
9;0.375;Idle;(16, 8);;(3, 17);1;6696
9;0.375;Idle;(16, 8);;(3, 17);1;6697
9;0.375;Idle;(16, 8);;(3, 17);1;6698
9;0.375;Idle;(16, 8);;(3, 17);1;6699
9;0.375;Idle;(16, 8);;(3, 17);1;6700
9;0.375;Idle;(16, 8);;(3, 17);1;6701
9;0.375;Idle;(16, 8);;(3, 17);1;6702
9;0.375;Idle;(16, 8);;(3, 17);1;6703
9;0.375;Idle;(16, 8);;(3, 17);1;6704
9;0.375;Idle;(16, 8);;(3, 17);1;6705
9;0.375;Idle;(16, 8);;(3, 17);1;6706
9;0.375;Idle;(16, 8);;(3, 17);1;6707
9;0.375;Idle;(16, 8);;(3, 17);1;6708
9;0.375;Idle;(16, 8);;(3, 17);1;6709
9;0.375;Idle;(16, 8);;(3, 17);1;6710
9;0.375;Idle;(16, 8);;(3, 17);1;6711
9;0.375;Idle;(16, 8);;(3, 17);1;6712
9;0.375;Idle;(16, 8);;(3, 17);1;6713
9;0.375;Idle;(16, 8);;(3, 17);1;6714
9;0.375;Idle;(16, 8);;(3, 17);1;6715
9;0.375;Idle;(16, 8);;(3, 17);1;6716
9;0.375;Idle;(16, 8);;(3, 17);1;6717
9;0.375;Idle;(16, 8);;(3, 17);1;6718
9;0.375;MoveNorthWest;(16, 8);;(3, 17);1;6719
9;0.375;MoveNorthWest;(16, 8);;(3, 17);1;6720
9;0.375;MoveNorthWest;(16, 8);;(3, 17);1;6721
9;0.375;MoveNorthWest;(16, 8);;(3, 17);1;6722
9;0.375;MoveNorthWest;(16, 8);;(3, 17);1;6723
9;0.375;MoveNorthWest;(16, 8);;(3, 17);1;6724
9;0.375;MoveNorthWest;(16, 8);;(3, 17);1;6725
9;0.375;MoveNorthWest;(16, 8);;(3, 17);1;6726
9;0.375;MoveNorthWest;(15, 7);;(3, 17);1;6727
9;0.375;MoveNorthWest;(15, 7);;(3, 17);1;6728
9;0.375;MoveNorthWest;(15, 7);;(3, 17);1;6729
9;0.375;MoveNorthWest;(15, 7);;(3, 17);1;6730
9;0.375;MoveNorthWest;(15, 7);;(3, 17);1;6731
9;0.375;MoveNorthWest;(15, 7);;(3, 17);1;6732
9;0.375;MoveNorthWest;(15, 7);;(3, 17);1;6733
9;0.375;MoveNorthWest;(15, 7);;(3, 17);1;6734
9;0.375;MoveNorthWest;(15, 7);;(3, 17);1;6735
9;0.375;MoveNorthWest;(14, 6);;(3, 17);1;6736
9;0.375;MoveWest;(14, 6);;(3, 17);1;6737
9;0.375;MoveWest;(14, 6);;(3, 17);1;6738
9;0.375;MoveWest;(14, 6);;(3, 17);1;6739
9;0.375;MoveWest;(14, 6);;(3, 17);1;6740
9;0.375;MoveWest;(14, 6);;(3, 17);1;6741
9;0.375;MoveWest;(14, 6);;(3, 17);1;6742
9;0.375;MoveWest;(14, 6);;(3, 17);1;6743
9;0.375;MoveWest;(14, 6);;(3, 17);1;6744
9;0.375;MoveWest;(13, 6);;(3, 17);1;6745
9;0.375;MoveWest;(13, 6);;(3, 17);1;6746
9;0.375;MoveWest;(13, 6);;(3, 17);1;6747
9;0.375;MoveWest;(13, 6);;(3, 17);1;6748
9;0.375;MoveWest;(13, 6);;(3, 17);1;6749
9;0.375;MoveWest;(13, 6);;(3, 17);1;6750
9;0.375;MoveWest;(13, 6);;(3, 17);1;6751
9;0.375;MoveWest;(13, 6);;(3, 17);1;6752
9;0.375;MoveWest;(13, 6);;(3, 17);1;6753
9;0.375;MoveWest;(12, 6);;(3, 17);1;6754
9;0.375;MoveWest;(12, 6);;(3, 17);1;6755
9;0.375;MoveWest;(12, 6);;(3, 17);1;6756
9;0.375;MoveWest;(12, 6);;(3, 17);1;6757
9;0.375;MoveWest;(12, 6);;(3, 17);1;6758
9;0.375;MoveWest;(12, 6);;(3, 17);1;6759
9;0.375;MoveWest;(12, 6);;(3, 17);1;6760
9;0.375;MoveWest;(12, 6);;(3, 17);1;6761
9;0.375;MoveWest;(12, 6);;(3, 17);1;6762
9;0.375;MoveWest;(12, 6);;(3, 17);1;6763
9;0.375;MoveWest;(12, 6);;(3, 17);1;6764
9;0.375;MoveWest;(12, 6);;(3, 17);1;6765
9;0.375;MoveWest;(12, 6);;(3, 17);1;6766
9;0.375;MoveWest;(12, 6);;(3, 17);1;6767
9;0.375;MoveWest;(11, 6);;(3, 17);1;6768
9;0.375;MoveWest;(11, 6);;(3, 17);1;6769
9;0.375;MoveWest;(11, 6);;(3, 17);1;6770
9;0.375;MoveWest;(11, 6);;(3, 17);1;6771
9;0.375;MoveWest;(11, 6);;(3, 17);1;6772
9;0.375;MoveWest;(11, 6);;(3, 17);1;6773
9;0.375;MoveWest;(11, 6);;(3, 17);1;6774
9;0.375;MoveWest;(11, 6);;(3, 17);1;6775
9;0.375;MoveWest;(11, 6);;(3, 17);1;6776
9;0.375;MoveWest;(11, 6);;(3, 17);1;6777
9;0.375;MoveWest;(11, 6);;(3, 17);1;6778
9;0.375;MoveWest;(11, 6);;(3, 17);1;6779
9;0.375;MoveWest;(11, 6);;(3, 17);1;6780
9;0.375;MoveWest;(11, 6);;(3, 17);1;6781
9;0.375;MoveWest;(10, 6);;(3, 17);1;6782
9;0.375;MoveWest;(10, 6);;(3, 17);1;6783
9;0.375;MoveWest;(10, 6);;(3, 17);1;6784
9;0.375;MoveWest;(10, 6);;(3, 17);1;6785
9;0.375;MoveWest;(10, 6);;(3, 17);1;6786
9;0.375;MoveWest;(10, 6);;(3, 17);1;6787
9;0.375;MoveWest;(10, 6);;(3, 17);1;6788
9;0.375;MoveWest;(10, 6);;(3, 17);1;6789
9;0.375;MoveWest;(10, 6);;(3, 17);1;6790
9;0.375;MoveWest;(10, 6);;(3, 17);1;6791
9;0.375;MoveWest;(10, 6);;(3, 17);1;6792
9;0.375;MoveWest;(10, 6);;(3, 17);1;6793
9;0.375;MoveWest;(10, 6);;(3, 17);1;6794
9;0.375;MoveWest;(10, 6);;(3, 17);1;6795
9;0.375;MoveWest;(9, 6);;(3, 17);1;6796
9;0.375;;(9, 6);;(3, 17);1;6797
9;0.375;;(9, 6);;(3, 17);1;6798
9;0.375;;(9, 6);;(3, 17);1;6799
9;0.375;;(9, 6);;(3, 17);1;6800
9;0.375;;(9, 6);;(3, 17);1;6801
9;0.375;;(9, 6);;(3, 17);1;6802
9;0.375;;(9, 6);;(3, 17);1;6803
9;0.375;;(9, 6);;(3, 17);1;6804
9;0.375;;(9, 6);;(3, 17);1;6805
9;0.375;;(9, 6);;(3, 17);1;6806
9;0.375;;(9, 6);;(3, 17);1;6807
9;0.375;;(9, 6);;(3, 17);1;6808
9;0.375;;(9, 6);;(3, 17);1;6809
9;0.375;;(9, 6);;(3, 17);1;6810
9;0.375;;(9, 6);;(3, 17);1;6811
9;0.375;;(9, 6);;(3, 17);1;6812
9;0.375;;(9, 6);;(3, 17);1;6813
9;0.375;;(9, 6);;(3, 17);1;6814
9;0.375;;(9, 6);;(3, 17);1;6815
9;0.375;;(9, 6);;(3, 17);1;6816
9;0.375;;(9, 6);;(3, 17);1;6817
9;0.375;;(9, 6);;(3, 17);1;6818
9;0.375;;(9, 6);;(3, 17);1;6819
9;0.375;;(9, 6);;(3, 17);1;6820
9;0.375;;(9, 6);;(3, 17);1;6821
9;0.375;;(9, 6);;(3, 17);1;6822
9;0.375;;(9, 6);;(3, 17);1;6823
9;0.375;;(9, 6);;(3, 17);1;6824
9;0.375;;(9, 6);;(3, 17);1;6825
9;0.375;;(9, 6);;(3, 17);1;6826
9;0.375;;(9, 6);;(3, 17);1;6827
9;0.375;;(9, 6);;(3, 17);1;6828
9;0.375;;(9, 6);;(3, 17);1;6829
9;0.375;;(9, 6);;(3, 17);1;6830
9;0.375;;(9, 6);;(3, 17);1;6831
9;0.375;;(9, 6);;(3, 17);1;6832
9;0.375;;(9, 6);;(3, 17);1;6833
9;0.375;;(9, 6);;(3, 17);1;6834
9;0.375;;(9, 6);;(3, 17);1;6835
9;0.375;;(9, 6);;(3, 17);1;6836
9;0.375;;(9, 6);;(3, 17);1;6837
9;0.375;;(9, 6);;(3, 17);1;6838
9;0.375;;(9, 6);;(3, 17);1;6839
9;0.375;;(9, 6);;(3, 17);1;6840
9;0.375;;(9, 6);;(3, 17);1;6841
9;0.375;;(9, 6);;(3, 17);1;6842
9;0.375;;(9, 6);;(3, 17);1;6843
9;0.375;;(9, 6);;(3, 17);1;6844
9;0.375;;(9, 6);;(3, 17);1;6845
9;0.375;;(9, 6);;(3, 17);1;6846
9;0.375;;(9, 6);;(3, 17);1;6847
9;0.375;;(9, 6);;(3, 17);1;6848
9;0.375;;(9, 6);;(3, 17);1;6849
9;0.375;;(9, 6);;(3, 17);1;6850
9;0.375;RemoveObject;(9, 6);;(3, 17);1;6851
9;0.375;RemoveObject;(9, 6);;(3, 17);1;6852
9;0.375;RemoveObject;(9, 6);;(3, 17);1;6853
9;0.375;RemoveObject;(9, 6);;(3, 17);1;6854
9;0.375;RemoveObject;(9, 6);;(3, 17);1;6855
9;0.375;RemoveObject;(9, 6);;(3, 17);1;6856
9;0.375;RemoveObject;(9, 6);;(3, 17);1;6857
9;0.375;RemoveObject;(9, 6);;(3, 17);1;6858
9;0.375;RemoveObject;(9, 6);;(3, 17);1;6859
9;0.375;RemoveObject;(9, 6);;(3, 17);1;6860
9;0.375;RemoveObject;(9, 6);;(3, 17);1;6861
9;0.375;RemoveObject;(9, 6);;(3, 17);1;6862
9;0.375;RemoveObject;(9, 6);;(3, 17);1;6863
9;0.375;RemoveObject;(9, 6);;(3, 17);1;6864
9;0.375;RemoveObject;(9, 6);;(3, 17);1;6865
9;0.375;RemoveObject;(9, 6);;(3, 17);1;6866
9;0.375;RemoveObject;(9, 6);;(3, 17);1;6867
9;0.375;RemoveObject;(9, 6);;(3, 17);1;6868
9;0.375;RemoveObject;(9, 6);;(3, 17);1;6869
9;0.375;RemoveObject;(9, 6);;(3, 17);1;6870
9;0.375;RemoveObject;(9, 6);;(3, 17);1;6871
9;0.375;RemoveObject;(9, 6);;(3, 17);1;6872
9;0.375;RemoveObject;(9, 6);;(3, 17);1;6873
9;0.375;RemoveObject;(9, 6);;(3, 17);1;6874
9;0.375;RemoveObject;(9, 6);;(3, 17);1;6875
9;0.375;RemoveObject;(9, 6);;(3, 17);1;6876
9;0.375;RemoveObject;(9, 6);;(3, 17);1;6877
9;0.375;RemoveObject;(9, 6);;(3, 17);1;6878
9;0.375;RemoveObject;(9, 6);;(3, 17);1;6879
9;0.375;RemoveObject;(9, 6);;(3, 17);1;6880
9;0.375;RemoveObject;(9, 6);;(3, 17);1;6881
9;0.375;RemoveObject;(9, 6);;(3, 17);1;6882
9;0.375;RemoveObject;(9, 6);;(3, 17);1;6883
9;0.375;RemoveObject;(9, 6);;(3, 17);1;6884
9;0.375;RemoveObject;(9, 6);;(3, 17);1;6885
9;0.375;RemoveObject;(9, 6);;(3, 17);1;6886
9;0.375;RemoveObject;(9, 6);;(3, 17);1;6887
9;0.375;RemoveObject;(9, 6);;(3, 17);1;6888
9;0.375;RemoveObject;(9, 6);;(3, 17);1;6889
9;0.375;RemoveObject;(9, 6);;(3, 17);1;6890
9;0.375;RemoveObject;(9, 6);;(3, 17);1;6891
9;0.375;RemoveObject;(9, 6);;(3, 17);1;6892
9;0.375;RemoveObject;(9, 6);;(3, 17);1;6893
9;0.375;RemoveObject;(9, 6);;(3, 17);1;6894
9;0.375;RemoveObject;(9, 6);;(3, 17);1;6895
9;0.375;RemoveObject;(9, 6);;(3, 17);1;6896
9;0.375;RemoveObject;(9, 6);;(3, 17);1;6897
9;0.375;RemoveObject;(9, 6);;(3, 17);1;6898
9;0.375;RemoveObject;(9, 6);;(3, 17);1;6899
9;0.375;RemoveObject;(9, 6);;(3, 17);1;6900
9;0.375;RemoveObject;(9, 6);;(3, 17);1;6901
9;0.375;RemoveObject;(9, 6);;(3, 17);1;6902
9;0.375;RemoveObject;(9, 6);;(3, 17);1;6903
9;0.375;RemoveObject;(9, 6);;(3, 17);1;6904
9;0.375;RemoveObject;(9, 6);;(3, 17);1;6905
9;0.375;RemoveObject;(9, 6);;(3, 17);1;6906
9;0.375;RemoveObject;(9, 6);;(3, 17);1;6907
9;0.375;RemoveObject;(9, 6);;(3, 17);1;6908
9;0.375;RemoveObject;(9, 6);;(3, 17);1;6909
9;0.375;RemoveObject;(9, 6);;(3, 17);1;6910
9;0.375;RemoveObject;(9, 6);;(3, 17);1;6911
9;0.375;RemoveObject;(9, 6);;(3, 17);1;6912
9;0.375;RemoveObject;(9, 6);;(3, 17);1;6913
9;0.375;RemoveObject;(9, 6);;(3, 17);1;6914
9;0.375;RemoveObject;(9, 6);;(3, 17);1;6915
9;0.375;RemoveObject;(9, 6);;(3, 17);1;6916
9;0.375;RemoveObject;(9, 6);;(3, 17);1;6917
9;0.375;RemoveObject;(9, 6);;(3, 17);1;6918
9;0.375;RemoveObject;(9, 6);;(3, 17);1;6919
9;0.375;RemoveObject;(9, 6);;(3, 17);1;6920
9;0.375;RemoveObject;(9, 6);;(3, 17);1;6921
9;0.375;RemoveObject;(9, 6);;(3, 17);1;6922
9;0.375;RemoveObject;(9, 6);;(3, 17);1;6923
9;0.375;RemoveObject;(9, 6);;(3, 17);1;6924
9;0.375;RemoveObject;(9, 6);;(3, 17);1;6925
9;0.375;RemoveObject;(9, 6);;(3, 17);1;6926
9;0.375;RemoveObject;(9, 6);;(3, 17);1;6927
9;0.375;RemoveObject;(9, 6);;(3, 17);1;6928
9;0.375;RemoveObject;(9, 6);;(3, 17);1;6929
9;0.375;RemoveObject;(9, 6);;(3, 17);1;6930
9;0.375;RemoveObject;(9, 6);;(3, 17);1;6931
9;0.375;RemoveObject;(9, 6);;(3, 17);1;6932
9;0.375;RemoveObject;(9, 6);;(3, 17);1;6933
9;0.375;RemoveObject;(9, 6);;(3, 17);1;6934
9;0.375;RemoveObject;(9, 6);;(3, 17);1;6935
9;0.375;RemoveObject;(9, 6);;(3, 17);1;6936
9;0.375;RemoveObject;(9, 6);;(3, 17);1;6937
9;0.375;RemoveObject;(9, 6);;(3, 17);1;6938
9;0.375;RemoveObject;(9, 6);;(3, 17);1;6939
9;0.375;RemoveObject;(9, 6);;(3, 17);1;6940
9;0.375;RemoveObject;(9, 6);;(3, 17);1;6941
9;0.375;RemoveObject;(9, 6);;(3, 17);1;6942
9;0.375;RemoveObject;(9, 6);;(3, 17);1;6943
9;0.375;RemoveObject;(9, 6);;(3, 17);1;6944
9;0.375;RemoveObject;(9, 6);;(3, 17);1;6945
9;0.375;RemoveObject;(9, 6);;(3, 17);1;6946
9;0.375;RemoveObject;(9, 6);;(3, 17);1;6947
9;0.375;RemoveObject;(9, 6);;(3, 17);1;6948
9;0.375;RemoveObject;(9, 6);;(3, 17);1;6949
9;0.375;RemoveObject;(9, 6);;(3, 17);1;6950
9;0.375;RemoveObject;(9, 6);;(3, 17);1;6951
9;0.375;RemoveObject;(9, 6);;(3, 17);1;6952
9;0.375;RemoveObject;(9, 6);;(3, 17);1;6953
9;0.375;RemoveObject;(9, 6);;(3, 17);1;6954
9;0.375;RemoveObject;(9, 6);;(3, 17);1;6955
9;0.375;RemoveObject;(9, 6);;(3, 17);1;6956
9;0.375;RemoveObject;(9, 6);;(3, 17);1;6957
9;0.375;RemoveObject;(9, 6);;(3, 17);1;6958
9;0.375;RemoveObject;(9, 6);;(3, 17);1;6959
9;0.375;RemoveObject;(9, 6);;(3, 17);1;6960
9;0.375;RemoveObject;(9, 6);;(3, 17);1;6961
9;0.375;RemoveObject;(9, 6);;(3, 17);1;6962
9;0.375;RemoveObject;(9, 6);;(3, 17);1;6963
9;0.375;RemoveObject;(9, 6);;(3, 17);1;6964
9;0.375;RemoveObject;(9, 6);;(3, 17);1;6965
9;0.375;RemoveObject;(9, 6);;(3, 17);1;6966
9;0.375;RemoveObject;(9, 6);;(3, 17);1;6967
9;0.375;RemoveObject;(9, 6);;(3, 17);1;6968
9;0.375;RemoveObject;(9, 6);;(3, 17);1;6969
9;0.375;RemoveObject;(9, 6);;(3, 17);1;6970
9;0.375;RemoveObject;(9, 6);;(3, 17);1;6971
9;0.375;RemoveObject;(9, 6);;(3, 17);1;6972
9;0.375;RemoveObject;(9, 6);;(3, 17);1;6973
9;0.375;RemoveObject;(9, 6);;(3, 17);1;6974
9;0.375;RemoveObject;(9, 6);;(3, 17);1;6975
9;0.375;RemoveObject;(9, 6);;(3, 17);1;6976
9;0.375;RemoveObject;(9, 6);;(3, 17);1;6977
9;0.375;RemoveObject;(9, 6);;(3, 17);1;6978
9;0.375;RemoveObject;(9, 6);;(3, 17);1;6979
9;0.375;RemoveObject;(9, 6);;(3, 17);1;6980
9;0.375;RemoveObject;(9, 6);;(3, 17);1;6981
9;0.375;RemoveObject;(9, 6);;(3, 17);1;6982
9;0.375;RemoveObject;(9, 6);;(3, 17);1;6983
9;0.375;RemoveObject;(9, 6);;(3, 17);1;6984
9;0.375;RemoveObject;(9, 6);;(3, 17);1;6985
9;0.375;RemoveObject;(9, 6);;(3, 17);1;6986
9;0.375;RemoveObject;(9, 6);;(3, 17);1;6987
9;0.375;RemoveObject;(9, 6);;(3, 17);1;6988
9;0.375;RemoveObject;(9, 6);;(3, 17);1;6989
9;0.375;RemoveObject;(9, 6);;(3, 17);1;6990
9;0.375;RemoveObject;(9, 6);;(3, 17);1;6991
9;0.375;RemoveObject;(9, 6);;(3, 17);1;6992
9;0.375;RemoveObject;(9, 6);;(3, 17);1;6993
9;0.375;RemoveObject;(9, 6);;(3, 17);1;6994
9;0.375;RemoveObject;(9, 6);;(3, 17);1;6995
9;0.375;RemoveObject;(9, 6);;(3, 17);1;6996
9;0.375;RemoveObject;(9, 6);;(3, 17);1;6997
9;0.375;RemoveObject;(9, 6);;(3, 17);1;6998
9;0.375;RemoveObject;(9, 6);;(3, 17);1;6999
9;0.375;RemoveObject;(9, 6);;(3, 17);1;7000
9;0.375;RemoveObject;(9, 6);;(3, 17);1;7001
9;0.375;RemoveObject;(9, 6);;(3, 17);1;7002
9;0.375;RemoveObject;(9, 6);;(3, 17);1;7003
9;0.375;RemoveObject;(9, 6);;(3, 17);1;7004
9;0.375;RemoveObject;(9, 6);;(3, 17);1;7005
9;0.375;RemoveObject;(9, 6);;(3, 17);1;7006
9;0.375;RemoveObject;(9, 6);;(3, 17);1;7007
9;0.375;RemoveObject;(9, 6);;(3, 17);1;7008
9;0.375;RemoveObject;(9, 6);;(3, 17);1;7009
9;0.375;RemoveObject;(9, 6);;(3, 17);1;7010
9;0.375;RemoveObject;(9, 6);;(3, 17);1;7011
9;0.375;RemoveObject;(9, 6);;(3, 17);1;7012
9;0.375;RemoveObject;(9, 6);;(3, 17);1;7013
9;0.375;RemoveObject;(9, 6);;(3, 17);1;7014
9;0.375;RemoveObject;(9, 6);;(3, 17);1;7015
9;0.375;RemoveObject;(9, 6);;(3, 17);1;7016
9;0.375;RemoveObject;(9, 6);;(3, 17);1;7017
9;0.375;RemoveObject;(9, 6);;(3, 17);1;7018
9;0.375;RemoveObject;(9, 6);;(3, 17);1;7019
9;0.375;RemoveObject;(9, 6);;(3, 17);1;7020
9;0.375;RemoveObject;(9, 6);;(3, 17);1;7021
9;0.375;RemoveObject;(9, 6);;(3, 17);1;7022
9;0.375;RemoveObject;(9, 6);;(3, 17);1;7023
9;0.375;RemoveObject;(9, 6);;(3, 17);1;7024
9;0.375;RemoveObject;(9, 6);;(3, 17);1;7025
9;0.375;RemoveObject;(9, 6);;(3, 17);1;7026
9;0.375;RemoveObject;(9, 6);;(3, 17);1;7027
9;0.375;RemoveObject;(9, 6);;(3, 17);1;7028
9;0.375;RemoveObject;(9, 6);;(3, 17);1;7029
9;0.375;RemoveObject;(9, 6);;(3, 17);1;7030
9;0.375;RemoveObject;(9, 6);;(3, 17);1;7031
9;0.375;RemoveObject;(9, 6);;(3, 17);1;7032
9;0.375;RemoveObject;(9, 6);;(3, 17);1;7033
9;0.375;RemoveObject;(9, 6);;(3, 17);1;7034
9;0.375;RemoveObject;(9, 6);;(3, 17);1;7035
9;0.375;RemoveObject;(9, 6);;(3, 17);1;7036
9;0.375;RemoveObject;(9, 6);;(3, 17);1;7037
9;0.375;RemoveObject;(9, 6);;(3, 17);1;7038
9;0.375;RemoveObject;(9, 6);;(3, 17);1;7039
9;0.375;RemoveObject;(9, 6);;(3, 17);1;7040
9;0.375;RemoveObject;(9, 6);;(3, 17);1;7041
9;0.375;RemoveObject;(9, 6);;(3, 17);1;7042
9;0.375;RemoveObject;(9, 6);;(3, 17);1;7043
9;0.375;RemoveObject;(9, 6);;(3, 17);1;7044
9;0.375;RemoveObject;(9, 6);;(3, 17);1;7045
9;0.375;RemoveObject;(9, 6);;(3, 17);1;7046
9;0.375;RemoveObject;(9, 6);;(3, 17);1;7047
9;0.375;RemoveObject;(9, 6);;(3, 17);1;7048
9;0.375;RemoveObject;(9, 6);;(3, 17);1;7049
9;0.375;RemoveObject;(9, 6);;(3, 17);1;7050
9;0.375;RemoveObject;(9, 6);;(3, 17);1;7051
9;0.375;MoveSouth;(9, 6);;(3, 17);1;7052
9;0.375;MoveSouth;(9, 6);;(3, 17);1;7053
9;0.375;MoveSouth;(9, 6);;(3, 17);1;7054
9;0.375;MoveSouth;(9, 6);;(3, 17);1;7055
9;0.375;MoveSouth;(9, 6);;(3, 17);1;7056
9;0.375;MoveSouth;(9, 6);;(3, 17);1;7057
9;0.375;MoveSouth;(9, 6);;(3, 17);1;7058
9;0.375;MoveSouth;(9, 6);;(3, 17);1;7059
9;0.375;MoveSouth;(9, 7);;(3, 17);1;7060
9;0.375;MoveSouthWest;(9, 7);;(3, 17);1;7061
9;0.375;MoveSouthWest;(9, 7);;(3, 17);1;7062
9;0.375;MoveSouthWest;(9, 7);;(3, 17);1;7063
9;0.375;MoveSouthWest;(9, 7);;(3, 17);1;7064
9;0.375;MoveSouthWest;(9, 7);;(3, 17);1;7065
9;0.375;MoveSouthWest;(9, 7);;(3, 17);1;7066
9;0.375;MoveSouthWest;(9, 7);;(3, 17);1;7067
9;0.375;MoveSouthWest;(9, 7);;(3, 17);1;7068
9;0.375;MoveSouthWest;(8, 8);;(3, 17);1;7069
9;0.375;MoveSouthEast;(8, 8);;(3, 17);1;7070
9;0.375;MoveSouthEast;(8, 8);;(3, 17);1;7071
9;0.375;MoveSouthEast;(8, 8);;(3, 17);1;7072
9;0.375;MoveSouthEast;(8, 8);;(3, 17);1;7073
9;0.375;MoveSouthEast;(8, 8);;(3, 17);1;7074
9;0.375;MoveSouthEast;(8, 8);;(3, 17);1;7075
9;0.375;MoveSouthEast;(8, 8);;(3, 17);1;7076
9;0.375;MoveSouthEast;(8, 8);;(3, 17);1;7077
9;0.375;MoveSouthEast;(9, 9);;(3, 17);1;7078
9;0.375;MoveNorthEast;(9, 9);;(3, 17);1;7079
9;0.375;MoveNorthEast;(9, 9);;(3, 17);1;7080
9;0.375;MoveNorthEast;(9, 9);;(3, 17);1;7081
9;0.375;MoveNorthEast;(9, 9);;(3, 17);1;7082
9;0.375;MoveNorthEast;(9, 9);;(3, 17);1;7083
9;0.375;MoveNorthEast;(9, 9);;(3, 17);1;7084
9;0.375;MoveNorthEast;(9, 9);;(3, 17);1;7085
9;0.375;MoveNorthEast;(9, 9);;(3, 17);1;7086
9;0.375;MoveNorthEast;(10, 8);;(3, 17);1;7087
9;0.375;Idle;(10, 8);;(3, 17);1;7088
9;0.375;Idle;(10, 8);;(3, 17);1;7089
9;0.375;Idle;(10, 8);;(3, 17);1;7090
9;0.375;Idle;(10, 8);;(3, 17);1;7091
9;0.375;Idle;(10, 8);;(3, 17);1;7092
9;0.375;Idle;(10, 8);;(3, 17);1;7093
9;0.375;Idle;(10, 8);;(3, 17);1;7094
9;0.375;Idle;(10, 8);;(3, 17);1;7095
9;0.375;Idle;(10, 8);;(3, 17);1;7096
9;0.375;Idle;(10, 8);;(3, 17);1;7097
9;0.375;Idle;(10, 8);;(3, 17);1;7098
9;0.375;Idle;(10, 8);;(3, 17);1;7099
9;0.375;Idle;(10, 8);;(3, 17);1;7100
9;0.375;Idle;(10, 8);;(3, 17);1;7101
9;0.375;Idle;(10, 8);;(3, 17);1;7102
9;0.375;Idle;(10, 8);;(3, 17);1;7103
9;0.375;Idle;(10, 8);;(3, 17);1;7104
9;0.375;Idle;(10, 8);;(3, 17);1;7105
9;0.375;Idle;(10, 8);;(3, 17);1;7106
9;0.375;Idle;(10, 8);;(3, 17);1;7107
9;0.375;Idle;(10, 8);;(3, 17);1;7108
9;0.375;Idle;(10, 8);;(3, 17);1;7109
9;0.375;Idle;(10, 8);;(3, 17);1;7110
9;0.375;Idle;(10, 8);;(3, 17);1;7111
9;0.375;Idle;(10, 8);;(3, 17);1;7112
9;0.375;Idle;(10, 8);;(3, 17);1;7113
9;0.375;MoveNorthWest;(10, 8);;(3, 17);1;7114
9;0.375;MoveNorthWest;(10, 8);;(3, 17);1;7115
9;0.375;MoveNorthWest;(10, 8);;(3, 17);1;7116
9;0.375;MoveNorthWest;(10, 8);;(3, 17);1;7117
9;0.375;MoveNorthWest;(10, 8);;(3, 17);1;7118
9;0.375;MoveNorthWest;(10, 8);;(3, 17);1;7119
9;0.375;MoveNorthWest;(10, 8);;(3, 17);1;7120
9;0.375;MoveNorthWest;(10, 8);;(3, 17);1;7121
9;0.375;MoveNorthWest;(9, 7);;(3, 17);1;7122
9;0.375;MoveNorth;(9, 7);;(3, 17);1;7123
9;0.375;MoveNorth;(9, 7);;(3, 17);1;7124
9;0.375;MoveNorth;(9, 7);;(3, 17);1;7125
9;0.375;MoveNorth;(9, 7);;(3, 17);1;7126
9;0.375;MoveNorth;(9, 7);;(3, 17);1;7127
9;0.375;MoveNorth;(9, 7);;(3, 17);1;7128
9;0.375;MoveNorth;(9, 7);;(3, 17);1;7129
9;0.375;MoveNorth;(9, 7);;(3, 17);1;7130
9;0.375;MoveNorth;(9, 6);;(3, 17);1;7131
9;0.375;MoveNorth;(9, 6);;(3, 17);1;7132
9;0.375;MoveNorth;(9, 6);;(3, 17);1;7133
9;0.375;MoveNorth;(9, 6);;(3, 17);1;7134
9;0.375;MoveNorth;(9, 6);;(3, 17);1;7135
9;0.375;MoveNorth;(9, 6);;(3, 17);1;7136
9;0.375;MoveNorth;(9, 6);;(3, 17);1;7137
9;0.375;MoveNorth;(9, 6);;(3, 17);1;7138
9;0.375;MoveNorth;(9, 6);;(3, 17);1;7139
9;0.375;MoveNorth;(9, 5);;(3, 17);1;7140
9;0.375;MoveNorth;(9, 5);;(3, 17);1;7141
9;0.375;MoveNorth;(9, 5);;(3, 17);1;7142
9;0.375;MoveNorth;(9, 5);;(3, 17);1;7143
9;0.375;MoveNorth;(9, 5);;(3, 17);1;7144
9;0.375;MoveNorth;(9, 5);;(3, 17);1;7145
9;0.375;MoveNorth;(9, 5);;(3, 17);1;7146
9;0.375;MoveNorth;(9, 5);;(3, 17);1;7147
9;0.375;MoveNorth;(9, 5);;(3, 17);1;7148
9;0.375;MoveNorth;(9, 4);;(3, 17);1;7149
9;0.375;MoveNorthWest;(9, 4);;(3, 17);1;7150
9;0.375;MoveNorthWest;(9, 4);;(3, 17);1;7151
9;0.375;MoveNorthWest;(9, 4);;(3, 17);1;7152
9;0.375;MoveNorthWest;(9, 4);;(3, 17);1;7153
9;0.375;MoveNorthWest;(9, 4);;(3, 17);1;7154
9;0.375;MoveNorthWest;(9, 4);;(3, 17);1;7155
9;0.375;MoveNorthWest;(9, 4);;(3, 17);1;7156
9;0.375;MoveNorthWest;(9, 4);;(3, 17);1;7157
9;0.375;MoveNorthWest;(8, 3);;(3, 17);1;7158
9;0.375;MoveNorth;(8, 3);;(3, 17);1;7159
9;0.375;MoveNorth;(8, 3);;(3, 17);1;7160
9;0.375;MoveNorth;(8, 3);;(3, 17);1;7161
9;0.375;MoveNorth;(8, 3);;(3, 17);1;7162
9;0.375;MoveNorth;(8, 3);;(3, 17);1;7163
9;0.375;MoveNorth;(8, 3);;(3, 17);1;7164
9;0.375;MoveNorth;(8, 3);;(3, 17);1;7165
9;0.375;MoveNorth;(8, 3);;(3, 17);1;7166
9;0.375;MoveNorth;(8, 2);;(3, 17);1;7167
9;0.375;MoveSouthEast;(8, 2);;(3, 17);1;7168
9;0.375;MoveSouthEast;(8, 2);;(3, 17);1;7169
9;0.375;MoveSouthEast;(8, 2);;(3, 17);1;7170
9;0.375;MoveSouthEast;(8, 2);;(3, 17);1;7171
9;0.375;MoveSouthEast;(8, 2);;(3, 17);1;7172
9;0.375;MoveSouthEast;(8, 2);;(3, 17);1;7173
9;0.375;MoveSouthEast;(8, 2);;(3, 17);1;7174
9;0.375;MoveSouthEast;(8, 2);;(3, 17);1;7175
9;0.375;MoveSouthEast;(9, 3);;(3, 17);1;7176
9;0.375;MoveNorthEast;(9, 3);;(3, 17);1;7177
9;0.375;MoveNorthEast;(9, 3);;(3, 17);1;7178
9;0.375;MoveNorthEast;(9, 3);;(3, 17);1;7179
9;0.375;MoveNorthEast;(9, 3);;(3, 17);1;7180
9;0.375;MoveNorthEast;(9, 3);;(3, 17);1;7181
9;0.375;MoveNorthEast;(9, 3);;(3, 17);1;7182
9;0.375;MoveNorthEast;(9, 3);;(3, 17);1;7183
9;0.375;MoveNorthEast;(9, 3);;(3, 17);1;7184
9;0.375;MoveNorthEast;(10, 2);;(3, 17);1;7185
9;0.375;Idle;(10, 2);;(3, 17);1;7186
9;0.375;Idle;(10, 2);;(3, 17);1;7187
9;0.375;Idle;(10, 2);;(3, 17);1;7188
9;0.375;Idle;(10, 2);;(3, 17);1;7189
9;0.375;Idle;(10, 2);;(3, 17);1;7190
9;0.375;Idle;(10, 2);;(3, 17);1;7191
9;0.375;Idle;(10, 2);;(3, 17);1;7192
9;0.375;Idle;(10, 2);;(3, 17);1;7193
9;0.375;Idle;(10, 2);;(3, 17);1;7194
9;0.375;Idle;(10, 2);;(3, 17);1;7195
9;0.375;Idle;(10, 2);;(3, 17);1;7196
9;0.375;Idle;(10, 2);;(3, 17);1;7197
9;0.375;Idle;(10, 2);;(3, 17);1;7198
9;0.375;Idle;(10, 2);;(3, 17);1;7199
9;0.375;Idle;(10, 2);;(3, 17);1;7200
9;0.375;Idle;(10, 2);;(3, 17);1;7201
9;0.375;Idle;(10, 2);;(3, 17);1;7202
9;0.375;Idle;(10, 2);;(3, 17);1;7203
9;0.375;Idle;(10, 2);;(3, 17);1;7204
9;0.375;Idle;(10, 2);;(3, 17);1;7205
9;0.375;Idle;(10, 2);;(3, 17);1;7206
9;0.375;Idle;(10, 2);;(3, 17);1;7207
9;0.375;Idle;(10, 2);;(3, 17);1;7208
9;0.375;Idle;(10, 2);;(3, 17);1;7209
9;0.375;Idle;(10, 2);;(3, 17);1;7210
9;0.375;Idle;(10, 2);;(3, 17);1;7211
9;0.375;MoveSouthWest;(10, 2);;(3, 17);1;7212
9;0.375;MoveSouthWest;(10, 2);;(3, 17);1;7213
9;0.375;MoveSouthWest;(10, 2);;(3, 17);1;7214
9;0.375;MoveSouthWest;(10, 2);;(3, 17);1;7215
9;0.375;MoveSouthWest;(10, 2);;(3, 17);1;7216
9;0.375;MoveSouthWest;(10, 2);;(3, 17);1;7217
9;0.375;MoveSouthWest;(10, 2);;(3, 17);1;7218
9;0.375;MoveSouthWest;(10, 2);;(3, 17);1;7219
9;0.375;MoveSouthWest;(9, 3);;(3, 17);1;7220
9;0.375;MoveSouth;(9, 3);;(3, 17);1;7221
9;0.375;MoveSouth;(9, 3);;(3, 17);1;7222
9;0.375;MoveSouth;(9, 3);;(3, 17);1;7223
9;0.375;MoveSouth;(9, 3);;(3, 17);1;7224
9;0.375;MoveSouth;(9, 3);;(3, 17);1;7225
9;0.375;MoveSouth;(9, 3);;(3, 17);1;7226
9;0.375;MoveSouth;(9, 3);;(3, 17);1;7227
9;0.375;MoveSouth;(9, 3);;(3, 17);1;7228
9;0.375;MoveSouth;(9, 4);;(3, 17);1;7229
9;0.375;MoveSouthWest;(9, 4);;(3, 17);1;7230
9;0.375;MoveSouthWest;(9, 4);;(3, 17);1;7231
9;0.375;MoveSouthWest;(9, 4);;(3, 17);1;7232
9;0.375;MoveSouthWest;(9, 4);;(3, 17);1;7233
9;0.375;MoveSouthWest;(9, 4);;(3, 17);1;7234
9;0.375;MoveSouthWest;(9, 4);;(3, 17);1;7235
9;0.375;MoveSouthWest;(9, 4);;(3, 17);1;7236
9;0.375;MoveSouthWest;(9, 4);;(3, 17);1;7237
9;0.375;MoveSouthWest;(8, 5);;(3, 17);1;7238
9;0.375;MoveWest;(8, 5);;(3, 17);1;7239
9;0.375;MoveWest;(8, 5);;(3, 17);1;7240
9;0.375;MoveWest;(8, 5);;(3, 17);1;7241
9;0.375;MoveWest;(8, 5);;(3, 17);1;7242
9;0.375;MoveWest;(8, 5);;(3, 17);1;7243
9;0.375;MoveWest;(8, 5);;(3, 17);1;7244
9;0.375;MoveWest;(8, 5);;(3, 17);1;7245
9;0.375;MoveWest;(8, 5);;(3, 17);1;7246
9;0.375;MoveWest;(8, 5);;(3, 17);1;7247
9;0.375;MoveWest;(8, 5);;(3, 17);1;7248
9;0.375;MoveWest;(8, 5);;(3, 17);1;7249
9;0.375;MoveWest;(8, 5);;(3, 17);1;7250
9;0.375;MoveWest;(8, 5);;(3, 17);1;7251
9;0.375;MoveWest;(7, 5);;(3, 17);1;7252
9;0.375;MoveWest;(7, 5);;(3, 17);1;7253
9;0.375;MoveWest;(7, 5);;(3, 17);1;7254
9;0.375;MoveWest;(7, 5);;(3, 17);1;7255
9;0.375;MoveWest;(7, 5);;(3, 17);1;7256
9;0.375;MoveWest;(7, 5);;(3, 17);1;7257
9;0.375;MoveWest;(7, 5);;(3, 17);1;7258
9;0.375;MoveWest;(7, 5);;(3, 17);1;7259
9;0.375;MoveWest;(7, 5);;(3, 17);1;7260
9;0.375;MoveWest;(7, 5);;(3, 17);1;7261
9;0.375;MoveWest;(7, 5);;(3, 17);1;7262
9;0.375;MoveWest;(7, 5);;(3, 17);1;7263
9;0.375;MoveWest;(7, 5);;(3, 17);1;7264
9;0.375;MoveWest;(7, 5);;(3, 17);1;7265
9;0.375;MoveWest;(6, 5);;(3, 17);1;7266
9;0.375;MoveWest;(6, 5);;(3, 17);1;7267
9;0.375;MoveWest;(6, 5);;(3, 17);1;7268
9;0.375;MoveWest;(6, 5);;(3, 17);1;7269
9;0.375;MoveWest;(6, 5);;(3, 17);1;7270
9;0.375;MoveWest;(6, 5);;(3, 17);1;7271
9;0.375;MoveWest;(6, 5);;(3, 17);1;7272
9;0.375;MoveWest;(6, 5);;(3, 17);1;7273
9;0.375;MoveWest;(6, 5);;(3, 17);1;7274
9;0.375;MoveWest;(6, 5);;(3, 17);1;7275
9;0.375;MoveWest;(6, 5);;(3, 17);1;7276
9;0.375;MoveWest;(6, 5);;(3, 17);1;7277
9;0.375;MoveWest;(6, 5);;(3, 17);1;7278
9;0.375;MoveWest;(6, 5);;(3, 17);1;7279
9;0.375;MoveWest;(5, 5);;(3, 17);1;7280
9;0.375;MoveWest;(5, 5);;(3, 17);1;7281
9;0.375;MoveWest;(5, 5);;(3, 17);1;7282
9;0.375;MoveWest;(5, 5);;(3, 17);1;7283
9;0.375;MoveWest;(5, 5);;(3, 17);1;7284
9;0.375;MoveWest;(5, 5);;(3, 17);1;7285
9;0.375;MoveWest;(5, 5);;(3, 17);1;7286
9;0.375;MoveWest;(5, 5);;(3, 17);1;7287
9;0.375;MoveWest;(5, 5);;(3, 17);1;7288
9;0.375;MoveWest;(4, 5);;(3, 17);1;7289
9;0.375;MoveWest;(4, 5);;(3, 17);1;7290
9;0.375;MoveWest;(4, 5);;(3, 17);1;7291
9;0.375;MoveWest;(4, 5);;(3, 17);1;7292
9;0.375;MoveWest;(4, 5);;(3, 17);1;7293
9;0.375;MoveWest;(4, 5);;(3, 17);1;7294
9;0.375;MoveWest;(4, 5);;(3, 17);1;7295
9;0.375;MoveWest;(4, 5);;(3, 17);1;7296
9;0.375;MoveWest;(4, 5);;(3, 17);1;7297
9;0.375;MoveWest;(3, 5);;(3, 17);1;7298
9;0.375;;(3, 5);;(3, 17);1;7299
9;0.375;;(3, 5);;(3, 17);1;7300
9;0.375;;(3, 5);;(3, 17);1;7301
9;0.375;;(3, 5);;(3, 17);1;7302
9;0.375;;(3, 5);;(3, 17);1;7303
9;0.375;;(3, 5);;(3, 17);1;7304
9;0.375;;(3, 5);;(3, 17);1;7305
9;0.375;;(3, 5);;(3, 17);1;7306
9;0.375;;(3, 5);;(3, 17);1;7307
9;0.375;;(3, 5);;(3, 17);1;7308
9;0.375;;(3, 5);;(3, 17);1;7309
9;0.375;;(3, 5);;(3, 17);1;7310
9;0.375;;(3, 5);;(3, 17);1;7311
9;0.375;;(3, 5);;(3, 17);1;7312
9;0.375;;(3, 5);;(3, 17);1;7313
9;0.375;;(3, 5);;(3, 17);1;7314
9;0.375;;(3, 5);;(3, 17);1;7315
9;0.375;;(3, 5);;(3, 17);1;7316
9;0.375;;(3, 5);;(3, 17);1;7317
9;0.375;;(3, 5);;(3, 17);1;7318
9;0.375;;(3, 5);;(3, 17);1;7319
9;0.375;;(3, 5);;(3, 17);1;7320
9;0.375;;(3, 5);;(3, 17);1;7321
9;0.375;;(3, 5);;(3, 17);1;7322
9;0.375;;(3, 5);;(3, 17);1;7323
9;0.375;;(3, 5);;(3, 17);1;7324
9;0.375;;(3, 5);;(3, 17);1;7325
9;0.375;;(3, 5);;(3, 17);1;7326
9;0.375;;(3, 5);;(3, 17);1;7327
9;0.375;;(3, 5);;(3, 17);1;7328
9;0.375;;(3, 5);;(3, 17);1;7329
9;0.375;;(3, 5);;(3, 17);1;7330
9;0.375;;(3, 5);;(3, 17);1;7331
9;0.375;;(3, 5);;(3, 17);1;7332
9;0.375;;(3, 5);;(3, 17);1;7333
9;0.375;;(3, 5);;(3, 17);1;7334
9;0.375;;(3, 5);;(3, 17);1;7335
9;0.375;;(3, 5);;(3, 17);1;7336
9;0.375;;(3, 5);;(3, 17);1;7337
9;0.375;;(3, 5);;(3, 17);1;7338
9;0.375;;(3, 5);;(3, 17);1;7339
9;0.375;;(3, 5);;(3, 17);1;7340
9;0.375;;(3, 5);;(3, 17);1;7341
9;0.375;;(3, 5);;(3, 17);1;7342
9;0.375;;(3, 5);;(3, 17);1;7343
9;0.375;;(3, 5);;(3, 17);1;7344
9;0.375;;(3, 5);;(3, 17);1;7345
9;0.375;;(3, 5);;(3, 17);1;7346
9;0.375;;(3, 5);;(3, 17);1;7347
9;0.375;;(3, 5);;(3, 17);1;7348
9;0.375;;(3, 5);;(3, 17);1;7349
9;0.375;;(3, 5);;(3, 17);1;7350
9;0.375;;(3, 5);;(3, 17);1;7351
9;0.375;;(3, 5);;(3, 17);1;7352
9;0.375;;(3, 5);;(3, 17);1;7353
9;0.375;;(3, 5);;(3, 17);1;7354
9;0.375;;(3, 5);;(3, 17);1;7355
9;0.375;;(3, 5);;(3, 17);1;7356
9;0.375;;(3, 5);;(3, 17);1;7357
9;0.375;;(3, 5);;(3, 17);1;7358
9;0.375;;(3, 5);;(3, 17);1;7359
9;0.375;;(3, 5);;(3, 17);1;7360
9;0.375;;(3, 5);;(3, 17);1;7361
9;0.375;;(3, 5);;(3, 17);1;7362
9;0.375;;(3, 5);MoveEast;(4, 17);1;7363
9;0.375;;(3, 5);MoveEast;(4, 17);1;7364
9;0.375;;(3, 5);MoveEast;(4, 17);1;7365
9;0.375;;(3, 5);MoveEast;(4, 17);1;7366
9;0.375;;(3, 5);MoveEast;(4, 17);1;7367
9;0.375;;(3, 5);MoveEast;(4, 17);1;7368
9;0.375;;(3, 5);MoveEast;(5, 17);1;7369
9;0.375;;(3, 5);;(5, 17);1;7370
9;0.375;;(3, 5);;(5, 17);1;7371
9;0.375;;(3, 5);;(5, 17);1;7372
9;0.375;;(3, 5);;(5, 17);1;7373
9;0.375;;(3, 5);;(5, 17);1;7374
9;0.375;;(3, 5);;(5, 17);1;7375
9;0.375;;(3, 5);MoveEast;(5, 17);1;7376
9;0.375;;(3, 5);MoveEast;(5, 17);1;7377
9;0.375;;(3, 5);MoveEast;(5, 17);1;7378
9;0.375;;(3, 5);MoveEast;(5, 17);1;7379
9;0.375;;(3, 5);MoveEast;(5, 17);1;7380
9;0.375;;(3, 5);MoveEast;(6, 17);1;7381
9;0.375;;(3, 5);MoveNorth;(6, 17);1;7382
9;0.375;;(3, 5);MoveNorth;(6, 17);1;7383
9;0.375;;(3, 5);MoveNorth;(6, 17);1;7384
9;0.375;;(3, 5);MoveNorth;(6, 17);1;7385
9;0.375;;(3, 5);MoveNorth;(6, 17);1;7386
9;0.375;;(3, 5);MoveNorth;(6, 16);1;7387
9;0.375;;(3, 5);MoveNorth;(6, 16);1;7388
9;0.375;;(3, 5);MoveNorth;(6, 16);1;7389
9;0.375;;(3, 5);MoveNorth;(6, 16);1;7390
9;0.375;;(3, 5);MoveNorth;(6, 16);1;7391
9;0.375;;(3, 5);MoveNorth;(6, 16);1;7392
9;0.375;;(3, 5);MoveNorth;(6, 15);1;7393
9;0.375;;(3, 5);MoveNorth;(6, 15);1;7394
9;0.375;;(3, 5);MoveNorth;(6, 15);1;7395
9;0.375;;(3, 5);MoveNorth;(6, 15);1;7396
9;0.375;;(3, 5);MoveNorth;(6, 15);1;7397
9;0.375;;(3, 5);MoveNorth;(6, 15);1;7398
9;0.375;;(3, 5);MoveNorth;(6, 14);1;7399
9;0.375;;(3, 5);MoveNorth;(6, 14);1;7400
9;0.375;;(3, 5);MoveNorth;(6, 14);1;7401
9;0.375;;(3, 5);MoveNorth;(6, 14);1;7402
9;0.375;;(3, 5);MoveNorth;(6, 14);1;7403
9;0.375;;(3, 5);MoveNorth;(6, 14);1;7404
9;0.375;;(3, 5);MoveNorth;(6, 13);1;7405
9;0.375;;(3, 5);MoveNorth;(6, 13);1;7406
9;0.375;;(3, 5);MoveNorth;(6, 13);1;7407
9;0.375;;(3, 5);MoveNorth;(6, 13);1;7408
9;0.375;;(3, 5);MoveNorth;(6, 13);1;7409
9;0.375;;(3, 5);MoveNorth;(6, 13);1;7410
9;0.375;;(3, 5);MoveNorth;(6, 12);1;7411
9;0.375;;(3, 5);MoveNorth;(6, 12);1;7412
9;0.375;;(3, 5);MoveNorth;(6, 12);1;7413
9;0.375;;(3, 5);MoveNorth;(6, 12);1;7414
9;0.375;;(3, 5);MoveNorth;(6, 12);1;7415
9;0.375;;(3, 5);MoveNorth;(6, 12);1;7416
9;0.375;;(3, 5);MoveNorth;(6, 11);1;7417
9;0.375;;(3, 5);MoveNorth;(6, 10);1;7418
9;0.375;;(3, 5);;(6, 10);1;7419
9;0.375;;(3, 5);MoveNorth;(6, 9);1;7420
9;0.375;;(3, 5);;(6, 9);1;7421
9;0.375;;(3, 5);MoveNorth;(6, 8);1;7422
9;0.375;;(3, 5);;(6, 8);1;7423
9;0.375;;(3, 5);MoveNorth;(6, 7);1;7424
9;0.375;;(3, 5);MoveNorth;(6, 6);1;7425
9;0.375;;(3, 5);;(6, 6);1;7426
9;0.375;;(3, 5);;(6, 6);1;7427
9;0.375;;(3, 5);;(6, 6);1;7428
9;0.375;;(3, 5);;(6, 6);1;7429
9;0.375;;(3, 5);MoveNorth;(6, 5);1;7430
9;0.375;;(3, 5);;(6, 5);1;7431
9;0.375;;(3, 5);;(6, 5);1;7432
9;0.375;;(3, 5);;(6, 5);1;7433
9;0.375;;(3, 5);;(6, 5);1;7434
9;0.375;;(3, 5);;(6, 5);1;7435
9;0.375;;(3, 5);;(6, 5);1;7436
9;0.375;;(3, 5);;(6, 5);1;7437
9;0.375;;(3, 5);;(6, 5);1;7438
9;0.375;;(3, 5);MoveWest;(6, 5);1;7439
9;0.375;;(3, 5);MoveWest;(6, 5);1;7440
9;0.375;;(3, 5);MoveWest;(6, 5);1;7441
9;0.375;;(3, 5);MoveWest;(6, 5);1;7442
9;0.375;;(3, 5);MoveWest;(6, 5);1;7443
9;0.375;;(3, 5);MoveWest;(5, 5);1;7444
9;0.375;;(3, 5);MoveWest;(4, 5);1;7445
9;0.375;;(3, 5);;(4, 5);1;7446
9;0.375;;(3, 5);;(4, 5);1;7447
9;0.375;;(3, 5);;(4, 5);1;7448
9;0.375;;(3, 5);;(4, 5);1;7449
9;0.375;;(3, 5);;(4, 5);1;7450
9;0.375;;(3, 5);;(4, 5);1;7451
9;0.375;;(3, 5);;(4, 5);1;7452
9;0.375;;(3, 5);;(4, 5);1;7453
9;0.375;;(3, 5);;(4, 5);1;7454
9;0.375;;(3, 5);;(4, 5);1;7455
9;0.375;;(3, 5);;(4, 5);1;7456
9;0.375;;(3, 5);;(4, 5);1;7457
9;0.375;;(3, 5);MoveWest;(3, 5);1;7458
9;0.375;;(3, 5);;(3, 5);1;7459
9;0.375;;(3, 5);;(3, 5);1;7460
9;0.375;;(3, 5);;(3, 5);1;7461
9;0.375;;(3, 5);;(3, 5);1;7462
9;0.375;;(3, 5);;(3, 5);1;7463
9;0.375;;(3, 5);;(3, 5);1;7464
9;0.375;;(3, 5);;(3, 5);1;7465
9;0.375;;(3, 5);;(3, 5);1;7466
9;0.375;;(3, 5);;(3, 5);1;7467
9;0.375;;(3, 5);;(3, 5);1;7468
9;0.375;;(3, 5);;(3, 5);1;7469
9;0.375;;(3, 5);;(3, 5);1;7470
9;0.375;;(3, 5);;(3, 5);1;7471
9;0.375;;(3, 5);;(3, 5);1;7472
9;0.375;;(3, 5);;(3, 5);1;7473
9;0.375;;(3, 5);;(3, 5);1;7474
9;0.375;;(3, 5);;(3, 5);1;7475
9;0.375;;(3, 5);;(3, 5);1;7476
9;0.375;;(3, 5);;(3, 5);1;7477
9;0.375;;(3, 5);;(3, 5);1;7478
9;0.375;;(3, 5);;(3, 5);1;7479
9;0.375;;(3, 5);;(3, 5);1;7480
9;0.375;;(3, 5);;(3, 5);1;7481
9;0.375;;(3, 5);;(3, 5);1;7482
9;0.375;;(3, 5);;(3, 5);1;7483
9;0.375;;(3, 5);;(3, 5);1;7484
9;0.375;;(3, 5);;(3, 5);1;7485
9;0.375;;(3, 5);;(3, 5);1;7486
9;0.375;;(3, 5);;(3, 5);1;7487
9;0.375;;(3, 5);;(3, 5);1;7488
9;0.375;;(3, 5);;(3, 5);1;7489
9;0.375;;(3, 5);;(3, 5);1;7490
9;0.375;;(3, 5);;(3, 5);1;7491
9;0.375;;(3, 5);;(3, 5);1;7492
9;0.375;;(3, 5);;(3, 5);1;7493
9;0.375;;(3, 5);;(3, 5);1;7494
9;0.375;;(3, 5);;(3, 5);1;7495
9;0.375;;(3, 5);;(3, 5);1;7496
9;0.375;;(3, 5);;(3, 5);1;7497
9;0.375;;(3, 5);;(3, 5);1;7498
9;0.375;;(3, 5);RemoveObjectTogether;(3, 5);1;7499
9;0.375;;(3, 5);RemoveObjectTogether;(3, 5);1;7500
9;0.375;;(3, 5);RemoveObjectTogether;(3, 5);1;7501
9;0.375;;(3, 5);RemoveObjectTogether;(3, 5);1;7502
9;0.375;;(3, 5);RemoveObjectTogether;(3, 5);1;7503
9;0.375;;(3, 5);RemoveObjectTogether;(3, 5);1;7504
9;0.375;;(3, 5);RemoveObjectTogether;(3, 5);1;7505
9;0.375;;(3, 5);RemoveObjectTogether;(3, 5);1;7506
9;0.375;;(3, 5);RemoveObjectTogether;(3, 5);1;7507
9;0.375;;(3, 5);RemoveObjectTogether;(3, 5);1;7508
9;0.375;;(3, 5);RemoveObjectTogether;(3, 5);1;7509
9;0.375;;(3, 5);RemoveObjectTogether;(3, 5);1;7510
9;0.375;;(3, 5);RemoveObjectTogether;(3, 5);1;7511
9;0.375;;(3, 5);RemoveObjectTogether;(3, 5);1;7512
9;0.375;;(3, 5);RemoveObjectTogether;(3, 5);1;7513
9;0.375;;(3, 5);RemoveObjectTogether;(3, 5);1;7514
9;0.375;;(3, 5);RemoveObjectTogether;(3, 5);1;7515
9;0.375;;(3, 5);RemoveObjectTogether;(3, 5);1;7516
9;0.375;;(3, 5);RemoveObjectTogether;(3, 5);1;7517
9;0.375;;(3, 5);RemoveObjectTogether;(3, 5);1;7518
9;0.375;;(3, 5);RemoveObjectTogether;(3, 5);1;7519
9;0.375;;(3, 5);RemoveObjectTogether;(3, 5);1;7520
9;0.375;;(3, 5);RemoveObjectTogether;(3, 5);1;7521
9;0.375;;(3, 5);RemoveObjectTogether;(3, 5);1;7522
9;0.375;;(3, 5);RemoveObjectTogether;(3, 5);1;7523
9;0.375;;(3, 5);RemoveObjectTogether;(3, 5);1;7524
9;0.375;;(3, 5);RemoveObjectTogether;(3, 5);1;7525
9;0.375;;(3, 5);RemoveObjectTogether;(3, 5);1;7526
9;0.375;;(3, 5);RemoveObjectTogether;(3, 5);1;7527
9;0.375;;(3, 5);RemoveObjectTogether;(3, 5);1;7528
9;0.375;;(3, 5);RemoveObjectTogether;(3, 5);1;7529
9;0.375;;(3, 5);RemoveObjectTogether;(3, 5);1;7530
9;0.375;;(3, 5);RemoveObjectTogether;(3, 5);1;7531
9;0.375;;(3, 5);RemoveObjectTogether;(3, 5);1;7532
9;0.375;;(3, 5);RemoveObjectTogether;(3, 5);1;7533
9;0.375;;(3, 5);RemoveObjectTogether;(3, 5);1;7534
9;0.375;;(3, 5);RemoveObjectTogether;(3, 5);1;7535
9;0.375;;(3, 5);RemoveObjectTogether;(3, 5);1;7536
9;0.375;;(3, 5);RemoveObjectTogether;(3, 5);1;7537
9;0.375;;(3, 5);RemoveObjectTogether;(3, 5);1;7538
9;0.375;;(3, 5);RemoveObjectTogether;(3, 5);1;7539
9;0.375;;(3, 5);RemoveObjectTogether;(3, 5);1;7540
9;0.375;;(3, 5);RemoveObjectTogether;(3, 5);1;7541
9;0.375;;(3, 5);RemoveObjectTogether;(3, 5);1;7542
9;0.375;;(3, 5);RemoveObjectTogether;(3, 5);1;7543
9;0.375;;(3, 5);RemoveObjectTogether;(3, 5);1;7544
9;0.375;;(3, 5);RemoveObjectTogether;(3, 5);1;7545
9;0.375;;(3, 5);RemoveObjectTogether;(3, 5);1;7546
9;0.375;;(3, 5);RemoveObjectTogether;(3, 5);1;7547
9;0.375;;(3, 5);RemoveObjectTogether;(3, 5);1;7548
9;0.375;;(3, 5);RemoveObjectTogether;(3, 5);1;7549
9;0.375;MoveNorth;(3, 5);RemoveObjectTogether;(3, 5);1;7550
9;0.375;MoveNorth;(3, 5);RemoveObjectTogether;(3, 5);1;7551
9;0.375;MoveNorth;(3, 5);RemoveObjectTogether;(3, 5);1;7552
9;0.375;MoveNorth;(3, 5);RemoveObjectTogether;(3, 5);1;7553
9;0.375;MoveNorth;(3, 5);RemoveObjectTogether;(3, 5);1;7554
9;0.375;MoveNorth;(3, 5);RemoveObjectTogether;(3, 5);1;7555
9;0.375;MoveNorth;(3, 5);RemoveObjectTogether;(3, 5);1;7556
9;0.375;MoveNorth;(3, 5);RemoveObjectTogether;(3, 5);1;7557
9;0.375;MoveNorth;(3, 4);RemoveObjectTogether;(3, 5);1;7558
9;0.375;MoveNorthWest;(3, 4);RemoveObjectTogether;(3, 5);1;7559
9;0.375;MoveNorthWest;(3, 4);RemoveObjectTogether;(3, 5);1;7560
9;0.375;MoveNorthWest;(3, 4);RemoveObjectTogether;(3, 5);1;7561
9;0.375;MoveNorthWest;(3, 4);RemoveObjectTogether;(3, 5);1;7562
9;0.375;MoveNorthWest;(3, 4);RemoveObjectTogether;(3, 5);1;7563
9;0.375;MoveNorthWest;(3, 4);RemoveObjectTogether;(3, 5);1;7564
9;0.375;MoveNorthWest;(3, 4);RemoveObjectTogether;(3, 5);1;7565
9;0.375;MoveNorthWest;(3, 4);RemoveObjectTogether;(3, 5);1;7566
9;0.375;MoveNorthWest;(2, 3);RemoveObjectTogether;(3, 5);1;7567
9;0.375;MoveNorth;(2, 3);RemoveObjectTogether;(3, 5);1;7568
9;0.375;MoveNorth;(2, 3);RemoveObjectTogether;(3, 5);1;7569
9;0.375;MoveNorth;(2, 3);RemoveObjectTogether;(3, 5);1;7570
9;0.375;MoveNorth;(2, 3);RemoveObjectTogether;(3, 5);1;7571
9;0.375;MoveNorth;(2, 3);RemoveObjectTogether;(3, 5);1;7572
9;0.375;MoveNorth;(2, 3);RemoveObjectTogether;(3, 5);1;7573
9;0.375;MoveNorth;(2, 3);RemoveObjectTogether;(3, 5);1;7574
9;0.375;MoveNorth;(2, 3);;(3, 5);1;7575
9;0.375;MoveNorth;(2, 2);;(3, 5);1;7576
9;0.375;CarryObject;(2, 2);;(3, 5);1;7577
9;0.375;CarryObject;(2, 2);;(3, 5);1;7578
9;0.375;CarryObject;(2, 2);;(3, 5);1;7579
9;0.375;CarryObject;(2, 2);;(3, 5);1;7580
9;0.375;CarryObject;(2, 2);;(3, 5);1;7581
9;0.375;CarryObject;(2, 2);;(3, 5);1;7582
9;0.375;CarryObject;(2, 2);;(3, 5);1;7583
9;0.375;CarryObject;(2, 2);;(3, 5);1;7584
9;0.375;CarryObject;(2, 2);;(3, 5);1;7585
9;0.375;CarryObject;(2, 2);;(3, 5);1;7586
9;0.375;CarryObject;(2, 2);;(3, 5);1;7587
9;0.375;CarryObject;(2, 2);;(3, 5);1;7588
9;0.375;CarryObject;(2, 2);;(3, 5);1;7589
9;0.375;CarryObject;(2, 2);;(3, 5);1;7590
9;0.375;CarryObject;(2, 2);;(3, 5);1;7591
9;0.375;CarryObject;(2, 2);;(3, 5);1;7592
9;0.375;CarryObject;(2, 2);;(3, 5);1;7593
9;0.375;CarryObject;(2, 2);;(3, 5);1;7594
9;0.375;CarryObject;(2, 2);;(3, 5);1;7595
9;0.375;CarryObject;(2, 2);;(3, 5);1;7596
9;0.375;CarryObject;(2, 2);;(3, 5);1;7597
9;0.375;CarryObject;(2, 2);;(3, 5);1;7598
9;0.375;CarryObject;(2, 2);;(3, 5);1;7599
9;0.375;CarryObject;(2, 2);;(3, 5);1;7600
9;0.375;CarryObject;(2, 2);;(3, 5);1;7601
9;0.375;CarryObject;(2, 2);;(3, 5);1;7602
9;0.375;CarryObject;(2, 2);;(3, 5);1;7603
9;0.375;CarryObject;(2, 2);;(3, 5);1;7604
9;0.375;CarryObject;(2, 2);;(3, 5);1;7605
9;0.375;CarryObject;(2, 2);;(3, 5);1;7606
9;0.375;CarryObject;(2, 2);;(3, 5);1;7607
9;0.375;CarryObject;(2, 2);;(3, 5);1;7608
9;0.375;CarryObject;(2, 2);;(3, 5);1;7609
9;0.375;CarryObject;(2, 2);;(3, 5);1;7610
9;0.375;CarryObject;(2, 2);;(3, 5);1;7611
9;0.375;CarryObject;(2, 2);;(3, 5);1;7612
9;0.375;CarryObject;(2, 2);;(3, 5);1;7613
9;0.375;CarryObject;(2, 2);;(3, 5);1;7614
9;0.375;CarryObject;(2, 2);;(3, 5);1;7615
9;0.375;CarryObject;(2, 2);;(3, 5);1;7616
9;0.375;CarryObject;(2, 2);;(3, 5);1;7617
9;0.375;CarryObject;(2, 2);;(3, 5);1;7618
9;0.375;CarryObject;(2, 2);;(3, 5);1;7619
9;0.375;CarryObject;(2, 2);;(3, 5);1;7620
9;0.375;CarryObject;(2, 2);;(3, 5);1;7621
9;0.375;CarryObject;(2, 2);;(3, 5);1;7622
9;0.375;CarryObject;(2, 2);;(3, 5);1;7623
9;0.375;CarryObject;(2, 2);;(3, 5);1;7624
9;0.375;CarryObject;(2, 2);;(3, 5);1;7625
9;0.375;CarryObject;(2, 2);;(3, 5);1;7626
9;0.375;CarryObject;(2, 2);;(3, 5);1;7627
9;0.375;CarryObject;(2, 2);;(3, 5);1;7628
9;0.375;CarryObject;(2, 2);RemoveObjectTogether;(3, 5);1;7629
9;0.375;CarryObject;(2, 2);RemoveObjectTogether;(3, 5);1;7630
9;0.375;CarryObject;(2, 2);RemoveObjectTogether;(3, 5);1;7631
9;0.375;CarryObject;(2, 2);RemoveObjectTogether;(3, 5);1;7632
9;0.375;CarryObject;(2, 2);RemoveObjectTogether;(3, 5);1;7633
9;0.375;CarryObject;(2, 2);RemoveObjectTogether;(3, 5);1;7634
9;0.375;CarryObject;(2, 2);RemoveObjectTogether;(3, 5);1;7635
9;0.375;CarryObject;(2, 2);RemoveObjectTogether;(3, 5);1;7636
9;0.375;CarryObject;(2, 2);RemoveObjectTogether;(3, 5);1;7637
9;0.375;CarryObject;(2, 2);RemoveObjectTogether;(3, 5);1;7638
9;0.375;CarryObject;(2, 2);RemoveObjectTogether;(3, 5);1;7639
9;0.375;CarryObject;(2, 2);RemoveObjectTogether;(3, 5);1;7640
9;0.375;CarryObject;(2, 2);RemoveObjectTogether;(3, 5);1;7641
9;0.375;CarryObject;(2, 2);RemoveObjectTogether;(3, 5);1;7642
9;0.375;CarryObject;(2, 2);RemoveObjectTogether;(3, 5);1;7643
9;0.375;CarryObject;(2, 2);RemoveObjectTogether;(3, 5);1;7644
9;0.375;CarryObject;(2, 2);RemoveObjectTogether;(3, 5);1;7645
9;0.375;CarryObject;(2, 2);RemoveObjectTogether;(3, 5);1;7646
9;0.375;CarryObject;(2, 2);RemoveObjectTogether;(3, 5);1;7647
9;0.375;CarryObject;(2, 2);RemoveObjectTogether;(3, 5);1;7648
9;0.375;CarryObject;(2, 2);RemoveObjectTogether;(3, 5);1;7649
9;0.375;CarryObject;(2, 2);RemoveObjectTogether;(3, 5);1;7650
9;0.375;CarryObject;(2, 2);RemoveObjectTogether;(3, 5);1;7651
9;0.375;CarryObject;(2, 2);RemoveObjectTogether;(3, 5);1;7652
9;0.375;CarryObject;(2, 2);RemoveObjectTogether;(3, 5);1;7653
9;0.375;CarryObject;(2, 2);RemoveObjectTogether;(3, 5);1;7654
9;0.375;CarryObject;(2, 2);RemoveObjectTogether;(3, 5);1;7655
9;0.375;CarryObject;(2, 2);RemoveObjectTogether;(3, 5);1;7656
9;0.375;CarryObject;(2, 2);RemoveObjectTogether;(3, 5);1;7657
9;0.375;CarryObject;(2, 2);RemoveObjectTogether;(3, 5);1;7658
9;0.375;CarryObject;(2, 2);RemoveObjectTogether;(3, 5);1;7659
9;0.375;CarryObject;(2, 2);RemoveObjectTogether;(3, 5);1;7660
9;0.375;CarryObject;(2, 2);RemoveObjectTogether;(3, 5);1;7661
9;0.375;CarryObject;(2, 2);RemoveObjectTogether;(3, 5);1;7662
9;0.375;CarryObject;(2, 2);RemoveObjectTogether;(3, 5);1;7663
9;0.375;CarryObject;(2, 2);RemoveObjectTogether;(3, 5);1;7664
9;0.375;CarryObject;(2, 2);RemoveObjectTogether;(3, 5);1;7665
9;0.375;CarryObject;(2, 2);RemoveObjectTogether;(3, 5);1;7666
9;0.375;CarryObject;(2, 2);RemoveObjectTogether;(3, 5);1;7667
9;0.375;CarryObject;(2, 2);RemoveObjectTogether;(3, 5);1;7668
9;0.375;CarryObject;(2, 2);RemoveObjectTogether;(3, 5);1;7669
9;0.375;CarryObject;(2, 2);RemoveObjectTogether;(3, 5);1;7670
9;0.375;CarryObject;(2, 2);RemoveObjectTogether;(3, 5);1;7671
9;0.375;CarryObject;(2, 2);RemoveObjectTogether;(3, 5);1;7672
9;0.375;CarryObject;(2, 2);RemoveObjectTogether;(3, 5);1;7673
9;0.375;CarryObject;(2, 2);RemoveObjectTogether;(3, 5);1;7674
9;0.375;CarryObject;(2, 2);RemoveObjectTogether;(3, 5);1;7675
9;0.375;CarryObject;(2, 2);RemoveObjectTogether;(3, 5);1;7676
9;0.375;CarryObject;(2, 2);RemoveObjectTogether;(3, 5);1;7677
9;0.375;CarryObject;(2, 2);RemoveObjectTogether;(3, 5);1;7678
9;0.375;CarryObject;(2, 2);RemoveObjectTogether;(3, 5);1;7679
9;0.375;CarryObject;(2, 2);RemoveObjectTogether;(3, 5);1;7680
9;0.375;CarryObject;(2, 2);RemoveObjectTogether;(3, 5);1;7681
9;0.375;CarryObject;(2, 2);RemoveObjectTogether;(3, 5);1;7682
9;0.375;CarryObject;(2, 2);RemoveObjectTogether;(3, 5);1;7683
9;0.375;CarryObject;(2, 2);RemoveObjectTogether;(3, 5);1;7684
9;0.375;CarryObject;(2, 2);RemoveObjectTogether;(3, 5);1;7685
9;0.375;CarryObject;(2, 2);RemoveObjectTogether;(3, 5);1;7686
9;0.375;CarryObject;(2, 2);RemoveObjectTogether;(3, 5);1;7687
9;0.375;CarryObject;(2, 2);RemoveObjectTogether;(3, 5);1;7688
9;0.375;CarryObject;(2, 2);RemoveObjectTogether;(3, 5);1;7689
9;0.375;CarryObject;(2, 2);RemoveObjectTogether;(3, 5);1;7690
9;0.375;CarryObject;(2, 2);RemoveObjectTogether;(3, 5);1;7691
9;0.375;CarryObject;(2, 2);RemoveObjectTogether;(3, 5);1;7692
9;0.375;CarryObject;(2, 2);RemoveObjectTogether;(3, 5);1;7693
9;0.375;CarryObject;(2, 2);RemoveObjectTogether;(3, 5);1;7694
9;0.375;CarryObject;(2, 2);RemoveObjectTogether;(3, 5);1;7695
9;0.375;CarryObject;(2, 2);RemoveObjectTogether;(3, 5);1;7696
9;0.375;CarryObject;(2, 2);RemoveObjectTogether;(3, 5);1;7697
9;0.375;CarryObject;(2, 2);RemoveObjectTogether;(3, 5);1;7698
9;0.375;CarryObject;(2, 2);RemoveObjectTogether;(3, 5);1;7699
9;0.375;CarryObject;(2, 2);RemoveObjectTogether;(3, 5);1;7700
9;0.375;CarryObject;(2, 2);RemoveObjectTogether;(3, 5);1;7701
9;0.375;CarryObject;(2, 2);RemoveObjectTogether;(3, 5);1;7702
9;0.375;CarryObject;(2, 2);RemoveObjectTogether;(3, 5);1;7703
9;0.375;CarryObject;(2, 2);RemoveObjectTogether;(3, 5);1;7704
9;0.375;CarryObject;(2, 2);RemoveObjectTogether;(3, 5);1;7705
9;0.375;CarryObject;(2, 2);RemoveObjectTogether;(3, 5);1;7706
9;0.375;CarryObject;(2, 2);RemoveObjectTogether;(3, 5);1;7707
9;0.375;CarryObject;(2, 2);RemoveObjectTogether;(3, 5);1;7708
9;0.375;CarryObject;(2, 2);RemoveObjectTogether;(3, 5);1;7709
9;0.375;CarryObject;(2, 2);RemoveObjectTogether;(3, 5);1;7710
9;0.375;CarryObject;(2, 2);RemoveObjectTogether;(3, 5);1;7711
9;0.375;CarryObject;(2, 2);RemoveObjectTogether;(3, 5);1;7712
9;0.375;CarryObject;(2, 2);RemoveObjectTogether;(3, 5);1;7713
9;0.375;CarryObject;(2, 2);RemoveObjectTogether;(3, 5);1;7714
9;0.375;CarryObject;(2, 2);RemoveObjectTogether;(3, 5);1;7715
9;0.375;CarryObject;(2, 2);RemoveObjectTogether;(3, 5);1;7716
9;0.375;CarryObject;(2, 2);RemoveObjectTogether;(3, 5);1;7717
9;0.375;CarryObject;(2, 2);RemoveObjectTogether;(3, 5);1;7718
9;0.375;CarryObject;(2, 2);;(3, 5);1;7719
9;0.375;CarryObject;(2, 2);RemoveObjectTogether;(3, 5);1;7720
9;0.375;CarryObject;(2, 2);RemoveObjectTogether;(3, 5);1;7721
9;0.375;CarryObject;(2, 2);;(3, 5);1;7722
9;0.375;CarryObject;(2, 2);RemoveObjectTogether;(3, 5);1;7723
9;0.375;CarryObject;(2, 2);RemoveObjectTogether;(3, 5);1;7724
9;0.375;CarryObject;(2, 2);;(3, 5);1;7725
9;0.375;CarryObject;(2, 2);RemoveObjectTogether;(3, 5);1;7726
9;0.375;CarryObject;(2, 2);RemoveObjectTogether;(3, 5);1;7727
9;0.375;MoveSouthEast;(2, 2);;(3, 5);1;7728
9;0.375;MoveSouthEast;(2, 2);RemoveObjectTogether;(3, 5);1;7729
9;0.375;MoveSouthEast;(2, 2);RemoveObjectTogether;(3, 5);1;7730
9;0.375;MoveSouthEast;(2, 2);;(3, 5);1;7731
9;0.375;MoveSouthEast;(2, 2);RemoveObjectTogether;(3, 5);1;7732
9;0.375;MoveSouthEast;(2, 2);RemoveObjectTogether;(3, 5);1;7733
9;0.375;MoveSouthEast;(2, 2);RemoveObjectTogether;(3, 5);1;7734
9;0.375;MoveSouthEast;(2, 2);RemoveObjectTogether;(3, 5);1;7735
9;0.375;MoveSouthEast;(3, 3);RemoveObjectTogether;(3, 5);1;7736
9;0.375;MoveSouth;(3, 3);RemoveObjectTogether;(3, 5);1;7737
9;0.375;MoveSouth;(3, 3);;(3, 5);1;7738
9;0.375;MoveSouth;(3, 3);RemoveObjectTogether;(3, 5);1;7739
9;0.375;MoveSouth;(3, 3);RemoveObjectTogether;(3, 5);1;7740
9;0.375;MoveSouth;(3, 3);RemoveObjectTogether;(3, 5);1;7741
9;0.375;MoveSouth;(3, 3);;(3, 5);1;7742
9;0.375;MoveSouth;(3, 3);RemoveObjectTogether;(3, 5);1;7743
9;0.375;MoveSouth;(3, 3);RemoveObjectTogether;(3, 5);1;7744
9;0.375;MoveSouth;(3, 4);;(3, 5);1;7745
9;0.375;MoveSouthEast;(3, 4);RemoveObjectTogether;(3, 5);1;7746
9;0.375;MoveSouthEast;(3, 4);RemoveObjectTogether;(3, 5);1;7747
9;0.375;MoveSouthEast;(3, 4);RemoveObjectTogether;(3, 5);1;7748
9;0.375;MoveSouthEast;(3, 4);RemoveObjectTogether;(3, 5);1;7749
9;0.375;MoveSouthEast;(3, 4);RemoveObjectTogether;(3, 5);1;7750
9;0.375;MoveSouthEast;(3, 4);RemoveObjectTogether;(3, 5);1;7751
9;0.375;MoveSouthEast;(3, 4);RemoveObjectTogether;(3, 5);1;7752
9;0.375;MoveSouthEast;(3, 4);RemoveObjectTogether;(3, 5);1;7753
9;0.375;MoveSouthEast;(4, 5);RemoveObjectTogether;(3, 5);1;7754
9;0.375;MoveEast;(4, 5);RemoveObjectTogether;(3, 5);1;7755
9;0.375;MoveEast;(4, 5);RemoveObjectTogether;(3, 5);1;7756
9;0.375;MoveEast;(4, 5);RemoveObjectTogether;(3, 5);1;7757
9;0.375;MoveEast;(4, 5);RemoveObjectTogether;(3, 5);1;7758
9;0.375;MoveEast;(4, 5);RemoveObjectTogether;(3, 5);1;7759
9;0.375;MoveEast;(4, 5);RemoveObjectTogether;(3, 5);1;7760
9;0.375;MoveEast;(4, 5);;(3, 5);1;7761
9;0.375;MoveEast;(4, 5);RemoveObjectTogether;(3, 5);1;7762
9;0.375;MoveEast;(5, 5);RemoveObjectTogether;(3, 5);1;7763
9;0.375;MoveEast;(5, 5);;(3, 5);1;7764
9;0.375;MoveEast;(5, 5);RemoveObjectTogether;(3, 5);1;7765
9;0.375;MoveEast;(5, 5);RemoveObjectTogether;(3, 5);1;7766
9;0.375;MoveEast;(5, 5);;(3, 5);1;7767
9;0.375;MoveEast;(5, 5);RemoveObjectTogether;(3, 5);1;7768
9;0.375;MoveEast;(5, 5);RemoveObjectTogether;(3, 5);1;7769
9;0.375;MoveEast;(5, 5);;(3, 5);1;7770
9;0.375;MoveEast;(5, 5);RemoveObjectTogether;(3, 5);1;7771
9;0.375;MoveEast;(6, 5);RemoveObjectTogether;(3, 5);1;7772
9;0.375;MoveEast;(6, 5);RemoveObjectTogether;(3, 5);1;7773
9;0.375;MoveEast;(6, 5);RemoveObjectTogether;(3, 5);1;7774
9;0.375;MoveEast;(6, 5);RemoveObjectTogether;(3, 5);1;7775
9;0.375;MoveEast;(6, 5);RemoveObjectTogether;(3, 5);1;7776
9;0.375;MoveEast;(6, 5);RemoveObjectTogether;(3, 5);1;7777
9;0.375;MoveEast;(6, 5);RemoveObjectTogether;(3, 5);1;7778
9;0.375;MoveEast;(6, 5);RemoveObjectTogether;(3, 5);1;7779
9;0.375;MoveEast;(6, 5);;(3, 5);1;7780
9;0.375;MoveEast;(6, 5);;(3, 5);1;7781
9;0.375;MoveEast;(6, 5);;(3, 5);1;7782
9;0.375;MoveEast;(6, 5);;(3, 5);1;7783
9;0.375;MoveEast;(6, 5);;(3, 5);1;7784
9;0.375;MoveEast;(6, 5);;(3, 5);1;7785
9;0.375;MoveEast;(7, 5);;(3, 5);1;7786
9;0.375;MoveEast;(7, 5);;(3, 5);1;7787
9;0.375;MoveEast;(7, 5);;(3, 5);1;7788
9;0.375;MoveEast;(7, 5);;(3, 5);1;7789
9;0.375;MoveEast;(7, 5);;(3, 5);1;7790
9;0.375;MoveEast;(7, 5);;(3, 5);1;7791
9;0.375;MoveEast;(7, 5);;(3, 5);1;7792
9;0.375;MoveEast;(7, 5);;(3, 5);1;7793
9;0.375;MoveEast;(7, 5);;(3, 5);1;7794
9;0.375;MoveEast;(7, 5);;(3, 5);1;7795
9;0.375;MoveEast;(7, 5);;(3, 5);1;7796
9;0.375;MoveEast;(7, 5);;(3, 5);1;7797
9;0.375;MoveEast;(7, 5);;(3, 5);1;7798
9;0.375;MoveEast;(7, 5);;(3, 5);1;7799
9;0.375;MoveEast;(8, 5);;(3, 5);1;7800
9;0.375;MoveSouthEast;(8, 5);;(3, 5);1;7801
9;0.375;MoveSouthEast;(8, 5);;(3, 5);1;7802
9;0.375;MoveSouthEast;(8, 5);;(3, 5);1;7803
9;0.375;MoveSouthEast;(8, 5);;(3, 5);1;7804
9;0.375;MoveSouthEast;(8, 5);;(3, 5);1;7805
9;0.375;MoveSouthEast;(8, 5);;(3, 5);1;7806
9;0.375;MoveSouthEast;(8, 5);;(3, 5);1;7807
9;0.375;MoveSouthEast;(8, 5);;(3, 5);1;7808
9;0.375;MoveSouthEast;(8, 5);;(3, 5);1;7809
9;0.375;MoveSouthEast;(8, 5);;(3, 5);1;7810
9;0.375;MoveSouthEast;(8, 5);;(3, 5);1;7811
9;0.375;MoveSouthEast;(8, 5);;(3, 5);1;7812
9;0.375;MoveSouthEast;(8, 5);;(3, 5);1;7813
9;0.375;MoveSouthEast;(9, 6);;(3, 5);1;7814
9;0.375;MoveEast;(9, 6);;(3, 5);1;7815
9;0.375;MoveEast;(9, 6);;(3, 5);1;7816
9;0.375;MoveEast;(9, 6);;(3, 5);1;7817
9;0.375;MoveEast;(9, 6);;(3, 5);1;7818
9;0.375;MoveEast;(9, 6);;(3, 5);1;7819
9;0.375;MoveEast;(9, 6);;(3, 5);1;7820
9;0.375;MoveEast;(9, 6);;(3, 5);1;7821
9;0.375;MoveEast;(9, 6);;(3, 5);1;7822
9;0.375;MoveEast;(10, 6);;(3, 5);1;7823
9;0.375;MoveEast;(10, 6);;(3, 5);1;7824
9;0.375;MoveEast;(10, 6);;(3, 5);1;7825
9;0.375;MoveEast;(10, 6);;(3, 5);1;7826
9;0.375;MoveEast;(10, 6);;(3, 5);1;7827
9;0.375;MoveEast;(10, 6);;(3, 5);1;7828
9;0.375;MoveEast;(10, 6);;(3, 5);1;7829
9;0.375;MoveEast;(10, 6);;(3, 5);1;7830
9;0.375;MoveEast;(10, 6);;(3, 5);1;7831
9;0.375;MoveEast;(10, 6);;(3, 5);1;7832
9;0.375;MoveEast;(10, 6);;(3, 5);1;7833
9;0.375;MoveEast;(10, 6);;(3, 5);1;7834
9;0.375;MoveEast;(10, 6);;(3, 5);1;7835
9;0.375;MoveEast;(10, 6);;(3, 5);1;7836
9;0.375;MoveEast;(11, 6);;(3, 5);1;7837
9;0.375;MoveEast;(11, 6);;(3, 5);1;7838
9;0.375;MoveEast;(11, 6);;(3, 5);1;7839
9;0.375;MoveEast;(11, 6);;(3, 5);1;7840
9;0.375;MoveEast;(11, 6);;(3, 5);1;7841
9;0.375;MoveEast;(11, 6);;(3, 5);1;7842
9;0.375;MoveEast;(11, 6);;(3, 5);1;7843
9;0.375;MoveEast;(11, 6);;(3, 5);1;7844
9;0.375;MoveEast;(11, 6);;(3, 5);1;7845
9;0.375;MoveEast;(11, 6);;(3, 5);1;7846
9;0.375;MoveEast;(11, 6);;(3, 5);1;7847
9;0.375;MoveEast;(11, 6);;(3, 5);1;7848
9;0.375;MoveEast;(11, 6);;(3, 5);1;7849
9;0.375;MoveEast;(11, 6);;(3, 5);1;7850
9;0.375;MoveEast;(12, 6);;(3, 5);1;7851
9;0.375;MoveEast;(12, 6);;(3, 5);1;7852
9;0.375;MoveEast;(12, 6);;(3, 5);1;7853
9;0.375;MoveEast;(12, 6);;(3, 5);1;7854
9;0.375;MoveEast;(12, 6);;(3, 5);1;7855
9;0.375;MoveEast;(12, 6);;(3, 5);1;7856
9;0.375;MoveEast;(12, 6);;(3, 5);1;7857
9;0.375;MoveEast;(12, 6);;(3, 5);1;7858
9;0.375;MoveEast;(12, 6);;(3, 5);1;7859
9;0.375;MoveEast;(12, 6);;(3, 5);1;7860
9;0.375;MoveEast;(12, 6);;(3, 5);1;7861
9;0.375;MoveEast;(12, 6);;(3, 5);1;7862
9;0.375;MoveEast;(12, 6);;(3, 5);1;7863
9;0.375;MoveEast;(12, 6);;(3, 5);1;7864
9;0.375;MoveEast;(13, 6);;(3, 5);1;7865
9;0.375;MoveEast;(13, 6);;(3, 5);1;7866
9;0.375;MoveEast;(13, 6);;(3, 5);1;7867
9;0.375;MoveEast;(13, 6);;(3, 5);1;7868
9;0.375;MoveEast;(13, 6);;(3, 5);1;7869
9;0.375;MoveEast;(13, 6);;(3, 5);1;7870
9;0.375;MoveEast;(13, 6);;(3, 5);1;7871
9;0.375;MoveEast;(13, 6);;(3, 5);1;7872
9;0.375;MoveEast;(13, 6);;(3, 5);1;7873
9;0.375;MoveEast;(14, 6);;(3, 5);1;7874
9;0.375;MoveEast;(14, 6);;(3, 5);1;7875
9;0.375;MoveEast;(14, 6);;(3, 5);1;7876
9;0.375;MoveEast;(14, 6);;(3, 5);1;7877
9;0.375;MoveEast;(14, 6);;(3, 5);1;7878
9;0.375;MoveEast;(14, 6);;(3, 5);1;7879
9;0.375;MoveEast;(14, 6);;(3, 5);1;7880
9;0.375;MoveEast;(14, 6);;(3, 5);1;7881
9;0.375;MoveEast;(14, 6);;(3, 5);1;7882
9;0.375;MoveEast;(15, 6);;(3, 5);1;7883
9;0.375;MoveEast;(15, 6);;(3, 5);1;7884
9;0.375;MoveEast;(15, 6);;(3, 5);1;7885
9;0.375;MoveEast;(15, 6);;(3, 5);1;7886
9;0.375;MoveEast;(15, 6);;(3, 5);1;7887
9;0.375;MoveEast;(15, 6);;(3, 5);1;7888
9;0.375;MoveEast;(15, 6);;(3, 5);1;7889
9;0.375;MoveEast;(15, 6);;(3, 5);1;7890
9;0.375;MoveEast;(15, 6);;(3, 5);1;7891
9;0.375;MoveEast;(16, 6);;(3, 5);1;7892
9;0.375;MoveEast;(16, 6);;(3, 5);1;7893
9;0.375;MoveEast;(16, 6);;(3, 5);1;7894
9;0.375;MoveEast;(16, 6);;(3, 5);1;7895
9;0.375;MoveEast;(16, 6);;(3, 5);1;7896
9;0.375;MoveEast;(16, 6);;(3, 5);1;7897
9;0.375;MoveEast;(16, 6);;(3, 5);1;7898
9;0.375;MoveEast;(16, 6);;(3, 5);1;7899
9;0.375;MoveEast;(16, 6);;(3, 5);1;7900
9;0.375;MoveEast;(17, 6);;(3, 5);1;7901
9;0.375;MoveSouthEast;(17, 6);;(3, 5);1;7902
9;0.375;MoveSouthEast;(17, 6);;(3, 5);1;7903
9;0.375;MoveSouthEast;(17, 6);;(3, 5);1;7904
9;0.375;MoveSouthEast;(17, 6);;(3, 5);1;7905
9;0.375;MoveSouthEast;(17, 6);;(3, 5);1;7906
9;0.375;MoveSouthEast;(17, 6);;(3, 5);1;7907
9;0.375;MoveSouthEast;(17, 6);;(3, 5);1;7908
9;0.375;MoveSouthEast;(17, 6);;(3, 5);1;7909
9;0.375;MoveSouthEast;(18, 7);;(3, 5);1;7910
9;0.375;MoveSouthEast;(18, 7);;(3, 5);1;7911
9;0.375;MoveSouthEast;(18, 7);;(3, 5);1;7912
9;0.375;MoveSouthEast;(18, 7);;(3, 5);1;7913
9;0.375;MoveSouthEast;(18, 7);;(3, 5);1;7914
9;0.375;MoveSouthEast;(18, 7);;(3, 5);1;7915
9;0.375;MoveSouthEast;(18, 7);;(3, 5);1;7916
9;0.375;MoveSouthEast;(18, 7);;(3, 5);1;7917
9;0.375;MoveSouthEast;(18, 7);;(3, 5);1;7918
9;0.375;MoveSouthEast;(19, 8);;(3, 5);1;7919
9;0.375;MoveSouthEast;(19, 8);;(3, 5);1;7920
9;0.375;MoveSouthEast;(19, 8);;(3, 5);1;7921
9;0.375;MoveSouthEast;(19, 8);;(3, 5);1;7922
9;0.375;MoveSouthEast;(19, 8);;(3, 5);1;7923
9;0.375;MoveSouthEast;(19, 8);;(3, 5);1;7924
9;0.375;MoveSouthEast;(19, 8);;(3, 5);1;7925
9;0.375;MoveSouthEast;(19, 8);;(3, 5);1;7926
9;0.375;MoveSouthEast;(19, 8);;(3, 5);1;7927
9;0.375;MoveSouthEast;(19, 8);;(3, 5);1;7928
9;0.375;MoveSouthEast;(19, 8);;(3, 5);1;7929
9;0.375;MoveSouthEast;(19, 8);;(3, 5);1;7930
9;0.375;MoveSouthEast;(19, 8);;(3, 5);1;7931
9;0.375;MoveSouthEast;(19, 8);;(3, 5);1;7932
9;0.375;MoveSouthEast;(20, 9);;(3, 5);1;7933
9;0.375;MoveSouthEast;(20, 9);;(3, 5);1;7934
9;0.375;MoveSouthEast;(20, 9);;(3, 5);1;7935
9;0.375;MoveSouthEast;(20, 9);;(3, 5);1;7936
9;0.375;MoveSouthEast;(20, 9);;(3, 5);1;7937
9;0.375;MoveSouthEast;(20, 9);;(3, 5);1;7938
9;0.375;MoveSouthEast;(20, 9);;(3, 5);1;7939
9;0.375;MoveSouthEast;(20, 9);;(3, 5);1;7940
9;0.375;MoveSouthEast;(20, 9);;(3, 5);1;7941
9;0.375;MoveSouthEast;(21, 10);;(3, 5);1;7942
9;0.375;MoveSouthEast;(21, 10);;(3, 5);1;7943
9;0.375;MoveSouthEast;(21, 10);;(3, 5);1;7944
9;0.375;MoveSouthEast;(21, 10);;(3, 5);1;7945
9;0.375;MoveSouthEast;(21, 10);;(3, 5);1;7946
9;0.375;MoveSouthEast;(21, 10);;(3, 5);1;7947
9;0.375;MoveSouthEast;(21, 10);;(3, 5);1;7948
9;0.375;MoveSouthEast;(21, 10);;(3, 5);1;7949
9;0.375;MoveSouthEast;(21, 10);;(3, 5);1;7950
9;0.375;MoveSouthEast;(22, 11);;(3, 5);1;7951
9;0.375;MoveSouthEast;(22, 11);;(3, 5);1;7952
9;0.375;MoveSouthEast;(22, 11);;(3, 5);1;7953
9;0.375;MoveSouthEast;(22, 11);;(3, 5);1;7954
9;0.375;MoveSouthEast;(22, 11);;(3, 5);1;7955
9;0.375;MoveSouthEast;(22, 11);;(3, 5);1;7956
9;0.375;MoveSouthEast;(22, 11);;(3, 5);1;7957
9;0.375;MoveSouthEast;(22, 11);;(3, 5);1;7958
9;0.375;MoveSouthEast;(22, 11);;(3, 5);1;7959
9;0.375;MoveSouthEast;(23, 12);;(3, 5);1;7960
9;0.375;Drop;(23, 12);;(3, 5);1;7961
9;0.375;Drop;(23, 12);;(3, 5);1;7962
9;0.375;Drop;(23, 12);;(3, 5);1;7963
9;0.375;Drop;(23, 12);;(3, 5);1;7964
9;0.375;Drop;(23, 12);;(3, 5);1;7965
9;0.375;Drop;(23, 12);;(3, 5);1;7966
9;0.375;Drop;(23, 12);;(3, 5);1;7967
9;0.375;Drop;(23, 12);;(3, 5);1;7968
12;0.5;Drop;(23, 12);;(3, 5);1;7969
12;0.5;MoveNorthWest;(23, 12);;(3, 5);1;7970
12;0.5;MoveNorthWest;(23, 12);;(3, 5);1;7971
12;0.5;MoveNorthWest;(23, 12);;(3, 5);1;7972
12;0.5;MoveNorthWest;(23, 12);;(3, 5);1;7973
12;0.5;MoveNorthWest;(23, 12);;(3, 5);1;7974
12;0.5;MoveNorthWest;(23, 12);;(3, 5);1;7975
12;0.5;MoveNorthWest;(23, 12);;(3, 5);1;7976
12;0.5;MoveNorthWest;(23, 12);;(3, 5);1;7977
12;0.5;MoveNorthWest;(22, 11);;(3, 5);1;7978
12;0.5;MoveNorthWest;(22, 11);;(3, 5);1;7979
12;0.5;MoveNorthWest;(22, 11);;(3, 5);1;7980
12;0.5;MoveNorthWest;(22, 11);;(3, 5);1;7981
12;0.5;MoveNorthWest;(22, 11);;(3, 5);1;7982
12;0.5;MoveNorthWest;(22, 11);;(3, 5);1;7983
12;0.5;MoveNorthWest;(22, 11);;(3, 5);1;7984
12;0.5;MoveNorthWest;(22, 11);;(3, 5);1;7985
12;0.5;MoveNorthWest;(22, 11);;(3, 5);1;7986
12;0.5;MoveNorthWest;(21, 10);;(3, 5);1;7987
12;0.5;MoveNorthWest;(21, 10);;(3, 5);1;7988
12;0.5;MoveNorthWest;(21, 10);;(3, 5);1;7989
12;0.5;MoveNorthWest;(21, 10);;(3, 5);1;7990
12;0.5;MoveNorthWest;(21, 10);;(3, 5);1;7991
12;0.5;MoveNorthWest;(21, 10);;(3, 5);1;7992
12;0.5;MoveNorthWest;(21, 10);;(3, 5);1;7993
12;0.5;MoveNorthWest;(21, 10);;(3, 5);1;7994
12;0.5;MoveNorthWest;(21, 10);;(3, 5);1;7995
12;0.5;MoveNorthWest;(20, 9);;(3, 5);1;7996
12;0.5;MoveNorthWest;(20, 9);;(3, 5);1;7997
12;0.5;MoveNorthWest;(20, 9);;(3, 5);1;7998
12;0.5;MoveNorthWest;(20, 9);;(3, 5);1;7999
12;0.5;MoveNorthWest;(20, 9);;(3, 5);1;8000
12;0.5;MoveNorthWest;(20, 9);;(3, 5);1;8001
12;0.5;MoveNorthWest;(20, 9);;(3, 5);1;8002
12;0.5;MoveNorthWest;(20, 9);;(3, 5);1;8003
12;0.5;MoveNorthWest;(20, 9);;(3, 5);1;8004
12;0.5;MoveNorthWest;(19, 8);;(3, 5);1;8005
12;0.5;MoveNorthWest;(19, 8);;(3, 5);1;8006
12;0.5;MoveNorthWest;(19, 8);;(3, 5);1;8007
12;0.5;MoveNorthWest;(19, 8);;(3, 5);1;8008
12;0.5;MoveNorthWest;(19, 8);;(3, 5);1;8009
12;0.5;MoveNorthWest;(19, 8);;(3, 5);1;8010
12;0.5;MoveNorthWest;(19, 8);;(3, 5);1;8011
12;0.5;MoveNorthWest;(19, 8);;(3, 5);1;8012
12;0.5;MoveNorthWest;(19, 8);;(3, 5);1;8013
12;0.5;MoveNorthWest;(19, 8);;(3, 5);1;8014
12;0.5;MoveNorthWest;(19, 8);;(3, 5);1;8015
12;0.5;MoveNorthWest;(19, 8);;(3, 5);1;8016
12;0.5;MoveNorthWest;(19, 8);;(3, 5);1;8017
12;0.5;MoveNorthWest;(19, 8);;(3, 5);1;8018
12;0.5;MoveNorthWest;(18, 7);;(3, 5);1;8019
12;0.5;MoveNorthWest;(18, 7);;(3, 5);1;8020
12;0.5;MoveNorthWest;(18, 7);;(3, 5);1;8021
12;0.5;MoveNorthWest;(18, 7);;(3, 5);1;8022
12;0.5;MoveNorthWest;(18, 7);;(3, 5);1;8023
12;0.5;MoveNorthWest;(18, 7);;(3, 5);1;8024
12;0.5;MoveNorthWest;(18, 7);;(3, 5);1;8025
12;0.5;MoveNorthWest;(18, 7);;(3, 5);1;8026
12;0.5;MoveNorthWest;(18, 7);;(3, 5);1;8027
12;0.5;MoveNorthWest;(17, 6);;(3, 5);1;8028
12;0.5;MoveWest;(17, 6);;(3, 5);1;8029
12;0.5;MoveWest;(17, 6);;(3, 5);1;8030
12;0.5;MoveWest;(17, 6);;(3, 5);1;8031
12;0.5;MoveWest;(17, 6);;(3, 5);1;8032
12;0.5;MoveWest;(17, 6);;(3, 5);1;8033
12;0.5;MoveWest;(17, 6);;(3, 5);1;8034
12;0.5;MoveWest;(17, 6);;(3, 5);1;8035
12;0.5;MoveWest;(17, 6);;(3, 5);1;8036
12;0.5;MoveWest;(16, 6);;(3, 5);1;8037
12;0.5;MoveWest;(16, 6);;(3, 5);1;8038
12;0.5;MoveWest;(16, 6);;(3, 5);1;8039
12;0.5;MoveWest;(16, 6);;(3, 5);1;8040
12;0.5;MoveWest;(16, 6);;(3, 5);1;8041
12;0.5;MoveWest;(16, 6);;(3, 5);1;8042
12;0.5;MoveWest;(16, 6);;(3, 5);1;8043
12;0.5;MoveWest;(16, 6);;(3, 5);1;8044
12;0.5;MoveWest;(16, 6);;(3, 5);1;8045
12;0.5;MoveWest;(15, 6);;(3, 5);1;8046
12;0.5;MoveWest;(15, 6);;(3, 5);1;8047
12;0.5;MoveWest;(15, 6);;(3, 5);1;8048
12;0.5;MoveWest;(15, 6);;(3, 5);1;8049
12;0.5;MoveWest;(15, 6);;(3, 5);1;8050
12;0.5;MoveWest;(15, 6);;(3, 5);1;8051
12;0.5;MoveWest;(15, 6);;(3, 5);1;8052
12;0.5;MoveWest;(15, 6);;(3, 5);1;8053
12;0.5;MoveWest;(15, 6);;(3, 5);1;8054
12;0.5;MoveWest;(14, 6);;(3, 5);1;8055
12;0.5;MoveWest;(14, 6);;(3, 5);1;8056
12;0.5;MoveWest;(14, 6);;(3, 5);1;8057
12;0.5;MoveWest;(14, 6);;(3, 5);1;8058
12;0.5;MoveWest;(14, 6);;(3, 5);1;8059
12;0.5;MoveWest;(14, 6);;(3, 5);1;8060
12;0.5;MoveWest;(14, 6);;(3, 5);1;8061
12;0.5;MoveWest;(14, 6);;(3, 5);1;8062
12;0.5;MoveWest;(14, 6);;(3, 5);1;8063
12;0.5;MoveWest;(13, 6);;(3, 5);1;8064
12;0.5;MoveWest;(13, 6);;(3, 5);1;8065
12;0.5;MoveWest;(13, 6);;(3, 5);1;8066
12;0.5;MoveWest;(13, 6);;(3, 5);1;8067
12;0.5;MoveWest;(13, 6);;(3, 5);1;8068
12;0.5;MoveWest;(13, 6);;(3, 5);1;8069
12;0.5;MoveWest;(13, 6);;(3, 5);1;8070
12;0.5;MoveWest;(13, 6);;(3, 5);1;8071
12;0.5;MoveWest;(13, 6);;(3, 5);1;8072
12;0.5;MoveWest;(12, 6);;(3, 5);1;8073
12;0.5;MoveWest;(12, 6);;(3, 5);1;8074
12;0.5;MoveWest;(12, 6);;(3, 5);1;8075
12;0.5;MoveWest;(12, 6);;(3, 5);1;8076
12;0.5;MoveWest;(12, 6);;(3, 5);1;8077
12;0.5;MoveWest;(12, 6);;(3, 5);1;8078
12;0.5;MoveWest;(12, 6);;(3, 5);1;8079
12;0.5;MoveWest;(12, 6);;(3, 5);1;8080
12;0.5;MoveWest;(12, 6);;(3, 5);1;8081
12;0.5;MoveWest;(12, 6);;(3, 5);1;8082
12;0.5;MoveWest;(12, 6);;(3, 5);1;8083
12;0.5;MoveWest;(12, 6);;(3, 5);1;8084
12;0.5;MoveWest;(12, 6);;(3, 5);1;8085
12;0.5;MoveWest;(12, 6);;(3, 5);1;8086
12;0.5;MoveWest;(11, 6);;(3, 5);1;8087
12;0.5;MoveWest;(11, 6);;(3, 5);1;8088
12;0.5;MoveWest;(11, 6);;(3, 5);1;8089
12;0.5;MoveWest;(11, 6);;(3, 5);1;8090
12;0.5;MoveWest;(11, 6);;(3, 5);1;8091
12;0.5;MoveWest;(11, 6);;(3, 5);1;8092
12;0.5;MoveWest;(11, 6);;(3, 5);1;8093
12;0.5;MoveWest;(11, 6);;(3, 5);1;8094
12;0.5;MoveWest;(11, 6);;(3, 5);1;8095
12;0.5;MoveWest;(11, 6);;(3, 5);1;8096
12;0.5;MoveWest;(11, 6);;(3, 5);1;8097
12;0.5;MoveWest;(11, 6);;(3, 5);1;8098
12;0.5;MoveWest;(11, 6);;(3, 5);1;8099
12;0.5;MoveWest;(11, 6);;(3, 5);1;8100
12;0.5;MoveWest;(10, 6);;(3, 5);1;8101
12;0.5;MoveWest;(10, 6);;(3, 5);1;8102
12;0.5;MoveWest;(10, 6);;(3, 5);1;8103
12;0.5;MoveWest;(10, 6);;(3, 5);1;8104
12;0.5;MoveWest;(10, 6);;(3, 5);1;8105
12;0.5;MoveWest;(10, 6);;(3, 5);1;8106
12;0.5;MoveWest;(10, 6);;(3, 5);1;8107
12;0.5;MoveWest;(10, 6);;(3, 5);1;8108
12;0.5;MoveWest;(10, 6);;(3, 5);1;8109
12;0.5;MoveWest;(10, 6);;(3, 5);1;8110
12;0.5;MoveWest;(10, 6);;(3, 5);1;8111
12;0.5;MoveWest;(10, 6);;(3, 5);1;8112
12;0.5;MoveWest;(10, 6);;(3, 5);1;8113
12;0.5;MoveWest;(10, 6);;(3, 5);1;8114
12;0.5;MoveWest;(9, 6);;(3, 5);1;8115
12;0.5;MoveWest;(9, 6);;(3, 5);1;8116
12;0.5;MoveWest;(9, 6);;(3, 5);1;8117
12;0.5;MoveWest;(9, 6);;(3, 5);1;8118
12;0.5;MoveWest;(9, 6);;(3, 5);1;8119
12;0.5;MoveWest;(9, 6);;(3, 5);1;8120
12;0.5;MoveWest;(9, 6);;(3, 5);1;8121
12;0.5;MoveWest;(9, 6);;(3, 5);1;8122
12;0.5;MoveWest;(9, 6);;(3, 5);1;8123
12;0.5;MoveWest;(8, 6);;(3, 5);1;8124
12;0.5;MoveWest;(8, 6);;(3, 5);1;8125
12;0.5;MoveWest;(8, 6);;(3, 5);1;8126
12;0.5;MoveWest;(8, 6);;(3, 5);1;8127
12;0.5;MoveWest;(8, 6);;(3, 5);1;8128
12;0.5;MoveWest;(8, 6);;(3, 5);1;8129
12;0.5;MoveWest;(8, 6);;(3, 5);1;8130
12;0.5;MoveWest;(8, 6);;(3, 5);1;8131
12;0.5;MoveWest;(8, 6);;(3, 5);1;8132
12;0.5;MoveWest;(7, 6);;(3, 5);1;8133
12;0.5;MoveWest;(7, 6);;(3, 5);1;8134
12;0.5;MoveWest;(7, 6);;(3, 5);1;8135
12;0.5;MoveWest;(7, 6);;(3, 5);1;8136
12;0.5;MoveWest;(7, 6);;(3, 5);1;8137
12;0.5;MoveWest;(7, 6);;(3, 5);1;8138
12;0.5;MoveWest;(7, 6);;(3, 5);1;8139
12;0.5;MoveWest;(7, 6);;(3, 5);1;8140
12;0.5;MoveWest;(7, 6);;(3, 5);1;8141
12;0.5;MoveWest;(6, 6);;(3, 5);1;8142
12;0.5;MoveWest;(6, 6);;(3, 5);1;8143
12;0.5;MoveWest;(6, 6);;(3, 5);1;8144
12;0.5;MoveWest;(6, 6);;(3, 5);1;8145
12;0.5;MoveWest;(6, 6);;(3, 5);1;8146
12;0.5;MoveWest;(6, 6);;(3, 5);1;8147
12;0.5;MoveWest;(6, 6);;(3, 5);1;8148
12;0.5;MoveWest;(6, 6);;(3, 5);1;8149
12;0.5;MoveWest;(6, 6);;(3, 5);1;8150
12;0.5;MoveWest;(5, 6);;(3, 5);1;8151
12;0.5;MoveWest;(5, 6);;(3, 5);1;8152
12;0.5;MoveWest;(5, 6);;(3, 5);1;8153
12;0.5;MoveWest;(5, 6);;(3, 5);1;8154
12;0.5;MoveWest;(5, 6);;(3, 5);1;8155
12;0.5;MoveWest;(5, 6);;(3, 5);1;8156
12;0.5;MoveWest;(5, 6);;(3, 5);1;8157
12;0.5;MoveWest;(5, 6);;(3, 5);1;8158
12;0.5;MoveWest;(5, 6);;(3, 5);1;8159
12;0.5;MoveWest;(4, 6);;(3, 5);1;8160
12;0.5;MoveWest;(4, 6);;(3, 5);1;8161
12;0.5;MoveWest;(4, 6);;(3, 5);1;8162
12;0.5;MoveWest;(4, 6);;(3, 5);1;8163
12;0.5;MoveWest;(4, 6);;(3, 5);1;8164
12;0.5;MoveWest;(4, 6);;(3, 5);1;8165
12;0.5;MoveWest;(4, 6);;(3, 5);1;8166
12;0.5;MoveWest;(4, 6);;(3, 5);1;8167
12;0.5;MoveWest;(4, 6);;(3, 5);1;8168
12;0.5;MoveWest;(3, 6);;(3, 5);1;8169
12;0.5;MoveSouth;(3, 6);;(3, 5);1;8170
12;0.5;MoveSouth;(3, 6);;(3, 5);1;8171
12;0.5;MoveSouth;(3, 6);;(3, 5);1;8172
12;0.5;MoveSouth;(3, 6);;(3, 5);1;8173
12;0.5;MoveSouth;(3, 6);;(3, 5);1;8174
12;0.5;MoveSouth;(3, 6);;(3, 5);1;8175
12;0.5;MoveSouth;(3, 6);;(3, 5);1;8176
12;0.5;MoveSouth;(3, 6);;(3, 5);1;8177
12;0.5;MoveSouth;(3, 7);;(3, 5);1;8178
12;0.5;MoveSouthWest;(3, 7);;(3, 5);1;8179
12;0.5;MoveSouthWest;(3, 7);;(3, 5);1;8180
12;0.5;MoveSouthWest;(3, 7);;(3, 5);1;8181
12;0.5;MoveSouthWest;(3, 7);;(3, 5);1;8182
12;0.5;MoveSouthWest;(3, 7);;(3, 5);1;8183
12;0.5;MoveSouthWest;(3, 7);;(3, 5);1;8184
12;0.5;MoveSouthWest;(3, 7);;(3, 5);1;8185
12;0.5;MoveSouthWest;(3, 7);;(3, 5);1;8186
12;0.5;MoveSouthWest;(2, 8);;(3, 5);1;8187
12;0.5;MoveSouthEast;(2, 8);;(3, 5);1;8188
12;0.5;MoveSouthEast;(2, 8);;(3, 5);1;8189
12;0.5;MoveSouthEast;(2, 8);;(3, 5);1;8190
12;0.5;MoveSouthEast;(2, 8);;(3, 5);1;8191
12;0.5;MoveSouthEast;(2, 8);;(3, 5);1;8192
12;0.5;MoveSouthEast;(2, 8);;(3, 5);1;8193
12;0.5;MoveSouthEast;(2, 8);;(3, 5);1;8194
12;0.5;MoveSouthEast;(2, 8);;(3, 5);1;8195
12;0.5;MoveSouthEast;(3, 9);;(3, 5);1;8196
12;0.5;MoveNorthEast;(3, 9);;(3, 5);1;8197
12;0.5;MoveNorthEast;(3, 9);;(3, 5);1;8198
12;0.5;MoveNorthEast;(3, 9);;(3, 5);1;8199
12;0.5;MoveNorthEast;(3, 9);;(3, 5);1;8200
12;0.5;MoveNorthEast;(3, 9);;(3, 5);1;8201
12;0.5;MoveNorthEast;(3, 9);;(3, 5);1;8202
12;0.5;MoveNorthEast;(3, 9);;(3, 5);1;8203
12;0.5;MoveNorthEast;(3, 9);;(3, 5);1;8204
12;0.5;MoveNorthEast;(4, 8);;(3, 5);1;8205
12;0.5;Idle;(4, 8);;(3, 5);1;8206
12;0.5;Idle;(4, 8);;(3, 5);1;8207
12;0.5;Idle;(4, 8);;(3, 5);1;8208
12;0.5;Idle;(4, 8);;(3, 5);1;8209
12;0.5;Idle;(4, 8);;(3, 5);1;8210
12;0.5;Idle;(4, 8);;(3, 5);1;8211
12;0.5;Idle;(4, 8);;(3, 5);1;8212
12;0.5;Idle;(4, 8);;(3, 5);1;8213
12;0.5;Idle;(4, 8);;(3, 5);1;8214
12;0.5;Idle;(4, 8);;(3, 5);1;8215
12;0.5;Idle;(4, 8);;(3, 5);1;8216
12;0.5;Idle;(4, 8);;(3, 5);1;8217
12;0.5;Idle;(4, 8);;(3, 5);1;8218
12;0.5;Idle;(4, 8);;(3, 5);1;8219
12;0.5;Idle;(4, 8);;(3, 5);1;8220
12;0.5;Idle;(4, 8);;(3, 5);1;8221
12;0.5;Idle;(4, 8);;(3, 5);1;8222
12;0.5;Idle;(4, 8);;(3, 5);1;8223
12;0.5;Idle;(4, 8);;(3, 5);1;8224
12;0.5;Idle;(4, 8);;(3, 5);1;8225
12;0.5;Idle;(4, 8);;(3, 5);1;8226
12;0.5;Idle;(4, 8);;(3, 5);1;8227
12;0.5;Idle;(4, 8);;(3, 5);1;8228
12;0.5;Idle;(4, 8);;(3, 5);1;8229
12;0.5;Idle;(4, 8);;(3, 5);1;8230
12;0.5;Idle;(4, 8);;(3, 5);1;8231
12;0.5;MoveNorthWest;(4, 8);;(3, 5);1;8232
12;0.5;MoveNorthWest;(4, 8);;(3, 5);1;8233
12;0.5;MoveNorthWest;(4, 8);;(3, 5);1;8234
12;0.5;MoveNorthWest;(4, 8);;(3, 5);1;8235
12;0.5;MoveNorthWest;(4, 8);;(3, 5);1;8236
12;0.5;MoveNorthWest;(4, 8);;(3, 5);1;8237
12;0.5;MoveNorthWest;(4, 8);;(3, 5);1;8238
12;0.5;MoveNorthWest;(4, 8);;(3, 5);1;8239
12;0.5;MoveNorthWest;(3, 7);;(3, 5);1;8240
12;0.5;MoveNorth;(3, 7);;(3, 5);1;8241
12;0.5;MoveNorth;(3, 7);;(3, 5);1;8242
12;0.5;MoveNorth;(3, 7);;(3, 5);1;8243
12;0.5;MoveNorth;(3, 7);;(3, 5);1;8244
12;0.5;MoveNorth;(3, 7);;(3, 5);1;8245
12;0.5;MoveNorth;(3, 7);;(3, 5);1;8246
12;0.5;MoveNorth;(3, 7);;(3, 5);1;8247
12;0.5;MoveNorth;(3, 7);;(3, 5);1;8248
12;0.5;MoveNorth;(3, 6);;(3, 5);1;8249
12;0.5;MoveNorth;(3, 6);;(3, 5);1;8250
12;0.5;MoveNorth;(3, 6);;(3, 5);1;8251
12;0.5;MoveNorth;(3, 6);;(3, 5);1;8252
12;0.5;MoveNorth;(3, 6);;(3, 5);1;8253
12;0.5;MoveNorth;(3, 6);;(3, 5);1;8254
12;0.5;MoveNorth;(3, 6);;(3, 5);1;8255
12;0.5;MoveNorth;(3, 6);;(3, 5);1;8256
12;0.5;MoveNorth;(3, 6);;(3, 5);1;8257
12;0.5;MoveNorth;(3, 5);;(3, 5);1;8258
12;0.5;MoveNorth;(3, 5);;(3, 5);1;8259
12;0.5;MoveNorth;(3, 5);;(3, 5);1;8260
12;0.5;MoveNorth;(3, 5);;(3, 5);1;8261
12;0.5;MoveNorth;(3, 5);;(3, 5);1;8262
12;0.5;MoveNorth;(3, 5);;(3, 5);1;8263
12;0.5;MoveNorth;(3, 5);;(3, 5);1;8264
12;0.5;MoveNorth;(3, 5);;(3, 5);1;8265
12;0.5;MoveNorth;(3, 5);;(3, 5);1;8266
12;0.5;MoveNorth;(3, 4);;(3, 5);1;8267
12;0.5;MoveNorthWest;(3, 4);;(3, 5);1;8268
12;0.5;MoveNorthWest;(3, 4);;(3, 5);1;8269
12;0.5;MoveNorthWest;(3, 4);;(3, 5);1;8270
12;0.5;MoveNorthWest;(3, 4);;(3, 5);1;8271
12;0.5;MoveNorthWest;(3, 4);;(3, 5);1;8272
12;0.5;MoveNorthWest;(3, 4);;(3, 5);1;8273
12;0.5;MoveNorthWest;(3, 4);;(3, 5);1;8274
12;0.5;MoveNorthWest;(3, 4);;(3, 5);1;8275
12;0.5;MoveNorthWest;(2, 3);;(3, 5);1;8276
12;0.5;MoveNorth;(2, 3);;(3, 5);1;8277
12;0.5;MoveNorth;(2, 3);;(3, 5);1;8278
12;0.5;MoveNorth;(2, 3);;(3, 5);1;8279
12;0.5;MoveNorth;(2, 3);;(3, 5);1;8280
12;0.5;MoveNorth;(2, 3);;(3, 5);1;8281
12;0.5;MoveNorth;(2, 3);;(3, 5);1;8282
12;0.5;MoveNorth;(2, 3);;(3, 5);1;8283
12;0.5;MoveNorth;(2, 3);;(3, 5);1;8284
12;0.5;MoveNorth;(2, 2);;(3, 5);1;8285
12;0.5;MoveSouthEast;(2, 2);;(3, 5);1;8286
12;0.5;MoveSouthEast;(2, 2);;(3, 5);1;8287
12;0.5;MoveSouthEast;(2, 2);;(3, 5);1;8288
12;0.5;MoveSouthEast;(2, 2);;(3, 5);1;8289
12;0.5;MoveSouthEast;(2, 2);;(3, 5);1;8290
12;0.5;MoveSouthEast;(2, 2);;(3, 5);1;8291
12;0.5;MoveSouthEast;(2, 2);;(3, 5);1;8292
12;0.5;MoveSouthEast;(2, 2);;(3, 5);1;8293
12;0.5;MoveSouthEast;(3, 3);;(3, 5);1;8294
12;0.5;MoveNorthEast;(3, 3);;(3, 5);1;8295
12;0.5;MoveNorthEast;(3, 3);;(3, 5);1;8296
12;0.5;MoveNorthEast;(3, 3);;(3, 5);1;8297
12;0.5;MoveNorthEast;(3, 3);;(3, 5);1;8298
12;0.5;MoveNorthEast;(3, 3);;(3, 5);1;8299
12;0.5;MoveNorthEast;(3, 3);;(3, 5);1;8300
12;0.5;MoveNorthEast;(3, 3);;(3, 5);1;8301
12;0.5;MoveNorthEast;(3, 3);;(3, 5);1;8302
12;0.5;MoveNorthEast;(4, 2);;(3, 5);1;8303
12;0.5;Idle;(4, 2);;(3, 5);1;8304
12;0.5;Idle;(4, 2);;(3, 5);1;8305
12;0.5;Idle;(4, 2);;(3, 5);1;8306
12;0.5;Idle;(4, 2);;(3, 5);1;8307
12;0.5;Idle;(4, 2);;(3, 5);1;8308
12;0.5;Idle;(4, 2);;(3, 5);1;8309
12;0.5;Idle;(4, 2);;(3, 5);1;8310
12;0.5;Idle;(4, 2);;(3, 5);1;8311
12;0.5;Idle;(4, 2);;(3, 5);1;8312
12;0.5;Idle;(4, 2);;(3, 5);1;8313
12;0.5;Idle;(4, 2);;(3, 5);1;8314
12;0.5;Idle;(4, 2);;(3, 5);1;8315
12;0.5;Idle;(4, 2);;(3, 5);1;8316
12;0.5;Idle;(4, 2);;(3, 5);1;8317
12;0.5;Idle;(4, 2);;(3, 5);1;8318
12;0.5;Idle;(4, 2);;(3, 5);1;8319
12;0.5;Idle;(4, 2);;(3, 5);1;8320
12;0.5;Idle;(4, 2);;(3, 5);1;8321
12;0.5;Idle;(4, 2);;(3, 5);1;8322
12;0.5;Idle;(4, 2);;(3, 5);1;8323
12;0.5;Idle;(4, 2);;(3, 5);1;8324
12;0.5;Idle;(4, 2);;(3, 5);1;8325
12;0.5;Idle;(4, 2);;(3, 5);1;8326
12;0.5;Idle;(4, 2);;(3, 5);1;8327
12;0.5;Idle;(4, 2);;(3, 5);1;8328
12;0.5;Idle;(4, 2);;(3, 5);1;8329
12;0.5;MoveSouth;(4, 2);;(3, 5);1;8330
12;0.5;MoveSouth;(4, 2);;(3, 5);1;8331
12;0.5;MoveSouth;(4, 2);;(3, 5);1;8332
12;0.5;MoveSouth;(4, 2);;(3, 5);1;8333
12;0.5;MoveSouth;(4, 2);;(3, 5);1;8334
12;0.5;MoveSouth;(4, 2);;(3, 5);1;8335
12;0.5;MoveSouth;(4, 2);;(3, 5);1;8336
12;0.5;MoveSouth;(4, 2);;(3, 5);1;8337
12;0.5;MoveSouth;(4, 3);;(3, 5);1;8338
12;0.5;MoveSouthWest;(4, 3);;(3, 5);1;8339
12;0.5;MoveSouthWest;(4, 3);;(3, 5);1;8340
12;0.5;MoveSouthWest;(4, 3);;(3, 5);1;8341
12;0.5;MoveSouthWest;(4, 3);;(3, 5);1;8342
12;0.5;MoveSouthWest;(4, 3);;(3, 5);1;8343
12;0.5;MoveSouthWest;(4, 3);;(3, 5);1;8344
12;0.5;MoveSouthWest;(4, 3);;(3, 5);1;8345
12;0.5;MoveSouthWest;(4, 3);;(3, 5);1;8346
12;0.5;MoveSouthWest;(3, 4);;(3, 5);1;8347
12;0.5;MoveSouthEast;(3, 4);;(3, 5);1;8348
12;0.5;MoveSouthEast;(3, 4);;(3, 5);1;8349
12;0.5;MoveSouthEast;(3, 4);;(3, 5);1;8350
12;0.5;MoveSouthEast;(3, 4);;(3, 5);1;8351
12;0.5;MoveSouthEast;(3, 4);;(3, 5);1;8352
12;0.5;MoveSouthEast;(3, 4);;(3, 5);1;8353
12;0.5;MoveSouthEast;(3, 4);;(3, 5);1;8354
12;0.5;MoveSouthEast;(3, 4);;(3, 5);1;8355
12;0.5;MoveSouthEast;(4, 5);;(3, 5);1;8356
12;0.5;MoveSouthEast;(4, 5);;(3, 5);1;8357
12;0.5;MoveSouthEast;(4, 5);;(3, 5);1;8358
12;0.5;MoveSouthEast;(4, 5);;(3, 5);1;8359
12;0.5;MoveSouthEast;(4, 5);;(3, 5);1;8360
12;0.5;MoveSouthEast;(4, 5);;(3, 5);1;8361
12;0.5;MoveSouthEast;(4, 5);;(3, 5);1;8362
12;0.5;MoveSouthEast;(4, 5);;(3, 5);1;8363
12;0.5;MoveSouthEast;(4, 5);;(3, 5);1;8364
12;0.5;MoveSouthEast;(5, 6);;(3, 5);1;8365
12;0.5;MoveSouthEast;(5, 6);;(3, 5);1;8366
12;0.5;MoveSouthEast;(5, 6);;(3, 5);1;8367
12;0.5;MoveSouthEast;(5, 6);;(3, 5);1;8368
12;0.5;MoveSouthEast;(5, 6);;(3, 5);1;8369
12;0.5;MoveSouthEast;(5, 6);;(3, 5);1;8370
12;0.5;MoveSouthEast;(5, 6);;(3, 5);1;8371
12;0.5;MoveSouthEast;(5, 6);;(3, 5);1;8372
12;0.5;MoveSouthEast;(5, 6);;(3, 5);1;8373
12;0.5;MoveSouthEast;(6, 7);;(3, 5);1;8374
12;0.5;MoveSouth;(6, 7);;(3, 5);1;8375
12;0.5;MoveSouth;(6, 7);;(3, 5);1;8376
12;0.5;MoveSouth;(6, 7);;(3, 5);1;8377
12;0.5;MoveSouth;(6, 7);;(3, 5);1;8378
12;0.5;MoveSouth;(6, 7);;(3, 5);1;8379
12;0.5;MoveSouth;(6, 7);;(3, 5);1;8380
12;0.5;MoveSouth;(6, 7);;(3, 5);1;8381
12;0.5;MoveSouth;(6, 7);;(3, 5);1;8382
12;0.5;MoveSouth;(6, 8);;(3, 5);1;8383
12;0.5;MoveSouth;(6, 8);;(3, 5);1;8384
12;0.5;MoveSouth;(6, 8);;(3, 5);1;8385
12;0.5;MoveSouth;(6, 8);;(3, 5);1;8386
12;0.5;MoveSouth;(6, 8);;(3, 5);1;8387
12;0.5;MoveSouth;(6, 8);;(3, 5);1;8388
12;0.5;MoveSouth;(6, 8);;(3, 5);1;8389
12;0.5;MoveSouth;(6, 8);;(3, 5);1;8390
12;0.5;MoveSouth;(6, 8);;(3, 5);1;8391
12;0.5;MoveSouth;(6, 9);;(3, 5);1;8392
12;0.5;MoveSouth;(6, 9);;(3, 5);1;8393
12;0.5;MoveSouth;(6, 9);;(3, 5);1;8394
12;0.5;MoveSouth;(6, 9);;(3, 5);1;8395
12;0.5;MoveSouth;(6, 9);;(3, 5);1;8396
12;0.5;MoveSouth;(6, 9);;(3, 5);1;8397
12;0.5;MoveSouth;(6, 9);;(3, 5);1;8398
12;0.5;MoveSouth;(6, 9);;(3, 5);1;8399
12;0.5;MoveSouth;(6, 9);;(3, 5);1;8400
12;0.5;MoveSouth;(6, 10);;(3, 5);1;8401
12;0.5;MoveSouth;(6, 10);;(3, 5);1;8402
12;0.5;MoveSouth;(6, 10);;(3, 5);1;8403
12;0.5;MoveSouth;(6, 10);;(3, 5);1;8404
12;0.5;MoveSouth;(6, 10);;(3, 5);1;8405
12;0.5;MoveSouth;(6, 10);;(3, 5);1;8406
12;0.5;MoveSouth;(6, 10);;(3, 5);1;8407
12;0.5;MoveSouth;(6, 10);;(3, 5);1;8408
12;0.5;MoveSouth;(6, 10);;(3, 5);1;8409
12;0.5;MoveSouth;(6, 11);;(3, 5);1;8410
12;0.5;MoveSouth;(6, 11);;(3, 5);1;8411
12;0.5;MoveSouth;(6, 11);;(3, 5);1;8412
12;0.5;MoveSouth;(6, 11);;(3, 5);1;8413
12;0.5;MoveSouth;(6, 11);;(3, 5);1;8414
12;0.5;MoveSouth;(6, 11);;(3, 5);1;8415
12;0.5;MoveSouth;(6, 11);;(3, 5);1;8416
12;0.5;MoveSouth;(6, 11);;(3, 5);1;8417
12;0.5;MoveSouth;(6, 11);;(3, 5);1;8418
12;0.5;MoveSouth;(6, 12);;(3, 5);1;8419
12;0.5;MoveSouth;(6, 12);;(3, 5);1;8420
12;0.5;MoveSouth;(6, 12);;(3, 5);1;8421
12;0.5;MoveSouth;(6, 12);;(3, 5);1;8422
12;0.5;MoveSouth;(6, 12);;(3, 5);1;8423
12;0.5;MoveSouth;(6, 12);;(3, 5);1;8424
12;0.5;MoveSouth;(6, 12);;(3, 5);1;8425
12;0.5;MoveSouth;(6, 12);;(3, 5);1;8426
12;0.5;MoveSouth;(6, 12);;(3, 5);1;8427
12;0.5;MoveSouth;(6, 12);;(3, 5);1;8428
12;0.5;MoveSouth;(6, 12);;(3, 5);1;8429
12;0.5;MoveSouth;(6, 12);;(3, 5);1;8430
12;0.5;MoveSouth;(6, 12);;(3, 5);1;8431
12;0.5;MoveSouth;(6, 12);;(3, 5);1;8432
12;0.5;MoveSouth;(6, 13);;(3, 5);1;8433
12;0.5;MoveSouth;(6, 13);;(3, 5);1;8434
12;0.5;MoveSouth;(6, 13);;(3, 5);1;8435
12;0.5;MoveSouth;(6, 13);;(3, 5);1;8436
12;0.5;MoveSouth;(6, 13);;(3, 5);1;8437
12;0.5;MoveSouth;(6, 13);;(3, 5);1;8438
12;0.5;MoveSouth;(6, 13);;(3, 5);1;8439
12;0.5;MoveSouth;(6, 13);;(3, 5);1;8440
12;0.5;MoveSouth;(6, 13);;(3, 5);1;8441
12;0.5;MoveSouth;(6, 13);;(3, 5);1;8442
12;0.5;MoveSouth;(6, 13);;(3, 5);1;8443
12;0.5;MoveSouth;(6, 13);;(3, 5);1;8444
12;0.5;MoveSouth;(6, 13);;(3, 5);1;8445
12;0.5;MoveSouth;(6, 13);;(3, 5);1;8446
12;0.5;MoveSouth;(6, 14);;(3, 5);1;8447
12;0.5;MoveSouth;(6, 14);;(3, 5);1;8448
12;0.5;MoveSouth;(6, 14);;(3, 5);1;8449
12;0.5;MoveSouth;(6, 14);;(3, 5);1;8450
12;0.5;MoveSouth;(6, 14);;(3, 5);1;8451
12;0.5;MoveSouth;(6, 14);;(3, 5);1;8452
12;0.5;MoveSouth;(6, 14);;(3, 5);1;8453
12;0.5;MoveSouth;(6, 14);;(3, 5);1;8454
12;0.5;MoveSouth;(6, 14);;(3, 5);1;8455
12;0.5;MoveSouth;(6, 14);;(3, 5);1;8456
12;0.5;MoveSouth;(6, 14);;(3, 5);1;8457
12;0.5;MoveSouth;(6, 14);;(3, 5);1;8458
12;0.5;MoveSouth;(6, 14);;(3, 5);1;8459
12;0.5;MoveSouth;(6, 14);;(3, 5);1;8460
12;0.5;MoveSouth;(6, 15);;(3, 5);1;8461
12;0.5;MoveSouth;(6, 15);;(3, 5);1;8462
12;0.5;MoveSouth;(6, 15);;(3, 5);1;8463
12;0.5;MoveSouth;(6, 15);;(3, 5);1;8464
12;0.5;MoveSouth;(6, 15);;(3, 5);1;8465
12;0.5;MoveSouth;(6, 15);;(3, 5);1;8466
12;0.5;MoveSouth;(6, 15);;(3, 5);1;8467
12;0.5;MoveSouth;(6, 15);;(3, 5);1;8468
12;0.5;MoveSouth;(6, 15);;(3, 5);1;8469
12;0.5;MoveSouth;(6, 15);;(3, 5);1;8470
12;0.5;MoveSouth;(6, 15);;(3, 5);1;8471
12;0.5;MoveSouth;(6, 15);;(3, 5);1;8472
12;0.5;MoveSouth;(6, 15);;(3, 5);1;8473
12;0.5;MoveSouth;(6, 15);;(3, 5);1;8474
12;0.5;MoveSouth;(6, 16);;(3, 5);1;8475
12;0.5;MoveSouthWest;(6, 16);;(3, 5);1;8476
12;0.5;MoveSouthWest;(6, 16);;(3, 5);1;8477
12;0.5;MoveSouthWest;(6, 16);;(3, 5);1;8478
12;0.5;MoveSouthWest;(6, 16);;(3, 5);1;8479
12;0.5;MoveSouthWest;(6, 16);;(3, 5);1;8480
12;0.5;MoveSouthWest;(6, 16);;(3, 5);1;8481
12;0.5;MoveSouthWest;(6, 16);;(3, 5);1;8482
12;0.5;MoveSouthWest;(6, 16);;(3, 5);1;8483
12;0.5;MoveSouthWest;(6, 16);;(3, 5);1;8484
12;0.5;MoveSouthWest;(6, 16);;(3, 5);1;8485
12;0.5;MoveSouthWest;(6, 16);;(3, 5);1;8486
12;0.5;MoveSouthWest;(6, 16);;(3, 5);1;8487
12;0.5;MoveSouthWest;(6, 16);;(3, 5);1;8488
12;0.5;MoveSouthWest;(5, 17);;(3, 5);1;8489
12;0.5;MoveWest;(5, 17);;(3, 5);1;8490
12;0.5;MoveWest;(5, 17);;(3, 5);1;8491
12;0.5;MoveWest;(5, 17);;(3, 5);1;8492
12;0.5;MoveWest;(5, 17);;(3, 5);1;8493
12;0.5;MoveWest;(5, 17);;(3, 5);1;8494
12;0.5;MoveWest;(5, 17);;(3, 5);1;8495
12;0.5;MoveWest;(5, 17);;(3, 5);1;8496
12;0.5;MoveWest;(5, 17);;(3, 5);1;8497
12;0.5;MoveWest;(5, 17);;(3, 5);1;8498
12;0.5;MoveWest;(5, 17);;(3, 5);1;8499
12;0.5;MoveWest;(5, 17);;(3, 5);1;8500
12;0.5;MoveWest;(5, 17);;(3, 5);1;8501
12;0.5;MoveWest;(5, 17);;(3, 5);1;8502
12;0.5;MoveWest;(4, 17);;(3, 5);1;8503
12;0.5;MoveSouthWest;(4, 17);;(3, 5);1;8504
12;0.5;MoveSouthWest;(4, 17);;(3, 5);1;8505
12;0.5;MoveSouthWest;(4, 17);;(3, 5);1;8506
12;0.5;MoveSouthWest;(4, 17);;(3, 5);1;8507
12;0.5;MoveSouthWest;(4, 17);;(3, 5);1;8508
12;0.5;MoveSouthWest;(4, 17);;(3, 5);1;8509
12;0.5;MoveSouthWest;(4, 17);;(3, 5);1;8510
12;0.5;MoveSouthWest;(4, 17);;(3, 5);1;8511
12;0.5;MoveSouthWest;(4, 17);;(3, 5);1;8512
12;0.5;MoveSouthWest;(4, 17);;(3, 5);1;8513
12;0.5;MoveSouthWest;(4, 17);;(3, 5);1;8514
12;0.5;MoveSouthWest;(4, 17);;(3, 5);1;8515
12;0.5;MoveSouthWest;(4, 17);;(3, 5);1;8516
12;0.5;MoveSouthWest;(3, 18);;(3, 5);1;8517
12;0.5;MoveSouth;(3, 18);;(3, 5);1;8518
12;0.5;MoveSouth;(3, 18);;(3, 5);1;8519
12;0.5;MoveSouth;(3, 18);;(3, 5);1;8520
12;0.5;MoveSouth;(3, 18);;(3, 5);1;8521
12;0.5;MoveSouth;(3, 18);;(3, 5);1;8522
12;0.5;MoveSouth;(3, 18);;(3, 5);1;8523
12;0.5;MoveSouth;(3, 18);;(3, 5);1;8524
12;0.5;MoveSouth;(3, 18);;(3, 5);1;8525
12;0.5;MoveSouth;(3, 19);;(3, 5);1;8526
12;0.5;MoveSouthWest;(3, 19);;(3, 5);1;8527
12;0.5;MoveSouthWest;(3, 19);;(3, 5);1;8528
12;0.5;MoveSouthWest;(3, 19);;(3, 5);1;8529
12;0.5;MoveSouthWest;(3, 19);;(3, 5);1;8530
12;0.5;MoveSouthWest;(3, 19);;(3, 5);1;8531
12;0.5;MoveSouthWest;(3, 19);;(3, 5);1;8532
12;0.5;MoveSouthWest;(3, 19);;(3, 5);1;8533
12;0.5;MoveSouthWest;(3, 19);;(3, 5);1;8534
12;0.5;MoveSouthWest;(2, 20);;(3, 5);1;8535
12;0.5;MoveSouthEast;(2, 20);;(3, 5);1;8536
12;0.5;MoveSouthEast;(2, 20);;(3, 5);1;8537
12;0.5;MoveSouthEast;(2, 20);;(3, 5);1;8538
12;0.5;MoveSouthEast;(2, 20);;(3, 5);1;8539
12;0.5;MoveSouthEast;(2, 20);;(3, 5);1;8540
12;0.5;MoveSouthEast;(2, 20);;(3, 5);1;8541
12;0.5;MoveSouthEast;(2, 20);;(3, 5);1;8542
12;0.5;MoveSouthEast;(2, 20);;(3, 5);1;8543
12;0.5;MoveSouthEast;(3, 21);;(3, 5);1;8544
12;0.5;MoveNorthEast;(3, 21);;(3, 5);1;8545
12;0.5;MoveNorthEast;(3, 21);;(3, 5);1;8546
12;0.5;MoveNorthEast;(3, 21);;(3, 5);1;8547
12;0.5;MoveNorthEast;(3, 21);;(3, 5);1;8548
12;0.5;MoveNorthEast;(3, 21);;(3, 5);1;8549
12;0.5;MoveNorthEast;(3, 21);;(3, 5);1;8550
12;0.5;MoveNorthEast;(3, 21);;(3, 5);1;8551
12;0.5;MoveNorthEast;(3, 21);;(3, 5);1;8552
12;0.5;MoveNorthEast;(4, 20);;(3, 5);1;8553
12;0.5;Idle;(4, 20);;(3, 5);1;8554
12;0.5;Idle;(4, 20);;(3, 5);1;8555
12;0.5;Idle;(4, 20);;(3, 5);1;8556
12;0.5;Idle;(4, 20);;(3, 5);1;8557
12;0.5;Idle;(4, 20);;(3, 5);1;8558
12;0.5;Idle;(4, 20);;(3, 5);1;8559
12;0.5;Idle;(4, 20);;(3, 5);1;8560
12;0.5;Idle;(4, 20);;(3, 5);1;8561
12;0.5;Idle;(4, 20);;(3, 5);1;8562
12;0.5;Idle;(4, 20);;(3, 5);1;8563
12;0.5;Idle;(4, 20);;(3, 5);1;8564
12;0.5;Idle;(4, 20);;(3, 5);1;8565
12;0.5;Idle;(4, 20);;(3, 5);1;8566
12;0.5;Idle;(4, 20);;(3, 5);1;8567
12;0.5;Idle;(4, 20);;(3, 5);1;8568
12;0.5;Idle;(4, 20);;(3, 5);1;8569
12;0.5;Idle;(4, 20);;(3, 5);1;8570
12;0.5;Idle;(4, 20);;(3, 5);1;8571
12;0.5;Idle;(4, 20);;(3, 5);1;8572
12;0.5;Idle;(4, 20);;(3, 5);1;8573
12;0.5;Idle;(4, 20);;(3, 5);1;8574
12;0.5;Idle;(4, 20);;(3, 5);1;8575
12;0.5;Idle;(4, 20);;(3, 5);1;8576
12;0.5;Idle;(4, 20);;(3, 5);1;8577
12;0.5;Idle;(4, 20);;(3, 5);1;8578
12;0.5;Idle;(4, 20);;(3, 5);1;8579
12;0.5;Idle;(4, 20);;(3, 5);1;8580
12;0.5;Idle;(4, 20);;(3, 5);1;8581
12;0.5;Idle;(4, 20);;(3, 5);1;8582
12;0.5;Idle;(4, 20);;(3, 5);1;8583
12;0.5;Idle;(4, 20);;(3, 5);1;8584
12;0.5;Idle;(4, 20);;(3, 5);1;8585
12;0.5;Idle;(4, 20);;(3, 5);1;8586
12;0.5;Idle;(4, 20);;(3, 5);1;8587
12;0.5;Idle;(4, 20);;(3, 5);1;8588
12;0.5;Idle;(4, 20);;(3, 5);1;8589
12;0.5;Idle;(4, 20);;(3, 5);1;8590
12;0.5;Idle;(4, 20);;(3, 5);1;8591
12;0.5;Idle;(4, 20);;(3, 5);1;8592
12;0.5;Idle;(4, 20);;(3, 5);1;8593
12;0.5;Idle;(4, 20);;(3, 5);1;8594
12;0.5;Idle;(4, 20);;(3, 5);1;8595
12;0.5;Idle;(4, 20);;(3, 5);1;8596
12;0.5;Idle;(4, 20);;(3, 5);1;8597
12;0.5;Idle;(4, 20);;(3, 5);1;8598
12;0.5;Idle;(4, 20);;(3, 5);1;8599
12;0.5;Idle;(4, 20);;(3, 5);1;8600
12;0.5;Idle;(4, 20);;(3, 5);1;8601
12;0.5;Idle;(4, 20);;(3, 5);1;8602
12;0.5;Idle;(4, 20);;(3, 5);1;8603
12;0.5;Idle;(4, 20);;(3, 5);1;8604
12;0.5;Idle;(4, 20);;(3, 5);1;8605
12;0.5;MoveNorthWest;(4, 20);;(3, 5);1;8606
12;0.5;MoveNorthWest;(4, 20);;(3, 5);1;8607
12;0.5;MoveNorthWest;(4, 20);;(3, 5);1;8608
12;0.5;MoveNorthWest;(4, 20);;(3, 5);1;8609
12;0.5;MoveNorthWest;(4, 20);;(3, 5);1;8610
12;0.5;MoveNorthWest;(4, 20);;(3, 5);1;8611
12;0.5;MoveNorthWest;(4, 20);;(3, 5);1;8612
12;0.5;MoveNorthWest;(4, 20);;(3, 5);1;8613
12;0.5;MoveNorthWest;(3, 19);;(3, 5);1;8614
12;0.5;MoveNorthEast;(3, 19);;(3, 5);1;8615
12;0.5;MoveNorthEast;(3, 19);;(3, 5);1;8616
12;0.5;MoveNorthEast;(3, 19);;(3, 5);1;8617
12;0.5;MoveNorthEast;(3, 19);;(3, 5);1;8618
12;0.5;MoveNorthEast;(3, 19);;(3, 5);1;8619
12;0.5;MoveNorthEast;(3, 19);;(3, 5);1;8620
12;0.5;MoveNorthEast;(3, 19);;(3, 5);1;8621
12;0.5;MoveNorthEast;(3, 19);;(3, 5);1;8622
12;0.5;MoveNorthEast;(4, 18);;(3, 5);1;8623
12;0.5;MoveNorthEast;(4, 18);;(3, 5);1;8624
12;0.5;MoveNorthEast;(4, 18);;(3, 5);1;8625
12;0.5;MoveNorthEast;(4, 18);;(3, 5);1;8626
12;0.5;MoveNorthEast;(4, 18);;(3, 5);1;8627
12;0.5;MoveNorthEast;(4, 18);;(3, 5);1;8628
12;0.5;MoveNorthEast;(4, 18);;(3, 5);1;8629
12;0.5;MoveNorthEast;(4, 18);;(3, 5);1;8630
12;0.5;MoveNorthEast;(4, 18);;(3, 5);1;8631
12;0.5;MoveNorthEast;(5, 17);;(3, 5);1;8632
12;0.5;MoveNorthEast;(5, 17);;(3, 5);1;8633
12;0.5;MoveNorthEast;(5, 17);;(3, 5);1;8634
12;0.5;MoveNorthEast;(5, 17);;(3, 5);1;8635
12;0.5;MoveNorthEast;(5, 17);;(3, 5);1;8636
12;0.5;MoveNorthEast;(5, 17);;(3, 5);1;8637
12;0.5;MoveNorthEast;(5, 17);;(3, 5);1;8638
12;0.5;MoveNorthEast;(5, 17);;(3, 5);1;8639
12;0.5;MoveNorthEast;(5, 17);;(3, 5);1;8640
12;0.5;MoveNorthEast;(5, 17);;(3, 5);1;8641
12;0.5;MoveNorthEast;(5, 17);;(3, 5);1;8642
12;0.5;MoveNorthEast;(5, 17);;(3, 5);1;8643
12;0.5;MoveNorthEast;(5, 17);;(3, 5);1;8644
12;0.5;MoveNorthEast;(5, 17);;(3, 5);1;8645
12;0.5;MoveNorthEast;(6, 16);;(3, 5);1;8646
12;0.5;MoveNorth;(6, 16);;(3, 5);1;8647
12;0.5;MoveNorth;(6, 16);;(3, 5);1;8648
12;0.5;MoveNorth;(6, 16);;(3, 5);1;8649
12;0.5;MoveNorth;(6, 16);;(3, 5);1;8650
12;0.5;MoveNorth;(6, 16);;(3, 5);1;8651
12;0.5;MoveNorth;(6, 16);;(3, 5);1;8652
12;0.5;MoveNorth;(6, 16);;(3, 5);1;8653
12;0.5;MoveNorth;(6, 16);;(3, 5);1;8654
12;0.5;MoveNorth;(6, 16);;(3, 5);1;8655
12;0.5;MoveNorth;(6, 16);;(3, 5);1;8656
12;0.5;MoveNorth;(6, 16);;(3, 5);1;8657
12;0.5;MoveNorth;(6, 16);;(3, 5);1;8658
12;0.5;MoveNorth;(6, 16);;(3, 5);1;8659
12;0.5;MoveNorth;(6, 15);;(3, 5);1;8660
12;0.5;MoveNorth;(6, 15);;(3, 5);1;8661
12;0.5;MoveNorth;(6, 15);;(3, 5);1;8662
12;0.5;MoveNorth;(6, 15);;(3, 5);1;8663
12;0.5;MoveNorth;(6, 15);;(3, 5);1;8664
12;0.5;MoveNorth;(6, 15);;(3, 5);1;8665
12;0.5;MoveNorth;(6, 15);;(3, 5);1;8666
12;0.5;MoveNorth;(6, 15);;(3, 5);1;8667
12;0.5;MoveNorth;(6, 15);;(3, 5);1;8668
12;0.5;MoveNorth;(6, 15);;(3, 5);1;8669
12;0.5;MoveNorth;(6, 15);;(3, 5);1;8670
12;0.5;MoveNorth;(6, 15);;(3, 5);1;8671
12;0.5;MoveNorth;(6, 15);;(3, 5);1;8672
12;0.5;MoveNorth;(6, 15);;(3, 5);1;8673
12;0.5;MoveNorth;(6, 14);;(3, 5);1;8674
12;0.5;MoveNorth;(6, 14);;(3, 5);1;8675
12;0.5;MoveNorth;(6, 14);;(3, 5);1;8676
12;0.5;MoveNorth;(6, 14);;(3, 5);1;8677
12;0.5;MoveNorth;(6, 14);;(3, 5);1;8678
12;0.5;MoveNorth;(6, 14);;(3, 5);1;8679
12;0.5;MoveNorth;(6, 14);;(3, 5);1;8680
12;0.5;MoveNorth;(6, 14);;(3, 5);1;8681
12;0.5;MoveNorth;(6, 14);;(3, 5);1;8682
12;0.5;MoveNorth;(6, 14);;(3, 5);1;8683
12;0.5;MoveNorth;(6, 14);;(3, 5);1;8684
12;0.5;MoveNorth;(6, 14);;(3, 5);1;8685
12;0.5;MoveNorth;(6, 14);;(3, 5);1;8686
12;0.5;MoveNorth;(6, 14);;(3, 5);1;8687
12;0.5;MoveNorth;(6, 13);;(3, 5);1;8688
12;0.5;MoveNorth;(6, 13);;(3, 5);1;8689
12;0.5;MoveNorth;(6, 13);;(3, 5);1;8690
12;0.5;MoveNorth;(6, 13);;(3, 5);1;8691
12;0.5;MoveNorth;(6, 13);;(3, 5);1;8692
12;0.5;MoveNorth;(6, 13);;(3, 5);1;8693
12;0.5;MoveNorth;(6, 13);;(3, 5);1;8694
12;0.5;MoveNorth;(6, 13);;(3, 5);1;8695
12;0.5;MoveNorth;(6, 13);;(3, 5);1;8696
12;0.5;MoveNorth;(6, 13);;(3, 5);1;8697
12;0.5;MoveNorth;(6, 13);;(3, 5);1;8698
12;0.5;MoveNorth;(6, 13);;(3, 5);1;8699
12;0.5;MoveNorth;(6, 13);;(3, 5);1;8700
12;0.5;MoveNorth;(6, 13);;(3, 5);1;8701
12;0.5;MoveNorth;(6, 12);;(3, 5);1;8702
12;0.5;MoveNorth;(6, 12);;(3, 5);1;8703
12;0.5;MoveNorth;(6, 12);;(3, 5);1;8704
12;0.5;MoveNorth;(6, 12);;(3, 5);1;8705
12;0.5;MoveNorth;(6, 12);;(3, 5);1;8706
12;0.5;MoveNorth;(6, 12);;(3, 5);1;8707
12;0.5;MoveNorth;(6, 12);;(3, 5);1;8708
12;0.5;MoveNorth;(6, 12);;(3, 5);1;8709
12;0.5;MoveNorth;(6, 12);;(3, 5);1;8710
12;0.5;MoveNorth;(6, 12);;(3, 5);1;8711
12;0.5;MoveNorth;(6, 12);;(3, 5);1;8712
12;0.5;MoveNorth;(6, 12);;(3, 5);1;8713
12;0.5;MoveNorth;(6, 12);;(3, 5);1;8714
12;0.5;MoveNorth;(6, 12);;(3, 5);1;8715
12;0.5;MoveNorth;(6, 11);;(3, 5);1;8716
12;0.5;MoveNorth;(6, 11);;(3, 5);1;8717
12;0.5;MoveNorth;(6, 11);;(3, 5);1;8718
12;0.5;MoveNorth;(6, 11);;(3, 5);1;8719
12;0.5;MoveNorth;(6, 11);;(3, 5);1;8720
12;0.5;MoveNorth;(6, 11);;(3, 5);1;8721
12;0.5;MoveNorth;(6, 11);;(3, 5);1;8722
12;0.5;MoveNorth;(6, 11);;(3, 5);1;8723
12;0.5;MoveNorth;(6, 11);;(3, 5);1;8724
12;0.5;MoveNorth;(6, 10);;(3, 5);1;8725
12;0.5;MoveNorth;(6, 10);;(3, 5);1;8726
12;0.5;MoveNorth;(6, 10);;(3, 5);1;8727
12;0.5;MoveNorth;(6, 10);;(3, 5);1;8728
12;0.5;MoveNorth;(6, 10);;(3, 5);1;8729
12;0.5;MoveNorth;(6, 10);;(3, 5);1;8730
12;0.5;MoveNorth;(6, 10);;(3, 5);1;8731
12;0.5;MoveNorth;(6, 10);;(3, 5);1;8732
12;0.5;MoveNorth;(6, 10);;(3, 5);1;8733
12;0.5;MoveNorth;(6, 9);;(3, 5);1;8734
12;0.5;MoveNorth;(6, 9);;(3, 5);1;8735
12;0.5;MoveNorth;(6, 9);;(3, 5);1;8736
12;0.5;MoveNorth;(6, 9);;(3, 5);1;8737
12;0.5;MoveNorth;(6, 9);;(3, 5);1;8738
12;0.5;MoveNorth;(6, 9);;(3, 5);1;8739
12;0.5;MoveNorth;(6, 9);;(3, 5);1;8740
12;0.5;MoveNorth;(6, 9);;(3, 5);1;8741
12;0.5;MoveNorth;(6, 9);;(3, 5);1;8742
12;0.5;MoveNorth;(6, 8);;(3, 5);1;8743
12;0.5;MoveNorth;(6, 8);;(3, 5);1;8744
12;0.5;MoveNorth;(6, 8);;(3, 5);1;8745
12;0.5;MoveNorth;(6, 8);;(3, 5);1;8746
12;0.5;MoveNorth;(6, 8);;(3, 5);1;8747
12;0.5;MoveNorth;(6, 8);;(3, 5);1;8748
12;0.5;MoveNorth;(6, 8);;(3, 5);1;8749
12;0.5;MoveNorth;(6, 8);;(3, 5);1;8750
12;0.5;MoveNorth;(6, 8);;(3, 5);1;8751
12;0.5;MoveNorth;(6, 7);;(3, 5);1;8752
12;0.5;MoveNorthEast;(6, 7);;(3, 5);1;8753
12;0.5;MoveNorthEast;(6, 7);;(3, 5);1;8754
12;0.5;MoveNorthEast;(6, 7);;(3, 5);1;8755
12;0.5;MoveNorthEast;(6, 7);;(3, 5);1;8756
12;0.5;MoveNorthEast;(6, 7);;(3, 5);1;8757
12;0.5;MoveNorthEast;(6, 7);;(3, 5);1;8758
12;0.5;MoveNorthEast;(6, 7);;(3, 5);1;8759
12;0.5;MoveNorthEast;(6, 7);;(3, 5);1;8760
12;0.5;MoveNorthEast;(7, 6);;(3, 5);1;8761
12;0.5;MoveNorthEast;(7, 6);;(3, 5);1;8762
12;0.5;MoveNorthEast;(7, 6);;(3, 5);1;8763
12;0.5;MoveNorthEast;(7, 6);;(3, 5);1;8764
12;0.5;MoveNorthEast;(7, 6);;(3, 5);1;8765
12;0.5;MoveNorthEast;(7, 6);;(3, 5);1;8766
12;0.5;MoveNorthEast;(7, 6);;(3, 5);1;8767
12;0.5;MoveNorthEast;(7, 6);;(3, 5);1;8768
12;0.5;MoveNorthEast;(7, 6);;(3, 5);1;8769
12;0.5;MoveNorthEast;(8, 5);;(3, 5);1;8770
12;0.5;MoveNorthEast;(8, 5);;(3, 5);1;8771
12;0.5;MoveNorthEast;(8, 5);;(3, 5);1;8772
12;0.5;MoveNorthEast;(8, 5);;(3, 5);1;8773
12;0.5;MoveNorthEast;(8, 5);;(3, 5);1;8774
12;0.5;MoveNorthEast;(8, 5);;(3, 5);1;8775
12;0.5;MoveNorthEast;(8, 5);;(3, 5);1;8776
12;0.5;MoveNorthEast;(8, 5);;(3, 5);1;8777
12;0.5;MoveNorthEast;(8, 5);;(3, 5);1;8778
12;0.5;MoveNorthEast;(8, 5);;(3, 5);1;8779
12;0.5;MoveNorthEast;(8, 5);;(3, 5);1;8780
12;0.5;MoveNorthEast;(8, 5);;(3, 5);1;8781
12;0.5;MoveNorthEast;(8, 5);;(3, 5);1;8782
12;0.5;MoveNorthEast;(8, 5);;(3, 5);1;8783
12;0.5;MoveNorthEast;(9, 4);;(3, 5);1;8784
12;0.5;MoveNorthEast;(9, 4);;(3, 5);1;8785
12;0.5;MoveNorthEast;(9, 4);;(3, 5);1;8786
12;0.5;MoveNorthEast;(9, 4);;(3, 5);1;8787
12;0.5;MoveNorthEast;(9, 4);;(3, 5);1;8788
12;0.5;MoveNorthEast;(9, 4);;(3, 5);1;8789
12;0.5;MoveNorthEast;(9, 4);;(3, 5);1;8790
12;0.5;MoveNorthEast;(9, 4);;(3, 5);1;8791
12;0.5;MoveNorthEast;(9, 4);;(3, 5);1;8792
12;0.5;MoveNorthEast;(10, 3);;(3, 5);1;8793
12;0.5;;(10, 3);;(3, 5);1;8794
12;0.5;;(10, 3);;(3, 5);1;8795
12;0.5;;(10, 3);;(3, 5);1;8796
12;0.5;;(10, 3);;(3, 5);1;8797
12;0.5;;(10, 3);;(3, 5);1;8798
12;0.5;;(10, 3);;(3, 5);1;8799
12;0.5;;(10, 3);;(3, 5);1;8800
12;0.5;;(10, 3);;(3, 5);1;8801
12;0.5;;(10, 3);;(3, 5);1;8802
12;0.5;;(10, 3);;(3, 5);1;8803
12;0.5;;(10, 3);;(3, 5);1;8804
12;0.5;;(10, 3);;(3, 5);1;8805
12;0.5;;(10, 3);;(3, 5);1;8806
12;0.5;;(10, 3);;(3, 5);1;8807
12;0.5;;(10, 3);;(3, 5);1;8808
12;0.5;;(10, 3);;(3, 5);1;8809
12;0.5;;(10, 3);;(3, 5);1;8810
12;0.5;;(10, 3);;(3, 5);1;8811
12;0.5;;(10, 3);;(3, 5);1;8812
12;0.5;;(10, 3);;(3, 5);1;8813
12;0.5;;(10, 3);;(3, 5);1;8814
12;0.5;;(10, 3);;(3, 5);1;8815
12;0.5;;(10, 3);;(3, 5);1;8816
12;0.5;;(10, 3);;(3, 5);1;8817
12;0.5;;(10, 3);;(3, 5);1;8818
12;0.5;;(10, 3);;(3, 5);1;8819
12;0.5;;(10, 3);;(3, 5);1;8820
12;0.5;;(10, 3);;(3, 5);1;8821
12;0.5;;(10, 3);;(3, 5);1;8822
12;0.5;;(10, 3);;(3, 5);1;8823
12;0.5;;(10, 3);;(3, 5);1;8824
12;0.5;;(10, 3);;(3, 5);1;8825
12;0.5;;(10, 3);;(3, 5);1;8826
12;0.5;;(10, 3);;(3, 5);1;8827
12;0.5;;(10, 3);;(3, 5);1;8828
12;0.5;;(10, 3);;(3, 5);1;8829
12;0.5;;(10, 3);;(3, 5);1;8830
12;0.5;;(10, 3);;(3, 5);1;8831
12;0.5;;(10, 3);;(3, 5);1;8832
12;0.5;;(10, 3);;(3, 5);1;8833
12;0.5;;(10, 3);;(3, 5);1;8834
12;0.5;;(10, 3);;(3, 5);1;8835
12;0.5;;(10, 3);;(3, 5);1;8836
12;0.5;;(10, 3);;(3, 5);1;8837
12;0.5;;(10, 3);;(3, 5);1;8838
12;0.5;;(10, 3);;(3, 5);1;8839
12;0.5;;(10, 3);;(3, 5);1;8840
12;0.5;;(10, 3);;(3, 5);1;8841
12;0.5;;(10, 3);;(3, 5);1;8842
12;0.5;;(10, 3);;(3, 5);1;8843
12;0.5;;(10, 3);;(3, 5);1;8844
12;0.5;;(10, 3);;(3, 5);1;8845
12;0.5;;(10, 3);;(3, 5);1;8846
12;0.5;;(10, 3);;(3, 5);1;8847
12;0.5;;(10, 3);;(3, 5);1;8848
12;0.5;;(10, 3);;(3, 5);1;8849
12;0.5;;(10, 3);;(3, 5);1;8850
12;0.5;;(10, 3);;(3, 5);1;8851
12;0.5;;(10, 3);;(3, 5);1;8852
12;0.5;;(10, 3);;(3, 5);1;8853
12;0.5;;(10, 3);;(3, 5);1;8854
12;0.5;;(10, 3);;(3, 5);1;8855
12;0.5;;(10, 3);;(3, 5);1;8856
12;0.5;;(10, 3);;(3, 5);1;8857
12;0.5;;(10, 3);;(3, 5);1;8858
12;0.5;;(10, 3);;(3, 5);1;8859
12;0.5;;(10, 3);;(3, 5);1;8860
12;0.5;;(10, 3);;(3, 5);1;8861
12;0.5;;(10, 3);;(3, 5);1;8862
12;0.5;;(10, 3);;(3, 5);1;8863
12;0.5;;(10, 3);;(3, 5);1;8864
12;0.5;;(10, 3);;(3, 5);1;8865
12;0.5;;(10, 3);;(3, 5);1;8866
12;0.5;;(10, 3);;(3, 5);1;8867
12;0.5;;(10, 3);;(3, 5);1;8868
12;0.5;;(10, 3);;(3, 5);1;8869
12;0.5;;(10, 3);;(3, 5);1;8870
12;0.5;;(10, 3);;(3, 5);1;8871
12;0.5;;(10, 3);;(3, 5);1;8872
12;0.5;;(10, 3);;(3, 5);1;8873
12;0.5;;(10, 3);;(3, 5);1;8874
12;0.5;;(10, 3);;(3, 5);1;8875
12;0.5;;(10, 3);;(3, 5);1;8876
12;0.5;;(10, 3);;(3, 5);1;8877
12;0.5;;(10, 3);;(3, 5);1;8878
12;0.5;;(10, 3);;(3, 5);1;8879
12;0.5;;(10, 3);;(3, 5);1;8880
12;0.5;;(10, 3);;(3, 5);1;8881
12;0.5;;(10, 3);;(3, 5);1;8882
12;0.5;;(10, 3);;(3, 5);1;8883
12;0.5;;(10, 3);;(3, 5);1;8884
12;0.5;;(10, 3);;(3, 5);1;8885
12;0.5;;(10, 3);;(3, 5);1;8886
12;0.5;;(10, 3);;(3, 5);1;8887
12;0.5;;(10, 3);;(3, 5);1;8888
12;0.5;;(10, 3);;(3, 5);1;8889
12;0.5;;(10, 3);;(3, 5);1;8890
12;0.5;;(10, 3);;(3, 5);1;8891
12;0.5;;(10, 3);;(3, 5);1;8892
12;0.5;;(10, 3);;(3, 5);1;8893
12;0.5;;(10, 3);;(3, 5);1;8894
12;0.5;;(10, 3);;(3, 5);1;8895
12;0.5;;(10, 3);;(3, 5);1;8896
12;0.5;;(10, 3);;(3, 5);1;8897
12;0.5;;(10, 3);;(3, 5);1;8898
12;0.5;;(10, 3);;(3, 5);1;8899
12;0.5;;(10, 3);;(3, 5);1;8900
12;0.5;;(10, 3);;(3, 5);1;8901
12;0.5;;(10, 3);;(3, 5);1;8902
12;0.5;;(10, 3);;(3, 5);1;8903
12;0.5;;(10, 3);;(3, 5);1;8904
12;0.5;;(10, 3);;(3, 5);1;8905
12;0.5;;(10, 3);;(3, 5);1;8906
12;0.5;;(10, 3);;(3, 5);1;8907
12;0.5;;(10, 3);;(3, 5);1;8908
12;0.5;;(10, 3);;(3, 5);1;8909
12;0.5;;(10, 3);;(3, 5);1;8910
12;0.5;;(10, 3);;(3, 5);1;8911
12;0.5;;(10, 3);;(3, 5);1;8912
12;0.5;;(10, 3);MoveEast;(4, 5);1;8913
12;0.5;;(10, 3);MoveEast;(5, 5);1;8914
12;0.5;;(10, 3);;(5, 5);1;8915
12;0.5;;(10, 3);;(5, 5);1;8916
12;0.5;;(10, 3);;(5, 5);1;8917
12;0.5;;(10, 3);;(5, 5);1;8918
12;0.5;;(10, 3);;(5, 5);1;8919
12;0.5;;(10, 3);;(5, 5);1;8920
12;0.5;;(10, 3);;(5, 5);1;8921
12;0.5;;(10, 3);;(5, 5);1;8922
12;0.5;;(10, 3);MoveEast;(6, 5);1;8923
12;0.5;;(10, 3);;(6, 5);1;8924
12;0.5;;(10, 3);MoveEast;(6, 5);1;8925
12;0.5;;(10, 3);MoveEast;(6, 5);1;8926
12;0.5;;(10, 3);MoveEast;(6, 5);1;8927
12;0.5;;(10, 3);MoveEast;(6, 5);1;8928
12;0.5;;(10, 3);MoveEast;(6, 5);1;8929
12;0.5;;(10, 3);MoveEast;(7, 5);1;8930
12;0.5;;(10, 3);MoveEast;(7, 5);1;8931
12;0.5;;(10, 3);MoveEast;(7, 5);1;8932
12;0.5;;(10, 3);MoveEast;(7, 5);1;8933
12;0.5;;(10, 3);MoveEast;(7, 5);1;8934
12;0.5;;(10, 3);MoveEast;(7, 5);1;8935
12;0.5;;(10, 3);MoveEast;(8, 5);1;8936
12;0.5;;(10, 3);;(8, 5);1;8937
12;0.5;;(10, 3);;(8, 5);1;8938
12;0.5;;(10, 3);;(8, 5);1;8939
12;0.5;;(10, 3);MoveEast;(8, 5);1;8940
12;0.5;;(10, 3);MoveEast;(8, 5);1;8941
12;0.5;;(10, 3);MoveEast;(8, 5);1;8942
12;0.5;;(10, 3);MoveEast;(8, 5);1;8943
12;0.5;;(10, 3);MoveEast;(8, 5);1;8944
12;0.5;;(10, 3);MoveEast;(9, 5);1;8945
12;0.5;;(10, 3);;(9, 5);1;8946
12;0.5;;(10, 3);MoveEast;(10, 5);1;8947
12;0.5;;(10, 3);;(10, 5);1;8948
12;0.5;;(10, 3);;(10, 5);1;8949
12;0.5;;(10, 3);;(10, 5);1;8950
12;0.5;;(10, 3);;(10, 5);1;8951
12;0.5;;(10, 3);;(10, 5);1;8952
12;0.5;;(10, 3);MoveNorth;(10, 5);1;8953
12;0.5;;(10, 3);MoveNorth;(10, 5);1;8954
12;0.5;;(10, 3);MoveNorth;(10, 5);1;8955
12;0.5;;(10, 3);MoveNorth;(10, 5);1;8956
12;0.5;;(10, 3);MoveNorth;(10, 5);1;8957
12;0.5;;(10, 3);MoveNorth;(10, 5);1;8958
12;0.5;;(10, 3);;(10, 5);1;8959
12;0.5;;(10, 3);MoveWest;(10, 5);1;8960
12;0.5;;(10, 3);MoveWest;(10, 5);1;8961
12;0.5;;(10, 3);MoveWest;(10, 5);1;8962
12;0.5;;(10, 3);MoveWest;(10, 5);1;8963
12;0.5;;(10, 3);MoveWest;(10, 5);1;8964
12;0.5;;(10, 3);MoveWest;(9, 5);1;8965
12;0.5;;(10, 3);;(9, 5);1;8966
12;0.5;;(10, 3);;(9, 5);1;8967
12;0.5;;(10, 3);;(9, 5);1;8968
12;0.5;;(10, 3);;(9, 5);1;8969
12;0.5;;(10, 3);;(9, 5);1;8970
12;0.5;;(10, 3);;(9, 5);1;8971
12;0.5;;(10, 3);;(9, 5);1;8972
12;0.5;;(10, 3);MoveNorth;(9, 4);1;8973
12;0.5;;(10, 3);;(9, 4);1;8974
12;0.5;;(10, 3);MoveNorth;(9, 3);1;8975
12;0.5;;(10, 3);;(9, 3);1;8976
12;0.5;;(10, 3);;(9, 3);1;8977
12;0.5;;(10, 3);;(9, 3);1;8978
12;0.5;;(10, 3);;(9, 3);1;8979
12;0.5;;(10, 3);;(9, 3);1;8980
12;0.5;;(10, 3);;(9, 3);1;8981
12;0.5;;(10, 3);;(9, 3);1;8982
12;0.5;;(10, 3);;(9, 3);1;8983
12;0.5;;(10, 3);MoveEast;(10, 3);1;8984
12;0.5;;(10, 3);;(10, 3);1;8985
12;0.5;;(10, 3);;(10, 3);1;8986
12;0.5;;(10, 3);;(10, 3);1;8987
12;0.5;;(10, 3);;(10, 3);1;8988
12;0.5;;(10, 3);;(10, 3);1;8989
12;0.5;;(10, 3);;(10, 3);1;8990
12;0.5;;(10, 3);;(10, 3);1;8991
12;0.5;;(10, 3);;(10, 3);1;8992
12;0.5;;(10, 3);;(10, 3);1;8993
12;0.5;;(10, 3);;(10, 3);1;8994
12;0.5;;(10, 3);;(10, 3);1;8995
12;0.5;;(10, 3);;(10, 3);1;8996
12;0.5;;(10, 3);;(10, 3);1;8997
12;0.5;;(10, 3);;(10, 3);1;8998
12;0.5;;(10, 3);;(10, 3);1;8999
12;0.5;;(10, 3);;(10, 3);1;9000
12;0.5;;(10, 3);;(10, 3);1;9001
12;0.5;;(10, 3);;(10, 3);1;9002
12;0.5;;(10, 3);;(10, 3);1;9003
12;0.5;;(10, 3);;(10, 3);1;9004
12;0.5;;(10, 3);;(10, 3);1;9005
12;0.5;;(10, 3);;(10, 3);1;9006
12;0.5;;(10, 3);;(10, 3);1;9007
12;0.5;;(10, 3);;(10, 3);1;9008
12;0.5;;(10, 3);;(10, 3);1;9009
12;0.5;;(10, 3);;(10, 3);1;9010
12;0.5;;(10, 3);;(10, 3);1;9011
12;0.5;;(10, 3);;(10, 3);1;9012
12;0.5;;(10, 3);;(10, 3);1;9013
12;0.5;;(10, 3);;(10, 3);1;9014
12;0.5;;(10, 3);;(10, 3);1;9015
12;0.5;;(10, 3);;(10, 3);1;9016
12;0.5;;(10, 3);;(10, 3);1;9017
12;0.5;;(10, 3);;(10, 3);1;9018
12;0.5;;(10, 3);;(10, 3);1;9019
12;0.5;;(10, 3);;(10, 3);1;9020
12;0.5;;(10, 3);;(10, 3);1;9021
12;0.5;;(10, 3);;(10, 3);1;9022
12;0.5;;(10, 3);;(10, 3);1;9023
12;0.5;;(10, 3);;(10, 3);1;9024
12;0.5;;(10, 3);;(10, 3);1;9025
12;0.5;;(10, 3);;(10, 3);1;9026
12;0.5;;(10, 3);;(10, 3);1;9027
12;0.5;;(10, 3);;(10, 3);1;9028
12;0.5;;(10, 3);;(10, 3);1;9029
12;0.5;;(10, 3);;(10, 3);1;9030
12;0.5;;(10, 3);;(10, 3);1;9031
12;0.5;;(10, 3);CarryObjectTogether;(10, 3);1;9032
12;0.5;;(10, 3);;(10, 3);1;9033
12;0.5;;(10, 3);;(10, 3);1;9034
12;0.5;;(10, 3);;(10, 3);1;9035
12;0.5;;(10, 3);;(10, 3);1;9036
12;0.5;;(10, 3);;(10, 3);1;9037
12;0.5;;(10, 3);;(10, 3);1;9038
12;0.5;;(10, 3);;(10, 3);1;9039
12;0.5;;(10, 3);MoveWest;(9, 3);1;9040
12;0.5;;(10, 3);;(9, 3);1;9041
12;0.5;;(10, 3);;(9, 3);1;9042
12;0.5;;(10, 3);MoveSouth;(9, 4);1;9043
12;0.5;;(10, 3);MoveSouth;(9, 5);1;9044
12;0.5;;(10, 3);;(9, 5);1;9045
12;0.5;;(10, 3);;(9, 5);1;9046
12;0.5;;(10, 3);;(9, 5);1;9047
12;0.5;;(10, 3);;(9, 5);1;9048
12;0.5;;(10, 3);MoveSouth;(9, 6);1;9049
12;0.5;;(10, 3);;(9, 6);1;9050
12;0.5;;(10, 3);;(9, 6);1;9051
12;0.5;;(10, 3);;(9, 6);1;9052
12;0.5;;(10, 3);;(9, 6);1;9053
12;0.5;;(10, 3);;(9, 6);1;9054
12;0.5;;(10, 3);MoveEast;(10, 6);1;9055
12;0.5;;(10, 3);;(10, 6);1;9056
12;0.5;;(10, 3);MoveEast;(10, 6);1;9057
12;0.5;;(10, 3);MoveEast;(10, 6);1;9058
12;0.5;;(10, 3);MoveEast;(10, 6);1;9059
12;0.5;;(10, 3);MoveEast;(10, 6);1;9060
12;0.5;;(10, 3);MoveEast;(10, 6);1;9061
12;0.5;;(10, 3);MoveEast;(11, 6);1;9062
12;0.5;;(10, 3);MoveEast;(11, 6);1;9063
12;0.5;;(10, 3);MoveEast;(11, 6);1;9064
12;0.5;;(10, 3);MoveEast;(11, 6);1;9065
12;0.5;;(10, 3);MoveEast;(11, 6);1;9066
12;0.5;;(10, 3);MoveEast;(11, 6);1;9067
12;0.5;;(10, 3);MoveEast;(12, 6);1;9068
12;0.5;;(10, 3);MoveEast;(12, 6);1;9069
12;0.5;;(10, 3);MoveEast;(12, 6);1;9070
12;0.5;;(10, 3);MoveEast;(12, 6);1;9071
12;0.5;;(10, 3);MoveEast;(12, 6);1;9072
12;0.5;;(10, 3);MoveEast;(12, 6);1;9073
12;0.5;;(10, 3);MoveEast;(13, 6);1;9074
12;0.5;;(10, 3);MoveEast;(14, 6);1;9075
12;0.5;;(10, 3);MoveEast;(15, 6);1;9076
12;0.5;;(10, 3);;(15, 6);1;9077
12;0.5;;(10, 3);;(15, 6);1;9078
12;0.5;;(10, 3);;(15, 6);1;9079
12;0.5;;(10, 3);;(15, 6);1;9080
12;0.5;;(10, 3);;(15, 6);1;9081
12;0.5;;(10, 3);MoveEast;(16, 6);1;9082
12;0.5;;(10, 3);;(16, 6);1;9083
12;0.5;;(10, 3);MoveEast;(17, 6);1;9084
12;0.5;;(10, 3);;(17, 6);1;9085
12;0.5;;(10, 3);;(17, 6);1;9086
12;0.5;;(10, 3);;(17, 6);1;9087
12;0.5;;(10, 3);;(17, 6);1;9088
12;0.5;;(10, 3);;(17, 6);1;9089
12;0.5;;(10, 3);;(17, 6);1;9090
12;0.5;;(10, 3);;(17, 6);1;9091
12;0.5;;(10, 3);;(17, 6);1;9092
12;0.5;;(10, 3);;(17, 6);1;9093
12;0.5;;(10, 3);;(17, 6);1;9094
12;0.5;;(10, 3);MoveEast;(18, 6);1;9095
12;0.5;;(10, 3);;(18, 6);1;9096
12;0.5;;(10, 3);;(18, 6);1;9097
12;0.5;;(10, 3);;(18, 6);1;9098
12;0.5;;(10, 3);;(18, 6);1;9099
12;0.5;;(10, 3);MoveEast;(19, 6);1;9100
12;0.5;;(10, 3);;(19, 6);1;9101
12;0.5;;(10, 3);;(19, 6);1;9102
12;0.5;;(10, 3);;(19, 6);1;9103
12;0.5;;(10, 3);;(19, 6);1;9104
12;0.5;;(10, 3);;(19, 6);1;9105
12;0.5;;(10, 3);;(19, 6);1;9106
12;0.5;;(10, 3);;(19, 6);1;9107
12;0.5;;(10, 3);;(19, 6);1;9108
12;0.5;;(10, 3);MoveEast;(19, 6);1;9109
12;0.5;;(10, 3);MoveEast;(19, 6);1;9110
12;0.5;;(10, 3);MoveEast;(19, 6);1;9111
12;0.5;;(10, 3);MoveEast;(19, 6);1;9112
12;0.5;;(10, 3);MoveEast;(19, 6);1;9113
12;0.5;;(10, 3);MoveEast;(20, 6);1;9114
12;0.5;;(10, 3);MoveSouth;(20, 7);1;9115
12;0.5;;(10, 3);;(20, 7);1;9116
12;0.5;;(10, 3);;(20, 7);1;9117
12;0.5;;(10, 3);;(20, 7);1;9118
12;0.5;;(10, 3);;(20, 7);1;9119
12;0.5;;(10, 3);;(20, 7);1;9120
12;0.5;;(10, 3);;(20, 7);1;9121
12;0.5;;(10, 3);;(20, 7);1;9122
12;0.5;;(10, 3);;(20, 7);1;9123
12;0.5;;(10, 3);MoveSouth;(20, 8);1;9124
12;0.5;;(10, 3);;(20, 8);1;9125
12;0.5;;(10, 3);;(20, 8);1;9126
12;0.5;;(10, 3);;(20, 8);1;9127
12;0.5;;(10, 3);;(20, 8);1;9128
12;0.5;;(10, 3);;(20, 8);1;9129
12;0.5;;(10, 3);;(20, 8);1;9130
12;0.5;;(10, 3);;(20, 8);1;9131
12;0.5;;(10, 3);;(20, 8);1;9132
12;0.5;;(10, 3);;(20, 8);1;9133
12;0.5;;(10, 3);;(20, 8);1;9134
12;0.5;;(10, 3);;(20, 8);1;9135
12;0.5;;(10, 3);;(20, 8);1;9136
12;0.5;;(10, 3);;(20, 8);1;9137
12;0.5;;(10, 3);;(20, 8);1;9138
12;0.5;;(10, 3);;(20, 8);1;9139
12;0.5;;(10, 3);;(20, 8);1;9140
12;0.5;;(10, 3);;(20, 8);1;9141
12;0.5;;(10, 3);;(20, 8);1;9142
12;0.5;;(10, 3);;(20, 8);1;9143
12;0.5;;(10, 3);;(20, 8);1;9144
12;0.5;;(10, 3);;(20, 8);1;9145
12;0.5;;(10, 3);;(20, 8);1;9146
12;0.5;;(10, 3);MoveEast;(21, 8);1;9147
12;0.5;;(10, 3);;(21, 8);1;9148
12;0.5;;(10, 3);MoveEast;(22, 8);1;9149
12;0.5;;(10, 3);;(22, 8);1;9150
12;0.5;;(10, 3);;(22, 8);1;9151
12;0.5;;(10, 3);;(22, 8);1;9152
12;0.5;;(10, 3);;(22, 8);1;9153
12;0.5;;(10, 3);;(22, 8);1;9154
12;0.5;;(10, 3);;(22, 8);1;9155
12;0.5;;(10, 3);;(22, 8);1;9156
12;0.5;;(10, 3);;(22, 8);1;9157
12;0.5;;(10, 3);;(22, 8);1;9158
12;0.5;;(10, 3);MoveEast;(23, 8);1;9159
12;0.5;;(10, 3);;(23, 8);1;9160
12;0.5;;(10, 3);;(23, 8);1;9161
12;0.5;;(10, 3);;(23, 8);1;9162
12;0.5;;(10, 3);;(23, 8);1;9163
12;0.5;;(10, 3);;(23, 8);1;9164
12;0.5;;(10, 3);;(23, 8);1;9165
12;0.5;;(10, 3);;(23, 8);1;9166
12;0.5;;(10, 3);;(23, 8);1;9167
12;0.5;;(10, 3);;(23, 8);1;9168
12;0.5;;(10, 3);;(23, 8);1;9169
12;0.5;;(10, 3);;(23, 8);1;9170
12;0.5;;(10, 3);;(23, 8);1;9171
18;0.625;;(23, 8);DropObjectTogether;(23, 8);1;9172
18;0.625;Idle;(23, 8);;(23, 8);1;9173
18;0.625;Idle;(23, 8);;(23, 8);1;9174
18;0.625;Idle;(23, 8);;(23, 8);1;9175
18;0.625;Idle;(23, 8);;(23, 8);1;9176
18;0.625;Idle;(23, 8);;(23, 8);1;9177
18;0.625;Idle;(23, 8);;(23, 8);1;9178
18;0.625;Idle;(23, 8);;(23, 8);1;9179
18;0.625;Idle;(23, 8);;(23, 8);1;9180
18;0.625;Idle;(23, 8);;(23, 8);1;9181
18;0.625;Idle;(23, 8);;(23, 8);1;9182
18;0.625;Idle;(23, 8);;(23, 8);1;9183
18;0.625;Idle;(23, 8);;(23, 8);1;9184
18;0.625;Idle;(23, 8);;(23, 8);1;9185
18;0.625;Idle;(23, 8);;(23, 8);1;9186
18;0.625;Idle;(23, 8);;(23, 8);1;9187
18;0.625;Idle;(23, 8);;(23, 8);1;9188
18;0.625;Idle;(23, 8);;(23, 8);1;9189
18;0.625;Idle;(23, 8);;(23, 8);1;9190
18;0.625;Idle;(23, 8);;(23, 8);1;9191
18;0.625;Idle;(23, 8);;(23, 8);1;9192
18;0.625;Idle;(23, 8);;(23, 8);1;9193
18;0.625;Idle;(23, 8);;(23, 8);1;9194
18;0.625;Idle;(23, 8);;(23, 8);1;9195
18;0.625;Idle;(23, 8);;(23, 8);1;9196
18;0.625;Idle;(23, 8);MoveWest;(22, 8);1;9197
18;0.625;Idle;(23, 8);;(22, 8);1;9198
18;0.625;MoveSouthWest;(23, 8);;(22, 8);1;9199
18;0.625;MoveSouthWest;(23, 8);;(22, 8);1;9200
18;0.625;MoveSouthWest;(23, 8);;(22, 8);1;9201
18;0.625;MoveSouthWest;(23, 8);;(22, 8);1;9202
18;0.625;MoveSouthWest;(23, 8);;(22, 8);1;9203
18;0.625;MoveSouthWest;(23, 8);;(22, 8);1;9204
18;0.625;MoveSouthWest;(23, 8);;(22, 8);1;9205
18;0.625;MoveSouthWest;(23, 8);;(22, 8);1;9206
18;0.625;MoveSouthWest;(22, 9);;(22, 8);1;9207
18;0.625;MoveSouthWest;(22, 9);;(22, 8);1;9208
18;0.625;MoveSouthWest;(22, 9);;(22, 8);1;9209
18;0.625;MoveSouthWest;(22, 9);;(22, 8);1;9210
18;0.625;MoveSouthWest;(22, 9);;(22, 8);1;9211
18;0.625;MoveSouthWest;(22, 9);;(22, 8);1;9212
18;0.625;MoveSouthWest;(22, 9);;(22, 8);1;9213
18;0.625;MoveSouthWest;(22, 9);;(22, 8);1;9214
18;0.625;MoveSouthWest;(22, 9);;(22, 8);1;9215
18;0.625;MoveSouthWest;(21, 10);;(22, 8);1;9216
18;0.625;MoveSouthWest;(21, 10);;(22, 8);1;9217
18;0.625;MoveSouthWest;(21, 10);;(22, 8);1;9218
18;0.625;MoveSouthWest;(21, 10);;(22, 8);1;9219
18;0.625;MoveSouthWest;(21, 10);;(22, 8);1;9220
18;0.625;MoveSouthWest;(21, 10);;(22, 8);1;9221
18;0.625;MoveSouthWest;(21, 10);;(22, 8);1;9222
18;0.625;MoveSouthWest;(21, 10);;(22, 8);1;9223
18;0.625;MoveSouthWest;(21, 10);;(22, 8);1;9224
18;0.625;MoveSouthWest;(20, 11);;(22, 8);1;9225
18;0.625;MoveSouthWest;(20, 11);;(22, 8);1;9226
18;0.625;MoveSouthWest;(20, 11);;(22, 8);1;9227
18;0.625;MoveSouthWest;(20, 11);;(22, 8);1;9228
18;0.625;MoveSouthWest;(20, 11);;(22, 8);1;9229
18;0.625;MoveSouthWest;(20, 11);;(22, 8);1;9230
18;0.625;MoveSouthWest;(20, 11);;(22, 8);1;9231
18;0.625;MoveSouthWest;(20, 11);;(22, 8);1;9232
18;0.625;MoveSouthWest;(20, 11);;(22, 8);1;9233
18;0.625;MoveSouthWest;(19, 12);;(22, 8);1;9234
18;0.625;MoveSouthWest;(19, 12);;(22, 8);1;9235
18;0.625;MoveSouthWest;(19, 12);;(22, 8);1;9236
18;0.625;MoveSouthWest;(19, 12);;(22, 8);1;9237
18;0.625;MoveSouthWest;(19, 12);;(22, 8);1;9238
18;0.625;MoveSouthWest;(19, 12);;(22, 8);1;9239
18;0.625;MoveSouthWest;(19, 12);;(22, 8);1;9240
18;0.625;MoveSouthWest;(19, 12);;(22, 8);1;9241
18;0.625;MoveSouthWest;(19, 12);;(22, 8);1;9242
18;0.625;MoveSouthWest;(18, 13);;(22, 8);1;9243
18;0.625;MoveSouth;(18, 13);;(22, 8);1;9244
18;0.625;MoveSouth;(18, 13);;(22, 8);1;9245
18;0.625;MoveSouth;(18, 13);;(22, 8);1;9246
18;0.625;MoveSouth;(18, 13);;(22, 8);1;9247
18;0.625;MoveSouth;(18, 13);;(22, 8);1;9248
18;0.625;MoveSouth;(18, 13);;(22, 8);1;9249
18;0.625;MoveSouth;(18, 13);;(22, 8);1;9250
18;0.625;MoveSouth;(18, 13);;(22, 8);1;9251
18;0.625;MoveSouth;(18, 13);;(22, 8);1;9252
18;0.625;MoveSouth;(18, 13);;(22, 8);1;9253
18;0.625;MoveSouth;(18, 13);;(22, 8);1;9254
18;0.625;MoveSouth;(18, 13);;(22, 8);1;9255
18;0.625;MoveSouth;(18, 13);;(22, 8);1;9256
18;0.625;MoveSouth;(18, 14);;(22, 8);1;9257
18;0.625;MoveSouth;(18, 14);;(22, 8);1;9258
18;0.625;MoveSouth;(18, 14);;(22, 8);1;9259
18;0.625;MoveSouth;(18, 14);;(22, 8);1;9260
18;0.625;MoveSouth;(18, 14);;(22, 8);1;9261
18;0.625;MoveSouth;(18, 14);;(22, 8);1;9262
18;0.625;MoveSouth;(18, 14);;(22, 8);1;9263
18;0.625;MoveSouth;(18, 14);;(22, 8);1;9264
18;0.625;MoveSouth;(18, 14);;(22, 8);1;9265
18;0.625;MoveSouth;(18, 14);;(22, 8);1;9266
18;0.625;MoveSouth;(18, 14);;(22, 8);1;9267
18;0.625;MoveSouth;(18, 14);;(22, 8);1;9268
18;0.625;MoveSouth;(18, 14);;(22, 8);1;9269
18;0.625;MoveSouth;(18, 14);;(22, 8);1;9270
18;0.625;MoveSouth;(18, 15);;(22, 8);1;9271
18;0.625;MoveSouth;(18, 15);;(22, 8);1;9272
18;0.625;MoveSouth;(18, 15);;(22, 8);1;9273
18;0.625;MoveSouth;(18, 15);;(22, 8);1;9274
18;0.625;MoveSouth;(18, 15);;(22, 8);1;9275
18;0.625;MoveSouth;(18, 15);;(22, 8);1;9276
18;0.625;MoveSouth;(18, 15);;(22, 8);1;9277
18;0.625;MoveSouth;(18, 15);;(22, 8);1;9278
18;0.625;MoveSouth;(18, 15);;(22, 8);1;9279
18;0.625;MoveSouth;(18, 15);;(22, 8);1;9280
18;0.625;MoveSouth;(18, 15);;(22, 8);1;9281
18;0.625;MoveSouth;(18, 15);;(22, 8);1;9282
18;0.625;MoveSouth;(18, 15);;(22, 8);1;9283
18;0.625;MoveSouth;(18, 15);;(22, 8);1;9284
18;0.625;MoveSouth;(18, 16);;(22, 8);1;9285
18;0.625;MoveSouthWest;(18, 16);;(22, 8);1;9286
18;0.625;MoveSouthWest;(18, 16);;(22, 8);1;9287
18;0.625;MoveSouthWest;(18, 16);;(22, 8);1;9288
18;0.625;MoveSouthWest;(18, 16);;(22, 8);1;9289
18;0.625;MoveSouthWest;(18, 16);;(22, 8);1;9290
18;0.625;MoveSouthWest;(18, 16);;(22, 8);1;9291
18;0.625;MoveSouthWest;(18, 16);;(22, 8);1;9292
18;0.625;MoveSouthWest;(18, 16);;(22, 8);1;9293
18;0.625;MoveSouthWest;(18, 16);;(22, 8);1;9294
18;0.625;MoveSouthWest;(18, 16);;(22, 8);1;9295
18;0.625;MoveSouthWest;(18, 16);;(22, 8);1;9296
18;0.625;MoveSouthWest;(18, 16);;(22, 8);1;9297
18;0.625;MoveSouthWest;(18, 16);;(22, 8);1;9298
18;0.625;MoveSouthWest;(17, 17);;(22, 8);1;9299
18;0.625;MoveWest;(17, 17);;(22, 8);1;9300
18;0.625;MoveWest;(17, 17);;(22, 8);1;9301
18;0.625;MoveWest;(17, 17);;(22, 8);1;9302
18;0.625;MoveWest;(17, 17);;(22, 8);1;9303
18;0.625;MoveWest;(17, 17);;(22, 8);1;9304
18;0.625;MoveWest;(17, 17);;(22, 8);1;9305
18;0.625;MoveWest;(17, 17);;(22, 8);1;9306
18;0.625;MoveWest;(17, 17);;(22, 8);1;9307
18;0.625;MoveWest;(17, 17);;(22, 8);1;9308
18;0.625;MoveWest;(17, 17);;(22, 8);1;9309
18;0.625;MoveWest;(17, 17);;(22, 8);1;9310
18;0.625;MoveWest;(17, 17);;(22, 8);1;9311
18;0.625;MoveWest;(17, 17);;(22, 8);1;9312
18;0.625;MoveWest;(16, 17);;(22, 8);1;9313
18;0.625;MoveWest;(16, 17);;(22, 8);1;9314
18;0.625;MoveWest;(16, 17);;(22, 8);1;9315
18;0.625;MoveWest;(16, 17);;(22, 8);1;9316
18;0.625;MoveWest;(16, 17);MoveSouth;(22, 9);1;9317
18;0.625;MoveWest;(16, 17);MoveSouth;(22, 10);1;9318
18;0.625;MoveWest;(16, 17);;(22, 10);1;9319
18;0.625;MoveWest;(16, 17);;(22, 10);1;9320
18;0.625;MoveWest;(16, 17);;(22, 10);1;9321
18;0.625;MoveWest;(16, 17);;(22, 10);1;9322
18;0.625;MoveWest;(16, 17);;(22, 10);1;9323
18;0.625;MoveWest;(16, 17);;(22, 10);1;9324
18;0.625;MoveWest;(16, 17);;(22, 10);1;9325
18;0.625;MoveWest;(16, 17);MoveWest;(21, 10);1;9326
18;0.625;MoveWest;(15, 17);;(21, 10);1;9327
18;0.625;MoveWest;(15, 17);MoveSouth;(21, 11);1;9328
18;0.625;MoveWest;(15, 17);;(21, 11);1;9329
18;0.625;MoveWest;(15, 17);MoveWest;(20, 11);1;9330
18;0.625;MoveWest;(15, 17);;(20, 11);1;9331
18;0.625;MoveWest;(15, 17);MoveSouth;(20, 12);1;9332
18;0.625;MoveWest;(15, 17);;(20, 12);1;9333
18;0.625;MoveWest;(15, 17);MoveSouth;(20, 13);1;9334
18;0.625;MoveWest;(15, 17);;(20, 13);1;9335
18;0.625;MoveWest;(14, 17);MoveWest;(19, 13);1;9336
18;0.625;MoveWest;(14, 17);MoveSouth;(19, 14);1;9337
18;0.625;MoveWest;(14, 17);MoveWest;(18, 14);1;9338
18;0.625;MoveWest;(14, 17);MoveWest;(18, 14);1;9339
18;0.625;MoveWest;(14, 17);MoveWest;(18, 14);1;9340
18;0.625;MoveWest;(14, 17);MoveWest;(18, 14);1;9341
18;0.625;MoveWest;(14, 17);MoveWest;(18, 14);1;9342
18;0.625;MoveWest;(14, 17);MoveWest;(18, 14);1;9343
18;0.625;MoveWest;(14, 17);MoveWest;(18, 14);1;9344
18;0.625;MoveWest;(14, 17);MoveSouth;(18, 14);1;9345
18;0.625;MoveWest;(14, 17);MoveSouth;(18, 14);1;9346
18;0.625;MoveWest;(14, 17);MoveSouth;(18, 14);1;9347
18;0.625;MoveWest;(14, 17);MoveSouth;(18, 14);1;9348
18;0.625;MoveWest;(14, 17);MoveSouth;(18, 14);1;9349
18;0.625;MoveWest;(13, 17);MoveSouth;(18, 15);1;9350
18;0.625;MoveWest;(13, 17);MoveSouth;(18, 15);1;9351
18;0.625;MoveWest;(13, 17);MoveSouth;(18, 15);1;9352
18;0.625;MoveWest;(13, 17);MoveSouth;(18, 15);1;9353
18;0.625;MoveWest;(13, 17);MoveSouth;(18, 15);1;9354
18;0.625;MoveWest;(13, 17);MoveSouth;(18, 15);1;9355
18;0.625;MoveWest;(13, 17);MoveSouth;(18, 16);1;9356
18;0.625;MoveWest;(13, 17);MoveSouth;(18, 16);1;9357
18;0.625;MoveWest;(13, 17);MoveSouth;(18, 16);1;9358
18;0.625;MoveWest;(12, 17);MoveSouth;(18, 16);1;9359
18;0.625;MoveWest;(12, 17);MoveSouth;(18, 16);1;9360
18;0.625;MoveWest;(12, 17);MoveSouth;(18, 16);1;9361
18;0.625;MoveWest;(12, 17);MoveSouth;(18, 17);1;9362
18;0.625;MoveWest;(12, 17);;(18, 17);1;9363
18;0.625;MoveWest;(12, 17);MoveWest;(18, 17);1;9364
18;0.625;MoveWest;(12, 17);MoveWest;(18, 17);1;9365
18;0.625;MoveWest;(12, 17);MoveWest;(18, 17);1;9366
18;0.625;MoveWest;(12, 17);MoveWest;(18, 17);1;9367
18;0.625;MoveWest;(11, 17);MoveWest;(18, 17);1;9368
18;0.625;MoveWest;(11, 17);MoveWest;(17, 17);1;9369
18;0.625;MoveWest;(11, 17);MoveWest;(17, 17);1;9370
18;0.625;MoveWest;(11, 17);MoveWest;(17, 17);1;9371
18;0.625;MoveWest;(11, 17);MoveWest;(17, 17);1;9372
18;0.625;MoveWest;(11, 17);MoveWest;(17, 17);1;9373
18;0.625;MoveWest;(11, 17);MoveWest;(17, 17);1;9374
18;0.625;MoveWest;(11, 17);MoveWest;(16, 17);1;9375
18;0.625;MoveWest;(11, 17);MoveWest;(16, 17);1;9376
18;0.625;MoveWest;(10, 17);MoveWest;(16, 17);1;9377
18;0.625;MoveNorthWest;(10, 17);MoveWest;(16, 17);1;9378
18;0.625;MoveNorthWest;(10, 17);MoveWest;(16, 17);1;9379
18;0.625;MoveNorthWest;(10, 17);MoveWest;(16, 17);1;9380
18;0.625;MoveNorthWest;(10, 17);MoveWest;(15, 17);1;9381
18;0.625;MoveNorthWest;(10, 17);MoveWest;(14, 17);1;9382
18;0.625;MoveNorthWest;(10, 17);;(14, 17);1;9383
18;0.625;MoveNorthWest;(10, 17);MoveWest;(14, 17);1;9384
18;0.625;MoveNorthWest;(10, 17);MoveWest;(14, 17);1;9385
18;0.625;MoveNorthWest;(9, 16);MoveWest;(14, 17);1;9386
18;0.625;MoveNorthEast;(9, 16);MoveWest;(14, 17);1;9387
18;0.625;MoveNorthEast;(9, 16);MoveWest;(14, 17);1;9388
18;0.625;MoveNorthEast;(9, 16);MoveWest;(13, 17);1;9389
18;0.625;MoveNorthEast;(9, 16);MoveWest;(12, 17);1;9390
18;0.625;MoveNorthEast;(9, 16);;(12, 17);1;9391
18;0.625;MoveNorthEast;(9, 16);;(12, 17);1;9392
18;0.625;MoveNorthEast;(9, 16);;(12, 17);1;9393
18;0.625;MoveNorthEast;(9, 16);;(12, 17);1;9394
18;0.625;MoveNorthEast;(10, 15);;(12, 17);1;9395
18;0.625;;(10, 15);;(12, 17);1;9396
18;0.625;;(10, 15);;(12, 17);1;9397
18;0.625;;(10, 15);MoveWest;(11, 17);1;9398
18;0.625;;(10, 15);;(11, 17);1;9399
18;0.625;;(10, 15);;(11, 17);1;9400
18;0.625;;(10, 15);;(11, 17);1;9401
18;0.625;;(10, 15);;(11, 17);1;9402
18;0.625;;(10, 15);;(11, 17);1;9403
18;0.625;;(10, 15);MoveWest;(10, 17);1;9404
18;0.625;;(10, 15);;(10, 17);1;9405
18;0.625;;(10, 15);;(10, 17);1;9406
18;0.625;;(10, 15);;(10, 17);1;9407
18;0.625;;(10, 15);;(10, 17);1;9408
18;0.625;;(10, 15);;(10, 17);1;9409
18;0.625;;(10, 15);;(10, 17);1;9410
18;0.625;;(10, 15);;(10, 17);1;9411
18;0.625;;(10, 15);MoveWest;(9, 17);1;9412
18;0.625;;(10, 15);;(9, 17);1;9413
18;0.625;;(10, 15);;(9, 17);1;9414
18;0.625;;(10, 15);;(9, 17);1;9415
18;0.625;;(10, 15);;(9, 17);1;9416
18;0.625;;(10, 15);;(9, 17);1;9417
18;0.625;;(10, 15);MoveNorth;(9, 16);1;9418
18;0.625;;(10, 15);;(9, 16);1;9419
18;0.625;;(10, 15);;(9, 16);1;9420
18;0.625;;(10, 15);;(9, 16);1;9421
18;0.625;;(10, 15);;(9, 16);1;9422
18;0.625;;(10, 15);;(9, 16);1;9423
18;0.625;;(10, 15);;(9, 16);1;9424
18;0.625;;(10, 15);;(9, 16);1;9425
18;0.625;;(10, 15);MoveNorth;(9, 15);1;9426
18;0.625;;(10, 15);;(9, 15);1;9427
18;0.625;;(10, 15);;(9, 15);1;9428
18;0.625;;(10, 15);;(9, 15);1;9429
18;0.625;;(10, 15);MoveEast;(10, 15);1;9430
18;0.625;;(10, 15);;(10, 15);1;9431
18;0.625;;(10, 15);;(10, 15);1;9432
18;0.625;;(10, 15);;(10, 15);1;9433
18;0.625;;(10, 15);;(10, 15);1;9434
18;0.625;;(10, 15);;(10, 15);1;9435
18;0.625;;(10, 15);;(10, 15);1;9436
18;0.625;;(10, 15);;(10, 15);1;9437
18;0.625;;(10, 15);;(10, 15);1;9438
18;0.625;;(10, 15);;(10, 15);1;9439
18;0.625;;(10, 15);;(10, 15);1;9440
18;0.625;;(10, 15);;(10, 15);1;9441
18;0.625;;(10, 15);;(10, 15);1;9442
18;0.625;;(10, 15);;(10, 15);1;9443
18;0.625;;(10, 15);;(10, 15);1;9444
18;0.625;;(10, 15);;(10, 15);1;9445
18;0.625;;(10, 15);;(10, 15);1;9446
18;0.625;;(10, 15);CarryObjectTogether;(10, 15);1;9447
18;0.625;;(10, 15);;(10, 15);1;9448
18;0.625;;(10, 15);;(10, 15);1;9449
18;0.625;;(10, 15);;(10, 15);1;9450
18;0.625;;(10, 15);;(10, 15);1;9451
18;0.625;;(10, 15);;(10, 15);1;9452
18;0.625;;(10, 15);;(10, 15);1;9453
18;0.625;;(10, 15);;(10, 15);1;9454
18;0.625;;(10, 15);;(10, 15);1;9455
18;0.625;;(10, 15);;(10, 15);1;9456
18;0.625;;(10, 15);MoveSouth;(10, 15);1;9457
18;0.625;;(10, 15);;(10, 15);1;9458
18;0.625;;(10, 15);;(10, 15);1;9459
18;0.625;;(10, 15);;(10, 15);1;9460
18;0.625;;(10, 15);;(10, 15);1;9461
18;0.625;;(10, 15);MoveWest;(9, 15);1;9462
18;0.625;;(10, 15);;(9, 15);1;9463
18;0.625;;(10, 15);;(9, 15);1;9464
18;0.625;;(10, 15);;(9, 15);1;9465
18;0.625;;(10, 15);MoveSouth;(9, 16);1;9466
18;0.625;;(10, 15);MoveSouth;(9, 17);1;9467
18;0.625;;(10, 15);;(9, 17);1;9468
18;0.625;;(10, 15);;(9, 17);1;9469
18;0.625;;(10, 15);;(9, 17);1;9470
18;0.625;;(10, 15);;(9, 17);1;9471
18;0.625;;(10, 15);;(9, 17);1;9472
18;0.625;;(10, 15);;(9, 17);1;9473
18;0.625;;(10, 15);MoveSouth;(9, 18);1;9474
18;0.625;;(10, 15);;(9, 18);1;9475
18;0.625;;(10, 15);;(9, 18);1;9476
18;0.625;;(10, 15);MoveEast;(10, 18);1;9477
18;0.625;;(10, 15);MoveEast;(10, 18);1;9478
18;0.625;;(10, 15);MoveEast;(10, 18);1;9479
18;0.625;;(10, 15);MoveEast;(10, 18);1;9480
18;0.625;;(10, 15);MoveEast;(10, 18);1;9481
18;0.625;;(10, 15);MoveEast;(10, 18);1;9482
18;0.625;;(10, 15);MoveEast;(11, 18);1;9483
18;0.625;;(10, 15);MoveEast;(11, 18);1;9484
18;0.625;;(10, 15);MoveEast;(11, 18);1;9485
18;0.625;;(10, 15);MoveEast;(11, 18);1;9486
18;0.625;;(10, 15);MoveEast;(11, 18);1;9487
18;0.625;;(10, 15);MoveEast;(11, 18);1;9488
18;0.625;;(10, 15);MoveEast;(12, 18);1;9489
18;0.625;;(10, 15);MoveEast;(12, 18);1;9490
18;0.625;;(10, 15);MoveEast;(12, 18);1;9491
18;0.625;;(10, 15);MoveEast;(12, 18);1;9492
18;0.625;;(10, 15);MoveEast;(12, 18);1;9493
18;0.625;;(10, 15);MoveEast;(12, 18);1;9494
18;0.625;;(10, 15);MoveEast;(13, 18);1;9495
18;0.625;;(10, 15);MoveEast;(13, 18);1;9496
18;0.625;;(10, 15);MoveEast;(13, 18);1;9497
18;0.625;;(10, 15);MoveEast;(13, 18);1;9498
18;0.625;;(10, 15);MoveEast;(13, 18);1;9499
18;0.625;;(10, 15);MoveEast;(13, 18);1;9500
18;0.625;;(10, 15);MoveEast;(14, 18);1;9501
18;0.625;;(10, 15);MoveEast;(14, 18);1;9502
18;0.625;;(10, 15);MoveEast;(14, 18);1;9503
18;0.625;;(10, 15);MoveEast;(14, 18);1;9504
18;0.625;;(10, 15);MoveEast;(14, 18);1;9505
18;0.625;;(10, 15);MoveEast;(14, 18);1;9506
18;0.625;;(10, 15);MoveEast;(15, 18);1;9507
18;0.625;;(10, 15);;(15, 18);1;9508
18;0.625;;(10, 15);;(15, 18);1;9509
18;0.625;;(10, 15);;(15, 18);1;9510
18;0.625;;(10, 15);;(15, 18);1;9511
18;0.625;;(10, 15);;(15, 18);1;9512
18;0.625;;(10, 15);MoveEast;(16, 18);1;9513
18;0.625;;(10, 15);;(16, 18);1;9514
18;0.625;;(10, 15);;(16, 18);1;9515
18;0.625;;(10, 15);;(16, 18);1;9516
18;0.625;;(10, 15);;(16, 18);1;9517
18;0.625;;(10, 15);;(16, 18);1;9518
18;0.625;;(10, 15);;(16, 18);1;9519
18;0.625;;(10, 15);;(16, 18);1;9520
18;0.625;;(10, 15);MoveEast;(17, 18);1;9521
18;0.625;;(10, 15);;(17, 18);1;9522
18;0.625;;(10, 15);;(17, 18);1;9523
18;0.625;;(10, 15);;(17, 18);1;9524
18;0.625;;(10, 15);;(17, 18);1;9525
18;0.625;;(10, 15);;(17, 18);1;9526
18;0.625;;(10, 15);MoveEast;(18, 18);1;9527
18;0.625;;(10, 15);;(18, 18);1;9528
18;0.625;;(10, 15);;(18, 18);1;9529
18;0.625;;(10, 15);;(18, 18);1;9530
18;0.625;;(10, 15);MoveEast;(19, 18);1;9531
18;0.625;;(10, 15);;(19, 18);1;9532
18;0.625;;(10, 15);;(19, 18);1;9533
18;0.625;;(10, 15);;(19, 18);1;9534
18;0.625;;(10, 15);;(19, 18);1;9535
18;0.625;;(10, 15);;(19, 18);1;9536
18;0.625;;(10, 15);MoveNorth;(19, 17);1;9537
18;0.625;;(10, 15);;(19, 17);1;9538
18;0.625;;(10, 15);MoveNorth;(19, 17);1;9539
18;0.625;;(10, 15);MoveNorth;(19, 17);1;9540
18;0.625;;(10, 15);MoveNorth;(19, 17);1;9541
18;0.625;;(10, 15);MoveNorth;(19, 17);1;9542
18;0.625;;(10, 15);MoveNorth;(19, 17);1;9543
18;0.625;;(10, 15);MoveNorth;(19, 16);1;9544
18;0.625;;(10, 15);MoveNorth;(19, 15);1;9545
18;0.625;;(10, 15);;(19, 15);1;9546
18;0.625;;(10, 15);;(19, 15);1;9547
18;0.625;;(10, 15);MoveNorth;(19, 14);1;9548
18;0.625;;(10, 15);;(19, 14);1;9549
18;0.625;;(10, 15);MoveNorth;(19, 13);1;9550
18;0.625;;(10, 15);;(19, 13);1;9551
18;0.625;;(10, 15);;(19, 13);1;9552
18;0.625;;(10, 15);MoveNorth;(19, 12);1;9553
18;0.625;;(10, 15);;(19, 12);1;9554
18;0.625;;(10, 15);MoveNorth;(19, 11);1;9555
18;0.625;;(10, 15);;(19, 11);1;9556
18;0.625;;(10, 15);;(19, 11);1;9557
18;0.625;;(10, 15);;(19, 11);1;9558
18;0.625;;(10, 15);;(19, 11);1;9559
18;0.625;;(10, 15);;(19, 11);1;9560
18;0.625;;(10, 15);;(19, 11);1;9561
18;0.625;;(10, 15);;(19, 11);1;9562
18;0.625;;(10, 15);;(19, 11);1;9563
18;0.625;;(10, 15);;(19, 11);1;9564
18;0.625;;(10, 15);;(19, 11);1;9565
18;0.625;;(10, 15);MoveNorth;(19, 10);1;9566
18;0.625;;(10, 15);MoveNorth;(19, 9);1;9567
18;0.625;;(10, 15);;(19, 9);1;9568
18;0.625;;(10, 15);MoveEast;(19, 9);1;9569
18;0.625;;(10, 15);MoveEast;(19, 9);1;9570
18;0.625;;(10, 15);MoveEast;(19, 9);1;9571
18;0.625;;(10, 15);MoveEast;(19, 9);1;9572
18;0.625;;(10, 15);MoveEast;(19, 9);1;9573
18;0.625;;(10, 15);MoveEast;(20, 9);1;9574
18;0.625;;(10, 15);MoveEast;(21, 9);1;9575
18;0.625;;(10, 15);;(21, 9);1;9576
18;0.625;;(10, 15);;(21, 9);1;9577
18;0.625;;(10, 15);;(21, 9);1;9578
18;0.625;;(10, 15);;(21, 9);1;9579
18;0.625;;(10, 15);;(21, 9);1;9580
18;0.625;;(10, 15);;(21, 9);1;9581
18;0.625;;(10, 15);;(21, 9);1;9582
18;0.625;;(10, 15);;(21, 9);1;9583
18;0.625;;(10, 15);MoveEast;(22, 9);1;9584
18;0.625;;(10, 15);;(22, 9);1;9585
18;0.625;;(10, 15);;(22, 9);1;9586
18;0.625;;(10, 15);;(22, 9);1;9587
18;0.625;;(10, 15);;(22, 9);1;9588
18;0.625;;(10, 15);MoveEast;(23, 9);1;9589
18;0.625;;(10, 15);;(23, 9);1;9590
18;0.625;;(10, 15);;(23, 9);1;9591
18;0.625;;(10, 15);;(23, 9);1;9592
18;0.625;;(10, 15);;(23, 9);1;9593
18;0.625;;(10, 15);;(23, 9);1;9594
18;0.625;;(10, 15);;(23, 9);1;9595
18;0.625;;(10, 15);;(23, 9);1;9596
18;0.625;;(10, 15);;(23, 9);1;9597
18;0.625;;(10, 15);;(23, 9);1;9598
18;0.625;;(10, 15);;(23, 9);1;9599
18;0.625;;(10, 15);;(23, 9);1;9600
18;0.625;;(10, 15);;(23, 9);1;9601
18;0.625;;(10, 15);;(23, 9);1;9602
18;0.625;;(10, 15);;(23, 9);1;9603
18;0.625;;(10, 15);;(23, 9);1;9604
18;0.625;;(10, 15);;(23, 9);1;9605
18;0.625;;(10, 15);;(23, 9);1;9606
18;0.625;;(10, 15);;(23, 9);1;9607
18;0.625;;(10, 15);;(23, 9);1;9608
18;0.625;;(10, 15);;(23, 9);1;9609
18;0.625;;(10, 15);;(23, 9);1;9610
18;0.625;;(10, 15);;(23, 9);1;9611
18;0.625;;(10, 15);;(23, 9);1;9612
18;0.625;;(10, 15);;(23, 9);1;9613
18;0.625;;(10, 15);;(23, 9);1;9614
18;0.625;;(10, 15);;(23, 9);1;9615
18;0.625;;(10, 15);;(23, 9);1;9616
18;0.625;;(10, 15);;(23, 9);1;9617
18;0.625;;(10, 15);;(23, 9);1;9618
18;0.625;;(10, 15);;(23, 9);1;9619
18;0.625;;(10, 15);;(23, 9);1;9620
18;0.625;;(10, 15);;(23, 9);1;9621
18;0.625;;(10, 15);;(23, 9);1;9622
24;0.75;;(23, 9);DropObjectTogether;(23, 9);1;9623
24;0.75;Idle;(23, 9);;(23, 9);1;9624
24;0.75;Idle;(23, 9);;(23, 9);1;9625
24;0.75;Idle;(23, 9);;(23, 9);1;9626
24;0.75;Idle;(23, 9);;(23, 9);1;9627
24;0.75;Idle;(23, 9);;(23, 9);1;9628
24;0.75;Idle;(23, 9);;(23, 9);1;9629
24;0.75;Idle;(23, 9);;(23, 9);1;9630
24;0.75;Idle;(23, 9);;(23, 9);1;9631
24;0.75;Idle;(23, 9);;(23, 9);1;9632
24;0.75;Idle;(23, 9);;(23, 9);1;9633
24;0.75;Idle;(23, 9);;(23, 9);1;9634
24;0.75;Idle;(23, 9);;(23, 9);1;9635
24;0.75;Idle;(23, 9);;(23, 9);1;9636
24;0.75;Idle;(23, 9);;(23, 9);1;9637
24;0.75;Idle;(23, 9);;(23, 9);1;9638
24;0.75;Idle;(23, 9);;(23, 9);1;9639
24;0.75;Idle;(23, 9);;(23, 9);1;9640
24;0.75;Idle;(23, 9);MoveWest;(22, 9);1;9641
24;0.75;Idle;(23, 9);;(22, 9);1;9642
24;0.75;Idle;(23, 9);;(22, 9);1;9643
24;0.75;Idle;(23, 9);;(22, 9);1;9644
24;0.75;Idle;(23, 9);;(22, 9);1;9645
24;0.75;Idle;(23, 9);;(22, 9);1;9646
24;0.75;Idle;(23, 9);;(22, 9);1;9647
24;0.75;Idle;(23, 9);MoveWest;(21, 9);1;9648
24;0.75;Idle;(23, 9);MoveSouth;(21, 10);1;9649
24;0.75;;(23, 9);;(21, 10);1;9650
24;0.75;;(23, 9);;(21, 10);1;9651
24;0.75;;(23, 9);MoveWest;(20, 10);1;9652
24;0.75;;(23, 9);MoveSouth;(20, 11);1;9653
24;0.75;;(23, 9);MoveSouth;(20, 12);1;9654
24;0.75;;(23, 9);MoveWest;(19, 12);1;9655
24;0.75;;(23, 9);MoveSouth;(19, 13);1;9656
24;0.75;;(23, 9);MoveWest;(18, 13);1;9657
24;0.75;;(23, 9);MoveSouth;(18, 13);1;9658
24;0.75;;(23, 9);MoveSouth;(18, 13);1;9659
24;0.75;;(23, 9);MoveSouth;(18, 13);1;9660
24;0.75;;(23, 9);MoveSouth;(18, 13);1;9661
24;0.75;;(23, 9);MoveSouth;(18, 13);1;9662
24;0.75;;(23, 9);MoveSouth;(18, 14);1;9663
24;0.75;;(23, 9);MoveSouth;(18, 14);1;9664
24;0.75;;(23, 9);MoveSouth;(18, 14);1;9665
24;0.75;;(23, 9);MoveSouth;(18, 14);1;9666
24;0.75;;(23, 9);MoveSouth;(18, 14);1;9667
24;0.75;;(23, 9);MoveSouth;(18, 14);1;9668
24;0.75;;(23, 9);MoveSouth;(18, 15);1;9669
24;0.75;;(23, 9);;(18, 15);1;9670
24;0.75;;(23, 9);;(18, 15);1;9671
24;0.75;;(23, 9);;(18, 15);1;9672
24;0.75;;(23, 9);;(18, 15);1;9673
24;0.75;;(23, 9);;(18, 15);1;9674
24;0.75;;(23, 9);;(18, 15);1;9675
24;0.75;;(23, 9);MoveSouth;(18, 15);1;9676
24;0.75;;(23, 9);MoveSouth;(18, 15);1;9677
24;0.75;;(23, 9);MoveSouth;(18, 15);1;9678
24;0.75;;(23, 9);MoveSouth;(18, 15);1;9679
24;0.75;;(23, 9);MoveSouth;(18, 15);1;9680
24;0.75;;(23, 9);MoveSouth;(18, 16);1;9681
24;0.75;;(23, 9);MoveSouth;(18, 16);1;9682
24;0.75;;(23, 9);MoveSouth;(18, 16);1;9683
24;0.75;;(23, 9);MoveSouth;(18, 16);1;9684
24;0.75;;(23, 9);MoveSouth;(18, 16);1;9685
24;0.75;;(23, 9);MoveSouth;(18, 16);1;9686
24;0.75;;(23, 9);MoveSouth;(18, 17);1;9687
24;0.75;;(23, 9);;(18, 17);1;9688
24;0.75;;(23, 9);;(18, 17);1;9689
24;0.75;;(23, 9);MoveSouth;(18, 17);1;9690
24;0.75;;(23, 9);MoveSouth;(18, 17);1;9691
24;0.75;;(23, 9);MoveSouth;(18, 17);1;9692
24;0.75;;(23, 9);MoveSouth;(18, 17);1;9693
24;0.75;;(23, 9);MoveSouth;(18, 17);1;9694
24;0.75;;(23, 9);MoveSouth;(18, 18);1;9695
24;0.75;;(23, 9);MoveWest;(17, 18);1;9696
24;0.75;;(23, 9);;(17, 18);1;9697
24;0.75;;(23, 9);MoveWest;(16, 18);1;9698
24;0.75;;(23, 9);MoveWest;(15, 18);1;9699
24;0.75;;(23, 9);;(15, 18);1;9700
24;0.75;;(23, 9);MoveWest;(14, 18);1;9701
24;0.75;;(23, 9);MoveWest;(14, 18);1;9702
24;0.75;;(23, 9);MoveWest;(14, 18);1;9703
24;0.75;;(23, 9);MoveWest;(14, 18);1;9704
24;0.75;;(23, 9);MoveWest;(14, 18);1;9705
24;0.75;;(23, 9);MoveWest;(14, 18);1;9706
24;0.75;;(23, 9);MoveWest;(13, 18);1;9707
24;0.75;;(23, 9);MoveWest;(13, 18);1;9708
24;0.75;;(23, 9);MoveWest;(13, 18);1;9709
24;0.75;;(23, 9);MoveWest;(13, 18);1;9710
24;0.75;;(23, 9);MoveWest;(13, 18);1;9711
24;0.75;;(23, 9);MoveWest;(13, 18);1;9712
24;0.75;;(23, 9);MoveWest;(12, 18);1;9713
24;0.75;;(23, 9);MoveWest;(12, 18);1;9714
24;0.75;;(23, 9);MoveWest;(12, 18);1;9715
24;0.75;;(23, 9);MoveWest;(12, 18);1;9716
24;0.75;;(23, 9);MoveWest;(12, 18);1;9717
24;0.75;;(23, 9);MoveWest;(12, 18);1;9718
24;0.75;;(23, 9);MoveWest;(11, 18);1;9719
24;0.75;;(23, 9);MoveWest;(11, 18);1;9720
24;0.75;;(23, 9);MoveWest;(11, 18);1;9721
24;0.75;;(23, 9);MoveWest;(11, 18);1;9722
24;0.75;;(23, 9);MoveWest;(11, 18);1;9723
24;0.75;;(23, 9);MoveWest;(11, 18);1;9724
24;0.75;;(23, 9);MoveWest;(10, 18);1;9725
24;0.75;;(23, 9);MoveWest;(10, 18);1;9726
24;0.75;;(23, 9);MoveWest;(10, 18);1;9727
24;0.75;;(23, 9);MoveWest;(10, 18);1;9728
24;0.75;;(23, 9);MoveWest;(10, 18);1;9729
24;0.75;;(23, 9);MoveWest;(10, 18);1;9730
24;0.75;;(23, 9);MoveWest;(9, 18);1;9731
24;0.75;;(23, 9);MoveWest;(8, 18);1;9732
24;0.75;;(23, 9);MoveWest;(7, 18);1;9733
24;0.75;;(23, 9);MoveWest;(6, 18);1;9734
24;0.75;;(23, 9);;(6, 18);1;9735
24;0.75;;(23, 9);MoveWest;(5, 18);1;9736
24;0.75;;(23, 9);;(5, 18);1;9737
24;0.75;;(23, 9);MoveWest;(4, 18);1;9738
24;0.75;;(23, 9);;(4, 18);1;9739
24;0.75;;(23, 9);MoveWest;(3, 18);1;9740
24;0.75;;(23, 9);;(3, 18);1;9741
24;0.75;;(23, 9);;(3, 18);1;9742
24;0.75;;(23, 9);;(3, 18);1;9743
24;0.75;;(23, 9);;(3, 18);1;9744
24;0.75;;(23, 9);;(3, 18);1;9745
24;0.75;;(23, 9);;(3, 18);1;9746
24;0.75;;(23, 9);;(3, 18);1;9747
24;0.75;;(23, 9);;(3, 18);1;9748
24;0.75;;(23, 9);;(3, 18);1;9749
24;0.75;;(23, 9);MoveNorth;(3, 17);1;9750
24;0.75;;(23, 9);MoveNorth;(3, 16);1;9751
24;0.75;;(23, 9);;(3, 16);1;9752
24;0.75;;(23, 9);MoveNorth;(3, 15);1;9753
24;0.75;;(23, 9);;(3, 15);1;9754
24;0.75;;(23, 9);;(3, 15);1;9755
24;0.75;;(23, 9);;(3, 15);1;9756
24;0.75;;(23, 9);;(3, 15);1;9757
24;0.75;;(23, 9);;(3, 15);1;9758
24;0.75;;(23, 9);;(3, 15);1;9759
24;0.75;;(23, 9);;(3, 15);1;9760
24;0.75;;(23, 9);;(3, 15);1;9761
24;0.75;;(23, 9);;(3, 15);1;9762
24;0.75;;(23, 9);;(3, 15);1;9763
24;0.75;;(23, 9);;(3, 15);1;9764
24;0.75;;(23, 9);;(3, 15);1;9765
24;0.75;;(23, 9);;(3, 15);1;9766
24;0.75;;(23, 9);MoveNorth;(3, 14);1;9767
24;0.75;;(23, 9);;(3, 14);1;9768
24;0.75;;(23, 9);;(3, 14);1;9769
24;0.75;;(23, 9);;(3, 14);1;9770
24;0.75;;(23, 9);;(3, 14);1;9771
24;0.75;;(23, 9);;(3, 14);1;9772
24;0.75;;(23, 9);;(3, 14);1;9773
24;0.75;;(23, 9);;(3, 14);1;9774
24;0.75;;(23, 9);;(3, 14);1;9775
24;0.75;;(23, 9);;(3, 14);1;9776
24;0.75;;(23, 9);MoveEast;(4, 14);1;9777
24;0.75;;(23, 9);;(4, 14);1;9778
24;0.75;;(23, 9);;(4, 14);1;9779
24;0.75;;(23, 9);;(4, 14);1;9780
24;0.75;;(23, 9);;(4, 14);1;9781
24;0.75;;(23, 9);;(4, 14);1;9782
24;0.75;;(23, 9);;(4, 14);1;9783
24;0.75;;(23, 9);;(4, 14);1;9784
24;0.75;;(23, 9);;(4, 14);1;9785
24;0.75;;(23, 9);;(4, 14);1;9786
24;0.75;;(23, 9);;(4, 14);1;9787
24;0.75;;(23, 9);;(4, 14);1;9788
24;0.75;;(23, 9);;(4, 14);1;9789
24;0.75;;(23, 9);;(4, 14);1;9790
24;0.75;;(23, 9);;(4, 14);1;9791
24;0.75;;(23, 9);;(4, 14);1;9792
24;0.75;;(23, 9);;(4, 14);1;9793
24;0.75;;(23, 9);;(4, 14);1;9794
24;0.75;;(23, 9);;(4, 14);1;9795
24;0.75;;(23, 9);;(4, 14);1;9796
24;0.75;;(23, 9);;(4, 14);1;9797
24;0.75;;(23, 9);;(4, 14);1;9798
24;0.75;;(23, 9);;(4, 14);1;9799
24;0.75;;(23, 9);;(4, 14);1;9800
24;0.75;;(23, 9);;(4, 14);1;9801
24;0.75;;(23, 9);;(4, 14);1;9802
24;0.75;;(23, 9);;(4, 14);1;9803
24;0.75;;(23, 9);;(4, 14);1;9804
24;0.75;;(23, 9);;(4, 14);1;9805
24;0.75;;(23, 9);;(4, 14);1;9806
24;0.75;;(23, 9);;(4, 14);1;9807
24;0.75;;(23, 9);;(4, 14);1;9808
24;0.75;;(23, 9);;(4, 14);1;9809
24;0.75;;(23, 9);;(4, 14);1;9810
24;0.75;;(23, 9);;(4, 14);1;9811
24;0.75;;(23, 9);;(4, 14);1;9812
24;0.75;;(23, 9);;(4, 14);1;9813
24;0.75;;(23, 9);;(4, 14);1;9814
24;0.75;;(23, 9);;(4, 14);1;9815
24;0.75;;(23, 9);;(4, 14);1;9816
24;0.75;;(23, 9);;(4, 14);1;9817
24;0.75;;(23, 9);;(4, 14);1;9818
24;0.75;;(23, 9);;(4, 14);1;9819
24;0.75;;(23, 9);;(4, 14);1;9820
24;0.75;;(23, 9);;(4, 14);1;9821
24;0.75;;(23, 9);;(4, 14);1;9822
24;0.75;;(23, 9);;(4, 14);1;9823
24;0.75;;(23, 9);;(4, 14);1;9824
24;0.75;;(23, 9);;(4, 14);1;9825
24;0.75;;(23, 9);;(4, 14);1;9826
24;0.75;;(23, 9);;(4, 14);1;9827
24;0.75;;(23, 9);;(4, 14);1;9828
24;0.75;;(23, 9);;(4, 14);1;9829
24;0.75;;(23, 9);;(4, 14);1;9830
24;0.75;;(23, 9);;(4, 14);1;9831
24;0.75;;(23, 9);;(4, 14);1;9832
24;0.75;;(23, 9);;(4, 14);1;9833
24;0.75;;(23, 9);;(4, 14);1;9834
24;0.75;;(23, 9);;(4, 14);1;9835
24;0.75;;(23, 9);;(4, 14);1;9836
24;0.75;;(23, 9);;(4, 14);1;9837
24;0.75;;(23, 9);;(4, 14);1;9838
24;0.75;;(23, 9);;(4, 14);1;9839
24;0.75;;(23, 9);;(4, 14);1;9840
24;0.75;;(23, 9);;(4, 14);1;9841
24;0.75;;(23, 9);;(4, 14);1;9842
24;0.75;;(23, 9);;(4, 14);1;9843
24;0.75;;(23, 9);;(4, 14);1;9844
24;0.75;;(23, 9);;(4, 14);1;9845
24;0.75;;(23, 9);;(4, 14);1;9846
24;0.75;;(23, 9);;(4, 14);1;9847
24;0.75;;(23, 9);;(4, 14);1;9848
24;0.75;;(23, 9);;(4, 14);1;9849
24;0.75;;(23, 9);;(4, 14);1;9850
24;0.75;;(23, 9);;(4, 14);1;9851
24;0.75;;(23, 9);;(4, 14);1;9852
24;0.75;;(23, 9);;(4, 14);1;9853
24;0.75;;(23, 9);;(4, 14);1;9854
24;0.75;;(23, 9);;(4, 14);1;9855
24;0.75;;(23, 9);;(4, 14);1;9856
24;0.75;;(23, 9);;(4, 14);1;9857
24;0.75;;(23, 9);;(4, 14);1;9858
24;0.75;;(23, 9);;(4, 14);1;9859
24;0.75;;(23, 9);;(4, 14);1;9860
24;0.75;;(23, 9);;(4, 14);1;9861
24;0.75;;(23, 9);;(4, 14);1;9862
24;0.75;;(23, 9);;(4, 14);1;9863
24;0.75;;(23, 9);;(4, 14);1;9864
24;0.75;;(23, 9);;(4, 14);1;9865
24;0.75;;(23, 9);;(4, 14);1;9866
24;0.75;;(23, 9);;(4, 14);1;9867
24;0.75;;(23, 9);;(4, 14);1;9868
24;0.75;;(23, 9);;(4, 14);1;9869
24;0.75;;(23, 9);;(4, 14);1;9870
24;0.75;;(23, 9);;(4, 14);1;9871
24;0.75;;(23, 9);;(4, 14);1;9872
24;0.75;;(23, 9);;(4, 14);1;9873
24;0.75;;(23, 9);;(4, 14);1;9874
24;0.75;;(23, 9);;(4, 14);1;9875
24;0.75;;(23, 9);;(4, 14);1;9876
24;0.75;;(23, 9);;(4, 14);1;9877
24;0.75;;(23, 9);;(4, 14);1;9878
24;0.75;;(23, 9);;(4, 14);1;9879
24;0.75;;(23, 9);;(4, 14);1;9880
24;0.75;;(23, 9);;(4, 14);1;9881
24;0.75;;(23, 9);;(4, 14);1;9882
24;0.75;;(23, 9);;(4, 14);1;9883
24;0.75;;(23, 9);;(4, 14);1;9884
24;0.75;;(23, 9);;(4, 14);1;9885
24;0.75;;(23, 9);;(4, 14);1;9886
24;0.75;;(23, 9);;(4, 14);1;9887
24;0.75;;(23, 9);;(4, 14);1;9888
24;0.75;;(23, 9);;(4, 14);1;9889
24;0.75;;(23, 9);;(4, 14);1;9890
24;0.75;;(23, 9);;(4, 14);1;9891
24;0.75;;(23, 9);;(4, 14);1;9892
24;0.75;;(23, 9);;(4, 14);1;9893
24;0.75;;(23, 9);;(4, 14);1;9894
24;0.75;;(23, 9);;(4, 14);1;9895
24;0.75;;(23, 9);;(4, 14);1;9896
24;0.75;;(23, 9);;(4, 14);1;9897
24;0.75;;(23, 9);;(4, 14);1;9898
24;0.75;;(23, 9);;(4, 14);1;9899
24;0.75;;(23, 9);;(4, 14);1;9900
24;0.75;;(23, 9);;(4, 14);1;9901
24;0.75;;(23, 9);;(4, 14);1;9902
24;0.75;;(23, 9);;(4, 14);1;9903
24;0.75;;(23, 9);;(4, 14);1;9904
24;0.75;;(23, 9);;(4, 14);1;9905
24;0.75;;(23, 9);;(4, 14);1;9906
24;0.75;;(23, 9);;(4, 14);1;9907
24;0.75;;(23, 9);;(4, 14);1;9908
24;0.75;;(23, 9);;(4, 14);1;9909
24;0.75;;(23, 9);;(4, 14);1;9910
24;0.75;;(23, 9);;(4, 14);1;9911
24;0.75;;(23, 9);;(4, 14);1;9912
24;0.75;;(23, 9);;(4, 14);1;9913
24;0.75;;(23, 9);;(4, 14);1;9914
24;0.75;;(23, 9);;(4, 14);1;9915
24;0.75;;(23, 9);;(4, 14);1;9916
24;0.75;;(23, 9);;(4, 14);1;9917
24;0.75;;(23, 9);;(4, 14);1;9918
24;0.75;;(23, 9);;(4, 14);1;9919
24;0.75;;(23, 9);;(4, 14);1;9920
24;0.75;;(23, 9);;(4, 14);1;9921
24;0.75;;(23, 9);;(4, 14);1;9922
24;0.75;;(23, 9);;(4, 14);1;9923
24;0.75;;(23, 9);;(4, 14);1;9924
24;0.75;;(23, 9);;(4, 14);1;9925
24;0.75;;(23, 9);;(4, 14);1;9926
24;0.75;;(23, 9);;(4, 14);1;9927
24;0.75;;(23, 9);;(4, 14);1;9928
24;0.75;;(23, 9);;(4, 14);1;9929
24;0.75;;(23, 9);;(4, 14);1;9930
24;0.75;;(23, 9);;(4, 14);1;9931
24;0.75;;(23, 9);;(4, 14);1;9932
24;0.75;;(23, 9);;(4, 14);1;9933
24;0.75;;(23, 9);;(4, 14);1;9934
24;0.75;;(23, 9);;(4, 14);1;9935
24;0.75;;(23, 9);;(4, 14);1;9936
24;0.75;;(23, 9);;(4, 14);1;9937
24;0.75;;(23, 9);;(4, 14);1;9938
24;0.75;;(23, 9);;(4, 14);1;9939
24;0.75;;(23, 9);;(4, 14);1;9940
24;0.75;;(23, 9);;(4, 14);1;9941
24;0.75;;(23, 9);;(4, 14);1;9942
24;0.75;;(23, 9);;(4, 14);1;9943
24;0.75;;(23, 9);;(4, 14);1;9944
24;0.75;;(23, 9);;(4, 14);1;9945
24;0.75;;(23, 9);;(4, 14);1;9946
24;0.75;;(23, 9);;(4, 14);1;9947
24;0.75;;(23, 9);;(4, 14);1;9948
24;0.75;;(23, 9);;(4, 14);1;9949
24;0.75;;(23, 9);;(4, 14);1;9950
24;0.75;;(23, 9);;(4, 14);1;9951
24;0.75;;(23, 9);;(4, 14);1;9952
24;0.75;;(23, 9);;(4, 14);1;9953
24;0.75;;(23, 9);;(4, 14);1;9954
24;0.75;;(23, 9);;(4, 14);1;9955
24;0.75;;(23, 9);;(4, 14);1;9956
24;0.75;;(23, 9);;(4, 14);1;9957
24;0.75;;(23, 9);;(4, 14);1;9958
24;0.75;;(23, 9);;(4, 14);1;9959
24;0.75;;(23, 9);;(4, 14);1;9960
24;0.75;;(23, 9);;(4, 14);1;9961
24;0.75;;(23, 9);;(4, 14);1;9962
24;0.75;;(23, 9);;(4, 14);1;9963
24;0.75;;(23, 9);;(4, 14);1;9964
24;0.75;;(23, 9);;(4, 14);1;9965
24;0.75;;(23, 9);;(4, 14);1;9966
24;0.75;;(23, 9);;(4, 14);1;9967
24;0.75;;(23, 9);;(4, 14);1;9968
24;0.75;;(23, 9);;(4, 14);1;9969
24;0.75;;(23, 9);;(4, 14);1;9970
24;0.75;;(23, 9);;(4, 14);1;9971
24;0.75;;(23, 9);;(4, 14);1;9972
24;0.75;;(23, 9);;(4, 14);1;9973
24;0.75;;(23, 9);;(4, 14);1;9974
24;0.75;;(23, 9);;(4, 14);1;9975
24;0.75;;(23, 9);;(4, 14);1;9976
24;0.75;;(23, 9);;(4, 14);1;9977
24;0.75;;(23, 9);;(4, 14);1;9978
24;0.75;;(23, 9);;(4, 14);1;9979
24;0.75;;(23, 9);;(4, 14);1;9980
24;0.75;;(23, 9);;(4, 14);1;9981
24;0.75;;(23, 9);;(4, 14);1;9982
24;0.75;;(23, 9);;(4, 14);1;9983
24;0.75;;(23, 9);;(4, 14);1;9984
24;0.75;;(23, 9);;(4, 14);1;9985
24;0.75;;(23, 9);;(4, 14);1;9986
24;0.75;;(23, 9);;(4, 14);1;9987
24;0.75;;(23, 9);;(4, 14);1;9988
24;0.75;;(23, 9);;(4, 14);1;9989
24;0.75;;(23, 9);;(4, 14);1;9990
24;0.75;;(23, 9);;(4, 14);1;9991
24;0.75;;(23, 9);;(4, 14);1;9992
24;0.75;;(23, 9);;(4, 14);1;9993
24;0.75;;(23, 9);;(4, 14);1;9994
24;0.75;;(23, 9);;(4, 14);1;9995
24;0.75;;(23, 9);;(4, 14);1;9996
24;0.75;;(23, 9);;(4, 14);1;9997
24;0.75;;(23, 9);;(4, 14);1;9998
24;0.75;;(23, 9);;(4, 14);1;9999
24;0.75;;(23, 9);;(4, 14);1;10000
24;0.75;;(23, 9);;(4, 14);1;10001
24;0.75;;(23, 9);;(4, 14);1;10002
24;0.75;;(23, 9);;(4, 14);1;10003
24;0.75;;(23, 9);;(4, 14);1;10004
24;0.75;;(23, 9);;(4, 14);1;10005
24;0.75;;(23, 9);;(4, 14);1;10006
24;0.75;;(23, 9);;(4, 14);1;10007
24;0.75;;(23, 9);;(4, 14);1;10008
24;0.75;;(23, 9);;(4, 14);1;10009
24;0.75;;(23, 9);;(4, 14);1;10010
24;0.75;;(23, 9);;(4, 14);1;10011
24;0.75;;(23, 9);;(4, 14);1;10012
24;0.75;;(23, 9);;(4, 14);1;10013
24;0.75;;(23, 9);;(4, 14);1;10014
24;0.75;;(23, 9);;(4, 14);1;10015
24;0.75;;(23, 9);;(4, 14);1;10016
24;0.75;;(23, 9);;(4, 14);1;10017
24;0.75;;(23, 9);;(4, 14);1;10018
24;0.75;;(23, 9);;(4, 14);1;10019
24;0.75;;(23, 9);;(4, 14);1;10020
24;0.75;;(23, 9);;(4, 14);1;10021
24;0.75;;(23, 9);;(4, 14);1;10022
24;0.75;;(23, 9);;(4, 14);1;10023
24;0.75;;(23, 9);;(4, 14);1;10024
24;0.75;;(23, 9);;(4, 14);1;10025
24;0.75;;(23, 9);;(4, 14);1;10026
24;0.75;;(23, 9);;(4, 14);1;10027
24;0.75;;(23, 9);;(4, 14);1;10028
24;0.75;;(23, 9);;(4, 14);1;10029
24;0.75;;(23, 9);;(4, 14);1;10030
24;0.75;;(23, 9);;(4, 14);1;10031
24;0.75;;(23, 9);;(4, 14);1;10032
24;0.75;;(23, 9);;(4, 14);1;10033
24;0.75;;(23, 9);;(4, 14);1;10034
24;0.75;;(23, 9);;(4, 14);1;10035
24;0.75;;(23, 9);;(4, 14);1;10036
24;0.75;;(23, 9);;(4, 14);1;10037
24;0.75;;(23, 9);;(4, 14);1;10038
24;0.75;;(23, 9);;(4, 14);1;10039
24;0.75;;(23, 9);;(4, 14);1;10040
24;0.75;;(23, 9);;(4, 14);1;10041
24;0.75;;(23, 9);;(4, 14);1;10042
24;0.75;;(23, 9);;(4, 14);1;10043
24;0.75;;(23, 9);;(4, 14);1;10044
24;0.75;;(23, 9);;(4, 14);1;10045
24;0.75;;(23, 9);;(4, 14);1;10046
24;0.75;;(23, 9);;(4, 14);1;10047
24;0.75;;(23, 9);;(4, 14);1;10048
24;0.75;;(23, 9);;(4, 14);1;10049
24;0.75;;(23, 9);;(4, 14);1;10050
24;0.75;;(23, 9);;(4, 14);1;10051
24;0.75;;(23, 9);;(4, 14);1;10052
24;0.75;;(23, 9);;(4, 14);1;10053
24;0.75;;(23, 9);;(4, 14);1;10054
24;0.75;;(23, 9);;(4, 14);1;10055
24;0.75;;(23, 9);;(4, 14);1;10056
24;0.75;;(23, 9);;(4, 14);1;10057
24;0.75;;(23, 9);;(4, 14);1;10058
24;0.75;;(23, 9);;(4, 14);1;10059
24;0.75;;(23, 9);;(4, 14);1;10060
24;0.75;;(23, 9);;(4, 14);1;10061
24;0.75;;(23, 9);;(4, 14);1;10062
24;0.75;;(23, 9);;(4, 14);1;10063
24;0.75;;(23, 9);;(4, 14);1;10064
24;0.75;;(23, 9);;(4, 14);1;10065
24;0.75;;(23, 9);;(4, 14);1;10066
24;0.75;;(23, 9);;(4, 14);1;10067
24;0.75;;(23, 9);;(4, 14);1;10068
24;0.75;;(23, 9);;(4, 14);1;10069
24;0.75;;(23, 9);;(4, 14);1;10070
24;0.75;;(23, 9);;(4, 14);1;10071
24;0.75;;(23, 9);;(4, 14);1;10072
24;0.75;;(23, 9);;(4, 14);1;10073
24;0.75;;(23, 9);;(4, 14);1;10074
24;0.75;;(23, 9);;(4, 14);1;10075
24;0.75;;(23, 9);;(4, 14);1;10076
24;0.75;;(23, 9);;(4, 14);1;10077
24;0.75;;(23, 9);;(4, 14);1;10078
24;0.75;;(23, 9);;(4, 14);1;10079
24;0.75;;(23, 9);;(4, 14);1;10080
24;0.75;;(23, 9);;(4, 14);1;10081
24;0.75;;(23, 9);;(4, 14);1;10082
24;0.75;;(23, 9);;(4, 14);1;10083
24;0.75;;(23, 9);;(4, 14);1;10084
24;0.75;;(23, 9);;(4, 14);1;10085
24;0.75;;(23, 9);;(4, 14);1;10086
24;0.75;;(23, 9);;(4, 14);1;10087
24;0.75;;(23, 9);;(4, 14);1;10088
24;0.75;;(23, 9);;(4, 14);1;10089
24;0.75;;(23, 9);;(4, 14);1;10090
24;0.75;;(23, 9);;(4, 14);1;10091
24;0.75;;(23, 9);;(4, 14);1;10092
24;0.75;;(23, 9);;(4, 14);1;10093
24;0.75;;(23, 9);;(4, 14);1;10094
24;0.75;;(23, 9);;(4, 14);1;10095
24;0.75;;(23, 9);;(4, 14);1;10096
24;0.75;;(23, 9);;(4, 14);1;10097
24;0.75;;(23, 9);;(4, 14);1;10098
24;0.75;;(23, 9);;(4, 14);1;10099
24;0.75;;(23, 9);;(4, 14);1;10100
24;0.75;;(23, 9);;(4, 14);1;10101
24;0.75;;(23, 9);;(4, 14);1;10102
24;0.75;;(23, 9);;(4, 14);1;10103
24;0.75;;(23, 9);;(4, 14);1;10104
24;0.75;;(23, 9);;(4, 14);1;10105
24;0.75;;(23, 9);;(4, 14);1;10106
24;0.75;;(23, 9);;(4, 14);1;10107
24;0.75;;(23, 9);;(4, 14);1;10108
24;0.75;;(23, 9);;(4, 14);1;10109
24;0.75;;(23, 9);;(4, 14);1;10110
24;0.75;;(23, 9);;(4, 14);1;10111
24;0.75;;(23, 9);;(4, 14);1;10112
24;0.75;;(23, 9);;(4, 14);1;10113
24;0.75;;(23, 9);;(4, 14);1;10114
24;0.75;;(23, 9);;(4, 14);1;10115
24;0.75;;(23, 9);;(4, 14);1;10116
24;0.75;;(23, 9);;(4, 14);1;10117
24;0.75;;(23, 9);;(4, 14);1;10118
24;0.75;;(23, 9);;(4, 14);1;10119
24;0.75;;(23, 9);;(4, 14);1;10120
24;0.75;;(23, 9);;(4, 14);1;10121
24;0.75;;(23, 9);;(4, 14);1;10122
24;0.75;;(23, 9);;(4, 14);1;10123
24;0.75;;(23, 9);;(4, 14);1;10124
24;0.75;;(23, 9);;(4, 14);1;10125
24;0.75;;(23, 9);;(4, 14);1;10126
24;0.75;;(23, 9);;(4, 14);1;10127
24;0.75;;(23, 9);;(4, 14);1;10128
24;0.75;;(23, 9);;(4, 14);1;10129
24;0.75;;(23, 9);;(4, 14);1;10130
24;0.75;;(23, 9);;(4, 14);1;10131
24;0.75;;(23, 9);;(4, 14);1;10132
24;0.75;;(23, 9);;(4, 14);1;10133
24;0.75;;(23, 9);;(4, 14);1;10134
24;0.75;;(23, 9);;(4, 14);1;10135
24;0.75;;(23, 9);;(4, 14);1;10136
24;0.75;;(23, 9);;(4, 14);1;10137
24;0.75;;(23, 9);;(4, 14);1;10138
24;0.75;;(23, 9);;(4, 14);1;10139
24;0.75;;(23, 9);;(4, 14);1;10140
24;0.75;;(23, 9);;(4, 14);1;10141
24;0.75;;(23, 9);;(4, 14);1;10142
24;0.75;;(23, 9);;(4, 14);1;10143
24;0.75;;(23, 9);;(4, 14);1;10144
24;0.75;;(23, 9);;(4, 14);1;10145
24;0.75;;(23, 9);;(4, 14);1;10146
24;0.75;;(23, 9);;(4, 14);1;10147
24;0.75;;(23, 9);;(4, 14);1;10148
24;0.75;;(23, 9);;(4, 14);1;10149
24;0.75;;(23, 9);;(4, 14);1;10150
24;0.75;;(23, 9);;(4, 14);1;10151
24;0.75;;(23, 9);;(4, 14);1;10152
24;0.75;;(23, 9);;(4, 14);1;10153
24;0.75;;(23, 9);;(4, 14);1;10154
24;0.75;;(23, 9);;(4, 14);1;10155
24;0.75;;(23, 9);;(4, 14);1;10156
24;0.75;;(23, 9);;(4, 14);1;10157
24;0.75;;(23, 9);;(4, 14);1;10158
24;0.75;;(23, 9);;(4, 14);1;10159
24;0.75;;(23, 9);;(4, 14);1;10160
24;0.75;;(23, 9);;(4, 14);1;10161
24;0.75;;(23, 9);;(4, 14);1;10162
24;0.75;;(23, 9);;(4, 14);1;10163
24;0.75;;(23, 9);;(4, 14);1;10164
24;0.75;;(23, 9);;(4, 14);1;10165
24;0.75;;(23, 9);;(4, 14);1;10166
24;0.75;;(23, 9);;(4, 14);1;10167
24;0.75;;(23, 9);;(4, 14);1;10168
24;0.75;;(23, 9);;(4, 14);1;10169
24;0.75;;(23, 9);;(4, 14);1;10170
24;0.75;;(23, 9);;(4, 14);1;10171
24;0.75;;(23, 9);;(4, 14);1;10172
24;0.75;;(23, 9);;(4, 14);1;10173
24;0.75;;(23, 9);;(4, 14);1;10174
24;0.75;;(23, 9);;(4, 14);1;10175
24;0.75;;(23, 9);;(4, 14);1;10176
24;0.75;;(23, 9);;(4, 14);1;10177
24;0.75;;(23, 9);;(4, 14);1;10178
24;0.75;;(23, 9);;(4, 14);1;10179
24;0.75;;(23, 9);;(4, 14);1;10180
24;0.75;;(23, 9);;(4, 14);1;10181
24;0.75;;(23, 9);;(4, 14);1;10182
24;0.75;;(23, 9);;(4, 14);1;10183
24;0.75;;(23, 9);;(4, 14);1;10184
24;0.75;;(23, 9);;(4, 14);1;10185
24;0.75;;(23, 9);;(4, 14);1;10186
24;0.75;;(23, 9);;(4, 14);1;10187
24;0.75;;(23, 9);;(4, 14);1;10188
24;0.75;;(23, 9);;(4, 14);1;10189
24;0.75;;(23, 9);;(4, 14);1;10190
24;0.75;;(23, 9);;(4, 14);1;10191
24;0.75;;(23, 9);;(4, 14);1;10192
24;0.75;;(23, 9);;(4, 14);1;10193
24;0.75;;(23, 9);;(4, 14);1;10194
24;0.75;;(23, 9);;(4, 14);1;10195
24;0.75;;(23, 9);;(4, 14);1;10196
24;0.75;;(23, 9);;(4, 14);1;10197
24;0.75;;(23, 9);;(4, 14);1;10198
24;0.75;;(23, 9);;(4, 14);1;10199
24;0.75;;(23, 9);;(4, 14);1;10200
24;0.75;;(23, 9);;(4, 14);1;10201
24;0.75;;(23, 9);;(4, 14);1;10202
24;0.75;;(23, 9);;(4, 14);1;10203
24;0.75;;(23, 9);;(4, 14);1;10204
24;0.75;;(23, 9);;(4, 14);1;10205
24;0.75;;(23, 9);;(4, 14);1;10206
24;0.75;;(23, 9);;(4, 14);1;10207
24;0.75;;(23, 9);;(4, 14);1;10208
24;0.75;;(23, 9);;(4, 14);1;10209
24;0.75;;(23, 9);;(4, 14);1;10210
24;0.75;;(23, 9);;(4, 14);1;10211
24;0.75;;(23, 9);;(4, 14);1;10212
24;0.75;;(23, 9);;(4, 14);1;10213
24;0.75;;(23, 9);;(4, 14);1;10214
24;0.75;;(23, 9);;(4, 14);1;10215
24;0.75;;(23, 9);;(4, 14);1;10216
24;0.75;;(23, 9);;(4, 14);1;10217
24;0.75;;(23, 9);;(4, 14);1;10218
24;0.75;;(23, 9);;(4, 14);1;10219
24;0.75;;(23, 9);;(4, 14);1;10220
24;0.75;;(23, 9);;(4, 14);1;10221
24;0.75;;(23, 9);;(4, 14);1;10222
24;0.75;;(23, 9);;(4, 14);1;10223
24;0.75;;(23, 9);;(4, 14);1;10224
24;0.75;;(23, 9);;(4, 14);1;10225
24;0.75;;(23, 9);;(4, 14);1;10226
24;0.75;;(23, 9);;(4, 14);1;10227
24;0.75;;(23, 9);;(4, 14);1;10228
24;0.75;;(23, 9);;(4, 14);1;10229
24;0.75;;(23, 9);;(4, 14);1;10230
24;0.75;;(23, 9);;(4, 14);1;10231
24;0.75;;(23, 9);;(4, 14);1;10232
24;0.75;;(23, 9);;(4, 14);1;10233
24;0.75;;(23, 9);;(4, 14);1;10234
24;0.75;;(23, 9);;(4, 14);1;10235
24;0.75;;(23, 9);;(4, 14);1;10236
24;0.75;;(23, 9);;(4, 14);1;10237
24;0.75;;(23, 9);;(4, 14);1;10238
24;0.75;;(23, 9);;(4, 14);1;10239
24;0.75;;(23, 9);;(4, 14);1;10240
24;0.75;;(23, 9);;(4, 14);1;10241
24;0.75;;(23, 9);;(4, 14);1;10242
24;0.75;;(23, 9);;(4, 14);1;10243
24;0.75;;(23, 9);;(4, 14);1;10244
24;0.75;;(23, 9);;(4, 14);1;10245
24;0.75;;(23, 9);;(4, 14);1;10246
24;0.75;;(23, 9);;(4, 14);1;10247
24;0.75;;(23, 9);;(4, 14);1;10248
24;0.75;;(23, 9);;(4, 14);1;10249
24;0.75;;(23, 9);;(4, 14);1;10250
24;0.75;;(23, 9);;(4, 14);1;10251
24;0.75;;(23, 9);;(4, 14);1;10252
24;0.75;;(23, 9);;(4, 14);1;10253
24;0.75;;(23, 9);;(4, 14);1;10254
24;0.75;;(23, 9);;(4, 14);1;10255
24;0.75;;(23, 9);;(4, 14);1;10256
24;0.75;;(23, 9);;(4, 14);1;10257
24;0.75;;(23, 9);;(4, 14);1;10258
24;0.75;;(23, 9);;(4, 14);1;10259
24;0.75;;(23, 9);;(4, 14);1;10260
24;0.75;;(23, 9);;(4, 14);1;10261
24;0.75;;(23, 9);;(4, 14);1;10262
24;0.75;;(23, 9);;(4, 14);1;10263
24;0.75;;(23, 9);;(4, 14);1;10264
24;0.75;;(23, 9);;(4, 14);1;10265
24;0.75;;(23, 9);;(4, 14);1;10266
24;0.75;;(23, 9);;(4, 14);1;10267
24;0.75;;(23, 9);;(4, 14);1;10268
24;0.75;;(23, 9);;(4, 14);1;10269
24;0.75;;(23, 9);;(4, 14);1;10270
24;0.75;;(23, 9);;(4, 14);1;10271
24;0.75;;(23, 9);;(4, 14);1;10272
24;0.75;;(23, 9);;(4, 14);1;10273
24;0.75;;(23, 9);;(4, 14);1;10274
24;0.75;;(23, 9);;(4, 14);1;10275
24;0.75;;(23, 9);;(4, 14);1;10276
24;0.75;;(23, 9);;(4, 14);1;10277
24;0.75;;(23, 9);;(4, 14);1;10278
24;0.75;;(23, 9);;(4, 14);1;10279
24;0.75;;(23, 9);;(4, 14);1;10280
24;0.75;;(23, 9);;(4, 14);1;10281
24;0.75;;(23, 9);;(4, 14);1;10282
24;0.75;;(23, 9);;(4, 14);1;10283
24;0.75;;(23, 9);;(4, 14);1;10284
24;0.75;;(23, 9);;(4, 14);1;10285
24;0.75;;(23, 9);;(4, 14);1;10286
24;0.75;;(23, 9);;(4, 14);1;10287
24;0.75;;(23, 9);;(4, 14);1;10288
24;0.75;;(23, 9);;(4, 14);1;10289
24;0.75;;(23, 9);;(4, 14);1;10290
24;0.75;;(23, 9);;(4, 14);1;10291
24;0.75;;(23, 9);;(4, 14);1;10292
24;0.75;;(23, 9);;(4, 14);1;10293
24;0.75;;(23, 9);;(4, 14);1;10294
24;0.75;;(23, 9);;(4, 14);1;10295
24;0.75;;(23, 9);;(4, 14);1;10296
24;0.75;;(23, 9);;(4, 14);1;10297
24;0.75;;(23, 9);;(4, 14);1;10298
24;0.75;;(23, 9);;(4, 14);1;10299
24;0.75;;(23, 9);;(4, 14);1;10300
24;0.75;;(23, 9);;(4, 14);1;10301
24;0.75;;(23, 9);;(4, 14);1;10302
24;0.75;;(23, 9);;(4, 14);1;10303
24;0.75;;(23, 9);;(4, 14);1;10304
24;0.75;;(23, 9);;(4, 14);1;10305
24;0.75;;(23, 9);;(4, 14);1;10306
24;0.75;;(23, 9);;(4, 14);1;10307
24;0.75;;(23, 9);;(4, 14);1;10308
24;0.75;;(23, 9);;(4, 14);1;10309
24;0.75;;(23, 9);;(4, 14);1;10310
24;0.75;;(23, 9);;(4, 14);1;10311
24;0.75;;(23, 9);;(4, 14);1;10312
24;0.75;;(23, 9);;(4, 14);1;10313
24;0.75;;(23, 9);;(4, 14);1;10314
24;0.75;;(23, 9);;(4, 14);1;10315
24;0.75;;(23, 9);;(4, 14);1;10316
24;0.75;;(23, 9);;(4, 14);1;10317
24;0.75;;(23, 9);;(4, 14);1;10318
24;0.75;;(23, 9);;(4, 14);1;10319
24;0.75;;(23, 9);;(4, 14);1;10320
24;0.75;;(23, 9);;(4, 14);1;10321
24;0.75;;(23, 9);;(4, 14);1;10322
24;0.75;;(23, 9);;(4, 14);1;10323
24;0.75;;(23, 9);;(4, 14);1;10324
24;0.75;;(23, 9);;(4, 14);1;10325
24;0.75;;(23, 9);;(4, 14);1;10326
24;0.75;;(23, 9);;(4, 14);1;10327
24;0.75;;(23, 9);;(4, 14);1;10328
24;0.75;;(23, 9);;(4, 14);1;10329
24;0.75;;(23, 9);;(4, 14);1;10330
24;0.75;;(23, 9);;(4, 14);1;10331
24;0.75;;(23, 9);;(4, 14);1;10332
24;0.75;;(23, 9);;(4, 14);1;10333
24;0.75;;(23, 9);;(4, 14);1;10334
24;0.75;;(23, 9);;(4, 14);1;10335
24;0.75;;(23, 9);;(4, 14);1;10336
24;0.75;;(23, 9);;(4, 14);1;10337
24;0.75;;(23, 9);;(4, 14);1;10338
24;0.75;;(23, 9);;(4, 14);1;10339
24;0.75;;(23, 9);;(4, 14);1;10340
24;0.75;;(23, 9);;(4, 14);1;10341
24;0.75;;(23, 9);;(4, 14);1;10342
24;0.75;;(23, 9);;(4, 14);1;10343
24;0.75;;(23, 9);;(4, 14);1;10344
24;0.75;;(23, 9);;(4, 14);1;10345
24;0.75;;(23, 9);;(4, 14);1;10346
24;0.75;;(23, 9);;(4, 14);1;10347
24;0.75;;(23, 9);;(4, 14);1;10348
24;0.75;;(23, 9);;(4, 14);1;10349
24;0.75;;(23, 9);;(4, 14);1;10350
24;0.75;;(23, 9);;(4, 14);1;10351
24;0.75;;(23, 9);;(4, 14);1;10352
24;0.75;;(23, 9);;(4, 14);1;10353
24;0.75;;(23, 9);;(4, 14);1;10354
24;0.75;;(23, 9);;(4, 14);1;10355
24;0.75;;(23, 9);;(4, 14);1;10356
24;0.75;;(23, 9);;(4, 14);1;10357
24;0.75;;(23, 9);;(4, 14);1;10358
24;0.75;;(23, 9);;(4, 14);1;10359
24;0.75;;(23, 9);;(4, 14);1;10360
24;0.75;;(23, 9);;(4, 14);1;10361
24;0.75;;(23, 9);;(4, 14);1;10362
24;0.75;;(23, 9);;(4, 14);1;10363
24;0.75;;(23, 9);;(4, 14);1;10364
24;0.75;;(23, 9);;(4, 14);1;10365
24;0.75;;(23, 9);;(4, 14);1;10366
24;0.75;;(23, 9);;(4, 14);1;10367
24;0.75;;(23, 9);;(4, 14);1;10368
24;0.75;;(23, 9);;(4, 14);1;10369
24;0.75;;(23, 9);;(4, 14);1;10370
24;0.75;;(23, 9);;(4, 14);1;10371
24;0.75;;(23, 9);;(4, 14);1;10372
24;0.75;;(23, 9);;(4, 14);1;10373
24;0.75;;(23, 9);;(4, 14);1;10374
24;0.75;;(23, 9);;(4, 14);1;10375
24;0.75;;(23, 9);;(4, 14);1;10376
24;0.75;;(23, 9);;(4, 14);1;10377
24;0.75;;(23, 9);;(4, 14);1;10378
24;0.75;;(23, 9);;(4, 14);1;10379
24;0.75;;(23, 9);;(4, 14);1;10380
24;0.75;;(23, 9);;(4, 14);1;10381
24;0.75;;(23, 9);;(4, 14);1;10382
24;0.75;;(23, 9);;(4, 14);1;10383
24;0.75;;(23, 9);;(4, 14);1;10384
24;0.75;;(23, 9);;(4, 14);1;10385
24;0.75;;(23, 9);;(4, 14);1;10386
24;0.75;;(23, 9);;(4, 14);1;10387
24;0.75;;(23, 9);;(4, 14);1;10388
24;0.75;;(23, 9);;(4, 14);1;10389
24;0.75;;(23, 9);;(4, 14);1;10390
24;0.75;;(23, 9);;(4, 14);1;10391
24;0.75;;(23, 9);;(4, 14);1;10392
24;0.75;;(23, 9);;(4, 14);1;10393
24;0.75;;(23, 9);;(4, 14);1;10394
24;0.75;;(23, 9);;(4, 14);1;10395
24;0.75;;(23, 9);;(4, 14);1;10396
24;0.75;;(23, 9);;(4, 14);1;10397
24;0.75;;(23, 9);;(4, 14);1;10398
24;0.75;;(23, 9);;(4, 14);1;10399
24;0.75;;(23, 9);;(4, 14);1;10400
24;0.75;;(23, 9);;(4, 14);1;10401
24;0.75;;(23, 9);;(4, 14);1;10402
24;0.75;;(23, 9);;(4, 14);1;10403
24;0.75;;(23, 9);;(4, 14);1;10404
24;0.75;;(23, 9);;(4, 14);1;10405
24;0.75;;(23, 9);;(4, 14);1;10406
24;0.75;;(23, 9);;(4, 14);1;10407
24;0.75;;(23, 9);;(4, 14);1;10408
24;0.75;;(23, 9);;(4, 14);1;10409
24;0.75;;(23, 9);;(4, 14);1;10410
24;0.75;;(23, 9);;(4, 14);1;10411
24;0.75;;(23, 9);;(4, 14);1;10412
24;0.75;;(23, 9);;(4, 14);1;10413
24;0.75;;(23, 9);;(4, 14);1;10414
24;0.75;;(23, 9);;(4, 14);1;10415
24;0.75;;(23, 9);;(4, 14);1;10416
24;0.75;;(23, 9);;(4, 14);1;10417
24;0.75;;(23, 9);;(4, 14);1;10418
24;0.75;;(23, 9);;(4, 14);1;10419
24;0.75;;(23, 9);;(4, 14);1;10420
24;0.75;;(23, 9);;(4, 14);1;10421
24;0.75;;(23, 9);;(4, 14);1;10422
24;0.75;;(23, 9);;(4, 14);1;10423
24;0.75;;(23, 9);;(4, 14);1;10424
24;0.75;;(23, 9);;(4, 14);1;10425
24;0.75;;(23, 9);;(4, 14);1;10426
24;0.75;;(23, 9);;(4, 14);1;10427
24;0.75;;(23, 9);;(4, 14);1;10428
24;0.75;;(23, 9);;(4, 14);1;10429
24;0.75;;(23, 9);;(4, 14);1;10430
24;0.75;;(23, 9);;(4, 14);1;10431
24;0.75;;(23, 9);;(4, 14);1;10432
24;0.75;;(23, 9);;(4, 14);1;10433
24;0.75;;(23, 9);;(4, 14);1;10434
24;0.75;;(23, 9);;(4, 14);1;10435
24;0.75;;(23, 9);;(4, 14);1;10436
24;0.75;;(23, 9);;(4, 14);1;10437
24;0.75;;(23, 9);;(4, 14);1;10438
24;0.75;;(23, 9);;(4, 14);1;10439
24;0.75;;(23, 9);;(4, 14);1;10440
24;0.75;;(23, 9);;(4, 14);1;10441
24;0.75;;(23, 9);;(4, 14);1;10442
24;0.75;;(23, 9);;(4, 14);1;10443
24;0.75;;(23, 9);;(4, 14);1;10444
24;0.75;;(23, 9);;(4, 14);1;10445
24;0.75;;(23, 9);;(4, 14);1;10446
24;0.75;;(23, 9);;(4, 14);1;10447
24;0.75;;(23, 9);;(4, 14);1;10448
24;0.75;;(23, 9);;(4, 14);1;10449
24;0.75;;(23, 9);;(4, 14);1;10450
24;0.75;;(23, 9);;(4, 14);1;10451
24;0.75;;(23, 9);;(4, 14);1;10452
24;0.75;;(23, 9);;(4, 14);1;10453
24;0.75;;(23, 9);;(4, 14);1;10454
24;0.75;;(23, 9);;(4, 14);1;10455
24;0.75;;(23, 9);;(4, 14);1;10456
24;0.75;;(23, 9);;(4, 14);1;10457
24;0.75;;(23, 9);;(4, 14);1;10458
24;0.75;;(23, 9);;(4, 14);1;10459
24;0.75;;(23, 9);;(4, 14);1;10460
24;0.75;;(23, 9);;(4, 14);1;10461
24;0.75;;(23, 9);;(4, 14);1;10462
24;0.75;;(23, 9);;(4, 14);1;10463
24;0.75;;(23, 9);;(4, 14);1;10464
24;0.75;;(23, 9);;(4, 14);1;10465
24;0.75;;(23, 9);;(4, 14);1;10466
24;0.75;;(23, 9);;(4, 14);1;10467
24;0.75;;(23, 9);;(4, 14);1;10468
24;0.75;;(23, 9);;(4, 14);1;10469
24;0.75;;(23, 9);;(4, 14);1;10470
24;0.75;;(23, 9);;(4, 14);1;10471
24;0.75;;(23, 9);;(4, 14);1;10472
24;0.75;;(23, 9);;(4, 14);1;10473
24;0.75;;(23, 9);;(4, 14);1;10474
24;0.75;;(23, 9);;(4, 14);1;10475
24;0.75;;(23, 9);;(4, 14);1;10476
24;0.75;;(23, 9);;(4, 14);1;10477
24;0.75;;(23, 9);;(4, 14);1;10478
24;0.75;;(23, 9);;(4, 14);1;10479
24;0.75;;(23, 9);;(4, 14);1;10480
24;0.75;;(23, 9);;(4, 14);1;10481
24;0.75;;(23, 9);;(4, 14);1;10482
24;0.75;;(23, 9);;(4, 14);1;10483
24;0.75;;(23, 9);;(4, 14);1;10484
24;0.75;;(23, 9);;(4, 14);1;10485
24;0.75;;(23, 9);;(4, 14);1;10486
24;0.75;;(23, 9);;(4, 14);1;10487
24;0.75;;(23, 9);;(4, 14);1;10488
24;0.75;;(23, 9);;(4, 14);1;10489
24;0.75;;(23, 9);;(4, 14);1;10490
24;0.75;;(23, 9);;(4, 14);1;10491
24;0.75;;(23, 9);;(4, 14);1;10492
24;0.75;;(23, 9);;(4, 14);1;10493
24;0.75;;(23, 9);;(4, 14);1;10494
24;0.75;;(23, 9);;(4, 14);1;10495
24;0.75;;(23, 9);;(4, 14);1;10496
24;0.75;;(23, 9);;(4, 14);1;10497
24;0.75;;(23, 9);;(4, 14);1;10498
24;0.75;;(23, 9);;(4, 14);1;10499
24;0.75;;(23, 9);;(4, 14);1;10500
24;0.75;;(23, 9);;(4, 14);1;10501
24;0.75;;(23, 9);;(4, 14);1;10502
24;0.75;;(23, 9);;(4, 14);1;10503
24;0.75;;(23, 9);;(4, 14);1;10504
24;0.75;;(23, 9);;(4, 14);1;10505
24;0.75;;(23, 9);;(4, 14);1;10506
24;0.75;;(23, 9);;(4, 14);1;10507
24;0.75;;(23, 9);;(4, 14);1;10508
24;0.75;;(23, 9);;(4, 14);1;10509
24;0.75;;(23, 9);;(4, 14);1;10510
24;0.75;;(23, 9);;(4, 14);1;10511
24;0.75;;(23, 9);;(4, 14);1;10512
24;0.75;;(23, 9);;(4, 14);1;10513
24;0.75;;(23, 9);;(4, 14);1;10514
24;0.75;;(23, 9);;(4, 14);1;10515
24;0.75;;(23, 9);;(4, 14);1;10516
24;0.75;;(23, 9);;(4, 14);1;10517
24;0.75;;(23, 9);;(4, 14);1;10518
24;0.75;;(23, 9);;(4, 14);1;10519
24;0.75;;(23, 9);;(4, 14);1;10520
24;0.75;;(23, 9);;(4, 14);1;10521
24;0.75;;(23, 9);;(4, 14);1;10522
24;0.75;;(23, 9);;(4, 14);1;10523
24;0.75;;(23, 9);;(4, 14);1;10524
24;0.75;;(23, 9);;(4, 14);1;10525
24;0.75;;(23, 9);;(4, 14);1;10526
24;0.75;;(23, 9);;(4, 14);1;10527
24;0.75;;(23, 9);;(4, 14);1;10528
24;0.75;;(23, 9);;(4, 14);1;10529
24;0.75;;(23, 9);;(4, 14);1;10530
24;0.75;;(23, 9);;(4, 14);1;10531
24;0.75;;(23, 9);;(4, 14);1;10532
24;0.75;;(23, 9);;(4, 14);1;10533
24;0.75;;(23, 9);;(4, 14);1;10534
24;0.75;;(23, 9);;(4, 14);1;10535
24;0.75;;(23, 9);;(4, 14);1;10536
24;0.75;;(23, 9);;(4, 14);1;10537
24;0.75;;(23, 9);;(4, 14);1;10538
24;0.75;;(23, 9);;(4, 14);1;10539
24;0.75;;(23, 9);;(4, 14);1;10540
24;0.75;;(23, 9);;(4, 14);1;10541
24;0.75;;(23, 9);;(4, 14);1;10542
24;0.75;;(23, 9);;(4, 14);1;10543
24;0.75;;(23, 9);;(4, 14);1;10544
24;0.75;;(23, 9);;(4, 14);1;10545
24;0.75;;(23, 9);;(4, 14);1;10546
24;0.75;;(23, 9);;(4, 14);1;10547
24;0.75;;(23, 9);;(4, 14);1;10548
24;0.75;;(23, 9);;(4, 14);1;10549
24;0.75;;(23, 9);;(4, 14);1;10550
24;0.75;;(23, 9);;(4, 14);1;10551
24;0.75;;(23, 9);;(4, 14);1;10552
24;0.75;;(23, 9);;(4, 14);1;10553
24;0.75;;(23, 9);;(4, 14);1;10554
24;0.75;;(23, 9);;(4, 14);1;10555
24;0.75;;(23, 9);;(4, 14);1;10556
24;0.75;;(23, 9);;(4, 14);1;10557
24;0.75;;(23, 9);;(4, 14);1;10558
24;0.75;;(23, 9);;(4, 14);1;10559
24;0.75;;(23, 9);;(4, 14);1;10560
24;0.75;;(23, 9);;(4, 14);1;10561
24;0.75;;(23, 9);;(4, 14);1;10562
24;0.75;;(23, 9);;(4, 14);1;10563
24;0.75;;(23, 9);;(4, 14);1;10564
24;0.75;;(23, 9);;(4, 14);1;10565
24;0.75;;(23, 9);;(4, 14);1;10566
24;0.75;;(23, 9);;(4, 14);1;10567
24;0.75;;(23, 9);;(4, 14);1;10568
24;0.75;;(23, 9);;(4, 14);1;10569
24;0.75;;(23, 9);;(4, 14);1;10570
24;0.75;;(23, 9);;(4, 14);1;10571
24;0.75;;(23, 9);;(4, 14);1;10572
24;0.75;;(23, 9);;(4, 14);1;10573
24;0.75;;(23, 9);;(4, 14);1;10574
24;0.75;;(23, 9);;(4, 14);1;10575
24;0.75;;(23, 9);;(4, 14);1;10576
24;0.75;;(23, 9);;(4, 14);1;10577
24;0.75;;(23, 9);;(4, 14);1;10578
24;0.75;;(23, 9);;(4, 14);1;10579
24;0.75;;(23, 9);;(4, 14);1;10580
24;0.75;;(23, 9);;(4, 14);1;10581
24;0.75;;(23, 9);;(4, 14);1;10582
24;0.75;;(23, 9);;(4, 14);1;10583
24;0.75;;(23, 9);;(4, 14);1;10584
24;0.75;;(23, 9);;(4, 14);1;10585
24;0.75;;(23, 9);;(4, 14);1;10586
24;0.75;;(23, 9);;(4, 14);1;10587
24;0.75;;(23, 9);;(4, 14);1;10588
24;0.75;;(23, 9);;(4, 14);1;10589
24;0.75;;(23, 9);;(4, 14);1;10590
24;0.75;;(23, 9);;(4, 14);1;10591
24;0.75;;(23, 9);;(4, 14);1;10592
24;0.75;;(23, 9);;(4, 14);1;10593
24;0.75;;(23, 9);;(4, 14);1;10594
24;0.75;;(23, 9);;(4, 14);1;10595
24;0.75;;(23, 9);;(4, 14);1;10596
24;0.75;;(23, 9);;(4, 14);1;10597
24;0.75;;(23, 9);;(4, 14);1;10598
24;0.75;;(23, 9);;(4, 14);1;10599
24;0.75;;(23, 9);;(4, 14);1;10600
24;0.75;;(23, 9);;(4, 14);1;10601
24;0.75;;(23, 9);;(4, 14);1;10602
24;0.75;;(23, 9);;(4, 14);1;10603
24;0.75;;(23, 9);;(4, 14);1;10604
24;0.75;;(23, 9);;(4, 14);1;10605
24;0.75;;(23, 9);;(4, 14);1;10606
24;0.75;;(23, 9);;(4, 14);1;10607
24;0.75;;(23, 9);;(4, 14);1;10608
24;0.75;;(23, 9);;(4, 14);1;10609
24;0.75;;(23, 9);;(4, 14);1;10610
24;0.75;;(23, 9);;(4, 14);1;10611
24;0.75;;(23, 9);;(4, 14);1;10612
24;0.75;;(23, 9);;(4, 14);1;10613
24;0.75;;(23, 9);;(4, 14);1;10614
24;0.75;;(23, 9);;(4, 14);1;10615
24;0.75;;(23, 9);;(4, 14);1;10616
24;0.75;;(23, 9);;(4, 14);1;10617
24;0.75;;(23, 9);;(4, 14);1;10618
24;0.75;;(23, 9);;(4, 14);1;10619
24;0.75;;(23, 9);;(4, 14);1;10620
24;0.75;;(23, 9);;(4, 14);1;10621
24;0.75;;(23, 9);;(4, 14);1;10622
24;0.75;;(23, 9);;(4, 14);1;10623
24;0.75;;(23, 9);;(4, 14);1;10624
24;0.75;;(23, 9);;(4, 14);1;10625
24;0.75;;(23, 9);;(4, 14);1;10626
24;0.75;;(23, 9);;(4, 14);1;10627
24;0.75;;(23, 9);;(4, 14);1;10628
24;0.75;;(23, 9);;(4, 14);1;10629
24;0.75;;(23, 9);;(4, 14);1;10630
24;0.75;;(23, 9);;(4, 14);1;10631
24;0.75;;(23, 9);;(4, 14);1;10632
24;0.75;;(23, 9);;(4, 14);1;10633
24;0.75;;(23, 9);;(4, 14);1;10634
24;0.75;;(23, 9);;(4, 14);1;10635
24;0.75;;(23, 9);;(4, 14);1;10636
24;0.75;;(23, 9);;(4, 14);1;10637
24;0.75;;(23, 9);;(4, 14);1;10638
24;0.75;;(23, 9);;(4, 14);1;10639
24;0.75;;(23, 9);;(4, 14);1;10640
24;0.75;;(23, 9);;(4, 14);1;10641
24;0.75;;(23, 9);;(4, 14);1;10642
24;0.75;;(23, 9);;(4, 14);1;10643
24;0.75;;(23, 9);;(4, 14);1;10644
24;0.75;;(23, 9);;(4, 14);1;10645
24;0.75;;(23, 9);;(4, 14);1;10646
24;0.75;;(23, 9);;(4, 14);1;10647
24;0.75;;(23, 9);;(4, 14);1;10648
24;0.75;;(23, 9);;(4, 14);1;10649
24;0.75;;(23, 9);;(4, 14);1;10650
24;0.75;;(23, 9);;(4, 14);1;10651
24;0.75;;(23, 9);;(4, 14);1;10652
24;0.75;;(23, 9);;(4, 14);1;10653
24;0.75;;(23, 9);;(4, 14);1;10654
24;0.75;;(23, 9);;(4, 14);1;10655
24;0.75;;(23, 9);;(4, 14);1;10656
24;0.75;;(23, 9);;(4, 14);1;10657
24;0.75;;(23, 9);;(4, 14);1;10658
24;0.75;;(23, 9);;(4, 14);1;10659
24;0.75;;(23, 9);;(4, 14);1;10660
24;0.75;;(23, 9);;(4, 14);1;10661
24;0.75;;(23, 9);;(4, 14);1;10662
24;0.75;;(23, 9);;(4, 14);1;10663
24;0.75;;(23, 9);;(4, 14);1;10664
24;0.75;;(23, 9);;(4, 14);1;10665
24;0.75;;(23, 9);;(4, 14);1;10666
24;0.75;;(23, 9);;(4, 14);1;10667
24;0.75;;(23, 9);;(4, 14);1;10668
24;0.75;;(23, 9);;(4, 14);1;10669
24;0.75;;(23, 9);;(4, 14);1;10670
24;0.75;;(23, 9);;(4, 14);1;10671
24;0.75;;(23, 9);;(4, 14);1;10672
24;0.75;;(23, 9);;(4, 14);1;10673
24;0.75;;(23, 9);;(4, 14);1;10674
24;0.75;;(23, 9);;(4, 14);1;10675
24;0.75;;(23, 9);;(4, 14);1;10676
24;0.75;;(23, 9);;(4, 14);1;10677
24;0.75;;(23, 9);;(4, 14);1;10678
24;0.75;;(23, 9);;(4, 14);1;10679
24;0.75;;(23, 9);;(4, 14);1;10680
24;0.75;;(23, 9);;(4, 14);1;10681
24;0.75;;(23, 9);;(4, 14);1;10682
24;0.75;;(23, 9);;(4, 14);1;10683
24;0.75;;(23, 9);;(4, 14);1;10684
24;0.75;;(23, 9);;(4, 14);1;10685
24;0.75;;(23, 9);;(4, 14);1;10686
24;0.75;;(23, 9);;(4, 14);1;10687
24;0.75;;(23, 9);;(4, 14);1;10688
24;0.75;;(23, 9);;(4, 14);1;10689
24;0.75;;(23, 9);;(4, 14);1;10690
24;0.75;;(23, 9);;(4, 14);1;10691
24;0.75;;(23, 9);;(4, 14);1;10692
24;0.75;;(23, 9);;(4, 14);1;10693
24;0.75;;(23, 9);;(4, 14);1;10694
24;0.75;;(23, 9);;(4, 14);1;10695
24;0.75;;(23, 9);;(4, 14);1;10696
24;0.75;;(23, 9);;(4, 14);1;10697
24;0.75;;(23, 9);;(4, 14);1;10698
24;0.75;;(23, 9);;(4, 14);1;10699
24;0.75;;(23, 9);;(4, 14);1;10700
24;0.75;;(23, 9);;(4, 14);1;10701
24;0.75;;(23, 9);;(4, 14);1;10702
24;0.75;;(23, 9);;(4, 14);1;10703
24;0.75;;(23, 9);;(4, 14);1;10704
24;0.75;;(23, 9);;(4, 14);1;10705
24;0.75;;(23, 9);;(4, 14);1;10706
24;0.75;;(23, 9);;(4, 14);1;10707
24;0.75;;(23, 9);;(4, 14);1;10708
24;0.75;;(23, 9);;(4, 14);1;10709
24;0.75;;(23, 9);;(4, 14);1;10710
24;0.75;;(23, 9);;(4, 14);1;10711
24;0.75;;(23, 9);;(4, 14);1;10712
24;0.75;;(23, 9);;(4, 14);1;10713
24;0.75;;(23, 9);;(4, 14);1;10714
24;0.75;;(23, 9);;(4, 14);1;10715
24;0.75;;(23, 9);;(4, 14);1;10716
24;0.75;;(23, 9);;(4, 14);1;10717
24;0.75;;(23, 9);;(4, 14);1;10718
24;0.75;;(23, 9);;(4, 14);1;10719
24;0.75;;(23, 9);;(4, 14);1;10720
24;0.75;;(23, 9);;(4, 14);1;10721
24;0.75;;(23, 9);;(4, 14);1;10722
24;0.75;;(23, 9);;(4, 14);1;10723
24;0.75;;(23, 9);;(4, 14);1;10724
24;0.75;;(23, 9);;(4, 14);1;10725
24;0.75;;(23, 9);;(4, 14);1;10726
24;0.75;;(23, 9);;(4, 14);1;10727
24;0.75;;(23, 9);;(4, 14);1;10728
24;0.75;;(23, 9);;(4, 14);1;10729
24;0.75;;(23, 9);;(4, 14);1;10730
24;0.75;;(23, 9);;(4, 14);1;10731
24;0.75;;(23, 9);;(4, 14);1;10732
24;0.75;;(23, 9);;(4, 14);1;10733
24;0.75;;(23, 9);;(4, 14);1;10734
24;0.75;;(23, 9);;(4, 14);1;10735
24;0.75;;(23, 9);;(4, 14);1;10736
24;0.75;;(23, 9);;(4, 14);1;10737
24;0.75;;(23, 9);;(4, 14);1;10738
24;0.75;;(23, 9);;(4, 14);1;10739
24;0.75;;(23, 9);;(4, 14);1;10740
24;0.75;;(23, 9);;(4, 14);1;10741
24;0.75;;(23, 9);;(4, 14);1;10742
24;0.75;;(23, 9);;(4, 14);1;10743
24;0.75;;(23, 9);;(4, 14);1;10744
24;0.75;;(23, 9);;(4, 14);1;10745
24;0.75;;(23, 9);;(4, 14);1;10746
24;0.75;;(23, 9);;(4, 14);1;10747
24;0.75;;(23, 9);;(4, 14);1;10748
24;0.75;;(23, 9);;(4, 14);1;10749
24;0.75;;(23, 9);;(4, 14);1;10750
24;0.75;;(23, 9);;(4, 14);1;10751
24;0.75;;(23, 9);;(4, 14);1;10752
24;0.75;;(23, 9);;(4, 14);1;10753
24;0.75;;(23, 9);;(4, 14);1;10754
24;0.75;;(23, 9);;(4, 14);1;10755
24;0.75;;(23, 9);;(4, 14);1;10756
24;0.75;;(23, 9);;(4, 14);1;10757
24;0.75;;(23, 9);;(4, 14);1;10758
24;0.75;;(23, 9);;(4, 14);1;10759
24;0.75;;(23, 9);;(4, 14);1;10760
24;0.75;;(23, 9);;(4, 14);1;10761
24;0.75;;(23, 9);;(4, 14);1;10762
24;0.75;;(23, 9);;(4, 14);1;10763
24;0.75;;(23, 9);;(4, 14);1;10764
24;0.75;;(23, 9);;(4, 14);1;10765
24;0.75;;(23, 9);;(4, 14);1;10766
24;0.75;;(23, 9);;(4, 14);1;10767
24;0.75;;(23, 9);;(4, 14);1;10768
24;0.75;;(23, 9);;(4, 14);1;10769
24;0.75;;(23, 9);;(4, 14);1;10770
24;0.75;;(23, 9);;(4, 14);1;10771
24;0.75;;(23, 9);;(4, 14);1;10772
24;0.75;;(23, 9);;(4, 14);1;10773
24;0.75;;(23, 9);;(4, 14);1;10774
24;0.75;;(23, 9);;(4, 14);1;10775
24;0.75;;(23, 9);;(4, 14);1;10776
24;0.75;;(23, 9);;(4, 14);1;10777
24;0.75;;(23, 9);;(4, 14);1;10778
24;0.75;;(23, 9);;(4, 14);1;10779
24;0.75;;(23, 9);;(4, 14);1;10780
24;0.75;;(23, 9);;(4, 14);1;10781
24;0.75;;(23, 9);;(4, 14);1;10782
24;0.75;;(23, 9);;(4, 14);1;10783
24;0.75;;(23, 9);;(4, 14);1;10784
24;0.75;;(23, 9);;(4, 14);1;10785
24;0.75;;(23, 9);;(4, 14);1;10786
24;0.75;;(23, 9);;(4, 14);1;10787
24;0.75;;(23, 9);;(4, 14);1;10788
24;0.75;;(23, 9);;(4, 14);1;10789
24;0.75;;(23, 9);;(4, 14);1;10790
24;0.75;;(23, 9);;(4, 14);1;10791
24;0.75;;(23, 9);;(4, 14);1;10792
24;0.75;;(23, 9);;(4, 14);1;10793
24;0.75;;(23, 9);;(4, 14);1;10794
24;0.75;;(23, 9);;(4, 14);1;10795
24;0.75;;(23, 9);;(4, 14);1;10796
24;0.75;;(23, 9);;(4, 14);1;10797
24;0.75;;(23, 9);;(4, 14);1;10798
24;0.75;;(23, 9);;(4, 14);1;10799
24;0.75;;(23, 9);;(4, 14);1;10800
24;0.75;;(23, 9);;(4, 14);1;10801
24;0.75;;(23, 9);;(4, 14);1;10802
24;0.75;;(23, 9);;(4, 14);1;10803
24;0.75;;(23, 9);;(4, 14);1;10804
24;0.75;;(23, 9);;(4, 14);1;10805
24;0.75;;(23, 9);;(4, 14);1;10806
24;0.75;;(23, 9);;(4, 14);1;10807
24;0.75;;(23, 9);;(4, 14);1;10808
24;0.75;;(23, 9);;(4, 14);1;10809
24;0.75;;(23, 9);;(4, 14);1;10810
24;0.75;;(23, 9);;(4, 14);1;10811
24;0.75;;(23, 9);;(4, 14);1;10812
24;0.75;;(23, 9);;(4, 14);1;10813
24;0.75;;(23, 9);;(4, 14);1;10814
24;0.75;;(23, 9);;(4, 14);1;10815
24;0.75;;(23, 9);;(4, 14);1;10816
24;0.75;;(23, 9);;(4, 14);1;10817
24;0.75;;(23, 9);;(4, 14);1;10818
24;0.75;;(23, 9);;(4, 14);1;10819
24;0.75;;(23, 9);;(4, 14);1;10820
24;0.75;;(23, 9);;(4, 14);1;10821
24;0.75;;(23, 9);;(4, 14);1;10822
24;0.75;;(23, 9);;(4, 14);1;10823
24;0.75;;(23, 9);;(4, 14);1;10824
24;0.75;;(23, 9);;(4, 14);1;10825
24;0.75;;(23, 9);;(4, 14);1;10826
24;0.75;;(23, 9);;(4, 14);1;10827
24;0.75;;(23, 9);;(4, 14);1;10828
24;0.75;;(23, 9);;(4, 14);1;10829
24;0.75;;(23, 9);;(4, 14);1;10830
24;0.75;;(23, 9);;(4, 14);1;10831
24;0.75;;(23, 9);;(4, 14);1;10832
24;0.75;;(23, 9);;(4, 14);1;10833
24;0.75;;(23, 9);;(4, 14);1;10834
24;0.75;;(23, 9);;(4, 14);1;10835
24;0.75;;(23, 9);;(4, 14);1;10836
24;0.75;;(23, 9);;(4, 14);1;10837
24;0.75;;(23, 9);;(4, 14);1;10838
24;0.75;;(23, 9);;(4, 14);1;10839
24;0.75;;(23, 9);;(4, 14);1;10840
24;0.75;;(23, 9);;(4, 14);1;10841
24;0.75;;(23, 9);;(4, 14);1;10842
24;0.75;;(23, 9);;(4, 14);1;10843
24;0.75;;(23, 9);;(4, 14);1;10844
24;0.75;;(23, 9);;(4, 14);1;10845
24;0.75;;(23, 9);;(4, 14);1;10846
24;0.75;;(23, 9);;(4, 14);1;10847
24;0.75;;(23, 9);;(4, 14);1;10848
24;0.75;;(23, 9);;(4, 14);1;10849
24;0.75;;(23, 9);;(4, 14);1;10850
24;0.75;;(23, 9);;(4, 14);1;10851
24;0.75;;(23, 9);;(4, 14);1;10852
24;0.75;;(23, 9);;(4, 14);1;10853
24;0.75;;(23, 9);;(4, 14);1;10854
24;0.75;;(23, 9);;(4, 14);1;10855
24;0.75;;(23, 9);;(4, 14);1;10856
24;0.75;;(23, 9);;(4, 14);1;10857
24;0.75;;(23, 9);;(4, 14);1;10858
24;0.75;;(23, 9);;(4, 14);1;10859
24;0.75;;(23, 9);;(4, 14);1;10860
24;0.75;;(23, 9);;(4, 14);1;10861
24;0.75;;(23, 9);;(4, 14);1;10862
24;0.75;;(23, 9);;(4, 14);1;10863
24;0.75;;(23, 9);;(4, 14);1;10864
24;0.75;;(23, 9);;(4, 14);1;10865
24;0.75;;(23, 9);;(4, 14);1;10866
24;0.75;;(23, 9);;(4, 14);1;10867
24;0.75;;(23, 9);;(4, 14);1;10868
24;0.75;;(23, 9);;(4, 14);1;10869
24;0.75;;(23, 9);;(4, 14);1;10870
24;0.75;;(23, 9);;(4, 14);1;10871
24;0.75;;(23, 9);;(4, 14);1;10872
24;0.75;;(23, 9);;(4, 14);1;10873
24;0.75;;(23, 9);;(4, 14);1;10874
24;0.75;;(23, 9);;(4, 14);1;10875
24;0.75;;(23, 9);;(4, 14);1;10876
24;0.75;;(23, 9);;(4, 14);1;10877
24;0.75;;(23, 9);;(4, 14);1;10878
24;0.75;;(23, 9);;(4, 14);1;10879
24;0.75;;(23, 9);;(4, 14);1;10880
24;0.75;;(23, 9);;(4, 14);1;10881
24;0.75;;(23, 9);;(4, 14);1;10882
24;0.75;;(23, 9);;(4, 14);1;10883
24;0.75;;(23, 9);;(4, 14);1;10884
24;0.75;;(23, 9);;(4, 14);1;10885
24;0.75;;(23, 9);;(4, 14);1;10886
24;0.75;;(23, 9);;(4, 14);1;10887
24;0.75;;(23, 9);;(4, 14);1;10888
24;0.75;;(23, 9);;(4, 14);1;10889
24;0.75;;(23, 9);;(4, 14);1;10890
24;0.75;;(23, 9);;(4, 14);1;10891
24;0.75;;(23, 9);;(4, 14);1;10892
24;0.75;;(23, 9);;(4, 14);1;10893
24;0.75;;(23, 9);;(4, 14);1;10894
24;0.75;;(23, 9);;(4, 14);1;10895
24;0.75;;(23, 9);;(4, 14);1;10896
24;0.75;;(23, 9);;(4, 14);1;10897
24;0.75;;(23, 9);;(4, 14);1;10898
24;0.75;;(23, 9);;(4, 14);1;10899
24;0.75;;(23, 9);;(4, 14);1;10900
24;0.75;;(23, 9);;(4, 14);1;10901
24;0.75;;(23, 9);;(4, 14);1;10902
24;0.75;;(23, 9);;(4, 14);1;10903
24;0.75;;(23, 9);;(4, 14);1;10904
24;0.75;;(23, 9);;(4, 14);1;10905
24;0.75;;(23, 9);;(4, 14);1;10906
24;0.75;;(23, 9);;(4, 14);1;10907
24;0.75;;(23, 9);;(4, 14);1;10908
24;0.75;;(23, 9);;(4, 14);1;10909
24;0.75;;(23, 9);;(4, 14);1;10910
24;0.75;;(23, 9);;(4, 14);1;10911
24;0.75;;(23, 9);;(4, 14);1;10912
24;0.75;;(23, 9);;(4, 14);1;10913
24;0.75;;(23, 9);;(4, 14);1;10914
24;0.75;;(23, 9);;(4, 14);1;10915
24;0.75;;(23, 9);;(4, 14);1;10916
24;0.75;;(23, 9);;(4, 14);1;10917
24;0.75;;(23, 9);;(4, 14);1;10918
24;0.75;;(23, 9);;(4, 14);1;10919
24;0.75;;(23, 9);;(4, 14);1;10920
24;0.75;;(23, 9);;(4, 14);1;10921
24;0.75;;(23, 9);;(4, 14);1;10922
24;0.75;;(23, 9);;(4, 14);1;10923
24;0.75;;(23, 9);;(4, 14);1;10924
24;0.75;;(23, 9);;(4, 14);1;10925
24;0.75;;(23, 9);;(4, 14);1;10926
24;0.75;;(23, 9);;(4, 14);1;10927
24;0.75;;(23, 9);;(4, 14);1;10928
24;0.75;;(23, 9);;(4, 14);1;10929
24;0.75;;(23, 9);;(4, 14);1;10930
24;0.75;;(23, 9);;(4, 14);1;10931
24;0.75;;(23, 9);;(4, 14);1;10932
24;0.75;;(23, 9);;(4, 14);1;10933
24;0.75;;(23, 9);;(4, 14);1;10934
24;0.75;;(23, 9);;(4, 14);1;10935
24;0.75;;(23, 9);;(4, 14);1;10936
24;0.75;;(23, 9);;(4, 14);1;10937
24;0.75;;(23, 9);;(4, 14);1;10938
24;0.75;;(23, 9);;(4, 14);1;10939
24;0.75;;(23, 9);;(4, 14);1;10940
24;0.75;;(23, 9);;(4, 14);1;10941
24;0.75;;(23, 9);;(4, 14);1;10942
24;0.75;;(23, 9);;(4, 14);1;10943
24;0.75;;(23, 9);;(4, 14);1;10944
24;0.75;;(23, 9);;(4, 14);1;10945
24;0.75;;(23, 9);;(4, 14);1;10946
24;0.75;;(23, 9);;(4, 14);1;10947
24;0.75;;(23, 9);;(4, 14);1;10948
24;0.75;;(23, 9);;(4, 14);1;10949
24;0.75;;(23, 9);;(4, 14);1;10950
24;0.75;;(23, 9);;(4, 14);1;10951
24;0.75;;(23, 9);;(4, 14);1;10952
24;0.75;;(23, 9);;(4, 14);1;10953
24;0.75;;(23, 9);;(4, 14);1;10954
24;0.75;;(23, 9);;(4, 14);1;10955
24;0.75;;(23, 9);;(4, 14);1;10956
24;0.75;;(23, 9);;(4, 14);1;10957
24;0.75;;(23, 9);;(4, 14);1;10958
24;0.75;;(23, 9);;(4, 14);1;10959
24;0.75;;(23, 9);;(4, 14);1;10960
24;0.75;;(23, 9);;(4, 14);1;10961
24;0.75;;(23, 9);;(4, 14);1;10962
24;0.75;;(23, 9);;(4, 14);1;10963
24;0.75;;(23, 9);;(4, 14);1;10964
24;0.75;;(23, 9);;(4, 14);1;10965
24;0.75;;(23, 9);;(4, 14);1;10966
24;0.75;;(23, 9);;(4, 14);1;10967
24;0.75;;(23, 9);;(4, 14);1;10968
24;0.75;;(23, 9);;(4, 14);1;10969
24;0.75;;(23, 9);;(4, 14);1;10970
24;0.75;;(23, 9);;(4, 14);1;10971
24;0.75;;(23, 9);;(4, 14);1;10972
24;0.75;;(23, 9);;(4, 14);1;10973
24;0.75;;(23, 9);;(4, 14);1;10974
24;0.75;;(23, 9);;(4, 14);1;10975
24;0.75;;(23, 9);;(4, 14);1;10976
24;0.75;;(23, 9);;(4, 14);1;10977
24;0.75;;(23, 9);;(4, 14);1;10978
24;0.75;;(23, 9);;(4, 14);1;10979
24;0.75;;(23, 9);;(4, 14);1;10980
24;0.75;;(23, 9);;(4, 14);1;10981
24;0.75;;(23, 9);;(4, 14);1;10982
24;0.75;;(23, 9);;(4, 14);1;10983
24;0.75;;(23, 9);;(4, 14);1;10984
24;0.75;;(23, 9);;(4, 14);1;10985
24;0.75;;(23, 9);;(4, 14);1;10986
24;0.75;;(23, 9);;(4, 14);1;10987
24;0.75;;(23, 9);;(4, 14);1;10988
24;0.75;;(23, 9);;(4, 14);1;10989
24;0.75;;(23, 9);;(4, 14);1;10990
24;0.75;;(23, 9);;(4, 14);1;10991
24;0.75;;(23, 9);;(4, 14);1;10992
24;0.75;;(23, 9);;(4, 14);1;10993
24;0.75;;(23, 9);;(4, 14);1;10994
24;0.75;;(23, 9);;(4, 14);1;10995
24;0.75;;(23, 9);;(4, 14);1;10996
24;0.75;;(23, 9);;(4, 14);1;10997
24;0.75;;(23, 9);;(4, 14);1;10998
24;0.75;;(23, 9);;(4, 14);1;10999
24;0.75;;(23, 9);;(4, 14);1;11000
24;0.75;;(23, 9);;(4, 14);1;11001
24;0.75;;(23, 9);;(4, 14);1;11002
24;0.75;;(23, 9);;(4, 14);1;11003
24;0.75;;(23, 9);;(4, 14);1;11004
24;0.75;;(23, 9);;(4, 14);1;11005
24;0.75;;(23, 9);;(4, 14);1;11006
24;0.75;;(23, 9);;(4, 14);1;11007
24;0.75;;(23, 9);;(4, 14);1;11008
24;0.75;;(23, 9);;(4, 14);1;11009
24;0.75;;(23, 9);;(4, 14);1;11010
24;0.75;;(23, 9);;(4, 14);1;11011
24;0.75;;(23, 9);;(4, 14);1;11012
24;0.75;;(23, 9);;(4, 14);1;11013
24;0.75;;(23, 9);;(4, 14);1;11014
24;0.75;;(23, 9);;(4, 14);1;11015
24;0.75;;(23, 9);;(4, 14);1;11016
24;0.75;;(23, 9);;(4, 14);1;11017
24;0.75;;(23, 9);;(4, 14);1;11018
24;0.75;;(23, 9);;(4, 14);1;11019
24;0.75;;(23, 9);;(4, 14);1;11020
24;0.75;;(23, 9);;(4, 14);1;11021
24;0.75;;(23, 9);;(4, 14);1;11022
24;0.75;;(23, 9);;(4, 14);1;11023
24;0.75;;(23, 9);;(4, 14);1;11024
24;0.75;;(23, 9);;(4, 14);1;11025
24;0.75;;(23, 9);;(4, 14);1;11026
24;0.75;;(23, 9);;(4, 14);1;11027
24;0.75;;(23, 9);;(4, 14);1;11028
24;0.75;;(23, 9);;(4, 14);1;11029
24;0.75;;(23, 9);;(4, 14);1;11030
24;0.75;;(23, 9);;(4, 14);1;11031
24;0.75;;(23, 9);;(4, 14);1;11032
24;0.75;;(23, 9);;(4, 14);1;11033
24;0.75;;(23, 9);;(4, 14);1;11034
24;0.75;;(23, 9);;(4, 14);1;11035
24;0.75;;(23, 9);;(4, 14);1;11036
24;0.75;;(23, 9);;(4, 14);1;11037
24;0.75;;(23, 9);;(4, 14);1;11038
24;0.75;;(23, 9);;(4, 14);1;11039
24;0.75;;(23, 9);;(4, 14);1;11040
24;0.75;;(23, 9);;(4, 14);1;11041
24;0.75;;(23, 9);;(4, 14);1;11042
24;0.75;;(23, 9);;(4, 14);1;11043
24;0.75;;(23, 9);;(4, 14);1;11044
24;0.75;;(23, 9);;(4, 14);1;11045
24;0.75;;(23, 9);;(4, 14);1;11046
24;0.75;;(23, 9);;(4, 14);1;11047
24;0.75;;(23, 9);;(4, 14);1;11048
24;0.75;;(23, 9);;(4, 14);1;11049
24;0.75;;(23, 9);;(4, 14);1;11050
24;0.75;;(23, 9);;(4, 14);1;11051
24;0.75;;(23, 9);;(4, 14);1;11052
24;0.75;;(23, 9);;(4, 14);1;11053
24;0.75;;(23, 9);;(4, 14);1;11054
24;0.75;;(23, 9);;(4, 14);1;11055
24;0.75;;(23, 9);;(4, 14);1;11056
24;0.75;;(23, 9);;(4, 14);1;11057
24;0.75;;(23, 9);;(4, 14);1;11058
24;0.75;;(23, 9);;(4, 14);1;11059
24;0.75;;(23, 9);;(4, 14);1;11060
24;0.75;;(23, 9);;(4, 14);1;11061
24;0.75;;(23, 9);;(4, 14);1;11062
24;0.75;;(23, 9);;(4, 14);1;11063
24;0.75;;(23, 9);;(4, 14);1;11064
24;0.75;;(23, 9);;(4, 14);1;11065
24;0.75;;(23, 9);;(4, 14);1;11066
24;0.75;;(23, 9);;(4, 14);1;11067
24;0.75;;(23, 9);;(4, 14);1;11068
24;0.75;;(23, 9);;(4, 14);1;11069
24;0.75;;(23, 9);;(4, 14);1;11070
24;0.75;;(23, 9);;(4, 14);1;11071
24;0.75;;(23, 9);;(4, 14);1;11072
24;0.75;;(23, 9);;(4, 14);1;11073
24;0.75;;(23, 9);;(4, 14);1;11074
24;0.75;;(23, 9);;(4, 14);1;11075
24;0.75;;(23, 9);;(4, 14);1;11076
24;0.75;;(23, 9);;(4, 14);1;11077
24;0.75;;(23, 9);;(4, 14);1;11078
24;0.75;;(23, 9);;(4, 14);1;11079
24;0.75;;(23, 9);;(4, 14);1;11080
24;0.75;;(23, 9);;(4, 14);1;11081
24;0.75;;(23, 9);;(4, 14);1;11082
24;0.75;;(23, 9);;(4, 14);1;11083
24;0.75;;(23, 9);;(4, 14);1;11084
24;0.75;;(23, 9);;(4, 14);1;11085
24;0.75;;(23, 9);;(4, 14);1;11086
24;0.75;;(23, 9);;(4, 14);1;11087
24;0.75;;(23, 9);;(4, 14);1;11088
24;0.75;;(23, 9);;(4, 14);1;11089
24;0.75;;(23, 9);;(4, 14);1;11090
24;0.75;;(23, 9);;(4, 14);1;11091
24;0.75;;(23, 9);;(4, 14);1;11092
24;0.75;;(23, 9);;(4, 14);1;11093
24;0.75;;(23, 9);;(4, 14);1;11094
24;0.75;;(23, 9);;(4, 14);1;11095
24;0.75;;(23, 9);;(4, 14);1;11096
24;0.75;;(23, 9);;(4, 14);1;11097
24;0.75;;(23, 9);;(4, 14);1;11098
24;0.75;;(23, 9);;(4, 14);1;11099
24;0.75;;(23, 9);;(4, 14);1;11100
24;0.75;;(23, 9);;(4, 14);1;11101
24;0.75;;(23, 9);;(4, 14);1;11102
24;0.75;;(23, 9);;(4, 14);1;11103
24;0.75;;(23, 9);;(4, 14);1;11104
24;0.75;;(23, 9);;(4, 14);1;11105
24;0.75;;(23, 9);;(4, 14);1;11106
24;0.75;;(23, 9);;(4, 14);1;11107
24;0.75;;(23, 9);;(4, 14);1;11108
24;0.75;;(23, 9);;(4, 14);1;11109
24;0.75;;(23, 9);;(4, 14);1;11110
24;0.75;;(23, 9);;(4, 14);1;11111
24;0.75;;(23, 9);;(4, 14);1;11112
24;0.75;;(23, 9);;(4, 14);1;11113
24;0.75;;(23, 9);;(4, 14);1;11114
24;0.75;;(23, 9);;(4, 14);1;11115
24;0.75;;(23, 9);;(4, 14);1;11116
24;0.75;;(23, 9);;(4, 14);1;11117
24;0.75;;(23, 9);;(4, 14);1;11118
24;0.75;;(23, 9);;(4, 14);1;11119
24;0.75;;(23, 9);;(4, 14);1;11120
24;0.75;;(23, 9);;(4, 14);1;11121
24;0.75;;(23, 9);;(4, 14);1;11122
24;0.75;;(23, 9);;(4, 14);1;11123
24;0.75;;(23, 9);;(4, 14);1;11124
24;0.75;;(23, 9);;(4, 14);1;11125
24;0.75;;(23, 9);;(4, 14);1;11126
24;0.75;;(23, 9);;(4, 14);1;11127
24;0.75;;(23, 9);;(4, 14);1;11128
24;0.75;;(23, 9);;(4, 14);1;11129
24;0.75;;(23, 9);;(4, 14);1;11130
24;0.75;;(23, 9);;(4, 14);1;11131
24;0.75;;(23, 9);;(4, 14);1;11132
24;0.75;;(23, 9);;(4, 14);1;11133
24;0.75;;(23, 9);;(4, 14);1;11134
24;0.75;;(23, 9);;(4, 14);1;11135
24;0.75;;(23, 9);;(4, 14);1;11136
24;0.75;;(23, 9);;(4, 14);1;11137
24;0.75;;(23, 9);;(4, 14);1;11138
24;0.75;;(23, 9);;(4, 14);1;11139
24;0.75;;(23, 9);;(4, 14);1;11140
24;0.75;;(23, 9);;(4, 14);1;11141
24;0.75;;(23, 9);;(4, 14);1;11142
24;0.75;;(23, 9);;(4, 14);1;11143
24;0.75;;(23, 9);;(4, 14);1;11144
24;0.75;;(23, 9);;(4, 14);1;11145
24;0.75;;(23, 9);;(4, 14);1;11146
24;0.75;;(23, 9);;(4, 14);1;11147
24;0.75;;(23, 9);;(4, 14);1;11148
24;0.75;;(23, 9);;(4, 14);1;11149
24;0.75;;(23, 9);;(4, 14);1;11150
24;0.75;;(23, 9);;(4, 14);1;11151
24;0.75;;(23, 9);;(4, 14);1;11152
24;0.75;;(23, 9);;(4, 14);1;11153
24;0.75;;(23, 9);;(4, 14);1;11154
24;0.75;;(23, 9);;(4, 14);1;11155
24;0.75;;(23, 9);;(4, 14);1;11156
24;0.75;;(23, 9);;(4, 14);1;11157
24;0.75;;(23, 9);;(4, 14);1;11158
24;0.75;;(23, 9);;(4, 14);1;11159
24;0.75;;(23, 9);;(4, 14);1;11160
24;0.75;;(23, 9);;(4, 14);1;11161
24;0.75;;(23, 9);;(4, 14);1;11162
24;0.75;;(23, 9);;(4, 14);1;11163
24;0.75;;(23, 9);;(4, 14);1;11164
24;0.75;;(23, 9);;(4, 14);1;11165
24;0.75;;(23, 9);;(4, 14);1;11166
24;0.75;;(23, 9);;(4, 14);1;11167
24;0.75;;(23, 9);;(4, 14);1;11168
24;0.75;;(23, 9);;(4, 14);1;11169
24;0.75;;(23, 9);;(4, 14);1;11170
24;0.75;;(23, 9);;(4, 14);1;11171
24;0.75;;(23, 9);;(4, 14);1;11172
24;0.75;;(23, 9);;(4, 14);1;11173
24;0.75;;(23, 9);;(4, 14);1;11174
24;0.75;;(23, 9);;(4, 14);1;11175
24;0.75;;(23, 9);;(4, 14);1;11176
24;0.75;;(23, 9);;(4, 14);1;11177
24;0.75;;(23, 9);;(4, 14);1;11178
24;0.75;;(23, 9);;(4, 14);1;11179
24;0.75;;(23, 9);;(4, 14);1;11180
24;0.75;;(23, 9);;(4, 14);1;11181
24;0.75;;(23, 9);;(4, 14);1;11182
24;0.75;;(23, 9);;(4, 14);1;11183
24;0.75;;(23, 9);;(4, 14);1;11184
24;0.75;;(23, 9);;(4, 14);1;11185
24;0.75;;(23, 9);;(4, 14);1;11186
24;0.75;;(23, 9);;(4, 14);1;11187
24;0.75;;(23, 9);;(4, 14);1;11188
24;0.75;;(23, 9);;(4, 14);1;11189
24;0.75;;(23, 9);;(4, 14);1;11190
24;0.75;;(23, 9);;(4, 14);1;11191
24;0.75;;(23, 9);;(4, 14);1;11192
24;0.75;;(23, 9);;(4, 14);1;11193
24;0.75;;(23, 9);;(4, 14);1;11194
24;0.75;;(23, 9);;(4, 14);1;11195
24;0.75;;(23, 9);;(4, 14);1;11196
24;0.75;;(23, 9);;(4, 14);1;11197
24;0.75;;(23, 9);;(4, 14);1;11198
24;0.75;;(23, 9);;(4, 14);1;11199
24;0.75;;(23, 9);;(4, 14);1;11200
24;0.75;;(23, 9);;(4, 14);1;11201
24;0.75;;(23, 9);;(4, 14);1;11202
24;0.75;;(23, 9);;(4, 14);1;11203
24;0.75;;(23, 9);;(4, 14);1;11204
24;0.75;;(23, 9);;(4, 14);1;11205
24;0.75;;(23, 9);;(4, 14);1;11206
24;0.75;;(23, 9);;(4, 14);1;11207
24;0.75;;(23, 9);;(4, 14);1;11208
24;0.75;;(23, 9);;(4, 14);1;11209
24;0.75;;(23, 9);;(4, 14);1;11210
24;0.75;;(23, 9);;(4, 14);1;11211
24;0.75;;(23, 9);;(4, 14);1;11212
24;0.75;;(23, 9);;(4, 14);1;11213
24;0.75;;(23, 9);;(4, 14);1;11214
24;0.75;;(23, 9);;(4, 14);1;11215
24;0.75;;(23, 9);;(4, 14);1;11216
24;0.75;;(23, 9);;(4, 14);1;11217
24;0.75;;(23, 9);;(4, 14);1;11218
24;0.75;;(23, 9);;(4, 14);1;11219
24;0.75;;(23, 9);;(4, 14);1;11220
24;0.75;;(23, 9);;(4, 14);1;11221
24;0.75;;(23, 9);;(4, 14);1;11222
24;0.75;;(23, 9);;(4, 14);1;11223
24;0.75;;(23, 9);;(4, 14);1;11224
24;0.75;;(23, 9);;(4, 14);1;11225
24;0.75;;(23, 9);;(4, 14);1;11226
24;0.75;;(23, 9);;(4, 14);1;11227
24;0.75;;(23, 9);;(4, 14);1;11228
24;0.75;;(23, 9);;(4, 14);1;11229
24;0.75;;(23, 9);;(4, 14);1;11230
24;0.75;;(23, 9);;(4, 14);1;11231
24;0.75;;(23, 9);;(4, 14);1;11232
24;0.75;;(23, 9);;(4, 14);1;11233
24;0.75;;(23, 9);;(4, 14);1;11234
24;0.75;;(23, 9);;(4, 14);1;11235
24;0.75;;(23, 9);;(4, 14);1;11236
24;0.75;;(23, 9);;(4, 14);1;11237
24;0.75;;(23, 9);;(4, 14);1;11238
24;0.75;;(23, 9);;(4, 14);1;11239
24;0.75;;(23, 9);;(4, 14);1;11240
24;0.75;;(23, 9);;(4, 14);1;11241
24;0.75;;(23, 9);;(4, 14);1;11242
24;0.75;;(23, 9);;(4, 14);1;11243
24;0.75;;(23, 9);;(4, 14);1;11244
24;0.75;;(23, 9);;(4, 14);1;11245
24;0.75;;(23, 9);;(4, 14);1;11246
24;0.75;;(23, 9);;(4, 14);1;11247
24;0.75;;(23, 9);;(4, 14);1;11248
24;0.75;;(23, 9);;(4, 14);1;11249
24;0.75;;(23, 9);;(4, 14);1;11250
24;0.75;;(23, 9);;(4, 14);1;11251
24;0.75;;(23, 9);;(4, 14);1;11252
24;0.75;;(23, 9);;(4, 14);1;11253
24;0.75;;(23, 9);;(4, 14);1;11254
24;0.75;;(23, 9);;(4, 14);1;11255
24;0.75;;(23, 9);;(4, 14);1;11256
24;0.75;;(23, 9);;(4, 14);1;11257
24;0.75;;(23, 9);;(4, 14);1;11258
24;0.75;;(23, 9);;(4, 14);1;11259
24;0.75;;(23, 9);;(4, 14);1;11260
24;0.75;;(23, 9);;(4, 14);1;11261
24;0.75;;(23, 9);;(4, 14);1;11262
24;0.75;;(23, 9);;(4, 14);1;11263
24;0.75;;(23, 9);;(4, 14);1;11264
24;0.75;;(23, 9);;(4, 14);1;11265
24;0.75;;(23, 9);;(4, 14);1;11266
24;0.75;;(23, 9);;(4, 14);1;11267
24;0.75;;(23, 9);;(4, 14);1;11268
24;0.75;;(23, 9);;(4, 14);1;11269
24;0.75;;(23, 9);;(4, 14);1;11270
24;0.75;;(23, 9);;(4, 14);1;11271
24;0.75;;(23, 9);;(4, 14);1;11272
24;0.75;;(23, 9);;(4, 14);1;11273
24;0.75;;(23, 9);;(4, 14);1;11274
24;0.75;;(23, 9);;(4, 14);1;11275
24;0.75;;(23, 9);;(4, 14);1;11276
24;0.75;;(23, 9);;(4, 14);1;11277
24;0.75;;(23, 9);;(4, 14);1;11278
24;0.75;;(23, 9);;(4, 14);1;11279
24;0.75;;(23, 9);;(4, 14);1;11280
24;0.75;;(23, 9);;(4, 14);1;11281
24;0.75;;(23, 9);;(4, 14);1;11282
24;0.75;;(23, 9);;(4, 14);1;11283
24;0.75;;(23, 9);;(4, 14);1;11284
24;0.75;;(23, 9);;(4, 14);1;11285
24;0.75;;(23, 9);;(4, 14);1;11286
24;0.75;;(23, 9);;(4, 14);1;11287
24;0.75;;(23, 9);;(4, 14);1;11288
24;0.75;;(23, 9);;(4, 14);1;11289
24;0.75;;(23, 9);;(4, 14);1;11290
24;0.75;;(23, 9);;(4, 14);1;11291
24;0.75;;(23, 9);;(4, 14);1;11292
24;0.75;;(23, 9);;(4, 14);1;11293
24;0.75;;(23, 9);;(4, 14);1;11294
24;0.75;;(23, 9);;(4, 14);1;11295
24;0.75;;(23, 9);;(4, 14);1;11296
24;0.75;;(23, 9);;(4, 14);1;11297
24;0.75;;(23, 9);;(4, 14);1;11298
24;0.75;;(23, 9);;(4, 14);1;11299
24;0.75;;(23, 9);;(4, 14);1;11300
24;0.75;;(23, 9);;(4, 14);1;11301
24;0.75;;(23, 9);;(4, 14);1;11302
24;0.75;;(23, 9);;(4, 14);1;11303
24;0.75;;(23, 9);;(4, 14);1;11304
24;0.75;;(23, 9);;(4, 14);1;11305
24;0.75;;(23, 9);;(4, 14);1;11306
24;0.75;;(23, 9);;(4, 14);1;11307
24;0.75;;(23, 9);;(4, 14);1;11308
24;0.75;;(23, 9);;(4, 14);1;11309
24;0.75;;(23, 9);;(4, 14);1;11310
24;0.75;;(23, 9);;(4, 14);1;11311
24;0.75;;(23, 9);;(4, 14);1;11312
24;0.75;;(23, 9);;(4, 14);1;11313
24;0.75;;(23, 9);;(4, 14);1;11314
24;0.75;;(23, 9);;(4, 14);1;11315
24;0.75;;(23, 9);;(4, 14);1;11316
24;0.75;;(23, 9);;(4, 14);1;11317
24;0.75;;(23, 9);;(4, 14);1;11318
24;0.75;;(23, 9);;(4, 14);1;11319
24;0.75;;(23, 9);;(4, 14);1;11320
24;0.75;;(23, 9);;(4, 14);1;11321
24;0.75;;(23, 9);;(4, 14);1;11322
24;0.75;;(23, 9);;(4, 14);1;11323
24;0.75;;(23, 9);;(4, 14);1;11324
24;0.75;;(23, 9);;(4, 14);1;11325
24;0.75;;(23, 9);;(4, 14);1;11326
24;0.75;;(23, 9);;(4, 14);1;11327
24;0.75;;(23, 9);;(4, 14);1;11328
24;0.75;;(23, 9);;(4, 14);1;11329
24;0.75;;(23, 9);;(4, 14);1;11330
24;0.75;;(23, 9);;(4, 14);1;11331
24;0.75;;(23, 9);;(4, 14);1;11332
24;0.75;;(23, 9);;(4, 14);1;11333
24;0.75;;(23, 9);;(4, 14);1;11334
24;0.75;;(23, 9);;(4, 14);1;11335
24;0.75;;(23, 9);;(4, 14);1;11336
24;0.75;;(23, 9);;(4, 14);1;11337
24;0.75;;(23, 9);;(4, 14);1;11338
24;0.75;;(23, 9);;(4, 14);1;11339
24;0.75;;(23, 9);;(4, 14);1;11340
24;0.75;;(23, 9);;(4, 14);1;11341
24;0.75;;(23, 9);;(4, 14);1;11342
24;0.75;;(23, 9);;(4, 14);1;11343
24;0.75;;(23, 9);;(4, 14);1;11344
24;0.75;;(23, 9);;(4, 14);1;11345
24;0.75;;(23, 9);;(4, 14);1;11346
24;0.75;;(23, 9);;(4, 14);1;11347
24;0.75;;(23, 9);;(4, 14);1;11348
24;0.75;;(23, 9);;(4, 14);1;11349
24;0.75;;(23, 9);;(4, 14);1;11350
24;0.75;;(23, 9);;(4, 14);1;11351
24;0.75;;(23, 9);;(4, 14);1;11352
24;0.75;;(23, 9);;(4, 14);1;11353
24;0.75;;(23, 9);;(4, 14);1;11354
24;0.75;;(23, 9);;(4, 14);1;11355
24;0.75;;(23, 9);;(4, 14);1;11356
24;0.75;;(23, 9);;(4, 14);1;11357
24;0.75;;(23, 9);;(4, 14);1;11358
24;0.75;;(23, 9);;(4, 14);1;11359
24;0.75;;(23, 9);;(4, 14);1;11360
24;0.75;;(23, 9);;(4, 14);1;11361
24;0.75;;(23, 9);;(4, 14);1;11362
24;0.75;;(23, 9);;(4, 14);1;11363
24;0.75;;(23, 9);;(4, 14);1;11364
24;0.75;;(23, 9);;(4, 14);1;11365
24;0.75;;(23, 9);;(4, 14);1;11366
24;0.75;;(23, 9);;(4, 14);1;11367
24;0.75;;(23, 9);;(4, 14);1;11368
24;0.75;;(23, 9);;(4, 14);1;11369
24;0.75;;(23, 9);;(4, 14);1;11370
24;0.75;;(23, 9);;(4, 14);1;11371
24;0.75;;(23, 9);;(4, 14);1;11372
24;0.75;;(23, 9);;(4, 14);1;11373
24;0.75;;(23, 9);;(4, 14);1;11374
24;0.75;;(23, 9);;(4, 14);1;11375
24;0.75;;(23, 9);;(4, 14);1;11376
24;0.75;;(23, 9);;(4, 14);1;11377
24;0.75;;(23, 9);;(4, 14);1;11378
24;0.75;;(23, 9);;(4, 14);1;11379
24;0.75;;(23, 9);;(4, 14);1;11380
24;0.75;;(23, 9);;(4, 14);1;11381
24;0.75;;(23, 9);;(4, 14);1;11382
24;0.75;;(23, 9);;(4, 14);1;11383
24;0.75;;(23, 9);;(4, 14);1;11384
24;0.75;;(23, 9);;(4, 14);1;11385
24;0.75;;(23, 9);;(4, 14);1;11386
24;0.75;;(23, 9);;(4, 14);1;11387
24;0.75;;(23, 9);;(4, 14);1;11388
24;0.75;;(23, 9);;(4, 14);1;11389
24;0.75;;(23, 9);;(4, 14);1;11390
24;0.75;;(23, 9);;(4, 14);1;11391
24;0.75;;(23, 9);;(4, 14);1;11392
24;0.75;;(23, 9);;(4, 14);1;11393
24;0.75;;(23, 9);;(4, 14);1;11394
24;0.75;;(23, 9);;(4, 14);1;11395
24;0.75;;(23, 9);;(4, 14);1;11396
24;0.75;;(23, 9);;(4, 14);1;11397
24;0.75;;(23, 9);;(4, 14);1;11398
24;0.75;;(23, 9);;(4, 14);1;11399
24;0.75;;(23, 9);;(4, 14);1;11400
24;0.75;;(23, 9);;(4, 14);1;11401
24;0.75;;(23, 9);;(4, 14);1;11402
24;0.75;;(23, 9);;(4, 14);1;11403
24;0.75;;(23, 9);;(4, 14);1;11404
24;0.75;;(23, 9);;(4, 14);1;11405
24;0.75;;(23, 9);;(4, 14);1;11406
24;0.75;;(23, 9);;(4, 14);1;11407
24;0.75;;(23, 9);;(4, 14);1;11408
24;0.75;;(23, 9);;(4, 14);1;11409
24;0.75;;(23, 9);;(4, 14);1;11410
24;0.75;;(23, 9);;(4, 14);1;11411
24;0.75;;(23, 9);;(4, 14);1;11412
24;0.75;;(23, 9);;(4, 14);1;11413
24;0.75;;(23, 9);;(4, 14);1;11414
24;0.75;;(23, 9);;(4, 14);1;11415
24;0.75;;(23, 9);;(4, 14);1;11416
24;0.75;;(23, 9);;(4, 14);1;11417
24;0.75;;(23, 9);;(4, 14);1;11418
24;0.75;;(23, 9);;(4, 14);1;11419
24;0.75;;(23, 9);;(4, 14);1;11420
24;0.75;;(23, 9);;(4, 14);1;11421
24;0.75;;(23, 9);;(4, 14);1;11422
24;0.75;;(23, 9);;(4, 14);1;11423
24;0.75;;(23, 9);;(4, 14);1;11424
24;0.75;;(23, 9);;(4, 14);1;11425
24;0.75;;(23, 9);;(4, 14);1;11426
24;0.75;;(23, 9);;(4, 14);1;11427
24;0.75;;(23, 9);;(4, 14);1;11428
24;0.75;;(23, 9);;(4, 14);1;11429
24;0.75;;(23, 9);;(4, 14);1;11430
24;0.75;;(23, 9);;(4, 14);1;11431
24;0.75;;(23, 9);;(4, 14);1;11432
24;0.75;;(23, 9);;(4, 14);1;11433
24;0.75;;(23, 9);;(4, 14);1;11434
24;0.75;;(23, 9);;(4, 14);1;11435
24;0.75;;(23, 9);;(4, 14);1;11436
24;0.75;;(23, 9);;(4, 14);1;11437
24;0.75;;(23, 9);;(4, 14);1;11438
24;0.75;;(23, 9);;(4, 14);1;11439
24;0.75;;(23, 9);;(4, 14);1;11440
24;0.75;;(23, 9);;(4, 14);1;11441
24;0.75;;(23, 9);;(4, 14);1;11442
24;0.75;;(23, 9);;(4, 14);1;11443
24;0.75;;(23, 9);;(4, 14);1;11444
24;0.75;;(23, 9);;(4, 14);1;11445
24;0.75;;(23, 9);;(4, 14);1;11446
24;0.75;;(23, 9);;(4, 14);1;11447
24;0.75;;(23, 9);;(4, 14);1;11448
24;0.75;;(23, 9);;(4, 14);1;11449
24;0.75;;(23, 9);;(4, 14);1;11450
24;0.75;;(23, 9);;(4, 14);1;11451
24;0.75;;(23, 9);;(4, 14);1;11452
24;0.75;;(23, 9);;(4, 14);1;11453
24;0.75;;(23, 9);;(4, 14);1;11454
24;0.75;;(23, 9);;(4, 14);1;11455
24;0.75;;(23, 9);;(4, 14);1;11456
24;0.75;;(23, 9);;(4, 14);1;11457
24;0.75;;(23, 9);;(4, 14);1;11458
24;0.75;;(23, 9);;(4, 14);1;11459
24;0.75;;(23, 9);;(4, 14);1;11460
24;0.75;;(23, 9);;(4, 14);1;11461
24;0.75;;(23, 9);;(4, 14);1;11462
24;0.75;;(23, 9);;(4, 14);1;11463
24;0.75;;(23, 9);;(4, 14);1;11464
24;0.75;;(23, 9);;(4, 14);1;11465
24;0.75;;(23, 9);;(4, 14);1;11466
24;0.75;;(23, 9);;(4, 14);1;11467
24;0.75;;(23, 9);;(4, 14);1;11468
24;0.75;;(23, 9);;(4, 14);1;11469
24;0.75;;(23, 9);;(4, 14);1;11470
24;0.75;;(23, 9);;(4, 14);1;11471
24;0.75;;(23, 9);;(4, 14);1;11472
24;0.75;;(23, 9);;(4, 14);1;11473
24;0.75;;(23, 9);;(4, 14);1;11474
24;0.75;;(23, 9);;(4, 14);1;11475
24;0.75;;(23, 9);;(4, 14);1;11476
24;0.75;;(23, 9);;(4, 14);1;11477
24;0.75;;(23, 9);;(4, 14);1;11478
24;0.75;;(23, 9);;(4, 14);1;11479
24;0.75;;(23, 9);;(4, 14);1;11480
24;0.75;;(23, 9);;(4, 14);1;11481
24;0.75;;(23, 9);;(4, 14);1;11482
24;0.75;;(23, 9);;(4, 14);1;11483
24;0.75;;(23, 9);;(4, 14);1;11484
24;0.75;;(23, 9);;(4, 14);1;11485
24;0.75;;(23, 9);;(4, 14);1;11486
24;0.75;;(23, 9);;(4, 14);1;11487
24;0.75;;(23, 9);;(4, 14);1;11488
24;0.75;;(23, 9);;(4, 14);1;11489
24;0.75;;(23, 9);;(4, 14);1;11490
24;0.75;;(23, 9);;(4, 14);1;11491
24;0.75;;(23, 9);;(4, 14);1;11492
24;0.75;;(23, 9);;(4, 14);1;11493
24;0.75;;(23, 9);;(4, 14);1;11494
24;0.75;;(23, 9);;(4, 14);1;11495
24;0.75;;(23, 9);;(4, 14);1;11496
24;0.75;;(23, 9);;(4, 14);1;11497
24;0.75;;(23, 9);;(4, 14);1;11498
24;0.75;;(23, 9);;(4, 14);1;11499
24;0.75;;(23, 9);;(4, 14);1;11500
24;0.75;;(23, 9);;(4, 14);1;11501
24;0.75;;(23, 9);;(4, 14);1;11502
24;0.75;;(23, 9);;(4, 14);1;11503
24;0.75;;(23, 9);;(4, 14);1;11504
24;0.75;;(23, 9);;(4, 14);1;11505
24;0.75;;(23, 9);;(4, 14);1;11506
24;0.75;;(23, 9);;(4, 14);1;11507
24;0.75;;(23, 9);;(4, 14);1;11508
24;0.75;;(23, 9);;(4, 14);1;11509
24;0.75;;(23, 9);;(4, 14);1;11510
24;0.75;;(23, 9);;(4, 14);1;11511
24;0.75;;(23, 9);;(4, 14);1;11512
24;0.75;;(23, 9);;(4, 14);1;11513
24;0.75;;(23, 9);;(4, 14);1;11514
24;0.75;;(23, 9);;(4, 14);1;11515
24;0.75;;(23, 9);;(4, 14);1;11516
24;0.75;;(23, 9);;(4, 14);1;11517
24;0.75;;(23, 9);;(4, 14);1;11518
24;0.75;;(23, 9);;(4, 14);1;11519
24;0.75;;(23, 9);;(4, 14);1;11520
24;0.75;;(23, 9);;(4, 14);1;11521
24;0.75;;(23, 9);;(4, 14);1;11522
24;0.75;;(23, 9);;(4, 14);1;11523
24;0.75;;(23, 9);;(4, 14);1;11524
24;0.75;;(23, 9);;(4, 14);1;11525
24;0.75;;(23, 9);;(4, 14);1;11526
24;0.75;;(23, 9);;(4, 14);1;11527
24;0.75;;(23, 9);;(4, 14);1;11528
24;0.75;;(23, 9);;(4, 14);1;11529
24;0.75;;(23, 9);;(4, 14);1;11530
24;0.75;;(23, 9);;(4, 14);1;11531
24;0.75;;(23, 9);;(4, 14);1;11532
24;0.75;;(23, 9);;(4, 14);1;11533
24;0.75;;(23, 9);;(4, 14);1;11534
24;0.75;;(23, 9);;(4, 14);1;11535
24;0.75;;(23, 9);;(4, 14);1;11536
24;0.75;;(23, 9);;(4, 14);1;11537
24;0.75;;(23, 9);;(4, 14);1;11538
24;0.75;;(23, 9);;(4, 14);1;11539
24;0.75;;(23, 9);;(4, 14);1;11540
24;0.75;;(23, 9);;(4, 14);1;11541
24;0.75;;(23, 9);;(4, 14);1;11542
24;0.75;;(23, 9);;(4, 14);1;11543
24;0.75;;(23, 9);;(4, 14);1;11544
24;0.75;;(23, 9);;(4, 14);1;11545
24;0.75;;(23, 9);;(4, 14);1;11546
24;0.75;;(23, 9);;(4, 14);1;11547
24;0.75;;(23, 9);;(4, 14);1;11548
24;0.75;;(23, 9);;(4, 14);1;11549
24;0.75;;(23, 9);;(4, 14);1;11550
24;0.75;;(23, 9);;(4, 14);1;11551
24;0.75;;(23, 9);;(4, 14);1;11552
24;0.75;;(23, 9);;(4, 14);1;11553
24;0.75;;(23, 9);;(4, 14);1;11554
24;0.75;;(23, 9);;(4, 14);1;11555
24;0.75;;(23, 9);;(4, 14);1;11556
24;0.75;;(23, 9);;(4, 14);1;11557
24;0.75;;(23, 9);;(4, 14);1;11558
24;0.75;;(23, 9);;(4, 14);1;11559
24;0.75;;(23, 9);;(4, 14);1;11560
24;0.75;;(23, 9);;(4, 14);1;11561
24;0.75;;(23, 9);;(4, 14);1;11562
24;0.75;;(23, 9);;(4, 14);1;11563
24;0.75;;(23, 9);;(4, 14);1;11564
24;0.75;;(23, 9);;(4, 14);1;11565
24;0.75;;(23, 9);;(4, 14);1;11566
24;0.75;;(23, 9);;(4, 14);1;11567
24;0.75;;(23, 9);;(4, 14);1;11568
24;0.75;;(23, 9);;(4, 14);1;11569
24;0.75;;(23, 9);;(4, 14);1;11570
24;0.75;;(23, 9);;(4, 14);1;11571
24;0.75;;(23, 9);;(4, 14);1;11572
24;0.75;;(23, 9);;(4, 14);1;11573
24;0.75;;(23, 9);;(4, 14);1;11574
24;0.75;;(23, 9);;(4, 14);1;11575
24;0.75;;(23, 9);;(4, 14);1;11576
24;0.75;;(23, 9);;(4, 14);1;11577
24;0.75;;(23, 9);;(4, 14);1;11578
24;0.75;;(23, 9);;(4, 14);1;11579
24;0.75;;(23, 9);;(4, 14);1;11580
24;0.75;;(23, 9);;(4, 14);1;11581
24;0.75;;(23, 9);;(4, 14);1;11582
24;0.75;;(23, 9);;(4, 14);1;11583
24;0.75;;(23, 9);;(4, 14);1;11584
24;0.75;;(23, 9);;(4, 14);1;11585
24;0.75;;(23, 9);;(4, 14);1;11586
24;0.75;;(23, 9);;(4, 14);1;11587
24;0.75;;(23, 9);;(4, 14);1;11588
24;0.75;;(23, 9);;(4, 14);1;11589
24;0.75;;(23, 9);;(4, 14);1;11590
24;0.75;;(23, 9);;(4, 14);1;11591
24;0.75;;(23, 9);;(4, 14);1;11592
24;0.75;;(23, 9);;(4, 14);1;11593
24;0.75;;(23, 9);;(4, 14);1;11594
24;0.75;;(23, 9);;(4, 14);1;11595
24;0.75;;(23, 9);;(4, 14);1;11596
24;0.75;;(23, 9);;(4, 14);1;11597
24;0.75;;(23, 9);;(4, 14);1;11598
24;0.75;;(23, 9);;(4, 14);1;11599
24;0.75;;(23, 9);;(4, 14);1;11600
24;0.75;;(23, 9);;(4, 14);1;11601
24;0.75;;(23, 9);;(4, 14);1;11602
24;0.75;;(23, 9);;(4, 14);1;11603
24;0.75;;(23, 9);;(4, 14);1;11604
24;0.75;;(23, 9);;(4, 14);1;11605
24;0.75;;(23, 9);;(4, 14);1;11606
24;0.75;;(23, 9);;(4, 14);1;11607
24;0.75;;(23, 9);;(4, 14);1;11608
24;0.75;;(23, 9);;(4, 14);1;11609
24;0.75;;(23, 9);;(4, 14);1;11610
24;0.75;;(23, 9);;(4, 14);1;11611
24;0.75;;(23, 9);;(4, 14);1;11612
24;0.75;;(23, 9);;(4, 14);1;11613
24;0.75;;(23, 9);;(4, 14);1;11614
24;0.75;;(23, 9);;(4, 14);1;11615
24;0.75;;(23, 9);;(4, 14);1;11616
24;0.75;;(23, 9);;(4, 14);1;11617
24;0.75;;(23, 9);;(4, 14);1;11618
24;0.75;;(23, 9);;(4, 14);1;11619
24;0.75;;(23, 9);;(4, 14);1;11620
24;0.75;;(23, 9);;(4, 14);1;11621
24;0.75;;(23, 9);;(4, 14);1;11622
24;0.75;;(23, 9);;(4, 14);1;11623
24;0.75;;(23, 9);;(4, 14);1;11624
24;0.75;;(23, 9);;(4, 14);1;11625
24;0.75;;(23, 9);;(4, 14);1;11626
24;0.75;;(23, 9);;(4, 14);1;11627
24;0.75;;(23, 9);;(4, 14);1;11628
24;0.75;;(23, 9);;(4, 14);1;11629
24;0.75;;(23, 9);;(4, 14);1;11630
24;0.75;;(23, 9);;(4, 14);1;11631
24;0.75;;(23, 9);;(4, 14);1;11632
24;0.75;;(23, 9);;(4, 14);1;11633
24;0.75;;(23, 9);;(4, 14);1;11634
24;0.75;;(23, 9);;(4, 14);1;11635
24;0.75;;(23, 9);;(4, 14);1;11636
24;0.75;;(23, 9);;(4, 14);1;11637
24;0.75;;(23, 9);;(4, 14);1;11638
24;0.75;;(23, 9);;(4, 14);1;11639
24;0.75;;(23, 9);;(4, 14);1;11640
24;0.75;;(23, 9);;(4, 14);1;11641
24;0.75;;(23, 9);;(4, 14);1;11642
24;0.75;;(23, 9);;(4, 14);1;11643
24;0.75;;(23, 9);;(4, 14);1;11644
24;0.75;;(23, 9);;(4, 14);1;11645
24;0.75;;(23, 9);;(4, 14);1;11646
24;0.75;;(23, 9);;(4, 14);1;11647
24;0.75;;(23, 9);;(4, 14);1;11648
24;0.75;;(23, 9);;(4, 14);1;11649
24;0.75;;(23, 9);;(4, 14);1;11650
24;0.75;;(23, 9);;(4, 14);1;11651
24;0.75;;(23, 9);;(4, 14);1;11652
24;0.75;;(23, 9);;(4, 14);1;11653
24;0.75;;(23, 9);;(4, 14);1;11654
24;0.75;;(23, 9);;(4, 14);1;11655
24;0.75;;(23, 9);;(4, 14);1;11656
24;0.75;;(23, 9);;(4, 14);1;11657
24;0.75;;(23, 9);;(4, 14);1;11658
24;0.75;;(23, 9);;(4, 14);1;11659
24;0.75;;(23, 9);;(4, 14);1;11660
24;0.75;;(23, 9);;(4, 14);1;11661
24;0.75;;(23, 9);;(4, 14);1;11662
24;0.75;;(23, 9);;(4, 14);1;11663
24;0.75;;(23, 9);;(4, 14);1;11664
24;0.75;;(23, 9);;(4, 14);1;11665
24;0.75;;(23, 9);;(4, 14);1;11666
24;0.75;;(23, 9);;(4, 14);1;11667
24;0.75;;(23, 9);;(4, 14);1;11668
24;0.75;;(23, 9);;(4, 14);1;11669
24;0.75;;(23, 9);;(4, 14);1;11670
24;0.75;;(23, 9);;(4, 14);1;11671
24;0.75;;(23, 9);;(4, 14);1;11672
24;0.75;;(23, 9);;(4, 14);1;11673
24;0.75;;(23, 9);;(4, 14);1;11674
24;0.75;;(23, 9);;(4, 14);1;11675
24;0.75;;(23, 9);;(4, 14);1;11676
24;0.75;;(23, 9);;(4, 14);1;11677
24;0.75;;(23, 9);;(4, 14);1;11678
24;0.75;;(23, 9);;(4, 14);1;11679
24;0.75;;(23, 9);;(4, 14);1;11680
24;0.75;;(23, 9);;(4, 14);1;11681
24;0.75;;(23, 9);;(4, 14);1;11682
24;0.75;;(23, 9);;(4, 14);1;11683
24;0.75;;(23, 9);;(4, 14);1;11684
24;0.75;;(23, 9);;(4, 14);1;11685
24;0.75;;(23, 9);;(4, 14);1;11686
24;0.75;;(23, 9);;(4, 14);1;11687
24;0.75;;(23, 9);;(4, 14);1;11688
24;0.75;;(23, 9);;(4, 14);1;11689
24;0.75;;(23, 9);;(4, 14);1;11690
24;0.75;;(23, 9);;(4, 14);1;11691
24;0.75;;(23, 9);;(4, 14);1;11692
24;0.75;;(23, 9);;(4, 14);1;11693
24;0.75;;(23, 9);;(4, 14);1;11694
24;0.75;;(23, 9);;(4, 14);1;11695
24;0.75;;(23, 9);;(4, 14);1;11696
24;0.75;;(23, 9);;(4, 14);1;11697
24;0.75;;(23, 9);;(4, 14);1;11698
24;0.75;;(23, 9);;(4, 14);1;11699
24;0.75;;(23, 9);;(4, 14);1;11700
24;0.75;;(23, 9);;(4, 14);1;11701
24;0.75;;(23, 9);;(4, 14);1;11702
24;0.75;;(23, 9);;(4, 14);1;11703
24;0.75;;(23, 9);;(4, 14);1;11704
24;0.75;;(23, 9);;(4, 14);1;11705
24;0.75;;(23, 9);;(4, 14);1;11706
24;0.75;;(23, 9);;(4, 14);1;11707
24;0.75;;(23, 9);;(4, 14);1;11708
24;0.75;;(23, 9);;(4, 14);1;11709
24;0.75;;(23, 9);;(4, 14);1;11710
24;0.75;;(23, 9);;(4, 14);1;11711
24;0.75;;(23, 9);;(4, 14);1;11712
24;0.75;;(23, 9);;(4, 14);1;11713
24;0.75;;(23, 9);;(4, 14);1;11714
24;0.75;;(23, 9);;(4, 14);1;11715
24;0.75;;(23, 9);;(4, 14);1;11716
24;0.75;;(23, 9);;(4, 14);1;11717
24;0.75;;(23, 9);;(4, 14);1;11718
24;0.75;;(23, 9);;(4, 14);1;11719
24;0.75;;(23, 9);;(4, 14);1;11720
24;0.75;;(23, 9);;(4, 14);1;11721
24;0.75;;(23, 9);;(4, 14);1;11722
24;0.75;;(23, 9);;(4, 14);1;11723
24;0.75;;(23, 9);;(4, 14);1;11724
24;0.75;;(23, 9);;(4, 14);1;11725
24;0.75;;(23, 9);;(4, 14);1;11726
24;0.75;;(23, 9);;(4, 14);1;11727
24;0.75;;(23, 9);;(4, 14);1;11728
24;0.75;;(23, 9);;(4, 14);1;11729
24;0.75;;(23, 9);;(4, 14);1;11730
24;0.75;;(23, 9);;(4, 14);1;11731
24;0.75;;(23, 9);;(4, 14);1;11732
24;0.75;;(23, 9);;(4, 14);1;11733
24;0.75;;(23, 9);;(4, 14);1;11734
24;0.75;;(23, 9);;(4, 14);1;11735
24;0.75;;(23, 9);;(4, 14);1;11736
24;0.75;;(23, 9);;(4, 14);1;11737
24;0.75;;(23, 9);;(4, 14);1;11738
24;0.75;;(23, 9);;(4, 14);1;11739
24;0.75;;(23, 9);;(4, 14);1;11740
24;0.75;;(23, 9);;(4, 14);1;11741
24;0.75;;(23, 9);;(4, 14);1;11742
24;0.75;;(23, 9);;(4, 14);1;11743
24;0.75;;(23, 9);;(4, 14);1;11744
24;0.75;;(23, 9);;(4, 14);1;11745
24;0.75;;(23, 9);;(4, 14);1;11746
24;0.75;;(23, 9);;(4, 14);1;11747
24;0.75;;(23, 9);;(4, 14);1;11748
24;0.75;;(23, 9);;(4, 14);1;11749
24;0.75;;(23, 9);;(4, 14);1;11750
24;0.75;;(23, 9);;(4, 14);1;11751
24;0.75;;(23, 9);;(4, 14);1;11752
24;0.75;;(23, 9);;(4, 14);1;11753
24;0.75;;(23, 9);;(4, 14);1;11754
24;0.75;;(23, 9);;(4, 14);1;11755
24;0.75;;(23, 9);;(4, 14);1;11756
24;0.75;;(23, 9);;(4, 14);1;11757
24;0.75;;(23, 9);;(4, 14);1;11758
24;0.75;;(23, 9);;(4, 14);1;11759
24;0.75;;(23, 9);;(4, 14);1;11760
24;0.75;;(23, 9);;(4, 14);1;11761
24;0.75;;(23, 9);;(4, 14);1;11762
24;0.75;;(23, 9);;(4, 14);1;11763
24;0.75;;(23, 9);;(4, 14);1;11764
24;0.75;;(23, 9);;(4, 14);1;11765
24;0.75;;(23, 9);;(4, 14);1;11766
24;0.75;;(23, 9);;(4, 14);1;11767
24;0.75;;(23, 9);;(4, 14);1;11768
24;0.75;;(23, 9);;(4, 14);1;11769
24;0.75;;(23, 9);;(4, 14);1;11770
24;0.75;;(23, 9);;(4, 14);1;11771
24;0.75;;(23, 9);;(4, 14);1;11772
24;0.75;;(23, 9);;(4, 14);1;11773
24;0.75;;(23, 9);;(4, 14);1;11774
24;0.75;;(23, 9);;(4, 14);1;11775
24;0.75;;(23, 9);;(4, 14);1;11776
24;0.75;;(23, 9);;(4, 14);1;11777
24;0.75;;(23, 9);;(4, 14);1;11778
24;0.75;;(23, 9);;(4, 14);1;11779
24;0.75;;(23, 9);;(4, 14);1;11780
24;0.75;;(23, 9);;(4, 14);1;11781
24;0.75;;(23, 9);;(4, 14);1;11782
24;0.75;;(23, 9);;(4, 14);1;11783
24;0.75;;(23, 9);;(4, 14);1;11784
24;0.75;;(23, 9);;(4, 14);1;11785
24;0.75;;(23, 9);;(4, 14);1;11786
24;0.75;;(23, 9);;(4, 14);1;11787
24;0.75;;(23, 9);;(4, 14);1;11788
24;0.75;;(23, 9);;(4, 14);1;11789
24;0.75;;(23, 9);;(4, 14);1;11790
24;0.75;;(23, 9);;(4, 14);1;11791
24;0.75;;(23, 9);;(4, 14);1;11792
24;0.75;;(23, 9);;(4, 14);1;11793
24;0.75;;(23, 9);;(4, 14);1;11794
24;0.75;;(23, 9);;(4, 14);1;11795
24;0.75;;(23, 9);;(4, 14);1;11796
24;0.75;;(23, 9);;(4, 14);1;11797
24;0.75;;(23, 9);;(4, 14);1;11798
24;0.75;;(23, 9);;(4, 14);1;11799
24;0.75;;(23, 9);;(4, 14);1;11800
24;0.75;;(23, 9);;(4, 14);1;11801
24;0.75;;(23, 9);;(4, 14);1;11802
24;0.75;;(23, 9);;(4, 14);1;11803
24;0.75;;(23, 9);;(4, 14);1;11804
24;0.75;;(23, 9);;(4, 14);1;11805
24;0.75;;(23, 9);;(4, 14);1;11806
24;0.75;;(23, 9);;(4, 14);1;11807
24;0.75;;(23, 9);;(4, 14);1;11808
24;0.75;;(23, 9);;(4, 14);1;11809
24;0.75;;(23, 9);;(4, 14);1;11810
24;0.75;;(23, 9);;(4, 14);1;11811
24;0.75;;(23, 9);;(4, 14);1;11812
24;0.75;;(23, 9);;(4, 14);1;11813
24;0.75;;(23, 9);;(4, 14);1;11814
24;0.75;;(23, 9);;(4, 14);1;11815
24;0.75;;(23, 9);;(4, 14);1;11816
24;0.75;;(23, 9);;(4, 14);1;11817
24;0.75;;(23, 9);;(4, 14);1;11818
24;0.75;;(23, 9);;(4, 14);1;11819
24;0.75;;(23, 9);;(4, 14);1;11820
24;0.75;;(23, 9);;(4, 14);1;11821
24;0.75;;(23, 9);;(4, 14);1;11822
24;0.75;;(23, 9);;(4, 14);1;11823
24;0.75;;(23, 9);;(4, 14);1;11824
24;0.75;;(23, 9);;(4, 14);1;11825
24;0.75;;(23, 9);;(4, 14);1;11826
24;0.75;;(23, 9);;(4, 14);1;11827
24;0.75;;(23, 9);;(4, 14);1;11828
24;0.75;;(23, 9);;(4, 14);1;11829
24;0.75;;(23, 9);;(4, 14);1;11830
24;0.75;;(23, 9);;(4, 14);1;11831
24;0.75;;(23, 9);;(4, 14);1;11832
24;0.75;;(23, 9);;(4, 14);1;11833
24;0.75;;(23, 9);;(4, 14);1;11834
24;0.75;;(23, 9);;(4, 14);1;11835
24;0.75;;(23, 9);;(4, 14);1;11836
24;0.75;;(23, 9);;(4, 14);1;11837
24;0.75;;(23, 9);;(4, 14);1;11838
24;0.75;;(23, 9);;(4, 14);1;11839
24;0.75;;(23, 9);;(4, 14);1;11840
24;0.75;;(23, 9);;(4, 14);1;11841
24;0.75;;(23, 9);;(4, 14);1;11842
24;0.75;;(23, 9);;(4, 14);1;11843
24;0.75;;(23, 9);;(4, 14);1;11844
24;0.75;;(23, 9);;(4, 14);1;11845
24;0.75;;(23, 9);;(4, 14);1;11846
24;0.75;;(23, 9);;(4, 14);1;11847
24;0.75;;(23, 9);;(4, 14);1;11848
24;0.75;;(23, 9);;(4, 14);1;11849
24;0.75;;(23, 9);;(4, 14);1;11850
24;0.75;;(23, 9);;(4, 14);1;11851
24;0.75;;(23, 9);;(4, 14);1;11852
24;0.75;;(23, 9);;(4, 14);1;11853
24;0.75;;(23, 9);;(4, 14);1;11854
24;0.75;;(23, 9);;(4, 14);1;11855
24;0.75;;(23, 9);;(4, 14);1;11856
24;0.75;;(23, 9);;(4, 14);1;11857
24;0.75;;(23, 9);;(4, 14);1;11858
24;0.75;;(23, 9);;(4, 14);1;11859
24;0.75;;(23, 9);;(4, 14);1;11860
24;0.75;;(23, 9);;(4, 14);1;11861
24;0.75;;(23, 9);;(4, 14);1;11862
24;0.75;;(23, 9);;(4, 14);1;11863
24;0.75;;(23, 9);;(4, 14);1;11864
24;0.75;;(23, 9);;(4, 14);1;11865
24;0.75;;(23, 9);;(4, 14);1;11866
24;0.75;;(23, 9);;(4, 14);1;11867
24;0.75;;(23, 9);;(4, 14);1;11868
24;0.75;;(23, 9);;(4, 14);1;11869
24;0.75;;(23, 9);;(4, 14);1;11870
24;0.75;;(23, 9);;(4, 14);1;11871
24;0.75;;(23, 9);;(4, 14);1;11872
24;0.75;;(23, 9);;(4, 14);1;11873
24;0.75;;(23, 9);;(4, 14);1;11874
24;0.75;;(23, 9);;(4, 14);1;11875
24;0.75;;(23, 9);;(4, 14);1;11876
24;0.75;;(23, 9);;(4, 14);1;11877
24;0.75;;(23, 9);;(4, 14);1;11878
24;0.75;;(23, 9);;(4, 14);1;11879
24;0.75;;(23, 9);;(4, 14);1;11880
24;0.75;;(23, 9);;(4, 14);1;11881
24;0.75;;(23, 9);;(4, 14);1;11882
24;0.75;;(23, 9);;(4, 14);1;11883
24;0.75;;(23, 9);;(4, 14);1;11884
24;0.75;;(23, 9);;(4, 14);1;11885
24;0.75;;(23, 9);;(4, 14);1;11886
24;0.75;;(23, 9);;(4, 14);1;11887
24;0.75;;(23, 9);;(4, 14);1;11888
24;0.75;;(23, 9);;(4, 14);1;11889
24;0.75;;(23, 9);;(4, 14);1;11890
24;0.75;;(23, 9);;(4, 14);1;11891
24;0.75;;(23, 9);;(4, 14);1;11892
24;0.75;;(23, 9);;(4, 14);1;11893
24;0.75;;(23, 9);;(4, 14);1;11894
24;0.75;;(23, 9);;(4, 14);1;11895
24;0.75;;(23, 9);;(4, 14);1;11896
24;0.75;;(23, 9);;(4, 14);1;11897
24;0.75;;(23, 9);;(4, 14);1;11898
24;0.75;;(23, 9);;(4, 14);1;11899
24;0.75;;(23, 9);;(4, 14);1;11900
24;0.75;;(23, 9);;(4, 14);1;11901
24;0.75;;(23, 9);;(4, 14);1;11902
24;0.75;;(23, 9);;(4, 14);1;11903
24;0.75;;(23, 9);;(4, 14);1;11904
24;0.75;;(23, 9);;(4, 14);1;11905
24;0.75;;(23, 9);;(4, 14);1;11906
24;0.75;;(23, 9);;(4, 14);1;11907
24;0.75;;(23, 9);;(4, 14);1;11908
24;0.75;;(23, 9);;(4, 14);1;11909
24;0.75;;(23, 9);;(4, 14);1;11910
24;0.75;;(23, 9);;(4, 14);1;11911
24;0.75;;(23, 9);;(4, 14);1;11912
24;0.75;;(23, 9);;(4, 14);1;11913
24;0.75;;(23, 9);;(4, 14);1;11914
24;0.75;;(23, 9);;(4, 14);1;11915
24;0.75;;(23, 9);;(4, 14);1;11916
24;0.75;;(23, 9);;(4, 14);1;11917
24;0.75;;(23, 9);;(4, 14);1;11918
24;0.75;;(23, 9);;(4, 14);1;11919
24;0.75;;(23, 9);;(4, 14);1;11920
24;0.75;;(23, 9);;(4, 14);1;11921
24;0.75;;(23, 9);;(4, 14);1;11922
24;0.75;;(23, 9);;(4, 14);1;11923
24;0.75;;(23, 9);;(4, 14);1;11924
24;0.75;;(23, 9);;(4, 14);1;11925
24;0.75;;(23, 9);;(4, 14);1;11926
24;0.75;;(23, 9);;(4, 14);1;11927
24;0.75;;(23, 9);;(4, 14);1;11928
24;0.75;;(23, 9);;(4, 14);1;11929
24;0.75;;(23, 9);;(4, 14);1;11930
24;0.75;;(23, 9);;(4, 14);1;11931
24;0.75;;(23, 9);;(4, 14);1;11932
24;0.75;;(23, 9);;(4, 14);1;11933
24;0.75;;(23, 9);;(4, 14);1;11934
24;0.75;;(23, 9);;(4, 14);1;11935
24;0.75;;(23, 9);;(4, 14);1;11936
24;0.75;;(23, 9);;(4, 14);1;11937
24;0.75;;(23, 9);;(4, 14);1;11938
24;0.75;;(23, 9);;(4, 14);1;11939
24;0.75;;(23, 9);;(4, 14);1;11940
24;0.75;;(23, 9);;(4, 14);1;11941
24;0.75;;(23, 9);;(4, 14);1;11942
24;0.75;;(23, 9);;(4, 14);1;11943
24;0.75;;(23, 9);;(4, 14);1;11944
24;0.75;;(23, 9);;(4, 14);1;11945
24;0.75;;(23, 9);;(4, 14);1;11946
24;0.75;;(23, 9);;(4, 14);1;11947
24;0.75;;(23, 9);;(4, 14);1;11948
24;0.75;;(23, 9);;(4, 14);1;11949
24;0.75;;(23, 9);;(4, 14);1;11950
24;0.75;;(23, 9);;(4, 14);1;11951
24;0.75;;(23, 9);;(4, 14);1;11952
24;0.75;;(23, 9);;(4, 14);1;11953
24;0.75;;(23, 9);;(4, 14);1;11954
24;0.75;;(23, 9);;(4, 14);1;11955
24;0.75;;(23, 9);;(4, 14);1;11956
24;0.75;;(23, 9);;(4, 14);1;11957
24;0.75;;(23, 9);;(4, 14);1;11958
24;0.75;;(23, 9);;(4, 14);1;11959
24;0.75;;(23, 9);;(4, 14);1;11960
24;0.75;;(23, 9);;(4, 14);1;11961
24;0.75;;(23, 9);;(4, 14);1;11962
24;0.75;;(23, 9);;(4, 14);1;11963
24;0.75;;(23, 9);;(4, 14);1;11964
24;0.75;;(23, 9);;(4, 14);1;11965
24;0.75;;(23, 9);;(4, 14);1;11966
24;0.75;;(23, 9);;(4, 14);1;11967
24;0.75;;(23, 9);;(4, 14);1;11968
24;0.75;;(23, 9);;(4, 14);1;11969
24;0.75;;(23, 9);;(4, 14);1;11970
24;0.75;;(23, 9);;(4, 14);1;11971
24;0.75;;(23, 9);;(4, 14);1;11972
24;0.75;;(23, 9);;(4, 14);1;11973
24;0.75;;(23, 9);;(4, 14);1;11974
24;0.75;;(23, 9);;(4, 14);1;11975
24;0.75;;(23, 9);;(4, 14);1;11976
24;0.75;;(23, 9);;(4, 14);1;11977
24;0.75;;(23, 9);;(4, 14);1;11978
24;0.75;;(23, 9);;(4, 14);1;11979
24;0.75;;(23, 9);;(4, 14);1;11980
24;0.75;;(23, 9);;(4, 14);1;11981
24;0.75;;(23, 9);;(4, 14);1;11982
24;0.75;;(23, 9);;(4, 14);1;11983
24;0.75;;(23, 9);;(4, 14);1;11984
24;0.75;;(23, 9);;(4, 14);1;11985
24;0.75;;(23, 9);;(4, 14);1;11986
24;0.75;;(23, 9);;(4, 14);1;11987
24;0.75;;(23, 9);;(4, 14);1;11988
24;0.75;;(23, 9);;(4, 14);1;11989
24;0.75;;(23, 9);;(4, 14);1;11990
24;0.75;;(23, 9);;(4, 14);1;11991
24;0.75;;(23, 9);;(4, 14);1;11992
24;0.75;;(23, 9);;(4, 14);1;11993
24;0.75;;(23, 9);;(4, 14);1;11994
24;0.75;;(23, 9);;(4, 14);1;11995
24;0.75;;(23, 9);;(4, 14);1;11996
24;0.75;;(23, 9);;(4, 14);1;11997
24;0.75;;(23, 9);;(4, 14);1;11998
24;0.75;;(23, 9);;(4, 14);1;11999
24;0.75;;(23, 9);;(4, 14);1;12000
24;0.75;;(23, 9);;(4, 14);1;12001
24;0.75;;(23, 9);;(4, 14);1;12002
24;0.75;;(23, 9);;(4, 14);1;12003
24;0.75;;(23, 9);;(4, 14);1;12004
24;0.75;;(23, 9);;(4, 14);1;12005
24;0.75;;(23, 9);;(4, 14);1;12006
24;0.75;;(23, 9);;(4, 14);1;12007
24;0.75;;(23, 9);;(4, 14);1;12008
24;0.75;;(23, 9);;(4, 14);1;12009
24;0.75;;(23, 9);;(4, 14);1;12010
24;0.75;;(23, 9);;(4, 14);1;12011
24;0.75;;(23, 9);;(4, 14);1;12012
24;0.75;;(23, 9);;(4, 14);1;12013
24;0.75;;(23, 9);;(4, 14);1;12014
24;0.75;;(23, 9);;(4, 14);1;12015
24;0.75;;(23, 9);;(4, 14);1;12016
24;0.75;;(23, 9);;(4, 14);1;12017
24;0.75;;(23, 9);;(4, 14);1;12018
24;0.75;;(23, 9);;(4, 14);1;12019
24;0.75;;(23, 9);;(4, 14);1;12020
24;0.75;;(23, 9);;(4, 14);1;12021
24;0.75;;(23, 9);;(4, 14);1;12022
24;0.75;;(23, 9);;(4, 14);1;12023
24;0.75;;(23, 9);;(4, 14);1;12024
24;0.75;;(23, 9);;(4, 14);1;12025
24;0.75;;(23, 9);;(4, 14);1;12026
24;0.75;;(23, 9);;(4, 14);1;12027
24;0.75;;(23, 9);;(4, 14);1;12028
24;0.75;;(23, 9);;(4, 14);1;12029
24;0.75;;(23, 9);;(4, 14);1;12030
24;0.75;;(23, 9);;(4, 14);1;12031
24;0.75;;(23, 9);;(4, 14);1;12032
24;0.75;;(23, 9);;(4, 14);1;12033
24;0.75;;(23, 9);;(4, 14);1;12034
24;0.75;;(23, 9);;(4, 14);1;12035
24;0.75;;(23, 9);;(4, 14);1;12036
24;0.75;;(23, 9);;(4, 14);1;12037
24;0.75;;(23, 9);;(4, 14);1;12038
24;0.75;;(23, 9);;(4, 14);1;12039
24;0.75;;(23, 9);;(4, 14);1;12040
24;0.75;;(23, 9);;(4, 14);1;12041
24;0.75;;(23, 9);;(4, 14);1;12042
24;0.75;;(23, 9);;(4, 14);1;12043
24;0.75;;(23, 9);;(4, 14);1;12044
24;0.75;;(23, 9);;(4, 14);1;12045
24;0.75;;(23, 9);;(4, 14);1;12046
24;0.75;;(23, 9);;(4, 14);1;12047
24;0.75;;(23, 9);;(4, 14);1;12048
24;0.75;;(23, 9);;(4, 14);1;12049
24;0.75;;(23, 9);;(4, 14);1;12050
24;0.75;;(23, 9);;(4, 14);1;12051
24;0.75;;(23, 9);;(4, 14);1;12052
24;0.75;;(23, 9);;(4, 14);1;12053
24;0.75;;(23, 9);;(4, 14);1;12054
24;0.75;;(23, 9);;(4, 14);1;12055
24;0.75;;(23, 9);;(4, 14);1;12056
24;0.75;;(23, 9);;(4, 14);1;12057
24;0.75;;(23, 9);;(4, 14);1;12058
24;0.75;;(23, 9);;(4, 14);1;12059
24;0.75;;(23, 9);;(4, 14);1;12060
24;0.75;;(23, 9);;(4, 14);1;12061
24;0.75;;(23, 9);;(4, 14);1;12062
24;0.75;;(23, 9);;(4, 14);1;12063
24;0.75;;(23, 9);;(4, 14);1;12064
24;0.75;;(23, 9);;(4, 14);1;12065
24;0.75;;(23, 9);;(4, 14);1;12066
24;0.75;;(23, 9);;(4, 14);1;12067
24;0.75;;(23, 9);;(4, 14);1;12068
24;0.75;;(23, 9);;(4, 14);1;12069
24;0.75;;(23, 9);;(4, 14);1;12070
24;0.75;;(23, 9);;(4, 14);1;12071
24;0.75;;(23, 9);;(4, 14);1;12072
24;0.75;;(23, 9);;(4, 14);1;12073
24;0.75;;(23, 9);;(4, 14);1;12074
24;0.75;;(23, 9);;(4, 14);1;12075
24;0.75;;(23, 9);;(4, 14);1;12076
24;0.75;;(23, 9);;(4, 14);1;12077
24;0.75;;(23, 9);;(4, 14);1;12078
24;0.75;;(23, 9);;(4, 14);1;12079
24;0.75;;(23, 9);;(4, 14);1;12080
24;0.75;;(23, 9);;(4, 14);1;12081
24;0.75;;(23, 9);;(4, 14);1;12082
24;0.75;;(23, 9);;(4, 14);1;12083
24;0.75;;(23, 9);;(4, 14);1;12084
24;0.75;;(23, 9);;(4, 14);1;12085
24;0.75;;(23, 9);;(4, 14);1;12086
24;0.75;;(23, 9);;(4, 14);1;12087
24;0.75;;(23, 9);;(4, 14);1;12088
24;0.75;;(23, 9);;(4, 14);1;12089
24;0.75;;(23, 9);;(4, 14);1;12090
24;0.75;;(23, 9);;(4, 14);1;12091
24;0.75;;(23, 9);;(4, 14);1;12092
24;0.75;;(23, 9);;(4, 14);1;12093
24;0.75;;(23, 9);;(4, 14);1;12094
24;0.75;;(23, 9);;(4, 14);1;12095
24;0.75;;(23, 9);;(4, 14);1;12096
24;0.75;;(23, 9);;(4, 14);1;12097
24;0.75;;(23, 9);;(4, 14);1;12098
24;0.75;;(23, 9);;(4, 14);1;12099
24;0.75;;(23, 9);;(4, 14);1;12100
24;0.75;;(23, 9);;(4, 14);1;12101
24;0.75;;(23, 9);;(4, 14);1;12102
24;0.75;;(23, 9);;(4, 14);1;12103
24;0.75;;(23, 9);;(4, 14);1;12104
24;0.75;;(23, 9);;(4, 14);1;12105
24;0.75;;(23, 9);;(4, 14);1;12106
24;0.75;;(23, 9);;(4, 14);1;12107
24;0.75;;(23, 9);;(4, 14);1;12108
24;0.75;;(23, 9);;(4, 14);1;12109
24;0.75;;(23, 9);;(4, 14);1;12110
24;0.75;;(23, 9);;(4, 14);1;12111
24;0.75;;(23, 9);;(4, 14);1;12112
24;0.75;;(23, 9);;(4, 14);1;12113
24;0.75;;(23, 9);;(4, 14);1;12114
24;0.75;;(23, 9);;(4, 14);1;12115
24;0.75;;(23, 9);;(4, 14);1;12116
24;0.75;;(23, 9);;(4, 14);1;12117
24;0.75;;(23, 9);;(4, 14);1;12118
24;0.75;;(23, 9);;(4, 14);1;12119
24;0.75;;(23, 9);;(4, 14);1;12120
24;0.75;;(23, 9);;(4, 14);1;12121
24;0.75;;(23, 9);;(4, 14);1;12122
24;0.75;;(23, 9);;(4, 14);1;12123
24;0.75;;(23, 9);;(4, 14);1;12124
24;0.75;;(23, 9);;(4, 14);1;12125
24;0.75;;(23, 9);;(4, 14);1;12126
24;0.75;;(23, 9);;(4, 14);1;12127
24;0.75;;(23, 9);;(4, 14);1;12128
24;0.75;;(23, 9);;(4, 14);1;12129
24;0.75;;(23, 9);;(4, 14);1;12130
24;0.75;;(23, 9);;(4, 14);1;12131
24;0.75;;(23, 9);;(4, 14);1;12132
24;0.75;;(23, 9);;(4, 14);1;12133
24;0.75;;(23, 9);;(4, 14);1;12134
24;0.75;;(23, 9);;(4, 14);1;12135
24;0.75;;(23, 9);;(4, 14);1;12136
24;0.75;;(23, 9);;(4, 14);1;12137
24;0.75;;(23, 9);;(4, 14);1;12138
24;0.75;;(23, 9);;(4, 14);1;12139
24;0.75;;(23, 9);;(4, 14);1;12140
24;0.75;;(23, 9);;(4, 14);1;12141
24;0.75;;(23, 9);;(4, 14);1;12142
24;0.75;;(23, 9);;(4, 14);1;12143
24;0.75;;(23, 9);;(4, 14);1;12144
24;0.75;;(23, 9);;(4, 14);1;12145
24;0.75;;(23, 9);;(4, 14);1;12146
24;0.75;;(23, 9);;(4, 14);1;12147
24;0.75;;(23, 9);;(4, 14);1;12148
24;0.75;;(23, 9);;(4, 14);1;12149
24;0.75;;(23, 9);;(4, 14);1;12150
24;0.75;;(23, 9);;(4, 14);1;12151
24;0.75;;(23, 9);;(4, 14);1;12152
24;0.75;;(23, 9);;(4, 14);1;12153
24;0.75;;(23, 9);;(4, 14);1;12154
24;0.75;;(23, 9);;(4, 14);1;12155
24;0.75;;(23, 9);;(4, 14);1;12156
24;0.75;;(23, 9);;(4, 14);1;12157
24;0.75;;(23, 9);;(4, 14);1;12158
24;0.75;;(23, 9);;(4, 14);1;12159
24;0.75;;(23, 9);;(4, 14);1;12160
24;0.75;;(23, 9);;(4, 14);1;12161
24;0.75;;(23, 9);;(4, 14);1;12162
24;0.75;;(23, 9);;(4, 14);1;12163
24;0.75;;(23, 9);;(4, 14);1;12164
24;0.75;;(23, 9);;(4, 14);1;12165
24;0.75;;(23, 9);;(4, 14);1;12166
24;0.75;;(23, 9);;(4, 14);1;12167
24;0.75;;(23, 9);;(4, 14);1;12168
24;0.75;;(23, 9);;(4, 14);1;12169
24;0.75;;(23, 9);;(4, 14);1;12170
24;0.75;;(23, 9);;(4, 14);1;12171
24;0.75;;(23, 9);;(4, 14);1;12172
24;0.75;;(23, 9);;(4, 14);1;12173
24;0.75;;(23, 9);;(4, 14);1;12174
24;0.75;;(23, 9);;(4, 14);1;12175
24;0.75;;(23, 9);;(4, 14);1;12176
24;0.75;;(23, 9);;(4, 14);1;12177
24;0.75;;(23, 9);;(4, 14);1;12178
24;0.75;;(23, 9);;(4, 14);1;12179
24;0.75;;(23, 9);;(4, 14);1;12180
24;0.75;;(23, 9);;(4, 14);1;12181
24;0.75;;(23, 9);;(4, 14);1;12182
24;0.75;;(23, 9);;(4, 14);1;12183
24;0.75;;(23, 9);;(4, 14);1;12184
24;0.75;;(23, 9);;(4, 14);1;12185
24;0.75;;(23, 9);;(4, 14);1;12186
24;0.75;;(23, 9);;(4, 14);1;12187
24;0.75;;(23, 9);;(4, 14);1;12188
24;0.75;;(23, 9);;(4, 14);1;12189
24;0.75;;(23, 9);;(4, 14);1;12190
24;0.75;;(23, 9);;(4, 14);1;12191
24;0.75;;(23, 9);;(4, 14);1;12192
24;0.75;;(23, 9);;(4, 14);1;12193
24;0.75;;(23, 9);;(4, 14);1;12194
24;0.75;;(23, 9);;(4, 14);1;12195
24;0.75;;(23, 9);;(4, 14);1;12196
24;0.75;;(23, 9);;(4, 14);1;12197
24;0.75;;(23, 9);;(4, 14);1;12198
24;0.75;;(23, 9);;(4, 14);1;12199
24;0.75;;(23, 9);;(4, 14);1;12200
24;0.75;;(23, 9);;(4, 14);1;12201
24;0.75;;(23, 9);;(4, 14);1;12202
24;0.75;;(23, 9);;(4, 14);1;12203
24;0.75;;(23, 9);;(4, 14);1;12204
24;0.75;;(23, 9);;(4, 14);1;12205
24;0.75;;(23, 9);;(4, 14);1;12206
24;0.75;;(23, 9);;(4, 14);1;12207
24;0.75;;(23, 9);;(4, 14);1;12208
24;0.75;;(23, 9);;(4, 14);1;12209
24;0.75;;(23, 9);;(4, 14);1;12210
24;0.75;;(23, 9);;(4, 14);1;12211
24;0.75;;(23, 9);;(4, 14);1;12212
24;0.75;;(23, 9);;(4, 14);1;12213
24;0.75;;(23, 9);;(4, 14);1;12214
24;0.75;;(23, 9);;(4, 14);1;12215
24;0.75;;(23, 9);;(4, 14);1;12216
24;0.75;;(23, 9);;(4, 14);1;12217
24;0.75;;(23, 9);;(4, 14);1;12218
24;0.75;;(23, 9);;(4, 14);1;12219
24;0.75;;(23, 9);;(4, 14);1;12220
24;0.75;;(23, 9);;(4, 14);1;12221
24;0.75;;(23, 9);;(4, 14);1;12222
24;0.75;;(23, 9);;(4, 14);1;12223
24;0.75;;(23, 9);;(4, 14);1;12224
24;0.75;;(23, 9);;(4, 14);1;12225
24;0.75;;(23, 9);;(4, 14);1;12226
24;0.75;;(23, 9);;(4, 14);1;12227
24;0.75;;(23, 9);;(4, 14);1;12228
24;0.75;;(23, 9);;(4, 14);1;12229
24;0.75;;(23, 9);;(4, 14);1;12230
24;0.75;;(23, 9);;(4, 14);1;12231
24;0.75;;(23, 9);;(4, 14);1;12232
24;0.75;;(23, 9);;(4, 14);1;12233
24;0.75;;(23, 9);;(4, 14);1;12234
24;0.75;;(23, 9);;(4, 14);1;12235
24;0.75;;(23, 9);;(4, 14);1;12236
24;0.75;;(23, 9);;(4, 14);1;12237
24;0.75;;(23, 9);;(4, 14);1;12238
24;0.75;;(23, 9);;(4, 14);1;12239
24;0.75;;(23, 9);;(4, 14);1;12240
24;0.75;;(23, 9);;(4, 14);1;12241
24;0.75;;(23, 9);;(4, 14);1;12242
24;0.75;;(23, 9);;(4, 14);1;12243
24;0.75;;(23, 9);;(4, 14);1;12244
24;0.75;;(23, 9);;(4, 14);1;12245
24;0.75;;(23, 9);;(4, 14);1;12246
24;0.75;;(23, 9);;(4, 14);1;12247
24;0.75;;(23, 9);;(4, 14);1;12248
24;0.75;;(23, 9);;(4, 14);1;12249
24;0.75;;(23, 9);;(4, 14);1;12250
24;0.75;;(23, 9);;(4, 14);1;12251
24;0.75;;(23, 9);;(4, 14);1;12252
24;0.75;;(23, 9);;(4, 14);1;12253
24;0.75;;(23, 9);;(4, 14);1;12254
24;0.75;;(23, 9);;(4, 14);1;12255
24;0.75;;(23, 9);;(4, 14);1;12256
24;0.75;;(23, 9);;(4, 14);1;12257
24;0.75;;(23, 9);;(4, 14);1;12258
24;0.75;;(23, 9);;(4, 14);1;12259
24;0.75;;(23, 9);;(4, 14);1;12260
24;0.75;;(23, 9);;(4, 14);1;12261
24;0.75;;(23, 9);;(4, 14);1;12262
24;0.75;;(23, 9);;(4, 14);1;12263
24;0.75;;(23, 9);;(4, 14);1;12264
24;0.75;;(23, 9);;(4, 14);1;12265
24;0.75;;(23, 9);;(4, 14);1;12266
24;0.75;;(23, 9);;(4, 14);1;12267
24;0.75;;(23, 9);;(4, 14);1;12268
24;0.75;;(23, 9);;(4, 14);1;12269
24;0.75;;(23, 9);;(4, 14);1;12270
24;0.75;;(23, 9);;(4, 14);1;12271
24;0.75;;(23, 9);;(4, 14);1;12272
24;0.75;;(23, 9);;(4, 14);1;12273
24;0.75;;(23, 9);;(4, 14);1;12274
24;0.75;;(23, 9);;(4, 14);1;12275
24;0.75;;(23, 9);;(4, 14);1;12276
24;0.75;;(23, 9);;(4, 14);1;12277
24;0.75;;(23, 9);;(4, 14);1;12278
24;0.75;;(23, 9);;(4, 14);1;12279
24;0.75;;(23, 9);;(4, 14);1;12280
24;0.75;;(23, 9);;(4, 14);1;12281
24;0.75;;(23, 9);;(4, 14);1;12282
24;0.75;;(23, 9);;(4, 14);1;12283
24;0.75;;(23, 9);;(4, 14);1;12284
24;0.75;;(23, 9);;(4, 14);1;12285
24;0.75;;(23, 9);;(4, 14);1;12286
24;0.75;;(23, 9);;(4, 14);1;12287
24;0.75;;(23, 9);;(4, 14);1;12288
24;0.75;;(23, 9);;(4, 14);1;12289
24;0.75;;(23, 9);;(4, 14);1;12290
24;0.75;;(23, 9);;(4, 14);1;12291
24;0.75;;(23, 9);;(4, 14);1;12292
24;0.75;;(23, 9);;(4, 14);1;12293
24;0.75;;(23, 9);;(4, 14);1;12294
24;0.75;;(23, 9);;(4, 14);1;12295
24;0.75;;(23, 9);;(4, 14);1;12296
24;0.75;;(23, 9);;(4, 14);1;12297
24;0.75;;(23, 9);;(4, 14);1;12298
24;0.75;;(23, 9);;(4, 14);1;12299
24;0.75;;(23, 9);;(4, 14);1;12300
24;0.75;;(23, 9);;(4, 14);1;12301
24;0.75;;(23, 9);;(4, 14);1;12302
24;0.75;;(23, 9);;(4, 14);1;12303
24;0.75;;(23, 9);;(4, 14);1;12304
24;0.75;;(23, 9);;(4, 14);1;12305
24;0.75;;(23, 9);;(4, 14);1;12306
24;0.75;;(23, 9);;(4, 14);1;12307
24;0.75;;(23, 9);;(4, 14);1;12308
24;0.75;;(23, 9);;(4, 14);1;12309
24;0.75;;(23, 9);;(4, 14);1;12310
24;0.75;;(23, 9);;(4, 14);1;12311
24;0.75;;(23, 9);;(4, 14);1;12312
24;0.75;;(23, 9);;(4, 14);1;12313
24;0.75;;(23, 9);;(4, 14);1;12314
24;0.75;;(23, 9);;(4, 14);1;12315
24;0.75;;(23, 9);;(4, 14);1;12316
24;0.75;;(23, 9);;(4, 14);1;12317
24;0.75;;(23, 9);;(4, 14);1;12318
24;0.75;;(23, 9);;(4, 14);1;12319
24;0.75;;(23, 9);;(4, 14);1;12320
24;0.75;;(23, 9);;(4, 14);1;12321
24;0.75;;(23, 9);;(4, 14);1;12322
24;0.75;;(23, 9);;(4, 14);1;12323
24;0.75;;(23, 9);;(4, 14);1;12324
24;0.75;;(23, 9);;(4, 14);1;12325
24;0.75;;(23, 9);;(4, 14);1;12326
24;0.75;;(23, 9);;(4, 14);1;12327
24;0.75;;(23, 9);;(4, 14);1;12328
24;0.75;;(23, 9);;(4, 14);1;12329
24;0.75;;(23, 9);;(4, 14);1;12330
24;0.75;;(23, 9);;(4, 14);1;12331
24;0.75;;(23, 9);;(4, 14);1;12332
24;0.75;;(23, 9);;(4, 14);1;12333
24;0.75;;(23, 9);;(4, 14);1;12334
24;0.75;;(23, 9);;(4, 14);1;12335
24;0.75;;(23, 9);;(4, 14);1;12336
24;0.75;;(23, 9);;(4, 14);1;12337
24;0.75;;(23, 9);;(4, 14);1;12338
24;0.75;;(23, 9);;(4, 14);1;12339
24;0.75;;(23, 9);;(4, 14);1;12340
24;0.75;;(23, 9);;(4, 14);1;12341
24;0.75;;(23, 9);;(4, 14);1;12342
24;0.75;;(23, 9);;(4, 14);1;12343
24;0.75;;(23, 9);;(4, 14);1;12344
24;0.75;;(23, 9);;(4, 14);1;12345
24;0.75;;(23, 9);;(4, 14);1;12346
24;0.75;;(23, 9);;(4, 14);1;12347
24;0.75;;(23, 9);;(4, 14);1;12348
24;0.75;;(23, 9);;(4, 14);1;12349
24;0.75;;(23, 9);;(4, 14);1;12350
24;0.75;;(23, 9);;(4, 14);1;12351
24;0.75;;(23, 9);;(4, 14);1;12352
24;0.75;;(23, 9);;(4, 14);1;12353
24;0.75;;(23, 9);;(4, 14);1;12354
24;0.75;;(23, 9);;(4, 14);1;12355
24;0.75;;(23, 9);;(4, 14);1;12356
24;0.75;;(23, 9);;(4, 14);1;12357
24;0.75;;(23, 9);;(4, 14);1;12358
24;0.75;;(23, 9);;(4, 14);1;12359
24;0.75;;(23, 9);;(4, 14);1;12360
24;0.75;;(23, 9);;(4, 14);1;12361
24;0.75;;(23, 9);;(4, 14);1;12362
24;0.75;;(23, 9);;(4, 14);1;12363
24;0.75;;(23, 9);;(4, 14);1;12364
24;0.75;;(23, 9);;(4, 14);1;12365
24;0.75;;(23, 9);;(4, 14);1;12366
24;0.75;;(23, 9);;(4, 14);1;12367
24;0.75;;(23, 9);;(4, 14);1;12368
24;0.75;;(23, 9);;(4, 14);1;12369
24;0.75;;(23, 9);;(4, 14);1;12370
24;0.75;;(23, 9);;(4, 14);1;12371
24;0.75;;(23, 9);;(4, 14);1;12372
24;0.75;;(23, 9);;(4, 14);1;12373
24;0.75;;(23, 9);;(4, 14);1;12374
24;0.75;;(23, 9);;(4, 14);1;12375
24;0.75;;(23, 9);;(4, 14);1;12376
24;0.75;;(23, 9);;(4, 14);1;12377
24;0.75;;(23, 9);;(4, 14);1;12378
24;0.75;;(23, 9);;(4, 14);1;12379
24;0.75;;(23, 9);;(4, 14);1;12380
24;0.75;;(23, 9);;(4, 14);1;12381
24;0.75;;(23, 9);;(4, 14);1;12382
24;0.75;;(23, 9);;(4, 14);1;12383
24;0.75;;(23, 9);;(4, 14);1;12384
24;0.75;;(23, 9);;(4, 14);1;12385
24;0.75;;(23, 9);;(4, 14);1;12386
24;0.75;;(23, 9);;(4, 14);1;12387
24;0.75;;(23, 9);;(4, 14);1;12388
24;0.75;;(23, 9);;(4, 14);1;12389
24;0.75;;(23, 9);;(4, 14);1;12390
24;0.75;;(23, 9);;(4, 14);1;12391
24;0.75;;(23, 9);;(4, 14);1;12392
24;0.75;;(23, 9);;(4, 14);1;12393
24;0.75;;(23, 9);;(4, 14);1;12394
24;0.75;;(23, 9);;(4, 14);1;12395
24;0.75;;(23, 9);;(4, 14);1;12396
24;0.75;;(23, 9);;(4, 14);1;12397
24;0.75;;(23, 9);;(4, 14);1;12398
24;0.75;;(23, 9);;(4, 14);1;12399
24;0.75;;(23, 9);;(4, 14);1;12400
24;0.75;;(23, 9);;(4, 14);1;12401
24;0.75;;(23, 9);;(4, 14);1;12402
24;0.75;;(23, 9);;(4, 14);1;12403
24;0.75;;(23, 9);;(4, 14);1;12404
24;0.75;;(23, 9);;(4, 14);1;12405
24;0.75;;(23, 9);;(4, 14);1;12406
24;0.75;;(23, 9);;(4, 14);1;12407
24;0.75;;(23, 9);;(4, 14);1;12408
24;0.75;;(23, 9);;(4, 14);1;12409
24;0.75;;(23, 9);;(4, 14);1;12410
24;0.75;;(23, 9);;(4, 14);1;12411
24;0.75;;(23, 9);;(4, 14);1;12412
24;0.75;;(23, 9);;(4, 14);1;12413
24;0.75;;(23, 9);;(4, 14);1;12414
24;0.75;;(23, 9);;(4, 14);1;12415
24;0.75;;(23, 9);;(4, 14);1;12416
24;0.75;;(23, 9);;(4, 14);1;12417
24;0.75;;(23, 9);;(4, 14);1;12418
24;0.75;;(23, 9);;(4, 14);1;12419
24;0.75;;(23, 9);;(4, 14);1;12420
24;0.75;;(23, 9);;(4, 14);1;12421
24;0.75;;(23, 9);;(4, 14);1;12422
24;0.75;;(23, 9);;(4, 14);1;12423
24;0.75;;(23, 9);;(4, 14);1;12424
24;0.75;;(23, 9);;(4, 14);1;12425
24;0.75;;(23, 9);;(4, 14);1;12426
24;0.75;;(23, 9);;(4, 14);1;12427
24;0.75;;(23, 9);;(4, 14);1;12428
24;0.75;;(23, 9);;(4, 14);1;12429
24;0.75;;(23, 9);;(4, 14);1;12430
24;0.75;;(23, 9);;(4, 14);1;12431
24;0.75;;(23, 9);;(4, 14);1;12432
24;0.75;;(23, 9);;(4, 14);1;12433
24;0.75;;(23, 9);;(4, 14);1;12434
24;0.75;;(23, 9);;(4, 14);1;12435
24;0.75;;(23, 9);;(4, 14);1;12436
24;0.75;;(23, 9);;(4, 14);1;12437
24;0.75;;(23, 9);;(4, 14);1;12438
24;0.75;;(23, 9);;(4, 14);1;12439
24;0.75;;(23, 9);;(4, 14);1;12440
24;0.75;;(23, 9);;(4, 14);1;12441
24;0.75;;(23, 9);;(4, 14);1;12442
24;0.75;;(23, 9);;(4, 14);1;12443
24;0.75;;(23, 9);;(4, 14);1;12444
24;0.75;;(23, 9);;(4, 14);1;12445
24;0.75;;(23, 9);;(4, 14);1;12446
24;0.75;;(23, 9);;(4, 14);1;12447
24;0.75;;(23, 9);;(4, 14);1;12448
24;0.75;;(23, 9);;(4, 14);1;12449
24;0.75;;(23, 9);;(4, 14);1;12450
24;0.75;;(23, 9);;(4, 14);1;12451
24;0.75;;(23, 9);;(4, 14);1;12452
24;0.75;;(23, 9);;(4, 14);1;12453
24;0.75;;(23, 9);;(4, 14);1;12454
24;0.75;;(23, 9);;(4, 14);1;12455
24;0.75;;(23, 9);;(4, 14);1;12456
24;0.75;;(23, 9);;(4, 14);1;12457
24;0.75;;(23, 9);;(4, 14);1;12458
24;0.75;;(23, 9);;(4, 14);1;12459
24;0.75;;(23, 9);;(4, 14);1;12460
24;0.75;;(23, 9);;(4, 14);1;12461
24;0.75;;(23, 9);;(4, 14);1;12462
24;0.75;;(23, 9);;(4, 14);1;12463
24;0.75;;(23, 9);;(4, 14);1;12464
24;0.75;;(23, 9);;(4, 14);1;12465
24;0.75;;(23, 9);;(4, 14);1;12466
24;0.75;;(23, 9);;(4, 14);1;12467
24;0.75;;(23, 9);;(4, 14);1;12468
24;0.75;;(23, 9);;(4, 14);1;12469
24;0.75;;(23, 9);;(4, 14);1;12470
24;0.75;;(23, 9);;(4, 14);1;12471
24;0.75;;(23, 9);;(4, 14);1;12472
24;0.75;;(23, 9);;(4, 14);1;12473
24;0.75;;(23, 9);;(4, 14);1;12474
24;0.75;;(23, 9);;(4, 14);1;12475
24;0.75;;(23, 9);;(4, 14);1;12476
24;0.75;;(23, 9);;(4, 14);1;12477
24;0.75;;(23, 9);;(4, 14);1;12478
24;0.75;;(23, 9);;(4, 14);1;12479
24;0.75;;(23, 9);;(4, 14);1;12480
24;0.75;;(23, 9);;(4, 14);1;12481
24;0.75;;(23, 9);;(4, 14);1;12482
24;0.75;;(23, 9);;(4, 14);1;12483
24;0.75;;(23, 9);;(4, 14);1;12484
24;0.75;;(23, 9);;(4, 14);1;12485
24;0.75;;(23, 9);;(4, 14);1;12486
24;0.75;;(23, 9);;(4, 14);1;12487
24;0.75;;(23, 9);;(4, 14);1;12488
24;0.75;;(23, 9);;(4, 14);1;12489
24;0.75;;(23, 9);;(4, 14);1;12490
24;0.75;;(23, 9);;(4, 14);1;12491
24;0.75;;(23, 9);;(4, 14);1;12492
24;0.75;;(23, 9);;(4, 14);1;12493
24;0.75;;(23, 9);;(4, 14);1;12494
24;0.75;;(23, 9);;(4, 14);1;12495
24;0.75;;(23, 9);;(4, 14);1;12496
24;0.75;;(23, 9);;(4, 14);1;12497
24;0.75;;(23, 9);;(4, 14);1;12498
24;0.75;;(23, 9);;(4, 14);1;12499
24;0.75;;(23, 9);;(4, 14);1;12500
24;0.75;;(23, 9);;(4, 14);1;12501
24;0.75;;(23, 9);;(4, 14);1;12502
24;0.75;;(23, 9);;(4, 14);1;12503
24;0.75;;(23, 9);;(4, 14);1;12504
24;0.75;;(23, 9);;(4, 14);1;12505
24;0.75;;(23, 9);;(4, 14);1;12506
24;0.75;;(23, 9);;(4, 14);1;12507
24;0.75;;(23, 9);;(4, 14);1;12508
24;0.75;;(23, 9);;(4, 14);1;12509
24;0.75;;(23, 9);;(4, 14);1;12510
24;0.75;;(23, 9);;(4, 14);1;12511
24;0.75;;(23, 9);;(4, 14);1;12512
24;0.75;;(23, 9);;(4, 14);1;12513
24;0.75;;(23, 9);;(4, 14);1;12514
24;0.75;;(23, 9);;(4, 14);1;12515
24;0.75;;(23, 9);;(4, 14);1;12516
24;0.75;;(23, 9);;(4, 14);1;12517
24;0.75;;(23, 9);;(4, 14);1;12518
24;0.75;;(23, 9);;(4, 14);1;12519
24;0.75;;(23, 9);;(4, 14);1;12520
24;0.75;;(23, 9);;(4, 14);1;12521
24;0.75;;(23, 9);;(4, 14);1;12522
24;0.75;;(23, 9);;(4, 14);1;12523
24;0.75;;(23, 9);;(4, 14);1;12524
24;0.75;;(23, 9);;(4, 14);1;12525
24;0.75;;(23, 9);;(4, 14);1;12526
24;0.75;;(23, 9);;(4, 14);1;12527
24;0.75;;(23, 9);;(4, 14);1;12528
24;0.75;;(23, 9);;(4, 14);1;12529
24;0.75;;(23, 9);;(4, 14);1;12530
24;0.75;;(23, 9);;(4, 14);1;12531
24;0.75;;(23, 9);;(4, 14);1;12532
24;0.75;;(23, 9);;(4, 14);1;12533
24;0.75;;(23, 9);;(4, 14);1;12534
24;0.75;;(23, 9);;(4, 14);1;12535
24;0.75;;(23, 9);;(4, 14);1;12536
24;0.75;;(23, 9);;(4, 14);1;12537
24;0.75;;(23, 9);;(4, 14);1;12538
24;0.75;;(23, 9);;(4, 14);1;12539
24;0.75;;(23, 9);;(4, 14);1;12540
24;0.75;;(23, 9);;(4, 14);1;12541
24;0.75;;(23, 9);;(4, 14);1;12542
24;0.75;;(23, 9);;(4, 14);1;12543
24;0.75;;(23, 9);;(4, 14);1;12544
24;0.75;;(23, 9);;(4, 14);1;12545
24;0.75;;(23, 9);;(4, 14);1;12546
24;0.75;;(23, 9);;(4, 14);1;12547
24;0.75;;(23, 9);;(4, 14);1;12548
24;0.75;;(23, 9);;(4, 14);1;12549
24;0.75;;(23, 9);;(4, 14);1;12550
24;0.75;;(23, 9);;(4, 14);1;12551
24;0.75;;(23, 9);;(4, 14);1;12552
24;0.75;;(23, 9);;(4, 14);1;12553
24;0.75;;(23, 9);;(4, 14);1;12554
24;0.75;;(23, 9);;(4, 14);1;12555
24;0.75;;(23, 9);;(4, 14);1;12556
24;0.75;;(23, 9);;(4, 14);1;12557
24;0.75;;(23, 9);;(4, 14);1;12558
24;0.75;;(23, 9);;(4, 14);1;12559
24;0.75;;(23, 9);;(4, 14);1;12560
24;0.75;;(23, 9);;(4, 14);1;12561
24;0.75;;(23, 9);;(4, 14);1;12562
24;0.75;;(23, 9);;(4, 14);1;12563
24;0.75;;(23, 9);;(4, 14);1;12564
24;0.75;;(23, 9);;(4, 14);1;12565
24;0.75;;(23, 9);;(4, 14);1;12566
24;0.75;;(23, 9);;(4, 14);1;12567
24;0.75;;(23, 9);;(4, 14);1;12568
24;0.75;;(23, 9);;(4, 14);1;12569
24;0.75;;(23, 9);;(4, 14);1;12570
24;0.75;;(23, 9);;(4, 14);1;12571
24;0.75;;(23, 9);;(4, 14);1;12572
24;0.75;;(23, 9);;(4, 14);1;12573
24;0.75;;(23, 9);;(4, 14);1;12574
24;0.75;;(23, 9);;(4, 14);1;12575
24;0.75;;(23, 9);;(4, 14);1;12576
24;0.75;;(23, 9);;(4, 14);1;12577
24;0.75;;(23, 9);;(4, 14);1;12578
24;0.75;;(23, 9);;(4, 14);1;12579
24;0.75;;(23, 9);;(4, 14);1;12580
24;0.75;;(23, 9);;(4, 14);1;12581
24;0.75;;(23, 9);;(4, 14);1;12582
24;0.75;;(23, 9);;(4, 14);1;12583
24;0.75;;(23, 9);;(4, 14);1;12584
24;0.75;;(23, 9);;(4, 14);1;12585
24;0.75;;(23, 9);;(4, 14);1;12586
24;0.75;;(23, 9);;(4, 14);1;12587
24;0.75;;(23, 9);;(4, 14);1;12588
24;0.75;;(23, 9);;(4, 14);1;12589
24;0.75;;(23, 9);;(4, 14);1;12590
24;0.75;;(23, 9);;(4, 14);1;12591
24;0.75;;(23, 9);;(4, 14);1;12592
24;0.75;;(23, 9);;(4, 14);1;12593
24;0.75;;(23, 9);;(4, 14);1;12594
24;0.75;;(23, 9);;(4, 14);1;12595
24;0.75;;(23, 9);;(4, 14);1;12596
24;0.75;;(23, 9);;(4, 14);1;12597
24;0.75;;(23, 9);;(4, 14);1;12598
24;0.75;;(23, 9);;(4, 14);1;12599
24;0.75;;(23, 9);;(4, 14);1;12600
24;0.75;;(23, 9);;(4, 14);1;12601
24;0.75;;(23, 9);;(4, 14);1;12602
24;0.75;;(23, 9);;(4, 14);1;12603
24;0.75;;(23, 9);;(4, 14);1;12604
24;0.75;;(23, 9);;(4, 14);1;12605
24;0.75;;(23, 9);;(4, 14);1;12606
24;0.75;;(23, 9);;(4, 14);1;12607
24;0.75;;(23, 9);;(4, 14);1;12608
24;0.75;;(23, 9);;(4, 14);1;12609
24;0.75;;(23, 9);;(4, 14);1;12610
24;0.75;;(23, 9);;(4, 14);1;12611
24;0.75;;(23, 9);;(4, 14);1;12612
24;0.75;;(23, 9);;(4, 14);1;12613
24;0.75;;(23, 9);;(4, 14);1;12614
24;0.75;;(23, 9);;(4, 14);1;12615
24;0.75;;(23, 9);;(4, 14);1;12616
24;0.75;;(23, 9);;(4, 14);1;12617
24;0.75;;(23, 9);;(4, 14);1;12618
24;0.75;;(23, 9);;(4, 14);1;12619
24;0.75;;(23, 9);;(4, 14);1;12620
24;0.75;;(23, 9);;(4, 14);1;12621
24;0.75;;(23, 9);;(4, 14);1;12622
24;0.75;;(23, 9);;(4, 14);1;12623
24;0.75;;(23, 9);;(4, 14);1;12624
24;0.75;;(23, 9);;(4, 14);1;12625
24;0.75;;(23, 9);;(4, 14);1;12626
24;0.75;;(23, 9);;(4, 14);1;12627
24;0.75;;(23, 9);;(4, 14);1;12628
24;0.75;;(23, 9);;(4, 14);1;12629
24;0.75;;(23, 9);;(4, 14);1;12630
24;0.75;;(23, 9);;(4, 14);1;12631
24;0.75;;(23, 9);;(4, 14);1;12632
24;0.75;;(23, 9);;(4, 14);1;12633
24;0.75;;(23, 9);;(4, 14);1;12634
24;0.75;;(23, 9);;(4, 14);1;12635
24;0.75;;(23, 9);;(4, 14);1;12636
24;0.75;;(23, 9);;(4, 14);1;12637
24;0.75;;(23, 9);;(4, 14);1;12638
24;0.75;;(23, 9);;(4, 14);1;12639
24;0.75;;(23, 9);;(4, 14);1;12640
24;0.75;;(23, 9);;(4, 14);1;12641
24;0.75;;(23, 9);;(4, 14);1;12642
24;0.75;;(23, 9);;(4, 14);1;12643
24;0.75;;(23, 9);;(4, 14);1;12644
24;0.75;;(23, 9);;(4, 14);1;12645
24;0.75;;(23, 9);;(4, 14);1;12646
24;0.75;;(23, 9);;(4, 14);1;12647
24;0.75;;(23, 9);;(4, 14);1;12648
24;0.75;;(23, 9);;(4, 14);1;12649
24;0.75;;(23, 9);;(4, 14);1;12650
24;0.75;;(23, 9);;(4, 14);1;12651
24;0.75;;(23, 9);;(4, 14);1;12652
24;0.75;;(23, 9);;(4, 14);1;12653
24;0.75;;(23, 9);;(4, 14);1;12654
24;0.75;;(23, 9);;(4, 14);1;12655
24;0.75;;(23, 9);;(4, 14);1;12656
24;0.75;;(23, 9);;(4, 14);1;12657
24;0.75;;(23, 9);;(4, 14);1;12658
24;0.75;;(23, 9);;(4, 14);1;12659
24;0.75;;(23, 9);;(4, 14);1;12660
24;0.75;;(23, 9);;(4, 14);1;12661
24;0.75;;(23, 9);;(4, 14);1;12662
24;0.75;;(23, 9);;(4, 14);1;12663
24;0.75;;(23, 9);;(4, 14);1;12664
24;0.75;;(23, 9);;(4, 14);1;12665
24;0.75;;(23, 9);;(4, 14);1;12666
24;0.75;;(23, 9);;(4, 14);1;12667
24;0.75;;(23, 9);;(4, 14);1;12668
24;0.75;;(23, 9);;(4, 14);1;12669
24;0.75;;(23, 9);;(4, 14);1;12670
24;0.75;;(23, 9);;(4, 14);1;12671
24;0.75;;(23, 9);;(4, 14);1;12672
24;0.75;;(23, 9);;(4, 14);1;12673
24;0.75;;(23, 9);;(4, 14);1;12674
24;0.75;;(23, 9);;(4, 14);1;12675
24;0.75;;(23, 9);;(4, 14);1;12676
24;0.75;;(23, 9);;(4, 14);1;12677
24;0.75;;(23, 9);;(4, 14);1;12678
24;0.75;;(23, 9);;(4, 14);1;12679
24;0.75;;(23, 9);;(4, 14);1;12680
24;0.75;;(23, 9);;(4, 14);1;12681
24;0.75;;(23, 9);;(4, 14);1;12682
24;0.75;;(23, 9);;(4, 14);1;12683
24;0.75;;(23, 9);;(4, 14);1;12684
24;0.75;;(23, 9);;(4, 14);1;12685
24;0.75;;(23, 9);;(4, 14);1;12686
24;0.75;;(23, 9);;(4, 14);1;12687
24;0.75;;(23, 9);;(4, 14);1;12688
24;0.75;;(23, 9);;(4, 14);1;12689
24;0.75;;(23, 9);;(4, 14);1;12690
24;0.75;;(23, 9);;(4, 14);1;12691
24;0.75;;(23, 9);;(4, 14);1;12692
24;0.75;;(23, 9);;(4, 14);1;12693
24;0.75;;(23, 9);;(4, 14);1;12694
24;0.75;;(23, 9);;(4, 14);1;12695
24;0.75;;(23, 9);;(4, 14);1;12696
24;0.75;;(23, 9);;(4, 14);1;12697
24;0.75;;(23, 9);;(4, 14);1;12698
24;0.75;;(23, 9);;(4, 14);1;12699
24;0.75;;(23, 9);;(4, 14);1;12700
24;0.75;;(23, 9);;(4, 14);1;12701
24;0.75;;(23, 9);;(4, 14);1;12702
24;0.75;;(23, 9);;(4, 14);1;12703
24;0.75;;(23, 9);;(4, 14);1;12704
24;0.75;;(23, 9);;(4, 14);1;12705
24;0.75;;(23, 9);;(4, 14);1;12706
24;0.75;;(23, 9);;(4, 14);1;12707
24;0.75;;(23, 9);;(4, 14);1;12708
24;0.75;;(23, 9);;(4, 14);1;12709
24;0.75;;(23, 9);;(4, 14);1;12710
24;0.75;;(23, 9);;(4, 14);1;12711
24;0.75;;(23, 9);;(4, 14);1;12712
24;0.75;;(23, 9);;(4, 14);1;12713
24;0.75;;(23, 9);;(4, 14);1;12714
24;0.75;;(23, 9);;(4, 14);1;12715
24;0.75;;(23, 9);;(4, 14);1;12716
24;0.75;;(23, 9);;(4, 14);1;12717
24;0.75;;(23, 9);;(4, 14);1;12718
24;0.75;;(23, 9);;(4, 14);1;12719
24;0.75;;(23, 9);;(4, 14);1;12720
24;0.75;;(23, 9);;(4, 14);1;12721
24;0.75;;(23, 9);;(4, 14);1;12722
24;0.75;;(23, 9);;(4, 14);1;12723
24;0.75;;(23, 9);;(4, 14);1;12724
24;0.75;;(23, 9);;(4, 14);1;12725
24;0.75;;(23, 9);;(4, 14);1;12726
24;0.75;;(23, 9);;(4, 14);1;12727
24;0.75;;(23, 9);;(4, 14);1;12728
24;0.75;;(23, 9);;(4, 14);1;12729
24;0.75;;(23, 9);;(4, 14);1;12730
24;0.75;;(23, 9);;(4, 14);1;12731
24;0.75;;(23, 9);;(4, 14);1;12732
24;0.75;;(23, 9);;(4, 14);1;12733
24;0.75;;(23, 9);;(4, 14);1;12734
24;0.75;;(23, 9);;(4, 14);1;12735
24;0.75;;(23, 9);;(4, 14);1;12736
24;0.75;;(23, 9);;(4, 14);1;12737
24;0.75;;(23, 9);;(4, 14);1;12738
24;0.75;;(23, 9);;(4, 14);1;12739
24;0.75;;(23, 9);;(4, 14);1;12740
24;0.75;;(23, 9);;(4, 14);1;12741
24;0.75;;(23, 9);;(4, 14);1;12742
24;0.75;;(23, 9);;(4, 14);1;12743
24;0.75;;(23, 9);;(4, 14);1;12744
24;0.75;;(23, 9);;(4, 14);1;12745
24;0.75;;(23, 9);;(4, 14);1;12746
24;0.75;;(23, 9);;(4, 14);1;12747
24;0.75;;(23, 9);;(4, 14);1;12748
24;0.75;;(23, 9);;(4, 14);1;12749
24;0.75;;(23, 9);;(4, 14);1;12750
24;0.75;;(23, 9);;(4, 14);1;12751
24;0.75;;(23, 9);;(4, 14);1;12752
24;0.75;;(23, 9);;(4, 14);1;12753
24;0.75;;(23, 9);;(4, 14);1;12754
24;0.75;;(23, 9);;(4, 14);1;12755
24;0.75;;(23, 9);;(4, 14);1;12756
24;0.75;;(23, 9);;(4, 14);1;12757
24;0.75;;(23, 9);;(4, 14);1;12758
24;0.75;;(23, 9);;(4, 14);1;12759
24;0.75;;(23, 9);;(4, 14);1;12760
24;0.75;;(23, 9);;(4, 14);1;12761
24;0.75;;(23, 9);;(4, 14);1;12762
24;0.75;;(23, 9);;(4, 14);1;12763
24;0.75;;(23, 9);;(4, 14);1;12764
24;0.75;;(23, 9);;(4, 14);1;12765
24;0.75;;(23, 9);;(4, 14);1;12766
24;0.75;;(23, 9);;(4, 14);1;12767
24;0.75;;(23, 9);;(4, 14);1;12768
24;0.75;;(23, 9);;(4, 14);1;12769
24;0.75;;(23, 9);;(4, 14);1;12770
24;0.75;;(23, 9);;(4, 14);1;12771
24;0.75;;(23, 9);;(4, 14);1;12772
24;0.75;;(23, 9);;(4, 14);1;12773
24;0.75;;(23, 9);;(4, 14);1;12774
24;0.75;;(23, 9);;(4, 14);1;12775
24;0.75;;(23, 9);;(4, 14);1;12776
24;0.75;;(23, 9);;(4, 14);1;12777
24;0.75;;(23, 9);;(4, 14);1;12778
24;0.75;;(23, 9);;(4, 14);1;12779
24;0.75;;(23, 9);;(4, 14);1;12780
24;0.75;;(23, 9);;(4, 14);1;12781
24;0.75;;(23, 9);;(4, 14);1;12782
24;0.75;;(23, 9);;(4, 14);1;12783
24;0.75;;(23, 9);;(4, 14);1;12784
24;0.75;;(23, 9);;(4, 14);1;12785
24;0.75;;(23, 9);;(4, 14);1;12786
24;0.75;;(23, 9);;(4, 14);1;12787
24;0.75;;(23, 9);;(4, 14);1;12788
24;0.75;;(23, 9);;(4, 14);1;12789
24;0.75;;(23, 9);;(4, 14);1;12790
24;0.75;;(23, 9);;(4, 14);1;12791
24;0.75;;(23, 9);;(4, 14);1;12792
24;0.75;;(23, 9);;(4, 14);1;12793
24;0.75;;(23, 9);;(4, 14);1;12794
24;0.75;;(23, 9);;(4, 14);1;12795
24;0.75;;(23, 9);;(4, 14);1;12796
24;0.75;;(23, 9);;(4, 14);1;12797
24;0.75;;(23, 9);;(4, 14);1;12798
24;0.75;;(23, 9);;(4, 14);1;12799
24;0.75;;(23, 9);;(4, 14);1;12800
24;0.75;;(23, 9);;(4, 14);1;12801
24;0.75;;(23, 9);;(4, 14);1;12802
24;0.75;;(23, 9);;(4, 14);1;12803
24;0.75;;(23, 9);;(4, 14);1;12804
24;0.75;;(23, 9);;(4, 14);1;12805
24;0.75;;(23, 9);;(4, 14);1;12806
24;0.75;;(23, 9);;(4, 14);1;12807
24;0.75;;(23, 9);;(4, 14);1;12808
24;0.75;;(23, 9);;(4, 14);1;12809
24;0.75;;(23, 9);;(4, 14);1;12810
24;0.75;;(23, 9);;(4, 14);1;12811
24;0.75;;(23, 9);;(4, 14);1;12812
24;0.75;;(23, 9);;(4, 14);1;12813
24;0.75;;(23, 9);;(4, 14);1;12814
24;0.75;;(23, 9);;(4, 14);1;12815
24;0.75;;(23, 9);;(4, 14);1;12816
24;0.75;;(23, 9);;(4, 14);1;12817
24;0.75;;(23, 9);;(4, 14);1;12818
24;0.75;;(23, 9);;(4, 14);1;12819
24;0.75;;(23, 9);;(4, 14);1;12820
24;0.75;;(23, 9);;(4, 14);1;12821
24;0.75;;(23, 9);;(4, 14);1;12822
24;0.75;;(23, 9);;(4, 14);1;12823
24;0.75;;(23, 9);;(4, 14);1;12824
24;0.75;;(23, 9);;(4, 14);1;12825
24;0.75;;(23, 9);;(4, 14);1;12826
24;0.75;;(23, 9);;(4, 14);1;12827
24;0.75;;(23, 9);;(4, 14);1;12828
24;0.75;;(23, 9);;(4, 14);1;12829
24;0.75;;(23, 9);;(4, 14);1;12830
24;0.75;;(23, 9);;(4, 14);1;12831
24;0.75;;(23, 9);;(4, 14);1;12832
24;0.75;;(23, 9);;(4, 14);1;12833
24;0.75;;(23, 9);;(4, 14);1;12834
24;0.75;;(23, 9);;(4, 14);1;12835
24;0.75;;(23, 9);;(4, 14);1;12836
24;0.75;;(23, 9);;(4, 14);1;12837
24;0.75;;(23, 9);;(4, 14);1;12838
24;0.75;;(23, 9);;(4, 14);1;12839
24;0.75;;(23, 9);;(4, 14);1;12840
24;0.75;;(23, 9);;(4, 14);1;12841
24;0.75;;(23, 9);;(4, 14);1;12842
24;0.75;;(23, 9);;(4, 14);1;12843
24;0.75;;(23, 9);;(4, 14);1;12844
24;0.75;;(23, 9);;(4, 14);1;12845
24;0.75;;(23, 9);;(4, 14);1;12846
24;0.75;;(23, 9);;(4, 14);1;12847
24;0.75;;(23, 9);;(4, 14);1;12848
24;0.75;;(23, 9);;(4, 14);1;12849
24;0.75;;(23, 9);;(4, 14);1;12850
24;0.75;;(23, 9);;(4, 14);1;12851
24;0.75;;(23, 9);;(4, 14);1;12852
24;0.75;;(23, 9);;(4, 14);1;12853
24;0.75;;(23, 9);;(4, 14);1;12854
24;0.75;;(23, 9);;(4, 14);1;12855
24;0.75;;(23, 9);;(4, 14);1;12856
24;0.75;;(23, 9);;(4, 14);1;12857
24;0.75;;(23, 9);;(4, 14);1;12858
24;0.75;;(23, 9);;(4, 14);1;12859
24;0.75;;(23, 9);;(4, 14);1;12860
24;0.75;;(23, 9);;(4, 14);1;12861
24;0.75;;(23, 9);;(4, 14);1;12862
24;0.75;;(23, 9);;(4, 14);1;12863
24;0.75;;(23, 9);;(4, 14);1;12864
24;0.75;;(23, 9);;(4, 14);1;12865
24;0.75;;(23, 9);;(4, 14);1;12866
24;0.75;;(23, 9);;(4, 14);1;12867
24;0.75;;(23, 9);;(4, 14);1;12868
24;0.75;;(23, 9);;(4, 14);1;12869
24;0.75;;(23, 9);;(4, 14);1;12870
24;0.75;;(23, 9);;(4, 14);1;12871
24;0.75;;(23, 9);;(4, 14);1;12872
24;0.75;;(23, 9);;(4, 14);1;12873
24;0.75;;(23, 9);;(4, 14);1;12874
24;0.75;;(23, 9);;(4, 14);1;12875
24;0.75;;(23, 9);;(4, 14);1;12876
24;0.75;;(23, 9);;(4, 14);1;12877
24;0.75;;(23, 9);;(4, 14);1;12878
24;0.75;;(23, 9);;(4, 14);1;12879
24;0.75;;(23, 9);;(4, 14);1;12880
24;0.75;;(23, 9);;(4, 14);1;12881
24;0.75;;(23, 9);;(4, 14);1;12882
24;0.75;;(23, 9);;(4, 14);1;12883
24;0.75;;(23, 9);;(4, 14);1;12884
24;0.75;;(23, 9);;(4, 14);1;12885
24;0.75;;(23, 9);;(4, 14);1;12886
24;0.75;;(23, 9);;(4, 14);1;12887
24;0.75;;(23, 9);;(4, 14);1;12888
24;0.75;;(23, 9);;(4, 14);1;12889
24;0.75;;(23, 9);;(4, 14);1;12890
24;0.75;;(23, 9);;(4, 14);1;12891
24;0.75;;(23, 9);;(4, 14);1;12892
24;0.75;;(23, 9);;(4, 14);1;12893
24;0.75;;(23, 9);;(4, 14);1;12894
24;0.75;;(23, 9);;(4, 14);1;12895
24;0.75;;(23, 9);;(4, 14);1;12896
24;0.75;;(23, 9);;(4, 14);1;12897
24;0.75;;(23, 9);;(4, 14);1;12898
24;0.75;;(23, 9);;(4, 14);1;12899
24;0.75;;(23, 9);;(4, 14);1;12900
24;0.75;;(23, 9);;(4, 14);1;12901
24;0.75;;(23, 9);;(4, 14);1;12902
24;0.75;;(23, 9);;(4, 14);1;12903
24;0.75;;(23, 9);;(4, 14);1;12904
24;0.75;;(23, 9);;(4, 14);1;12905
24;0.75;;(23, 9);;(4, 14);1;12906
24;0.75;;(23, 9);;(4, 14);1;12907
24;0.75;;(23, 9);;(4, 14);1;12908
24;0.75;;(23, 9);;(4, 14);1;12909
24;0.75;;(23, 9);;(4, 14);1;12910
24;0.75;;(23, 9);;(4, 14);1;12911
24;0.75;;(23, 9);;(4, 14);1;12912
24;0.75;;(23, 9);;(4, 14);1;12913
24;0.75;;(23, 9);;(4, 14);1;12914
24;0.75;;(23, 9);;(4, 14);1;12915
24;0.75;;(23, 9);;(4, 14);1;12916
24;0.75;;(23, 9);;(4, 14);1;12917
24;0.75;;(23, 9);;(4, 14);1;12918
24;0.75;;(23, 9);;(4, 14);1;12919
24;0.75;;(23, 9);;(4, 14);1;12920
24;0.75;;(23, 9);;(4, 14);1;12921
24;0.75;;(23, 9);;(4, 14);1;12922
24;0.75;;(23, 9);;(4, 14);1;12923
24;0.75;;(23, 9);;(4, 14);1;12924
24;0.75;;(23, 9);;(4, 14);1;12925
24;0.75;;(23, 9);;(4, 14);1;12926
24;0.75;;(23, 9);;(4, 14);1;12927
24;0.75;;(23, 9);;(4, 14);1;12928
24;0.75;;(23, 9);;(4, 14);1;12929
24;0.75;;(23, 9);;(4, 14);1;12930
24;0.75;;(23, 9);;(4, 14);1;12931
24;0.75;;(23, 9);;(4, 14);1;12932
24;0.75;;(23, 9);;(4, 14);1;12933
24;0.75;;(23, 9);;(4, 14);1;12934
24;0.75;;(23, 9);;(4, 14);1;12935
24;0.75;;(23, 9);;(4, 14);1;12936
24;0.75;;(23, 9);;(4, 14);1;12937
24;0.75;;(23, 9);;(4, 14);1;12938
24;0.75;;(23, 9);;(4, 14);1;12939
24;0.75;;(23, 9);;(4, 14);1;12940
24;0.75;;(23, 9);;(4, 14);1;12941
24;0.75;;(23, 9);;(4, 14);1;12942
24;0.75;;(23, 9);;(4, 14);1;12943
24;0.75;;(23, 9);;(4, 14);1;12944
24;0.75;;(23, 9);;(4, 14);1;12945
24;0.75;;(23, 9);;(4, 14);1;12946
24;0.75;;(23, 9);;(4, 14);1;12947
24;0.75;;(23, 9);;(4, 14);1;12948
24;0.75;;(23, 9);;(4, 14);1;12949
24;0.75;;(23, 9);;(4, 14);1;12950
24;0.75;;(23, 9);;(4, 14);1;12951
24;0.75;;(23, 9);;(4, 14);1;12952
24;0.75;;(23, 9);;(4, 14);1;12953
24;0.75;;(23, 9);;(4, 14);1;12954
24;0.75;;(23, 9);;(4, 14);1;12955
24;0.75;;(23, 9);;(4, 14);1;12956
24;0.75;;(23, 9);;(4, 14);1;12957
24;0.75;;(23, 9);;(4, 14);1;12958
24;0.75;;(23, 9);;(4, 14);1;12959
24;0.75;;(23, 9);;(4, 14);1;12960
24;0.75;;(23, 9);;(4, 14);1;12961
24;0.75;;(23, 9);;(4, 14);1;12962
24;0.75;;(23, 9);;(4, 14);1;12963
24;0.75;;(23, 9);;(4, 14);1;12964
24;0.75;;(23, 9);;(4, 14);1;12965
24;0.75;;(23, 9);;(4, 14);1;12966
24;0.75;;(23, 9);;(4, 14);1;12967
24;0.75;;(23, 9);;(4, 14);1;12968
24;0.75;;(23, 9);;(4, 14);1;12969
24;0.75;;(23, 9);;(4, 14);1;12970
24;0.75;;(23, 9);;(4, 14);1;12971
24;0.75;;(23, 9);;(4, 14);1;12972
24;0.75;;(23, 9);;(4, 14);1;12973
24;0.75;;(23, 9);;(4, 14);1;12974
24;0.75;;(23, 9);;(4, 14);1;12975
24;0.75;;(23, 9);;(4, 14);1;12976
24;0.75;;(23, 9);;(4, 14);1;12977
24;0.75;;(23, 9);;(4, 14);1;12978
24;0.75;;(23, 9);;(4, 14);1;12979
24;0.75;;(23, 9);;(4, 14);1;12980
24;0.75;;(23, 9);;(4, 14);1;12981
24;0.75;;(23, 9);;(4, 14);1;12982
24;0.75;;(23, 9);;(4, 14);1;12983
24;0.75;;(23, 9);;(4, 14);1;12984
24;0.75;;(23, 9);;(4, 14);1;12985
24;0.75;;(23, 9);;(4, 14);1;12986
24;0.75;;(23, 9);;(4, 14);1;12987
24;0.75;;(23, 9);;(4, 14);1;12988
24;0.75;;(23, 9);;(4, 14);1;12989
24;0.75;;(23, 9);;(4, 14);1;12990
24;0.75;;(23, 9);;(4, 14);1;12991
24;0.75;;(23, 9);;(4, 14);1;12992
24;0.75;;(23, 9);;(4, 14);1;12993
24;0.75;;(23, 9);;(4, 14);1;12994
24;0.75;;(23, 9);;(4, 14);1;12995
24;0.75;;(23, 9);;(4, 14);1;12996
24;0.75;;(23, 9);;(4, 14);1;12997
24;0.75;;(23, 9);;(4, 14);1;12998
24;0.75;;(23, 9);;(4, 14);1;12999
24;0.75;;(23, 9);;(4, 14);1;13000
24;0.75;;(23, 9);;(4, 14);1;13001
24;0.75;;(23, 9);;(4, 14);1;13002
24;0.75;;(23, 9);;(4, 14);1;13003
24;0.75;;(23, 9);;(4, 14);1;13004
24;0.75;;(23, 9);;(4, 14);1;13005
24;0.75;;(23, 9);;(4, 14);1;13006
24;0.75;;(23, 9);;(4, 14);1;13007
24;0.75;;(23, 9);;(4, 14);1;13008
24;0.75;;(23, 9);;(4, 14);1;13009
24;0.75;;(23, 9);;(4, 14);1;13010
24;0.75;;(23, 9);;(4, 14);1;13011
24;0.75;;(23, 9);;(4, 14);1;13012
24;0.75;;(23, 9);;(4, 14);1;13013
24;0.75;;(23, 9);;(4, 14);1;13014
24;0.75;;(23, 9);;(4, 14);1;13015
24;0.75;;(23, 9);;(4, 14);1;13016
24;0.75;;(23, 9);;(4, 14);1;13017
24;0.75;;(23, 9);;(4, 14);1;13018
24;0.75;;(23, 9);;(4, 14);1;13019
24;0.75;;(23, 9);;(4, 14);1;13020
24;0.75;;(23, 9);;(4, 14);1;13021
24;0.75;;(23, 9);;(4, 14);1;13022
24;0.75;;(23, 9);;(4, 14);1;13023
24;0.75;;(23, 9);;(4, 14);1;13024
24;0.75;;(23, 9);;(4, 14);1;13025
24;0.75;;(23, 9);;(4, 14);1;13026
24;0.75;;(23, 9);;(4, 14);1;13027
24;0.75;;(23, 9);;(4, 14);1;13028
24;0.75;;(23, 9);;(4, 14);1;13029
24;0.75;;(23, 9);;(4, 14);1;13030
24;0.75;;(23, 9);;(4, 14);1;13031
24;0.75;;(23, 9);;(4, 14);1;13032
24;0.75;;(23, 9);;(4, 14);1;13033
24;0.75;;(23, 9);;(4, 14);1;13034
24;0.75;;(23, 9);;(4, 14);1;13035
24;0.75;;(23, 9);;(4, 14);1;13036
24;0.75;;(23, 9);;(4, 14);1;13037
24;0.75;;(23, 9);;(4, 14);1;13038
24;0.75;;(23, 9);;(4, 14);1;13039
24;0.75;;(23, 9);;(4, 14);1;13040
24;0.75;;(23, 9);;(4, 14);1;13041
24;0.75;;(23, 9);;(4, 14);1;13042
24;0.75;;(23, 9);;(4, 14);1;13043
24;0.75;;(23, 9);;(4, 14);1;13044
24;0.75;;(23, 9);;(4, 14);1;13045
24;0.75;;(23, 9);;(4, 14);1;13046
24;0.75;;(23, 9);;(4, 14);1;13047
24;0.75;;(23, 9);;(4, 14);1;13048
24;0.75;;(23, 9);;(4, 14);1;13049
24;0.75;;(23, 9);;(4, 14);1;13050
24;0.75;;(23, 9);;(4, 14);1;13051
24;0.75;;(23, 9);;(4, 14);1;13052
24;0.75;;(23, 9);;(4, 14);1;13053
24;0.75;;(23, 9);;(4, 14);1;13054
24;0.75;;(23, 9);;(4, 14);1;13055
24;0.75;;(23, 9);;(4, 14);1;13056
24;0.75;;(23, 9);;(4, 14);1;13057
24;0.75;;(23, 9);;(4, 14);1;13058
24;0.75;;(23, 9);;(4, 14);1;13059
24;0.75;;(23, 9);;(4, 14);1;13060
24;0.75;;(23, 9);;(4, 14);1;13061
24;0.75;;(23, 9);;(4, 14);1;13062
24;0.75;;(23, 9);;(4, 14);1;13063
24;0.75;;(23, 9);;(4, 14);1;13064
24;0.75;;(23, 9);;(4, 14);1;13065
24;0.75;;(23, 9);;(4, 14);1;13066
24;0.75;;(23, 9);;(4, 14);1;13067
24;0.75;;(23, 9);;(4, 14);1;13068
24;0.75;;(23, 9);;(4, 14);1;13069
24;0.75;;(23, 9);;(4, 14);1;13070
24;0.75;;(23, 9);;(4, 14);1;13071
24;0.75;;(23, 9);;(4, 14);1;13072
24;0.75;;(23, 9);;(4, 14);1;13073
24;0.75;;(23, 9);;(4, 14);1;13074
24;0.75;;(23, 9);;(4, 14);1;13075
24;0.75;;(23, 9);;(4, 14);1;13076
24;0.75;;(23, 9);;(4, 14);1;13077
24;0.75;;(23, 9);;(4, 14);1;13078
24;0.75;;(23, 9);;(4, 14);1;13079
24;0.75;;(23, 9);;(4, 14);1;13080
24;0.75;;(23, 9);;(4, 14);1;13081
24;0.75;;(23, 9);;(4, 14);1;13082
24;0.75;;(23, 9);;(4, 14);1;13083
24;0.75;;(23, 9);;(4, 14);1;13084
24;0.75;;(23, 9);;(4, 14);1;13085
24;0.75;;(23, 9);;(4, 14);1;13086
24;0.75;;(23, 9);;(4, 14);1;13087
24;0.75;;(23, 9);;(4, 14);1;13088
24;0.75;;(23, 9);;(4, 14);1;13089
24;0.75;;(23, 9);;(4, 14);1;13090
24;0.75;;(23, 9);;(4, 14);1;13091
24;0.75;;(23, 9);;(4, 14);1;13092
24;0.75;;(23, 9);;(4, 14);1;13093
24;0.75;;(23, 9);;(4, 14);1;13094
24;0.75;;(23, 9);;(4, 14);1;13095
24;0.75;;(23, 9);;(4, 14);1;13096
24;0.75;;(23, 9);;(4, 14);1;13097
24;0.75;;(23, 9);;(4, 14);1;13098
24;0.75;;(23, 9);;(4, 14);1;13099
24;0.75;;(23, 9);;(4, 14);1;13100
24;0.75;;(23, 9);;(4, 14);1;13101
24;0.75;;(23, 9);;(4, 14);1;13102
24;0.75;;(23, 9);;(4, 14);1;13103
24;0.75;;(23, 9);;(4, 14);1;13104
24;0.75;;(23, 9);;(4, 14);1;13105
24;0.75;;(23, 9);;(4, 14);1;13106
24;0.75;;(23, 9);;(4, 14);1;13107
24;0.75;;(23, 9);;(4, 14);1;13108
24;0.75;;(23, 9);;(4, 14);1;13109
24;0.75;;(23, 9);;(4, 14);1;13110
24;0.75;;(23, 9);;(4, 14);1;13111
24;0.75;;(23, 9);;(4, 14);1;13112
24;0.75;;(23, 9);;(4, 14);1;13113
24;0.75;;(23, 9);;(4, 14);1;13114
24;0.75;;(23, 9);;(4, 14);1;13115
24;0.75;;(23, 9);;(4, 14);1;13116
24;0.75;;(23, 9);;(4, 14);1;13117
24;0.75;;(23, 9);;(4, 14);1;13118
24;0.75;;(23, 9);;(4, 14);1;13119
24;0.75;;(23, 9);;(4, 14);1;13120
24;0.75;;(23, 9);;(4, 14);1;13121
24;0.75;;(23, 9);;(4, 14);1;13122
24;0.75;;(23, 9);;(4, 14);1;13123
24;0.75;;(23, 9);;(4, 14);1;13124
24;0.75;;(23, 9);;(4, 14);1;13125
24;0.75;;(23, 9);;(4, 14);1;13126
24;0.75;;(23, 9);;(4, 14);1;13127
24;0.75;;(23, 9);;(4, 14);1;13128
24;0.75;;(23, 9);;(4, 14);1;13129
24;0.75;;(23, 9);;(4, 14);1;13130
24;0.75;;(23, 9);;(4, 14);1;13131
24;0.75;;(23, 9);;(4, 14);1;13132
24;0.75;;(23, 9);;(4, 14);1;13133
24;0.75;;(23, 9);;(4, 14);1;13134
24;0.75;;(23, 9);;(4, 14);1;13135
24;0.75;;(23, 9);;(4, 14);1;13136
24;0.75;;(23, 9);;(4, 14);1;13137
24;0.75;;(23, 9);;(4, 14);1;13138
24;0.75;;(23, 9);;(4, 14);1;13139
24;0.75;;(23, 9);;(4, 14);1;13140
24;0.75;;(23, 9);;(4, 14);1;13141
24;0.75;;(23, 9);;(4, 14);1;13142
24;0.75;;(23, 9);;(4, 14);1;13143
24;0.75;;(23, 9);;(4, 14);1;13144
24;0.75;;(23, 9);;(4, 14);1;13145
24;0.75;;(23, 9);;(4, 14);1;13146
24;0.75;;(23, 9);;(4, 14);1;13147
24;0.75;;(23, 9);;(4, 14);1;13148
24;0.75;;(23, 9);;(4, 14);1;13149
24;0.75;;(23, 9);;(4, 14);1;13150
24;0.75;;(23, 9);;(4, 14);1;13151
24;0.75;;(23, 9);;(4, 14);1;13152
24;0.75;;(23, 9);;(4, 14);1;13153
24;0.75;;(23, 9);;(4, 14);1;13154
24;0.75;;(23, 9);;(4, 14);1;13155
24;0.75;;(23, 9);;(4, 14);1;13156
24;0.75;;(23, 9);;(4, 14);1;13157
24;0.75;;(23, 9);;(4, 14);1;13158
24;0.75;;(23, 9);;(4, 14);1;13159
24;0.75;;(23, 9);;(4, 14);1;13160
24;0.75;;(23, 9);;(4, 14);1;13161
24;0.75;;(23, 9);;(4, 14);1;13162
24;0.75;;(23, 9);;(4, 14);1;13163
24;0.75;;(23, 9);;(4, 14);1;13164
24;0.75;;(23, 9);;(4, 14);1;13165
24;0.75;;(23, 9);;(4, 14);1;13166
24;0.75;;(23, 9);;(4, 14);1;13167
24;0.75;;(23, 9);;(4, 14);1;13168
24;0.75;;(23, 9);;(4, 14);1;13169
24;0.75;;(23, 9);;(4, 14);1;13170
24;0.75;;(23, 9);;(4, 14);1;13171
24;0.75;;(23, 9);;(4, 14);1;13172
24;0.75;;(23, 9);;(4, 14);1;13173
24;0.75;;(23, 9);;(4, 14);1;13174
24;0.75;;(23, 9);;(4, 14);1;13175
24;0.75;;(23, 9);;(4, 14);1;13176
24;0.75;;(23, 9);;(4, 14);1;13177
24;0.75;;(23, 9);;(4, 14);1;13178
24;0.75;;(23, 9);;(4, 14);1;13179
24;0.75;;(23, 9);;(4, 14);1;13180
24;0.75;;(23, 9);;(4, 14);1;13181
24;0.75;;(23, 9);;(4, 14);1;13182
24;0.75;;(23, 9);;(4, 14);1;13183
24;0.75;;(23, 9);;(4, 14);1;13184
24;0.75;;(23, 9);;(4, 14);1;13185
24;0.75;;(23, 9);;(4, 14);1;13186
24;0.75;;(23, 9);;(4, 14);1;13187
24;0.75;;(23, 9);;(4, 14);1;13188
24;0.75;;(23, 9);;(4, 14);1;13189
24;0.75;;(23, 9);;(4, 14);1;13190
24;0.75;;(23, 9);;(4, 14);1;13191
24;0.75;;(23, 9);;(4, 14);1;13192
24;0.75;;(23, 9);;(4, 14);1;13193
24;0.75;;(23, 9);;(4, 14);1;13194
24;0.75;;(23, 9);;(4, 14);1;13195
24;0.75;;(23, 9);;(4, 14);1;13196
24;0.75;;(23, 9);;(4, 14);1;13197
24;0.75;;(23, 9);;(4, 14);1;13198
24;0.75;;(23, 9);;(4, 14);1;13199
24;0.75;;(23, 9);;(4, 14);1;13200
24;0.75;;(23, 9);;(4, 14);1;13201
24;0.75;;(23, 9);;(4, 14);1;13202
24;0.75;;(23, 9);;(4, 14);1;13203
24;0.75;;(23, 9);;(4, 14);1;13204
24;0.75;;(23, 9);;(4, 14);1;13205
24;0.75;;(23, 9);;(4, 14);1;13206
24;0.75;;(23, 9);;(4, 14);1;13207
24;0.75;;(23, 9);;(4, 14);1;13208
24;0.75;;(23, 9);;(4, 14);1;13209
24;0.75;;(23, 9);;(4, 14);1;13210
24;0.75;;(23, 9);;(4, 14);1;13211
24;0.75;;(23, 9);;(4, 14);1;13212
24;0.75;;(23, 9);;(4, 14);1;13213
24;0.75;;(23, 9);;(4, 14);1;13214
24;0.75;;(23, 9);;(4, 14);1;13215
24;0.75;;(23, 9);;(4, 14);1;13216
24;0.75;;(23, 9);;(4, 14);1;13217
24;0.75;;(23, 9);;(4, 14);1;13218
24;0.75;;(23, 9);;(4, 14);1;13219
24;0.75;;(23, 9);;(4, 14);1;13220
24;0.75;;(23, 9);;(4, 14);1;13221
24;0.75;;(23, 9);;(4, 14);1;13222
24;0.75;;(23, 9);;(4, 14);1;13223
24;0.75;;(23, 9);;(4, 14);1;13224
24;0.75;;(23, 9);;(4, 14);1;13225
24;0.75;;(23, 9);;(4, 14);1;13226
24;0.75;;(23, 9);;(4, 14);1;13227
24;0.75;;(23, 9);;(4, 14);1;13228
24;0.75;;(23, 9);;(4, 14);1;13229
24;0.75;;(23, 9);;(4, 14);1;13230
24;0.75;;(23, 9);;(4, 14);1;13231
24;0.75;;(23, 9);;(4, 14);1;13232
24;0.75;;(23, 9);;(4, 14);1;13233
24;0.75;;(23, 9);;(4, 14);1;13234
24;0.75;;(23, 9);;(4, 14);1;13235
24;0.75;;(23, 9);;(4, 14);1;13236
24;0.75;;(23, 9);;(4, 14);1;13237
24;0.75;;(23, 9);;(4, 14);1;13238
24;0.75;;(23, 9);;(4, 14);1;13239
24;0.75;;(23, 9);;(4, 14);1;13240
24;0.75;;(23, 9);;(4, 14);1;13241
24;0.75;;(23, 9);;(4, 14);1;13242
24;0.75;;(23, 9);;(4, 14);1;13243
24;0.75;;(23, 9);;(4, 14);1;13244
24;0.75;;(23, 9);;(4, 14);1;13245
24;0.75;;(23, 9);;(4, 14);1;13246
24;0.75;;(23, 9);;(4, 14);1;13247
24;0.75;;(23, 9);;(4, 14);1;13248
24;0.75;;(23, 9);;(4, 14);1;13249
24;0.75;;(23, 9);;(4, 14);1;13250
24;0.75;;(23, 9);;(4, 14);1;13251
24;0.75;;(23, 9);;(4, 14);1;13252
24;0.75;;(23, 9);;(4, 14);1;13253
24;0.75;;(23, 9);;(4, 14);1;13254
24;0.75;;(23, 9);;(4, 14);1;13255
24;0.75;;(23, 9);;(4, 14);1;13256
24;0.75;;(23, 9);;(4, 14);1;13257
24;0.75;;(23, 9);;(4, 14);1;13258
24;0.75;;(23, 9);;(4, 14);1;13259
24;0.75;;(23, 9);;(4, 14);1;13260
24;0.75;;(23, 9);;(4, 14);1;13261
24;0.75;;(23, 9);;(4, 14);1;13262
24;0.75;;(23, 9);;(4, 14);1;13263
24;0.75;;(23, 9);;(4, 14);1;13264
24;0.75;;(23, 9);;(4, 14);1;13265
24;0.75;;(23, 9);;(4, 14);1;13266
24;0.75;;(23, 9);;(4, 14);1;13267
24;0.75;;(23, 9);;(4, 14);1;13268
24;0.75;;(23, 9);;(4, 14);1;13269
24;0.75;;(23, 9);;(4, 14);1;13270
24;0.75;;(23, 9);;(4, 14);1;13271
24;0.75;;(23, 9);;(4, 14);1;13272
24;0.75;;(23, 9);;(4, 14);1;13273
24;0.75;;(23, 9);;(4, 14);1;13274
24;0.75;;(23, 9);;(4, 14);1;13275
24;0.75;;(23, 9);;(4, 14);1;13276
24;0.75;;(23, 9);;(4, 14);1;13277
24;0.75;;(23, 9);;(4, 14);1;13278
24;0.75;;(23, 9);;(4, 14);1;13279
24;0.75;;(23, 9);;(4, 14);1;13280
24;0.75;;(23, 9);;(4, 14);1;13281
24;0.75;;(23, 9);;(4, 14);1;13282
24;0.75;;(23, 9);;(4, 14);1;13283
24;0.75;;(23, 9);;(4, 14);1;13284
24;0.75;;(23, 9);;(4, 14);1;13285
24;0.75;;(23, 9);;(4, 14);1;13286
24;0.75;;(23, 9);;(4, 14);1;13287
24;0.75;;(23, 9);;(4, 14);1;13288
24;0.75;;(23, 9);;(4, 14);1;13289
24;0.75;;(23, 9);;(4, 14);1;13290
24;0.75;;(23, 9);;(4, 14);1;13291
24;0.75;;(23, 9);;(4, 14);1;13292
24;0.75;;(23, 9);;(4, 14);1;13293
24;0.75;;(23, 9);;(4, 14);1;13294
24;0.75;;(23, 9);;(4, 14);1;13295
24;0.75;;(23, 9);;(4, 14);1;13296
24;0.75;;(23, 9);;(4, 14);1;13297
24;0.75;;(23, 9);;(4, 14);1;13298
24;0.75;;(23, 9);;(4, 14);1;13299
24;0.75;;(23, 9);;(4, 14);1;13300
24;0.75;;(23, 9);;(4, 14);1;13301
24;0.75;;(23, 9);;(4, 14);1;13302
24;0.75;;(23, 9);;(4, 14);1;13303
24;0.75;;(23, 9);;(4, 14);1;13304
24;0.75;;(23, 9);;(4, 14);1;13305
24;0.75;;(23, 9);;(4, 14);1;13306
24;0.75;;(23, 9);;(4, 14);1;13307
24;0.75;;(23, 9);;(4, 14);1;13308
24;0.75;;(23, 9);;(4, 14);1;13309
24;0.75;;(23, 9);;(4, 14);1;13310
24;0.75;;(23, 9);;(4, 14);1;13311
24;0.75;;(23, 9);;(4, 14);1;13312
24;0.75;;(23, 9);;(4, 14);1;13313
24;0.75;;(23, 9);;(4, 14);1;13314
24;0.75;;(23, 9);;(4, 14);1;13315
24;0.75;;(23, 9);;(4, 14);1;13316
24;0.75;;(23, 9);;(4, 14);1;13317
24;0.75;;(23, 9);;(4, 14);1;13318
24;0.75;;(23, 9);;(4, 14);1;13319
24;0.75;;(23, 9);;(4, 14);1;13320
24;0.75;;(23, 9);;(4, 14);1;13321
24;0.75;;(23, 9);;(4, 14);1;13322
24;0.75;;(23, 9);;(4, 14);1;13323
24;0.75;;(23, 9);;(4, 14);1;13324
24;0.75;;(23, 9);;(4, 14);1;13325
24;0.75;;(23, 9);;(4, 14);1;13326
24;0.75;;(23, 9);;(4, 14);1;13327
24;0.75;;(23, 9);;(4, 14);1;13328
24;0.75;;(23, 9);;(4, 14);1;13329
24;0.75;;(23, 9);;(4, 14);1;13330
24;0.75;;(23, 9);;(4, 14);1;13331
24;0.75;;(23, 9);;(4, 14);1;13332
24;0.75;;(23, 9);;(4, 14);1;13333
24;0.75;;(23, 9);;(4, 14);1;13334
24;0.75;;(23, 9);;(4, 14);1;13335
24;0.75;;(23, 9);;(4, 14);1;13336
24;0.75;;(23, 9);;(4, 14);1;13337
24;0.75;;(23, 9);;(4, 14);1;13338
24;0.75;;(23, 9);;(4, 14);1;13339
24;0.75;;(23, 9);;(4, 14);1;13340
24;0.75;;(23, 9);;(4, 14);1;13341
24;0.75;;(23, 9);;(4, 14);1;13342
24;0.75;;(23, 9);;(4, 14);1;13343
24;0.75;;(23, 9);;(4, 14);1;13344
24;0.75;;(23, 9);;(4, 14);1;13345
24;0.75;;(23, 9);;(4, 14);1;13346
24;0.75;;(23, 9);;(4, 14);1;13347
24;0.75;;(23, 9);;(4, 14);1;13348
24;0.75;;(23, 9);;(4, 14);1;13349
24;0.75;;(23, 9);;(4, 14);1;13350
24;0.75;;(23, 9);;(4, 14);1;13351
24;0.75;;(23, 9);;(4, 14);1;13352
24;0.75;;(23, 9);;(4, 14);1;13353
24;0.75;;(23, 9);;(4, 14);1;13354
24;0.75;;(23, 9);;(4, 14);1;13355
24;0.75;;(23, 9);;(4, 14);1;13356
24;0.75;;(23, 9);;(4, 14);1;13357
24;0.75;;(23, 9);;(4, 14);1;13358
24;0.75;;(23, 9);;(4, 14);1;13359
24;0.75;;(23, 9);;(4, 14);1;13360
24;0.75;;(23, 9);;(4, 14);1;13361
24;0.75;;(23, 9);;(4, 14);1;13362
24;0.75;;(23, 9);;(4, 14);1;13363
24;0.75;;(23, 9);;(4, 14);1;13364
24;0.75;;(23, 9);;(4, 14);1;13365
24;0.75;;(23, 9);;(4, 14);1;13366
24;0.75;;(23, 9);;(4, 14);1;13367
24;0.75;;(23, 9);;(4, 14);1;13368
24;0.75;;(23, 9);;(4, 14);1;13369
24;0.75;;(23, 9);;(4, 14);1;13370
24;0.75;;(23, 9);;(4, 14);1;13371
24;0.75;;(23, 9);;(4, 14);1;13372
24;0.75;;(23, 9);;(4, 14);1;13373
24;0.75;;(23, 9);;(4, 14);1;13374
24;0.75;;(23, 9);;(4, 14);1;13375
24;0.75;;(23, 9);;(4, 14);1;13376
24;0.75;;(23, 9);;(4, 14);1;13377
24;0.75;;(23, 9);;(4, 14);1;13378
24;0.75;;(23, 9);;(4, 14);1;13379
24;0.75;;(23, 9);;(4, 14);1;13380
24;0.75;;(23, 9);;(4, 14);1;13381
24;0.75;;(23, 9);;(4, 14);1;13382
24;0.75;;(23, 9);;(4, 14);1;13383
24;0.75;;(23, 9);;(4, 14);1;13384
24;0.75;;(23, 9);;(4, 14);1;13385
24;0.75;;(23, 9);;(4, 14);1;13386
24;0.75;;(23, 9);;(4, 14);1;13387
24;0.75;;(23, 9);;(4, 14);1;13388
24;0.75;;(23, 9);;(4, 14);1;13389
24;0.75;;(23, 9);;(4, 14);1;13390
24;0.75;;(23, 9);;(4, 14);1;13391
24;0.75;;(23, 9);;(4, 14);1;13392
24;0.75;;(23, 9);;(4, 14);1;13393
24;0.75;;(23, 9);;(4, 14);1;13394
24;0.75;;(23, 9);;(4, 14);1;13395
24;0.75;;(23, 9);;(4, 14);1;13396
24;0.75;;(23, 9);;(4, 14);1;13397
24;0.75;;(23, 9);;(4, 14);1;13398
24;0.75;;(23, 9);;(4, 14);1;13399
24;0.75;;(23, 9);;(4, 14);1;13400
24;0.75;;(23, 9);;(4, 14);1;13401
24;0.75;;(23, 9);;(4, 14);1;13402
24;0.75;;(23, 9);;(4, 14);1;13403
24;0.75;;(23, 9);;(4, 14);1;13404
24;0.75;;(23, 9);;(4, 14);1;13405
24;0.75;;(23, 9);;(4, 14);1;13406
24;0.75;;(23, 9);;(4, 14);1;13407
24;0.75;;(23, 9);;(4, 14);1;13408
24;0.75;;(23, 9);;(4, 14);1;13409
24;0.75;;(23, 9);;(4, 14);1;13410
24;0.75;;(23, 9);;(4, 14);1;13411
24;0.75;;(23, 9);;(4, 14);1;13412
24;0.75;;(23, 9);;(4, 14);1;13413
24;0.75;;(23, 9);;(4, 14);1;13414
24;0.75;;(23, 9);;(4, 14);1;13415
24;0.75;;(23, 9);;(4, 14);1;13416
24;0.75;;(23, 9);;(4, 14);1;13417
24;0.75;;(23, 9);;(4, 14);1;13418
24;0.75;;(23, 9);;(4, 14);1;13419
24;0.75;;(23, 9);;(4, 14);1;13420
24;0.75;;(23, 9);;(4, 14);1;13421
24;0.75;;(23, 9);;(4, 14);1;13422
24;0.75;;(23, 9);;(4, 14);1;13423
24;0.75;;(23, 9);;(4, 14);1;13424
24;0.75;;(23, 9);;(4, 14);1;13425
24;0.75;;(23, 9);;(4, 14);1;13426
24;0.75;;(23, 9);;(4, 14);1;13427
24;0.75;;(23, 9);;(4, 14);1;13428
24;0.75;;(23, 9);;(4, 14);1;13429
24;0.75;;(23, 9);;(4, 14);1;13430
24;0.75;;(23, 9);;(4, 14);1;13431
24;0.75;;(23, 9);;(4, 14);1;13432
24;0.75;;(23, 9);;(4, 14);1;13433
24;0.75;;(23, 9);;(4, 14);1;13434
24;0.75;;(23, 9);;(4, 14);1;13435
24;0.75;;(23, 9);;(4, 14);1;13436
24;0.75;;(23, 9);;(4, 14);1;13437
24;0.75;;(23, 9);;(4, 14);1;13438
24;0.75;;(23, 9);;(4, 14);1;13439
24;0.75;;(23, 9);;(4, 14);1;13440
24;0.75;;(23, 9);;(4, 14);1;13441
24;0.75;;(23, 9);;(4, 14);1;13442
24;0.75;;(23, 9);;(4, 14);1;13443
24;0.75;;(23, 9);;(4, 14);1;13444
24;0.75;;(23, 9);;(4, 14);1;13445
24;0.75;;(23, 9);;(4, 14);1;13446
24;0.75;;(23, 9);;(4, 14);1;13447
24;0.75;;(23, 9);;(4, 14);1;13448
24;0.75;;(23, 9);;(4, 14);1;13449
24;0.75;;(23, 9);;(4, 14);1;13450
24;0.75;;(23, 9);;(4, 14);1;13451
24;0.75;;(23, 9);;(4, 14);1;13452
24;0.75;;(23, 9);;(4, 14);1;13453
24;0.75;;(23, 9);;(4, 14);1;13454
24;0.75;;(23, 9);;(4, 14);1;13455
24;0.75;;(23, 9);;(4, 14);1;13456
24;0.75;;(23, 9);;(4, 14);1;13457
24;0.75;;(23, 9);;(4, 14);1;13458
24;0.75;;(23, 9);;(4, 14);1;13459
24;0.75;;(23, 9);;(4, 14);1;13460
24;0.75;;(23, 9);;(4, 14);1;13461
24;0.75;;(23, 9);;(4, 14);1;13462
24;0.75;;(23, 9);;(4, 14);1;13463
24;0.75;;(23, 9);;(4, 14);1;13464
24;0.75;;(23, 9);;(4, 14);1;13465
24;0.75;;(23, 9);;(4, 14);1;13466
24;0.75;;(23, 9);;(4, 14);1;13467
24;0.75;;(23, 9);;(4, 14);1;13468
24;0.75;;(23, 9);;(4, 14);1;13469
24;0.75;;(23, 9);;(4, 14);1;13470
24;0.75;;(23, 9);;(4, 14);1;13471
24;0.75;;(23, 9);;(4, 14);1;13472
24;0.75;;(23, 9);;(4, 14);1;13473
24;0.75;;(23, 9);;(4, 14);1;13474
24;0.75;;(23, 9);;(4, 14);1;13475
24;0.75;;(23, 9);;(4, 14);1;13476
24;0.75;;(23, 9);;(4, 14);1;13477
24;0.75;;(23, 9);;(4, 14);1;13478
24;0.75;;(23, 9);;(4, 14);1;13479
24;0.75;;(23, 9);;(4, 14);1;13480
24;0.75;;(23, 9);;(4, 14);1;13481
24;0.75;;(23, 9);;(4, 14);1;13482
24;0.75;;(23, 9);;(4, 14);1;13483
24;0.75;;(23, 9);;(4, 14);1;13484
24;0.75;;(23, 9);;(4, 14);1;13485
24;0.75;;(23, 9);;(4, 14);1;13486
24;0.75;;(23, 9);;(4, 14);1;13487
24;0.75;;(23, 9);;(4, 14);1;13488
24;0.75;;(23, 9);;(4, 14);1;13489
24;0.75;;(23, 9);;(4, 14);1;13490
24;0.75;;(23, 9);;(4, 14);1;13491
24;0.75;;(23, 9);;(4, 14);1;13492
24;0.75;;(23, 9);;(4, 14);1;13493
24;0.75;;(23, 9);;(4, 14);1;13494
24;0.75;;(23, 9);;(4, 14);1;13495
24;0.75;;(23, 9);;(4, 14);1;13496
24;0.75;;(23, 9);;(4, 14);1;13497
24;0.75;;(23, 9);;(4, 14);1;13498
24;0.75;;(23, 9);;(4, 14);1;13499
24;0.75;;(23, 9);;(4, 14);1;13500
24;0.75;;(23, 9);;(4, 14);1;13501
24;0.75;;(23, 9);;(4, 14);1;13502
24;0.75;;(23, 9);;(4, 14);1;13503
24;0.75;;(23, 9);;(4, 14);1;13504
24;0.75;;(23, 9);;(4, 14);1;13505
24;0.75;;(23, 9);;(4, 14);1;13506
24;0.75;;(23, 9);;(4, 14);1;13507
24;0.75;;(23, 9);;(4, 14);1;13508
24;0.75;;(23, 9);;(4, 14);1;13509
24;0.75;;(23, 9);;(4, 14);1;13510
24;0.75;;(23, 9);;(4, 14);1;13511
24;0.75;;(23, 9);;(4, 14);1;13512
24;0.75;;(23, 9);;(4, 14);1;13513
24;0.75;;(23, 9);;(4, 14);1;13514
24;0.75;;(23, 9);;(4, 14);1;13515
24;0.75;;(23, 9);;(4, 14);1;13516
24;0.75;;(23, 9);;(4, 14);1;13517
24;0.75;;(23, 9);;(4, 14);1;13518
24;0.75;;(23, 9);;(4, 14);1;13519
24;0.75;;(23, 9);;(4, 14);1;13520
24;0.75;;(23, 9);;(4, 14);1;13521
24;0.75;;(23, 9);;(4, 14);1;13522
24;0.75;;(23, 9);;(4, 14);1;13523
24;0.75;;(23, 9);;(4, 14);1;13524
24;0.75;;(23, 9);;(4, 14);1;13525
24;0.75;;(23, 9);;(4, 14);1;13526
24;0.75;;(23, 9);;(4, 14);1;13527
24;0.75;;(23, 9);;(4, 14);1;13528
24;0.75;;(23, 9);;(4, 14);1;13529
24;0.75;;(23, 9);;(4, 14);1;13530
24;0.75;;(23, 9);;(4, 14);1;13531
24;0.75;;(23, 9);;(4, 14);1;13532
24;0.75;;(23, 9);;(4, 14);1;13533
24;0.75;;(23, 9);;(4, 14);1;13534
24;0.75;;(23, 9);;(4, 14);1;13535
24;0.75;;(23, 9);;(4, 14);1;13536
24;0.75;;(23, 9);;(4, 14);1;13537
24;0.75;;(23, 9);;(4, 14);1;13538
24;0.75;;(23, 9);;(4, 14);1;13539
24;0.75;;(23, 9);;(4, 14);1;13540
24;0.75;;(23, 9);;(4, 14);1;13541
24;0.75;;(23, 9);;(4, 14);1;13542
24;0.75;;(23, 9);;(4, 14);1;13543
24;0.75;;(23, 9);;(4, 14);1;13544
24;0.75;;(23, 9);;(4, 14);1;13545
24;0.75;;(23, 9);;(4, 14);1;13546
24;0.75;;(23, 9);;(4, 14);1;13547
24;0.75;;(23, 9);;(4, 14);1;13548
24;0.75;;(23, 9);;(4, 14);1;13549
24;0.75;;(23, 9);;(4, 14);1;13550
24;0.75;;(23, 9);;(4, 14);1;13551
24;0.75;;(23, 9);;(4, 14);1;13552
24;0.75;;(23, 9);;(4, 14);1;13553
24;0.75;;(23, 9);;(4, 14);1;13554
24;0.75;;(23, 9);;(4, 14);1;13555
24;0.75;;(23, 9);;(4, 14);1;13556
24;0.75;;(23, 9);;(4, 14);1;13557
24;0.75;;(23, 9);;(4, 14);1;13558
24;0.75;;(23, 9);;(4, 14);1;13559
24;0.75;;(23, 9);;(4, 14);1;13560
24;0.75;;(23, 9);;(4, 14);1;13561
24;0.75;;(23, 9);;(4, 14);1;13562
24;0.75;;(23, 9);;(4, 14);1;13563
24;0.75;;(23, 9);;(4, 14);1;13564
24;0.75;;(23, 9);;(4, 14);1;13565
24;0.75;;(23, 9);;(4, 14);1;13566
24;0.75;;(23, 9);;(4, 14);1;13567
24;0.75;;(23, 9);;(4, 14);1;13568
24;0.75;;(23, 9);;(4, 14);1;13569
24;0.75;;(23, 9);;(4, 14);1;13570
24;0.75;;(23, 9);;(4, 14);1;13571
24;0.75;;(23, 9);;(4, 14);1;13572
24;0.75;;(23, 9);;(4, 14);1;13573
24;0.75;;(23, 9);;(4, 14);1;13574
24;0.75;;(23, 9);;(4, 14);1;13575
24;0.75;;(23, 9);;(4, 14);1;13576
24;0.75;;(23, 9);;(4, 14);1;13577
24;0.75;;(23, 9);;(4, 14);1;13578
24;0.75;;(23, 9);;(4, 14);1;13579
24;0.75;;(23, 9);;(4, 14);1;13580
24;0.75;;(23, 9);;(4, 14);1;13581
24;0.75;;(23, 9);;(4, 14);1;13582
24;0.75;;(23, 9);;(4, 14);1;13583
24;0.75;;(23, 9);;(4, 14);1;13584
24;0.75;;(23, 9);;(4, 14);1;13585
24;0.75;;(23, 9);;(4, 14);1;13586
24;0.75;;(23, 9);;(4, 14);1;13587
24;0.75;;(23, 9);;(4, 14);1;13588
24;0.75;;(23, 9);;(4, 14);1;13589
24;0.75;;(23, 9);;(4, 14);1;13590
24;0.75;;(23, 9);;(4, 14);1;13591
24;0.75;;(23, 9);;(4, 14);1;13592
24;0.75;;(23, 9);;(4, 14);1;13593
24;0.75;;(23, 9);;(4, 14);1;13594
24;0.75;;(23, 9);;(4, 14);1;13595
24;0.75;;(23, 9);;(4, 14);1;13596
24;0.75;;(23, 9);;(4, 14);1;13597
24;0.75;;(23, 9);;(4, 14);1;13598
24;0.75;;(23, 9);;(4, 14);1;13599
24;0.75;;(23, 9);;(4, 14);1;13600
24;0.75;;(23, 9);;(4, 14);1;13601
24;0.75;;(23, 9);;(4, 14);1;13602
24;0.75;;(23, 9);;(4, 14);1;13603
24;0.75;;(23, 9);;(4, 14);1;13604
24;0.75;;(23, 9);;(4, 14);1;13605
24;0.75;;(23, 9);;(4, 14);1;13606
24;0.75;;(23, 9);;(4, 14);1;13607
24;0.75;;(23, 9);;(4, 14);1;13608
24;0.75;;(23, 9);;(4, 14);1;13609
24;0.75;;(23, 9);;(4, 14);1;13610
24;0.75;;(23, 9);;(4, 14);1;13611
24;0.75;;(23, 9);;(4, 14);1;13612
24;0.75;;(23, 9);;(4, 14);1;13613
24;0.75;;(23, 9);;(4, 14);1;13614
24;0.75;;(23, 9);;(4, 14);1;13615
24;0.75;;(23, 9);;(4, 14);1;13616
24;0.75;;(23, 9);;(4, 14);1;13617
24;0.75;;(23, 9);;(4, 14);1;13618
24;0.75;;(23, 9);;(4, 14);1;13619
24;0.75;;(23, 9);;(4, 14);1;13620
24;0.75;;(23, 9);;(4, 14);1;13621
24;0.75;;(23, 9);;(4, 14);1;13622
24;0.75;;(23, 9);;(4, 14);1;13623
24;0.75;;(23, 9);;(4, 14);1;13624
24;0.75;;(23, 9);;(4, 14);1;13625
24;0.75;;(23, 9);;(4, 14);1;13626
24;0.75;;(23, 9);;(4, 14);1;13627
24;0.75;;(23, 9);;(4, 14);1;13628
24;0.75;;(23, 9);;(4, 14);1;13629
24;0.75;;(23, 9);;(4, 14);1;13630
24;0.75;;(23, 9);;(4, 14);1;13631
24;0.75;;(23, 9);;(4, 14);1;13632
24;0.75;;(23, 9);;(4, 14);1;13633
24;0.75;;(23, 9);;(4, 14);1;13634
24;0.75;;(23, 9);;(4, 14);1;13635
24;0.75;;(23, 9);;(4, 14);1;13636
24;0.75;;(23, 9);;(4, 14);1;13637
24;0.75;;(23, 9);;(4, 14);1;13638
24;0.75;;(23, 9);;(4, 14);1;13639
24;0.75;;(23, 9);;(4, 14);1;13640
24;0.75;;(23, 9);;(4, 14);1;13641
24;0.75;;(23, 9);;(4, 14);1;13642
24;0.75;;(23, 9);;(4, 14);1;13643
24;0.75;;(23, 9);;(4, 14);1;13644
24;0.75;;(23, 9);;(4, 14);1;13645
24;0.75;;(23, 9);;(4, 14);1;13646
24;0.75;;(23, 9);;(4, 14);1;13647
24;0.75;;(23, 9);;(4, 14);1;13648
24;0.75;;(23, 9);;(4, 14);1;13649
24;0.75;;(23, 9);;(4, 14);1;13650
24;0.75;;(23, 9);;(4, 14);1;13651
24;0.75;;(23, 9);;(4, 14);1;13652
24;0.75;;(23, 9);;(4, 14);1;13653
24;0.75;;(23, 9);;(4, 14);1;13654
24;0.75;;(23, 9);;(4, 14);1;13655
24;0.75;;(23, 9);;(4, 14);1;13656
24;0.75;;(23, 9);;(4, 14);1;13657
24;0.75;;(23, 9);;(4, 14);1;13658
24;0.75;;(23, 9);;(4, 14);1;13659
24;0.75;;(23, 9);;(4, 14);1;13660
24;0.75;;(23, 9);;(4, 14);1;13661
24;0.75;;(23, 9);;(4, 14);1;13662
24;0.75;;(23, 9);;(4, 14);1;13663
24;0.75;;(23, 9);;(4, 14);1;13664
24;0.75;;(23, 9);;(4, 14);1;13665
24;0.75;;(23, 9);;(4, 14);1;13666
24;0.75;;(23, 9);;(4, 14);1;13667
24;0.75;;(23, 9);;(4, 14);1;13668
24;0.75;;(23, 9);;(4, 14);1;13669
24;0.75;;(23, 9);;(4, 14);1;13670
24;0.75;;(23, 9);;(4, 14);1;13671
24;0.75;;(23, 9);;(4, 14);1;13672
24;0.75;;(23, 9);;(4, 14);1;13673
24;0.75;;(23, 9);;(4, 14);1;13674
24;0.75;;(23, 9);;(4, 14);1;13675
24;0.75;;(23, 9);;(4, 14);1;13676
24;0.75;;(23, 9);;(4, 14);1;13677
24;0.75;;(23, 9);;(4, 14);1;13678
24;0.75;;(23, 9);;(4, 14);1;13679
24;0.75;;(23, 9);;(4, 14);1;13680
24;0.75;;(23, 9);;(4, 14);1;13681
24;0.75;;(23, 9);;(4, 14);1;13682
24;0.75;;(23, 9);;(4, 14);1;13683
24;0.75;;(23, 9);;(4, 14);1;13684
24;0.75;;(23, 9);;(4, 14);1;13685
24;0.75;;(23, 9);;(4, 14);1;13686
24;0.75;;(23, 9);;(4, 14);1;13687
24;0.75;;(23, 9);;(4, 14);1;13688
24;0.75;;(23, 9);;(4, 14);1;13689
24;0.75;;(23, 9);;(4, 14);1;13690
24;0.75;;(23, 9);;(4, 14);1;13691
24;0.75;;(23, 9);;(4, 14);1;13692
24;0.75;;(23, 9);;(4, 14);1;13693
24;0.75;;(23, 9);;(4, 14);1;13694
24;0.75;;(23, 9);;(4, 14);1;13695
24;0.75;;(23, 9);;(4, 14);1;13696
24;0.75;;(23, 9);;(4, 14);1;13697
24;0.75;;(23, 9);;(4, 14);1;13698
24;0.75;;(23, 9);;(4, 14);1;13699
24;0.75;;(23, 9);;(4, 14);1;13700
24;0.75;;(23, 9);;(4, 14);1;13701
24;0.75;;(23, 9);;(4, 14);1;13702
24;0.75;;(23, 9);;(4, 14);1;13703
24;0.75;;(23, 9);;(4, 14);1;13704
24;0.75;;(23, 9);;(4, 14);1;13705
24;0.75;;(23, 9);;(4, 14);1;13706
24;0.75;;(23, 9);;(4, 14);1;13707
24;0.75;;(23, 9);;(4, 14);1;13708
24;0.75;;(23, 9);;(4, 14);1;13709
24;0.75;;(23, 9);;(4, 14);1;13710
24;0.75;;(23, 9);;(4, 14);1;13711
24;0.75;;(23, 9);;(4, 14);1;13712
24;0.75;;(23, 9);;(4, 14);1;13713
24;0.75;;(23, 9);;(4, 14);1;13714
24;0.75;;(23, 9);;(4, 14);1;13715
24;0.75;;(23, 9);;(4, 14);1;13716
24;0.75;;(23, 9);;(4, 14);1;13717
24;0.75;;(23, 9);;(4, 14);1;13718
24;0.75;;(23, 9);;(4, 14);1;13719
24;0.75;;(23, 9);;(4, 14);1;13720
24;0.75;;(23, 9);;(4, 14);1;13721
24;0.75;;(23, 9);;(4, 14);1;13722
24;0.75;;(23, 9);;(4, 14);1;13723
24;0.75;;(23, 9);;(4, 14);1;13724
24;0.75;;(23, 9);;(4, 14);1;13725
24;0.75;;(23, 9);;(4, 14);1;13726
24;0.75;;(23, 9);;(4, 14);1;13727
24;0.75;;(23, 9);;(4, 14);1;13728
24;0.75;;(23, 9);;(4, 14);1;13729
24;0.75;;(23, 9);;(4, 14);1;13730
24;0.75;;(23, 9);;(4, 14);1;13731
24;0.75;;(23, 9);;(4, 14);1;13732
24;0.75;;(23, 9);;(4, 14);1;13733
24;0.75;;(23, 9);;(4, 14);1;13734
24;0.75;;(23, 9);;(4, 14);1;13735
24;0.75;;(23, 9);;(4, 14);1;13736
24;0.75;;(23, 9);;(4, 14);1;13737
24;0.75;;(23, 9);;(4, 14);1;13738
24;0.75;;(23, 9);;(4, 14);1;13739
24;0.75;;(23, 9);;(4, 14);1;13740
24;0.75;;(23, 9);;(4, 14);1;13741
24;0.75;;(23, 9);;(4, 14);1;13742
24;0.75;;(23, 9);;(4, 14);1;13743
24;0.75;;(23, 9);;(4, 14);1;13744
24;0.75;;(23, 9);;(4, 14);1;13745
24;0.75;;(23, 9);;(4, 14);1;13746
24;0.75;;(23, 9);;(4, 14);1;13747
24;0.75;;(23, 9);;(4, 14);1;13748
24;0.75;;(23, 9);;(4, 14);1;13749
24;0.75;;(23, 9);;(4, 14);1;13750
24;0.75;;(23, 9);;(4, 14);1;13751
24;0.75;;(23, 9);;(4, 14);1;13752
24;0.75;;(23, 9);;(4, 14);1;13753
24;0.75;;(23, 9);;(4, 14);1;13754
24;0.75;;(23, 9);;(4, 14);1;13755
24;0.75;;(23, 9);;(4, 14);1;13756
24;0.75;;(23, 9);;(4, 14);1;13757
24;0.75;;(23, 9);;(4, 14);1;13758
24;0.75;;(23, 9);;(4, 14);1;13759
24;0.75;;(23, 9);;(4, 14);1;13760
24;0.75;;(23, 9);;(4, 14);1;13761
24;0.75;;(23, 9);;(4, 14);1;13762
24;0.75;;(23, 9);;(4, 14);1;13763
24;0.75;;(23, 9);;(4, 14);1;13764
24;0.75;;(23, 9);;(4, 14);1;13765
24;0.75;;(23, 9);;(4, 14);1;13766
24;0.75;;(23, 9);;(4, 14);1;13767
24;0.75;;(23, 9);;(4, 14);1;13768
24;0.75;;(23, 9);;(4, 14);1;13769
24;0.75;;(23, 9);;(4, 14);1;13770
24;0.75;;(23, 9);;(4, 14);1;13771
24;0.75;;(23, 9);;(4, 14);1;13772
24;0.75;;(23, 9);;(4, 14);1;13773
24;0.75;;(23, 9);;(4, 14);1;13774
24;0.75;;(23, 9);;(4, 14);1;13775
24;0.75;;(23, 9);;(4, 14);1;13776
24;0.75;;(23, 9);;(4, 14);1;13777
24;0.75;;(23, 9);;(4, 14);1;13778
24;0.75;;(23, 9);;(4, 14);1;13779
24;0.75;;(23, 9);;(4, 14);1;13780
24;0.75;;(23, 9);;(4, 14);1;13781
24;0.75;;(23, 9);;(4, 14);1;13782
24;0.75;;(23, 9);;(4, 14);1;13783
24;0.75;;(23, 9);;(4, 14);1;13784
24;0.75;;(23, 9);;(4, 14);1;13785
24;0.75;;(23, 9);;(4, 14);1;13786
24;0.75;;(23, 9);;(4, 14);1;13787
24;0.75;;(23, 9);;(4, 14);1;13788
24;0.75;;(23, 9);;(4, 14);1;13789
24;0.75;;(23, 9);;(4, 14);1;13790
24;0.75;;(23, 9);;(4, 14);1;13791
24;0.75;;(23, 9);;(4, 14);1;13792
24;0.75;;(23, 9);;(4, 14);1;13793
24;0.75;;(23, 9);;(4, 14);1;13794
24;0.75;;(23, 9);;(4, 14);1;13795
24;0.75;;(23, 9);;(4, 14);1;13796
24;0.75;;(23, 9);;(4, 14);1;13797
24;0.75;;(23, 9);;(4, 14);1;13798
24;0.75;;(23, 9);;(4, 14);1;13799
24;0.75;;(23, 9);;(4, 14);1;13800
24;0.75;;(23, 9);;(4, 14);1;13801
24;0.75;;(23, 9);;(4, 14);1;13802
24;0.75;;(23, 9);;(4, 14);1;13803
24;0.75;;(23, 9);;(4, 14);1;13804
24;0.75;;(23, 9);;(4, 14);1;13805
24;0.75;;(23, 9);;(4, 14);1;13806
24;0.75;;(23, 9);;(4, 14);1;13807
24;0.75;;(23, 9);;(4, 14);1;13808
24;0.75;;(23, 9);;(4, 14);1;13809
24;0.75;;(23, 9);;(4, 14);1;13810
24;0.75;;(23, 9);;(4, 14);1;13811
24;0.75;;(23, 9);;(4, 14);1;13812
24;0.75;;(23, 9);;(4, 14);1;13813
24;0.75;;(23, 9);;(4, 14);1;13814
24;0.75;;(23, 9);;(4, 14);1;13815
24;0.75;;(23, 9);;(4, 14);1;13816
24;0.75;;(23, 9);;(4, 14);1;13817
24;0.75;;(23, 9);;(4, 14);1;13818
24;0.75;;(23, 9);;(4, 14);1;13819
24;0.75;;(23, 9);;(4, 14);1;13820
24;0.75;;(23, 9);;(4, 14);1;13821
24;0.75;;(23, 9);;(4, 14);1;13822
24;0.75;;(23, 9);;(4, 14);1;13823
24;0.75;;(23, 9);;(4, 14);1;13824
24;0.75;;(23, 9);;(4, 14);1;13825
24;0.75;;(23, 9);;(4, 14);1;13826
24;0.75;;(23, 9);;(4, 14);1;13827
24;0.75;;(23, 9);;(4, 14);1;13828
24;0.75;;(23, 9);;(4, 14);1;13829
24;0.75;;(23, 9);;(4, 14);1;13830
24;0.75;;(23, 9);;(4, 14);1;13831
24;0.75;;(23, 9);;(4, 14);1;13832
24;0.75;;(23, 9);;(4, 14);1;13833
24;0.75;;(23, 9);;(4, 14);1;13834
24;0.75;;(23, 9);;(4, 14);1;13835
24;0.75;;(23, 9);;(4, 14);1;13836
24;0.75;;(23, 9);;(4, 14);1;13837
24;0.75;;(23, 9);;(4, 14);1;13838
24;0.75;;(23, 9);;(4, 14);1;13839
24;0.75;;(23, 9);;(4, 14);1;13840
24;0.75;;(23, 9);;(4, 14);1;13841
24;0.75;;(23, 9);;(4, 14);1;13842
24;0.75;;(23, 9);;(4, 14);1;13843
24;0.75;;(23, 9);;(4, 14);1;13844
24;0.75;;(23, 9);;(4, 14);1;13845
24;0.75;;(23, 9);;(4, 14);1;13846
24;0.75;;(23, 9);;(4, 14);1;13847
24;0.75;;(23, 9);;(4, 14);1;13848
24;0.75;;(23, 9);;(4, 14);1;13849
24;0.75;;(23, 9);;(4, 14);1;13850
24;0.75;;(23, 9);;(4, 14);1;13851
24;0.75;;(23, 9);;(4, 14);1;13852
24;0.75;;(23, 9);;(4, 14);1;13853
24;0.75;;(23, 9);;(4, 14);1;13854
24;0.75;;(23, 9);;(4, 14);1;13855
24;0.75;;(23, 9);;(4, 14);1;13856
24;0.75;;(23, 9);;(4, 14);1;13857
24;0.75;;(23, 9);;(4, 14);1;13858
24;0.75;;(23, 9);;(4, 14);1;13859
24;0.75;;(23, 9);;(4, 14);1;13860
24;0.75;;(23, 9);;(4, 14);1;13861
24;0.75;;(23, 9);;(4, 14);1;13862
24;0.75;;(23, 9);;(4, 14);1;13863
24;0.75;;(23, 9);;(4, 14);1;13864
24;0.75;;(23, 9);;(4, 14);1;13865
24;0.75;;(23, 9);;(4, 14);1;13866
24;0.75;;(23, 9);;(4, 14);1;13867
24;0.75;;(23, 9);;(4, 14);1;13868
24;0.75;;(23, 9);;(4, 14);1;13869
24;0.75;;(23, 9);;(4, 14);1;13870
24;0.75;;(23, 9);;(4, 14);1;13871
24;0.75;;(23, 9);;(4, 14);1;13872
24;0.75;;(23, 9);;(4, 14);1;13873
24;0.75;;(23, 9);;(4, 14);1;13874
24;0.75;;(23, 9);;(4, 14);1;13875
24;0.75;;(23, 9);;(4, 14);1;13876
24;0.75;;(23, 9);;(4, 14);1;13877
24;0.75;;(23, 9);;(4, 14);1;13878
24;0.75;;(23, 9);;(4, 14);1;13879
24;0.75;;(23, 9);;(4, 14);1;13880
24;0.75;;(23, 9);;(4, 14);1;13881
24;0.75;;(23, 9);;(4, 14);1;13882
24;0.75;;(23, 9);;(4, 14);1;13883
24;0.75;;(23, 9);;(4, 14);1;13884
24;0.75;;(23, 9);;(4, 14);1;13885
24;0.75;;(23, 9);;(4, 14);1;13886
24;0.75;;(23, 9);;(4, 14);1;13887
24;0.75;;(23, 9);;(4, 14);1;13888
24;0.75;;(23, 9);;(4, 14);1;13889
24;0.75;;(23, 9);;(4, 14);1;13890
24;0.75;;(23, 9);;(4, 14);1;13891
24;0.75;;(23, 9);;(4, 14);1;13892
24;0.75;;(23, 9);;(4, 14);1;13893
24;0.75;;(23, 9);;(4, 14);1;13894
24;0.75;;(23, 9);;(4, 14);1;13895
24;0.75;;(23, 9);;(4, 14);1;13896
24;0.75;;(23, 9);;(4, 14);1;13897
24;0.75;;(23, 9);;(4, 14);1;13898
24;0.75;;(23, 9);;(4, 14);1;13899
24;0.75;;(23, 9);;(4, 14);1;13900
24;0.75;;(23, 9);;(4, 14);1;13901
24;0.75;;(23, 9);;(4, 14);1;13902
24;0.75;;(23, 9);;(4, 14);1;13903
24;0.75;;(23, 9);;(4, 14);1;13904
24;0.75;;(23, 9);;(4, 14);1;13905
24;0.75;;(23, 9);;(4, 14);1;13906
24;0.75;;(23, 9);;(4, 14);1;13907
24;0.75;;(23, 9);;(4, 14);1;13908
24;0.75;;(23, 9);;(4, 14);1;13909
24;0.75;;(23, 9);;(4, 14);1;13910
24;0.75;;(23, 9);;(4, 14);1;13911
24;0.75;;(23, 9);;(4, 14);1;13912
24;0.75;;(23, 9);;(4, 14);1;13913
24;0.75;;(23, 9);;(4, 14);1;13914
24;0.75;;(23, 9);;(4, 14);1;13915
24;0.75;;(23, 9);;(4, 14);1;13916
24;0.75;;(23, 9);;(4, 14);1;13917
24;0.75;;(23, 9);;(4, 14);1;13918
24;0.75;;(23, 9);;(4, 14);1;13919
24;0.75;;(23, 9);;(4, 14);1;13920
24;0.75;;(23, 9);;(4, 14);1;13921
24;0.75;;(23, 9);;(4, 14);1;13922
24;0.75;;(23, 9);;(4, 14);1;13923
24;0.75;;(23, 9);;(4, 14);1;13924
24;0.75;;(23, 9);;(4, 14);1;13925
24;0.75;;(23, 9);;(4, 14);1;13926
24;0.75;;(23, 9);;(4, 14);1;13927
24;0.75;;(23, 9);;(4, 14);1;13928
24;0.75;;(23, 9);;(4, 14);1;13929
24;0.75;;(23, 9);;(4, 14);1;13930
24;0.75;;(23, 9);;(4, 14);1;13931
24;0.75;;(23, 9);;(4, 14);1;13932
24;0.75;;(23, 9);;(4, 14);1;13933
24;0.75;;(23, 9);;(4, 14);1;13934
24;0.75;;(23, 9);;(4, 14);1;13935
24;0.75;;(23, 9);;(4, 14);1;13936
24;0.75;;(23, 9);;(4, 14);1;13937
24;0.75;;(23, 9);;(4, 14);1;13938
24;0.75;;(23, 9);;(4, 14);1;13939
24;0.75;;(23, 9);;(4, 14);1;13940
24;0.75;;(23, 9);;(4, 14);1;13941
24;0.75;;(23, 9);;(4, 14);1;13942
24;0.75;;(23, 9);;(4, 14);1;13943
24;0.75;;(23, 9);;(4, 14);1;13944
24;0.75;;(23, 9);;(4, 14);1;13945
24;0.75;;(23, 9);;(4, 14);1;13946
24;0.75;;(23, 9);;(4, 14);1;13947
24;0.75;;(23, 9);;(4, 14);1;13948
24;0.75;;(23, 9);;(4, 14);1;13949
24;0.75;;(23, 9);;(4, 14);1;13950
24;0.75;;(23, 9);;(4, 14);1;13951
24;0.75;;(23, 9);;(4, 14);1;13952
24;0.75;;(23, 9);;(4, 14);1;13953
24;0.75;;(23, 9);;(4, 14);1;13954
24;0.75;;(23, 9);;(4, 14);1;13955
24;0.75;;(23, 9);;(4, 14);1;13956
24;0.75;;(23, 9);;(4, 14);1;13957
24;0.75;;(23, 9);;(4, 14);1;13958
24;0.75;;(23, 9);;(4, 14);1;13959
24;0.75;;(23, 9);;(4, 14);1;13960
24;0.75;;(23, 9);;(4, 14);1;13961
24;0.75;;(23, 9);;(4, 14);1;13962
24;0.75;;(23, 9);;(4, 14);1;13963
24;0.75;;(23, 9);;(4, 14);1;13964
24;0.75;;(23, 9);;(4, 14);1;13965
24;0.75;;(23, 9);;(4, 14);1;13966
24;0.75;;(23, 9);;(4, 14);1;13967
24;0.75;;(23, 9);;(4, 14);1;13968
24;0.75;;(23, 9);;(4, 14);1;13969
24;0.75;;(23, 9);;(4, 14);1;13970
24;0.75;;(23, 9);;(4, 14);1;13971
24;0.75;;(23, 9);;(4, 14);1;13972
24;0.75;;(23, 9);;(4, 14);1;13973
24;0.75;;(23, 9);;(4, 14);1;13974
24;0.75;;(23, 9);;(4, 14);1;13975
24;0.75;;(23, 9);;(4, 14);1;13976
24;0.75;;(23, 9);;(4, 14);1;13977
24;0.75;;(23, 9);;(4, 14);1;13978
24;0.75;;(23, 9);;(4, 14);1;13979
24;0.75;;(23, 9);;(4, 14);1;13980
24;0.75;;(23, 9);;(4, 14);1;13981
24;0.75;;(23, 9);;(4, 14);1;13982
24;0.75;;(23, 9);;(4, 14);1;13983
24;0.75;;(23, 9);;(4, 14);1;13984
24;0.75;;(23, 9);;(4, 14);1;13985
24;0.75;;(23, 9);;(4, 14);1;13986
24;0.75;;(23, 9);;(4, 14);1;13987
24;0.75;;(23, 9);;(4, 14);1;13988
24;0.75;;(23, 9);;(4, 14);1;13989
24;0.75;;(23, 9);;(4, 14);1;13990
24;0.75;;(23, 9);;(4, 14);1;13991
24;0.75;;(23, 9);;(4, 14);1;13992
24;0.75;;(23, 9);;(4, 14);1;13993
24;0.75;;(23, 9);;(4, 14);1;13994
24;0.75;;(23, 9);;(4, 14);1;13995
24;0.75;;(23, 9);;(4, 14);1;13996
24;0.75;;(23, 9);;(4, 14);1;13997
24;0.75;;(23, 9);;(4, 14);1;13998
24;0.75;;(23, 9);;(4, 14);1;13999
24;0.75;;(23, 9);;(4, 14);1;14000
24;0.75;;(23, 9);;(4, 14);1;14001
24;0.75;;(23, 9);;(4, 14);1;14002
24;0.75;;(23, 9);;(4, 14);1;14003
24;0.75;;(23, 9);;(4, 14);1;14004
24;0.75;;(23, 9);;(4, 14);1;14005
24;0.75;;(23, 9);;(4, 14);1;14006
24;0.75;;(23, 9);;(4, 14);1;14007
24;0.75;;(23, 9);;(4, 14);1;14008
24;0.75;;(23, 9);;(4, 14);1;14009
24;0.75;;(23, 9);;(4, 14);1;14010
24;0.75;;(23, 9);;(4, 14);1;14011
24;0.75;;(23, 9);;(4, 14);1;14012
24;0.75;;(23, 9);;(4, 14);1;14013
24;0.75;;(23, 9);;(4, 14);1;14014
24;0.75;;(23, 9);;(4, 14);1;14015
24;0.75;;(23, 9);;(4, 14);1;14016
24;0.75;;(23, 9);;(4, 14);1;14017
24;0.75;;(23, 9);;(4, 14);1;14018
24;0.75;;(23, 9);;(4, 14);1;14019
24;0.75;;(23, 9);;(4, 14);1;14020
24;0.75;;(23, 9);;(4, 14);1;14021
24;0.75;;(23, 9);;(4, 14);1;14022
24;0.75;;(23, 9);;(4, 14);1;14023
24;0.75;;(23, 9);;(4, 14);1;14024
24;0.75;;(23, 9);;(4, 14);1;14025
24;0.75;;(23, 9);;(4, 14);1;14026
24;0.75;;(23, 9);;(4, 14);1;14027
24;0.75;;(23, 9);;(4, 14);1;14028
24;0.75;;(23, 9);;(4, 14);1;14029
24;0.75;;(23, 9);;(4, 14);1;14030
24;0.75;;(23, 9);;(4, 14);1;14031
24;0.75;;(23, 9);;(4, 14);1;14032
24;0.75;;(23, 9);;(4, 14);1;14033
24;0.75;;(23, 9);;(4, 14);1;14034
24;0.75;;(23, 9);;(4, 14);1;14035
24;0.75;;(23, 9);;(4, 14);1;14036
24;0.75;;(23, 9);;(4, 14);1;14037
24;0.75;;(23, 9);;(4, 14);1;14038
24;0.75;;(23, 9);;(4, 14);1;14039
24;0.75;;(23, 9);;(4, 14);1;14040
24;0.75;;(23, 9);;(4, 14);1;14041
24;0.75;;(23, 9);;(4, 14);1;14042
24;0.75;;(23, 9);;(4, 14);1;14043
24;0.75;;(23, 9);;(4, 14);1;14044
24;0.75;;(23, 9);;(4, 14);1;14045
24;0.75;;(23, 9);;(4, 14);1;14046
24;0.75;;(23, 9);;(4, 14);1;14047
24;0.75;;(23, 9);;(4, 14);1;14048
24;0.75;;(23, 9);;(4, 14);1;14049
24;0.75;;(23, 9);;(4, 14);1;14050
24;0.75;;(23, 9);;(4, 14);1;14051
24;0.75;;(23, 9);;(4, 14);1;14052
24;0.75;;(23, 9);;(4, 14);1;14053
24;0.75;;(23, 9);;(4, 14);1;14054
24;0.75;;(23, 9);;(4, 14);1;14055
24;0.75;;(23, 9);;(4, 14);1;14056
24;0.75;;(23, 9);;(4, 14);1;14057
24;0.75;;(23, 9);;(4, 14);1;14058
24;0.75;;(23, 9);;(4, 14);1;14059
24;0.75;;(23, 9);;(4, 14);1;14060
24;0.75;;(23, 9);;(4, 14);1;14061
24;0.75;;(23, 9);;(4, 14);1;14062
24;0.75;;(23, 9);;(4, 14);1;14063
24;0.75;;(23, 9);;(4, 14);1;14064
24;0.75;;(23, 9);;(4, 14);1;14065
24;0.75;;(23, 9);;(4, 14);1;14066
24;0.75;;(23, 9);;(4, 14);1;14067
24;0.75;;(23, 9);;(4, 14);1;14068
24;0.75;;(23, 9);;(4, 14);1;14069
24;0.75;;(23, 9);;(4, 14);1;14070
24;0.75;;(23, 9);;(4, 14);1;14071
24;0.75;;(23, 9);;(4, 14);1;14072
24;0.75;;(23, 9);;(4, 14);1;14073
24;0.75;;(23, 9);;(4, 14);1;14074
24;0.75;;(23, 9);;(4, 14);1;14075
24;0.75;;(23, 9);;(4, 14);1;14076
24;0.75;;(23, 9);;(4, 14);1;14077
24;0.75;;(23, 9);;(4, 14);1;14078
24;0.75;;(23, 9);;(4, 14);1;14079
24;0.75;;(23, 9);;(4, 14);1;14080
24;0.75;;(23, 9);;(4, 14);1;14081
24;0.75;;(23, 9);;(4, 14);1;14082
24;0.75;;(23, 9);;(4, 14);1;14083
24;0.75;;(23, 9);;(4, 14);1;14084
24;0.75;;(23, 9);;(4, 14);1;14085
24;0.75;;(23, 9);;(4, 14);1;14086
24;0.75;;(23, 9);;(4, 14);1;14087
24;0.75;;(23, 9);;(4, 14);1;14088
24;0.75;;(23, 9);;(4, 14);1;14089
24;0.75;;(23, 9);;(4, 14);1;14090
24;0.75;;(23, 9);;(4, 14);1;14091
24;0.75;;(23, 9);;(4, 14);1;14092
24;0.75;;(23, 9);;(4, 14);1;14093
24;0.75;;(23, 9);;(4, 14);1;14094
24;0.75;;(23, 9);;(4, 14);1;14095
24;0.75;;(23, 9);;(4, 14);1;14096
24;0.75;;(23, 9);;(4, 14);1;14097
24;0.75;;(23, 9);;(4, 14);1;14098
24;0.75;;(23, 9);;(4, 14);1;14099
24;0.75;;(23, 9);;(4, 14);1;14100
24;0.75;;(23, 9);;(4, 14);1;14101
24;0.75;;(23, 9);;(4, 14);1;14102
24;0.75;;(23, 9);;(4, 14);1;14103
24;0.75;;(23, 9);;(4, 14);1;14104
24;0.75;;(23, 9);;(4, 14);1;14105
24;0.75;;(23, 9);;(4, 14);1;14106
24;0.75;;(23, 9);;(4, 14);1;14107
24;0.75;;(23, 9);;(4, 14);1;14108
24;0.75;;(23, 9);;(4, 14);1;14109
24;0.75;;(23, 9);;(4, 14);1;14110
24;0.75;;(23, 9);;(4, 14);1;14111
24;0.75;;(23, 9);;(4, 14);1;14112
24;0.75;;(23, 9);;(4, 14);1;14113
24;0.75;;(23, 9);;(4, 14);1;14114
24;0.75;;(23, 9);;(4, 14);1;14115
24;0.75;;(23, 9);;(4, 14);1;14116
24;0.75;;(23, 9);;(4, 14);1;14117
24;0.75;;(23, 9);;(4, 14);1;14118
24;0.75;;(23, 9);;(4, 14);1;14119
24;0.75;;(23, 9);;(4, 14);1;14120
24;0.75;;(23, 9);;(4, 14);1;14121
24;0.75;;(23, 9);;(4, 14);1;14122
24;0.75;;(23, 9);;(4, 14);1;14123
24;0.75;;(23, 9);;(4, 14);1;14124
24;0.75;;(23, 9);;(4, 14);1;14125
24;0.75;;(23, 9);;(4, 14);1;14126
24;0.75;;(23, 9);;(4, 14);1;14127
24;0.75;;(23, 9);;(4, 14);1;14128
24;0.75;;(23, 9);;(4, 14);1;14129
24;0.75;;(23, 9);;(4, 14);1;14130
24;0.75;;(23, 9);;(4, 14);1;14131
24;0.75;;(23, 9);;(4, 14);1;14132
24;0.75;;(23, 9);;(4, 14);1;14133
24;0.75;;(23, 9);;(4, 14);1;14134
24;0.75;;(23, 9);;(4, 14);1;14135
24;0.75;;(23, 9);;(4, 14);1;14136
24;0.75;;(23, 9);;(4, 14);1;14137
24;0.75;;(23, 9);;(4, 14);1;14138
24;0.75;;(23, 9);;(4, 14);1;14139
24;0.75;;(23, 9);;(4, 14);1;14140
24;0.75;;(23, 9);;(4, 14);1;14141
24;0.75;;(23, 9);;(4, 14);1;14142
24;0.75;;(23, 9);;(4, 14);1;14143
24;0.75;;(23, 9);;(4, 14);1;14144
24;0.75;;(23, 9);;(4, 14);1;14145
24;0.75;;(23, 9);;(4, 14);1;14146
24;0.75;;(23, 9);;(4, 14);1;14147
24;0.75;;(23, 9);;(4, 14);1;14148
24;0.75;;(23, 9);;(4, 14);1;14149
24;0.75;;(23, 9);;(4, 14);1;14150
24;0.75;;(23, 9);;(4, 14);1;14151
24;0.75;;(23, 9);;(4, 14);1;14152
24;0.75;;(23, 9);;(4, 14);1;14153
24;0.75;;(23, 9);;(4, 14);1;14154
24;0.75;;(23, 9);;(4, 14);1;14155
24;0.75;;(23, 9);;(4, 14);1;14156
24;0.75;;(23, 9);;(4, 14);1;14157
24;0.75;;(23, 9);;(4, 14);1;14158
24;0.75;;(23, 9);;(4, 14);1;14159
24;0.75;;(23, 9);;(4, 14);1;14160
24;0.75;;(23, 9);;(4, 14);1;14161
24;0.75;;(23, 9);;(4, 14);1;14162
24;0.75;;(23, 9);;(4, 14);1;14163
24;0.75;;(23, 9);;(4, 14);1;14164
24;0.75;;(23, 9);;(4, 14);1;14165
24;0.75;;(23, 9);;(4, 14);1;14166
24;0.75;;(23, 9);;(4, 14);1;14167
24;0.75;;(23, 9);;(4, 14);1;14168
24;0.75;;(23, 9);;(4, 14);1;14169
24;0.75;;(23, 9);;(4, 14);1;14170
24;0.75;;(23, 9);;(4, 14);1;14171
24;0.75;;(23, 9);;(4, 14);1;14172
24;0.75;;(23, 9);;(4, 14);1;14173
24;0.75;;(23, 9);;(4, 14);1;14174
24;0.75;;(23, 9);;(4, 14);1;14175
24;0.75;;(23, 9);;(4, 14);1;14176
24;0.75;;(23, 9);;(4, 14);1;14177
24;0.75;;(23, 9);;(4, 14);1;14178
24;0.75;;(23, 9);;(4, 14);1;14179
24;0.75;;(23, 9);;(4, 14);1;14180
24;0.75;;(23, 9);;(4, 14);1;14181
24;0.75;;(23, 9);;(4, 14);1;14182
24;0.75;;(23, 9);;(4, 14);1;14183
24;0.75;;(23, 9);;(4, 14);1;14184
24;0.75;;(23, 9);;(4, 14);1;14185
24;0.75;;(23, 9);;(4, 14);1;14186
24;0.75;;(23, 9);;(4, 14);1;14187
24;0.75;;(23, 9);;(4, 14);1;14188
24;0.75;;(23, 9);;(4, 14);1;14189
24;0.75;;(23, 9);;(4, 14);1;14190
24;0.75;;(23, 9);;(4, 14);1;14191
24;0.75;;(23, 9);;(4, 14);1;14192
24;0.75;;(23, 9);;(4, 14);1;14193
24;0.75;;(23, 9);;(4, 14);1;14194
24;0.75;;(23, 9);;(4, 14);1;14195
24;0.75;;(23, 9);;(4, 14);1;14196
24;0.75;;(23, 9);;(4, 14);1;14197
24;0.75;;(23, 9);;(4, 14);1;14198
24;0.75;;(23, 9);;(4, 14);1;14199
24;0.75;;(23, 9);;(4, 14);1;14200
24;0.75;;(23, 9);;(4, 14);1;14201
24;0.75;;(23, 9);;(4, 14);1;14202
24;0.75;;(23, 9);;(4, 14);1;14203
24;0.75;;(23, 9);;(4, 14);1;14204
24;0.75;;(23, 9);;(4, 14);1;14205
24;0.75;;(23, 9);;(4, 14);1;14206
24;0.75;;(23, 9);;(4, 14);1;14207
24;0.75;;(23, 9);;(4, 14);1;14208
24;0.75;;(23, 9);;(4, 14);1;14209
24;0.75;;(23, 9);;(4, 14);1;14210
24;0.75;;(23, 9);;(4, 14);1;14211
24;0.75;;(23, 9);;(4, 14);1;14212
24;0.75;;(23, 9);;(4, 14);1;14213
24;0.75;;(23, 9);;(4, 14);1;14214
24;0.75;;(23, 9);;(4, 14);1;14215
24;0.75;;(23, 9);;(4, 14);1;14216
24;0.75;;(23, 9);;(4, 14);1;14217
24;0.75;;(23, 9);;(4, 14);1;14218
24;0.75;;(23, 9);;(4, 14);1;14219
24;0.75;;(23, 9);;(4, 14);1;14220
24;0.75;;(23, 9);;(4, 14);1;14221
24;0.75;;(23, 9);;(4, 14);1;14222
24;0.75;;(23, 9);;(4, 14);1;14223
24;0.75;;(23, 9);;(4, 14);1;14224
24;0.75;;(23, 9);;(4, 14);1;14225
24;0.75;;(23, 9);;(4, 14);1;14226
24;0.75;;(23, 9);;(4, 14);1;14227
24;0.75;;(23, 9);;(4, 14);1;14228
24;0.75;;(23, 9);;(4, 14);1;14229
24;0.75;;(23, 9);;(4, 14);1;14230
24;0.75;;(23, 9);;(4, 14);1;14231
24;0.75;;(23, 9);;(4, 14);1;14232
24;0.75;;(23, 9);;(4, 14);1;14233
24;0.75;;(23, 9);;(4, 14);1;14234
24;0.75;;(23, 9);;(4, 14);1;14235
24;0.75;;(23, 9);;(4, 14);1;14236
24;0.75;;(23, 9);;(4, 14);1;14237
24;0.75;;(23, 9);;(4, 14);1;14238
24;0.75;;(23, 9);;(4, 14);1;14239
24;0.75;;(23, 9);;(4, 14);1;14240
24;0.75;;(23, 9);;(4, 14);1;14241
24;0.75;;(23, 9);;(4, 14);1;14242
24;0.75;;(23, 9);;(4, 14);1;14243
24;0.75;;(23, 9);;(4, 14);1;14244
24;0.75;;(23, 9);;(4, 14);1;14245
24;0.75;;(23, 9);;(4, 14);1;14246
24;0.75;;(23, 9);;(4, 14);1;14247
24;0.75;;(23, 9);;(4, 14);1;14248
24;0.75;;(23, 9);;(4, 14);1;14249
24;0.75;;(23, 9);;(4, 14);1;14250
24;0.75;;(23, 9);;(4, 14);1;14251
24;0.75;;(23, 9);;(4, 14);1;14252
24;0.75;;(23, 9);;(4, 14);1;14253
24;0.75;;(23, 9);;(4, 14);1;14254
24;0.75;;(23, 9);;(4, 14);1;14255
24;0.75;;(23, 9);;(4, 14);1;14256
24;0.75;;(23, 9);;(4, 14);1;14257
24;0.75;;(23, 9);;(4, 14);1;14258
24;0.75;;(23, 9);;(4, 14);1;14259
24;0.75;;(23, 9);;(4, 14);1;14260
24;0.75;;(23, 9);;(4, 14);1;14261
24;0.75;;(23, 9);;(4, 14);1;14262
24;0.75;;(23, 9);;(4, 14);1;14263
24;0.75;;(23, 9);;(4, 14);1;14264
24;0.75;;(23, 9);;(4, 14);1;14265
24;0.75;;(23, 9);;(4, 14);1;14266
24;0.75;;(23, 9);;(4, 14);1;14267
24;0.75;;(23, 9);;(4, 14);1;14268
24;0.75;;(23, 9);;(4, 14);1;14269
24;0.75;;(23, 9);;(4, 14);1;14270
24;0.75;;(23, 9);;(4, 14);1;14271
24;0.75;;(23, 9);;(4, 14);1;14272
24;0.75;;(23, 9);;(4, 14);1;14273
24;0.75;;(23, 9);;(4, 14);1;14274
24;0.75;;(23, 9);;(4, 14);1;14275
24;0.75;;(23, 9);;(4, 14);1;14276
24;0.75;;(23, 9);;(4, 14);1;14277
24;0.75;;(23, 9);;(4, 14);1;14278
24;0.75;;(23, 9);;(4, 14);1;14279
24;0.75;;(23, 9);;(4, 14);1;14280
24;0.75;;(23, 9);;(4, 14);1;14281
24;0.75;;(23, 9);;(4, 14);1;14282
24;0.75;;(23, 9);;(4, 14);1;14283
24;0.75;;(23, 9);;(4, 14);1;14284
24;0.75;;(23, 9);;(4, 14);1;14285
24;0.75;;(23, 9);;(4, 14);1;14286
24;0.75;;(23, 9);;(4, 14);1;14287
24;0.75;;(23, 9);;(4, 14);1;14288
24;0.75;;(23, 9);;(4, 14);1;14289
24;0.75;;(23, 9);;(4, 14);1;14290
24;0.75;;(23, 9);;(4, 14);1;14291
24;0.75;;(23, 9);;(4, 14);1;14292
24;0.75;;(23, 9);;(4, 14);1;14293
24;0.75;;(23, 9);;(4, 14);1;14294
24;0.75;;(23, 9);;(4, 14);1;14295
24;0.75;;(23, 9);;(4, 14);1;14296
24;0.75;;(23, 9);;(4, 14);1;14297
24;0.75;;(23, 9);;(4, 14);1;14298
24;0.75;;(23, 9);;(4, 14);1;14299
24;0.75;;(23, 9);;(4, 14);1;14300
24;0.75;;(23, 9);;(4, 14);1;14301
24;0.75;;(23, 9);;(4, 14);1;14302
24;0.75;;(23, 9);;(4, 14);1;14303
24;0.75;;(23, 9);;(4, 14);1;14304
24;0.75;;(23, 9);;(4, 14);1;14305
24;0.75;;(23, 9);;(4, 14);1;14306
24;0.75;;(23, 9);;(4, 14);1;14307
24;0.75;;(23, 9);;(4, 14);1;14308
24;0.75;;(23, 9);;(4, 14);1;14309
24;0.75;;(23, 9);;(4, 14);1;14310
24;0.75;;(23, 9);;(4, 14);1;14311
24;0.75;;(23, 9);;(4, 14);1;14312
24;0.75;;(23, 9);;(4, 14);1;14313
24;0.75;;(23, 9);;(4, 14);1;14314
24;0.75;;(23, 9);;(4, 14);1;14315
24;0.75;;(23, 9);;(4, 14);1;14316
24;0.75;;(23, 9);;(4, 14);1;14317
24;0.75;;(23, 9);;(4, 14);1;14318
24;0.75;;(23, 9);;(4, 14);1;14319
24;0.75;;(23, 9);;(4, 14);1;14320
24;0.75;;(23, 9);;(4, 14);1;14321
24;0.75;;(23, 9);;(4, 14);1;14322
24;0.75;;(23, 9);;(4, 14);1;14323
24;0.75;;(23, 9);;(4, 14);1;14324
24;0.75;;(23, 9);;(4, 14);1;14325
24;0.75;;(23, 9);;(4, 14);1;14326
24;0.75;;(23, 9);;(4, 14);1;14327
24;0.75;;(23, 9);;(4, 14);1;14328
24;0.75;;(23, 9);;(4, 14);1;14329
24;0.75;;(23, 9);;(4, 14);1;14330
24;0.75;;(23, 9);;(4, 14);1;14331
24;0.75;;(23, 9);;(4, 14);1;14332
24;0.75;;(23, 9);;(4, 14);1;14333
24;0.75;;(23, 9);;(4, 14);1;14334
24;0.75;;(23, 9);;(4, 14);1;14335
24;0.75;;(23, 9);;(4, 14);1;14336
24;0.75;;(23, 9);;(4, 14);1;14337
24;0.75;;(23, 9);;(4, 14);1;14338
24;0.75;;(23, 9);;(4, 14);1;14339
24;0.75;;(23, 9);;(4, 14);1;14340
24;0.75;;(23, 9);;(4, 14);1;14341
24;0.75;;(23, 9);;(4, 14);1;14342
24;0.75;;(23, 9);;(4, 14);1;14343
24;0.75;;(23, 9);;(4, 14);1;14344
24;0.75;;(23, 9);;(4, 14);1;14345
24;0.75;;(23, 9);;(4, 14);1;14346
24;0.75;;(23, 9);;(4, 14);1;14347
24;0.75;;(23, 9);;(4, 14);1;14348
24;0.75;;(23, 9);;(4, 14);1;14349
24;0.75;;(23, 9);;(4, 14);1;14350
24;0.75;;(23, 9);;(4, 14);1;14351
24;0.75;;(23, 9);;(4, 14);1;14352
24;0.75;;(23, 9);;(4, 14);1;14353
24;0.75;;(23, 9);;(4, 14);1;14354
24;0.75;;(23, 9);;(4, 14);1;14355
24;0.75;;(23, 9);;(4, 14);1;14356
24;0.75;;(23, 9);;(4, 14);1;14357
24;0.75;;(23, 9);;(4, 14);1;14358
24;0.75;;(23, 9);;(4, 14);1;14359
24;0.75;;(23, 9);;(4, 14);1;14360
24;0.75;;(23, 9);;(4, 14);1;14361
24;0.75;;(23, 9);;(4, 14);1;14362
24;0.75;;(23, 9);;(4, 14);1;14363
24;0.75;;(23, 9);;(4, 14);1;14364
24;0.75;;(23, 9);;(4, 14);1;14365
24;0.75;;(23, 9);;(4, 14);1;14366
24;0.75;;(23, 9);;(4, 14);1;14367
24;0.75;;(23, 9);;(4, 14);1;14368
24;0.75;;(23, 9);;(4, 14);1;14369
24;0.75;;(23, 9);;(4, 14);1;14370
24;0.75;;(23, 9);;(4, 14);1;14371
24;0.75;;(23, 9);;(4, 14);1;14372
24;0.75;;(23, 9);;(4, 14);1;14373
24;0.75;;(23, 9);;(4, 14);1;14374
24;0.75;;(23, 9);;(4, 14);1;14375
24;0.75;;(23, 9);;(4, 14);1;14376
24;0.75;;(23, 9);;(4, 14);1;14377
24;0.75;;(23, 9);;(4, 14);1;14378
24;0.75;;(23, 9);;(4, 14);1;14379
24;0.75;;(23, 9);;(4, 14);1;14380
24;0.75;;(23, 9);;(4, 14);1;14381
24;0.75;;(23, 9);;(4, 14);1;14382
24;0.75;;(23, 9);;(4, 14);1;14383
24;0.75;;(23, 9);;(4, 14);1;14384
24;0.75;;(23, 9);;(4, 14);1;14385
24;0.75;;(23, 9);;(4, 14);1;14386
24;0.75;;(23, 9);;(4, 14);1;14387
24;0.75;;(23, 9);;(4, 14);1;14388
24;0.75;;(23, 9);;(4, 14);1;14389
24;0.75;;(23, 9);;(4, 14);1;14390
24;0.75;;(23, 9);;(4, 14);1;14391
24;0.75;;(23, 9);;(4, 14);1;14392
24;0.75;;(23, 9);;(4, 14);1;14393
24;0.75;;(23, 9);;(4, 14);1;14394
24;0.75;;(23, 9);;(4, 14);1;14395
24;0.75;;(23, 9);;(4, 14);1;14396
24;0.75;;(23, 9);;(4, 14);1;14397
24;0.75;;(23, 9);;(4, 14);1;14398
24;0.75;;(23, 9);;(4, 14);1;14399
24;0.75;;(23, 9);;(4, 14);1;14400
24;0.75;;(23, 9);;(4, 14);1;14401
24;0.75;;(23, 9);;(4, 14);1;14402
24;0.75;;(23, 9);;(4, 14);1;14403
24;0.75;;(23, 9);;(4, 14);1;14404
24;0.75;;(23, 9);;(4, 14);1;14405
24;0.75;;(23, 9);;(4, 14);1;14406
24;0.75;;(23, 9);;(4, 14);1;14407
24;0.75;;(23, 9);;(4, 14);1;14408
24;0.75;;(23, 9);;(4, 14);1;14409
24;0.75;;(23, 9);;(4, 14);1;14410
24;0.75;;(23, 9);;(4, 14);1;14411
24;0.75;;(23, 9);;(4, 14);1;14412
24;0.75;;(23, 9);;(4, 14);1;14413
24;0.75;;(23, 9);;(4, 14);1;14414
24;0.75;;(23, 9);;(4, 14);1;14415
24;0.75;;(23, 9);;(4, 14);1;14416
24;0.75;;(23, 9);;(4, 14);1;14417
24;0.75;;(23, 9);;(4, 14);1;14418
24;0.75;;(23, 9);;(4, 14);1;14419
24;0.75;;(23, 9);;(4, 14);1;14420
24;0.75;;(23, 9);;(4, 14);1;14421
24;0.75;;(23, 9);;(4, 14);1;14422
24;0.75;;(23, 9);;(4, 14);1;14423
24;0.75;;(23, 9);;(4, 14);1;14424
24;0.75;;(23, 9);;(4, 14);1;14425
24;0.75;;(23, 9);;(4, 14);1;14426
24;0.75;;(23, 9);;(4, 14);1;14427
24;0.75;;(23, 9);;(4, 14);1;14428
24;0.75;;(23, 9);;(4, 14);1;14429
24;0.75;;(23, 9);;(4, 14);1;14430
24;0.75;;(23, 9);;(4, 14);1;14431
24;0.75;;(23, 9);;(4, 14);1;14432
24;0.75;;(23, 9);;(4, 14);1;14433
24;0.75;;(23, 9);;(4, 14);1;14434
24;0.75;;(23, 9);;(4, 14);1;14435
24;0.75;;(23, 9);;(4, 14);1;14436
24;0.75;;(23, 9);;(4, 14);1;14437
24;0.75;;(23, 9);;(4, 14);1;14438
24;0.75;;(23, 9);;(4, 14);1;14439
24;0.75;;(23, 9);;(4, 14);1;14440
24;0.75;;(23, 9);;(4, 14);1;14441
24;0.75;;(23, 9);;(4, 14);1;14442
24;0.75;;(23, 9);;(4, 14);1;14443
24;0.75;;(23, 9);;(4, 14);1;14444
24;0.75;;(23, 9);;(4, 14);1;14445
24;0.75;;(23, 9);;(4, 14);1;14446
24;0.75;;(23, 9);;(4, 14);1;14447
24;0.75;;(23, 9);;(4, 14);1;14448
24;0.75;;(23, 9);;(4, 14);1;14449
24;0.75;;(23, 9);;(4, 14);1;14450
24;0.75;;(23, 9);;(4, 14);1;14451
24;0.75;;(23, 9);;(4, 14);1;14452
24;0.75;;(23, 9);;(4, 14);1;14453
24;0.75;;(23, 9);;(4, 14);1;14454
24;0.75;;(23, 9);;(4, 14);1;14455
24;0.75;;(23, 9);;(4, 14);1;14456
24;0.75;;(23, 9);;(4, 14);1;14457
24;0.75;;(23, 9);;(4, 14);1;14458
24;0.75;;(23, 9);;(4, 14);1;14459
24;0.75;;(23, 9);;(4, 14);1;14460
24;0.75;;(23, 9);;(4, 14);1;14461
24;0.75;;(23, 9);;(4, 14);1;14462
24;0.75;;(23, 9);;(4, 14);1;14463
24;0.75;;(23, 9);;(4, 14);1;14464
24;0.75;;(23, 9);;(4, 14);1;14465
24;0.75;;(23, 9);;(4, 14);1;14466
24;0.75;;(23, 9);;(4, 14);1;14467
24;0.75;;(23, 9);;(4, 14);1;14468
24;0.75;;(23, 9);;(4, 14);1;14469
24;0.75;;(23, 9);;(4, 14);1;14470
24;0.75;;(23, 9);;(4, 14);1;14471
24;0.75;;(23, 9);;(4, 14);1;14472
24;0.75;;(23, 9);;(4, 14);1;14473
24;0.75;;(23, 9);;(4, 14);1;14474
24;0.75;;(23, 9);;(4, 14);1;14475
24;0.75;;(23, 9);;(4, 14);1;14476
24;0.75;;(23, 9);;(4, 14);1;14477
24;0.75;;(23, 9);;(4, 14);1;14478
24;0.75;;(23, 9);;(4, 14);1;14479
24;0.75;;(23, 9);;(4, 14);1;14480
24;0.75;;(23, 9);;(4, 14);1;14481
24;0.75;;(23, 9);;(4, 14);1;14482
24;0.75;;(23, 9);;(4, 14);1;14483
24;0.75;;(23, 9);;(4, 14);1;14484
24;0.75;;(23, 9);;(4, 14);1;14485
24;0.75;;(23, 9);;(4, 14);1;14486
24;0.75;;(23, 9);;(4, 14);1;14487
24;0.75;;(23, 9);;(4, 14);1;14488
24;0.75;;(23, 9);;(4, 14);1;14489
24;0.75;;(23, 9);;(4, 14);1;14490
24;0.75;;(23, 9);;(4, 14);1;14491
24;0.75;;(23, 9);;(4, 14);1;14492
24;0.75;;(23, 9);;(4, 14);1;14493
24;0.75;;(23, 9);;(4, 14);1;14494
24;0.75;;(23, 9);;(4, 14);1;14495
24;0.75;;(23, 9);;(4, 14);1;14496
24;0.75;;(23, 9);;(4, 14);1;14497
24;0.75;;(23, 9);;(4, 14);1;14498
24;0.75;;(23, 9);;(4, 14);1;14499
24;0.75;;(23, 9);;(4, 14);1;14500
24;0.75;;(23, 9);;(4, 14);1;14501
24;0.75;;(23, 9);;(4, 14);1;14502
24;0.75;;(23, 9);;(4, 14);1;14503
24;0.75;;(23, 9);;(4, 14);1;14504
24;0.75;;(23, 9);;(4, 14);1;14505
24;0.75;;(23, 9);;(4, 14);1;14506
24;0.75;;(23, 9);;(4, 14);1;14507
24;0.75;;(23, 9);;(4, 14);1;14508
24;0.75;;(23, 9);;(4, 14);1;14509
24;0.75;;(23, 9);;(4, 14);1;14510
24;0.75;;(23, 9);;(4, 14);1;14511
24;0.75;;(23, 9);;(4, 14);1;14512
24;0.75;;(23, 9);;(4, 14);1;14513
24;0.75;;(23, 9);;(4, 14);1;14514
24;0.75;;(23, 9);;(4, 14);1;14515
24;0.75;;(23, 9);;(4, 14);1;14516
24;0.75;;(23, 9);;(4, 14);1;14517
24;0.75;;(23, 9);;(4, 14);1;14518
24;0.75;;(23, 9);;(4, 14);1;14519
24;0.75;;(23, 9);;(4, 14);1;14520
24;0.75;;(23, 9);;(4, 14);1;14521
24;0.75;;(23, 9);;(4, 14);1;14522
24;0.75;;(23, 9);;(4, 14);1;14523
24;0.75;;(23, 9);;(4, 14);1;14524
24;0.75;;(23, 9);;(4, 14);1;14525
24;0.75;;(23, 9);;(4, 14);1;14526
24;0.75;;(23, 9);;(4, 14);1;14527
24;0.75;;(23, 9);;(4, 14);1;14528
24;0.75;;(23, 9);;(4, 14);1;14529
24;0.75;;(23, 9);;(4, 14);1;14530
24;0.75;;(23, 9);;(4, 14);1;14531
24;0.75;;(23, 9);;(4, 14);1;14532
24;0.75;;(23, 9);;(4, 14);1;14533
24;0.75;;(23, 9);;(4, 14);1;14534
24;0.75;;(23, 9);;(4, 14);1;14535
24;0.75;;(23, 9);;(4, 14);1;14536
24;0.75;;(23, 9);;(4, 14);1;14537
24;0.75;;(23, 9);;(4, 14);1;14538
24;0.75;;(23, 9);;(4, 14);1;14539
24;0.75;;(23, 9);;(4, 14);1;14540
24;0.75;;(23, 9);;(4, 14);1;14541
24;0.75;;(23, 9);;(4, 14);1;14542
24;0.75;;(23, 9);;(4, 14);1;14543
24;0.75;;(23, 9);;(4, 14);1;14544
24;0.75;;(23, 9);;(4, 14);1;14545
24;0.75;;(23, 9);;(4, 14);1;14546
24;0.75;;(23, 9);;(4, 14);1;14547
24;0.75;;(23, 9);;(4, 14);1;14548
24;0.75;;(23, 9);;(4, 14);1;14549
24;0.75;;(23, 9);;(4, 14);1;14550
24;0.75;;(23, 9);;(4, 14);1;14551
24;0.75;;(23, 9);;(4, 14);1;14552
24;0.75;;(23, 9);;(4, 14);1;14553
24;0.75;;(23, 9);;(4, 14);1;14554
24;0.75;;(23, 9);;(4, 14);1;14555
24;0.75;;(23, 9);;(4, 14);1;14556
24;0.75;;(23, 9);;(4, 14);1;14557
24;0.75;;(23, 9);;(4, 14);1;14558
24;0.75;;(23, 9);;(4, 14);1;14559
24;0.75;;(23, 9);;(4, 14);1;14560
24;0.75;;(23, 9);;(4, 14);1;14561
24;0.75;;(23, 9);;(4, 14);1;14562
24;0.75;;(23, 9);;(4, 14);1;14563
24;0.75;;(23, 9);;(4, 14);1;14564
24;0.75;;(23, 9);;(4, 14);1;14565
24;0.75;;(23, 9);;(4, 14);1;14566
24;0.75;;(23, 9);;(4, 14);1;14567
24;0.75;;(23, 9);;(4, 14);1;14568
24;0.75;;(23, 9);;(4, 14);1;14569
24;0.75;;(23, 9);;(4, 14);1;14570
24;0.75;;(23, 9);;(4, 14);1;14571
24;0.75;;(23, 9);;(4, 14);1;14572
24;0.75;;(23, 9);;(4, 14);1;14573
24;0.75;;(23, 9);;(4, 14);1;14574
24;0.75;;(23, 9);;(4, 14);1;14575
24;0.75;;(23, 9);;(4, 14);1;14576
24;0.75;;(23, 9);;(4, 14);1;14577
24;0.75;;(23, 9);;(4, 14);1;14578
24;0.75;;(23, 9);;(4, 14);1;14579
24;0.75;;(23, 9);;(4, 14);1;14580
24;0.75;;(23, 9);;(4, 14);1;14581
24;0.75;;(23, 9);;(4, 14);1;14582
24;0.75;;(23, 9);;(4, 14);1;14583
24;0.75;;(23, 9);;(4, 14);1;14584
24;0.75;;(23, 9);;(4, 14);1;14585
24;0.75;;(23, 9);;(4, 14);1;14586
24;0.75;;(23, 9);;(4, 14);1;14587
24;0.75;;(23, 9);;(4, 14);1;14588
24;0.75;;(23, 9);;(4, 14);1;14589
24;0.75;;(23, 9);;(4, 14);1;14590
24;0.75;;(23, 9);;(4, 14);1;14591
24;0.75;;(23, 9);;(4, 14);1;14592
24;0.75;;(23, 9);;(4, 14);1;14593
24;0.75;;(23, 9);;(4, 14);1;14594
24;0.75;;(23, 9);;(4, 14);1;14595
24;0.75;;(23, 9);;(4, 14);1;14596
24;0.75;;(23, 9);;(4, 14);1;14597
24;0.75;;(23, 9);;(4, 14);1;14598
24;0.75;;(23, 9);;(4, 14);1;14599
24;0.75;;(23, 9);;(4, 14);1;14600
24;0.75;;(23, 9);;(4, 14);1;14601
24;0.75;;(23, 9);;(4, 14);1;14602
24;0.75;;(23, 9);;(4, 14);1;14603
24;0.75;;(23, 9);;(4, 14);1;14604
24;0.75;;(23, 9);;(4, 14);1;14605
24;0.75;;(23, 9);;(4, 14);1;14606
24;0.75;;(23, 9);;(4, 14);1;14607
24;0.75;;(23, 9);;(4, 14);1;14608
24;0.75;;(23, 9);;(4, 14);1;14609
24;0.75;;(23, 9);;(4, 14);1;14610
24;0.75;;(23, 9);;(4, 14);1;14611
24;0.75;;(23, 9);;(4, 14);1;14612
24;0.75;;(23, 9);;(4, 14);1;14613
24;0.75;;(23, 9);;(4, 14);1;14614
24;0.75;;(23, 9);;(4, 14);1;14615
24;0.75;;(23, 9);;(4, 14);1;14616
24;0.75;;(23, 9);;(4, 14);1;14617
24;0.75;;(23, 9);;(4, 14);1;14618
24;0.75;;(23, 9);;(4, 14);1;14619
24;0.75;;(23, 9);;(4, 14);1;14620
24;0.75;;(23, 9);;(4, 14);1;14621
24;0.75;;(23, 9);;(4, 14);1;14622
24;0.75;;(23, 9);;(4, 14);1;14623
24;0.75;;(23, 9);;(4, 14);1;14624
24;0.75;;(23, 9);;(4, 14);1;14625
24;0.75;;(23, 9);;(4, 14);1;14626
24;0.75;;(23, 9);;(4, 14);1;14627
24;0.75;;(23, 9);;(4, 14);1;14628
24;0.75;;(23, 9);;(4, 14);1;14629
24;0.75;;(23, 9);;(4, 14);1;14630
24;0.75;;(23, 9);;(4, 14);1;14631
24;0.75;;(23, 9);;(4, 14);1;14632
24;0.75;;(23, 9);;(4, 14);1;14633
24;0.75;;(23, 9);;(4, 14);1;14634
24;0.75;;(23, 9);;(4, 14);1;14635
24;0.75;;(23, 9);;(4, 14);1;14636
24;0.75;;(23, 9);;(4, 14);1;14637
24;0.75;;(23, 9);;(4, 14);1;14638
24;0.75;;(23, 9);;(4, 14);1;14639
24;0.75;;(23, 9);;(4, 14);1;14640
24;0.75;;(23, 9);;(4, 14);1;14641
24;0.75;;(23, 9);;(4, 14);1;14642
24;0.75;;(23, 9);;(4, 14);1;14643
24;0.75;;(23, 9);;(4, 14);1;14644
24;0.75;;(23, 9);;(4, 14);1;14645
24;0.75;;(23, 9);;(4, 14);1;14646
24;0.75;;(23, 9);;(4, 14);1;14647
24;0.75;;(23, 9);;(4, 14);1;14648
24;0.75;;(23, 9);;(4, 14);1;14649
24;0.75;;(23, 9);;(4, 14);1;14650
24;0.75;;(23, 9);;(4, 14);1;14651
24;0.75;;(23, 9);;(4, 14);1;14652
24;0.75;;(23, 9);;(4, 14);1;14653
24;0.75;;(23, 9);;(4, 14);1;14654
24;0.75;;(23, 9);;(4, 14);1;14655
24;0.75;;(23, 9);;(4, 14);1;14656
24;0.75;;(23, 9);;(4, 14);1;14657
24;0.75;;(23, 9);;(4, 14);1;14658
24;0.75;;(23, 9);;(4, 14);1;14659
24;0.75;;(23, 9);;(4, 14);1;14660
24;0.75;;(23, 9);;(4, 14);1;14661
24;0.75;;(23, 9);;(4, 14);1;14662
24;0.75;;(23, 9);;(4, 14);1;14663
24;0.75;;(23, 9);;(4, 14);1;14664
24;0.75;;(23, 9);;(4, 14);1;14665
24;0.75;;(23, 9);;(4, 14);1;14666
24;0.75;;(23, 9);;(4, 14);1;14667
24;0.75;;(23, 9);;(4, 14);1;14668
24;0.75;;(23, 9);;(4, 14);1;14669
24;0.75;;(23, 9);;(4, 14);1;14670
24;0.75;;(23, 9);;(4, 14);1;14671
24;0.75;;(23, 9);;(4, 14);1;14672
24;0.75;;(23, 9);;(4, 14);1;14673
24;0.75;;(23, 9);;(4, 14);1;14674
24;0.75;;(23, 9);;(4, 14);1;14675
24;0.75;;(23, 9);;(4, 14);1;14676
24;0.75;;(23, 9);;(4, 14);1;14677
24;0.75;;(23, 9);;(4, 14);1;14678
24;0.75;;(23, 9);;(4, 14);1;14679
24;0.75;;(23, 9);;(4, 14);1;14680
24;0.75;;(23, 9);;(4, 14);1;14681
24;0.75;;(23, 9);;(4, 14);1;14682
24;0.75;;(23, 9);;(4, 14);1;14683
24;0.75;;(23, 9);;(4, 14);1;14684
24;0.75;;(23, 9);;(4, 14);1;14685
24;0.75;;(23, 9);;(4, 14);1;14686
24;0.75;;(23, 9);;(4, 14);1;14687
24;0.75;;(23, 9);;(4, 14);1;14688
24;0.75;;(23, 9);;(4, 14);1;14689
24;0.75;;(23, 9);;(4, 14);1;14690
24;0.75;;(23, 9);;(4, 14);1;14691
24;0.75;;(23, 9);;(4, 14);1;14692
24;0.75;;(23, 9);;(4, 14);1;14693
24;0.75;;(23, 9);;(4, 14);1;14694
24;0.75;;(23, 9);;(4, 14);1;14695
24;0.75;;(23, 9);;(4, 14);1;14696
24;0.75;;(23, 9);;(4, 14);1;14697
24;0.75;;(23, 9);;(4, 14);1;14698
24;0.75;;(23, 9);;(4, 14);1;14699
24;0.75;;(23, 9);;(4, 14);1;14700
24;0.75;;(23, 9);;(4, 14);1;14701
24;0.75;;(23, 9);;(4, 14);1;14702
24;0.75;;(23, 9);;(4, 14);1;14703
24;0.75;;(23, 9);;(4, 14);1;14704
24;0.75;;(23, 9);;(4, 14);1;14705
24;0.75;;(23, 9);;(4, 14);1;14706
24;0.75;;(23, 9);;(4, 14);1;14707
24;0.75;;(23, 9);;(4, 14);1;14708
24;0.75;;(23, 9);;(4, 14);1;14709
24;0.75;;(23, 9);;(4, 14);1;14710
24;0.75;;(23, 9);;(4, 14);1;14711
24;0.75;;(23, 9);;(4, 14);1;14712
24;0.75;;(23, 9);;(4, 14);1;14713
24;0.75;;(23, 9);;(4, 14);1;14714
24;0.75;;(23, 9);;(4, 14);1;14715
24;0.75;;(23, 9);;(4, 14);1;14716
24;0.75;;(23, 9);;(4, 14);1;14717
24;0.75;;(23, 9);;(4, 14);1;14718
24;0.75;;(23, 9);;(4, 14);1;14719
24;0.75;;(23, 9);;(4, 14);1;14720
24;0.75;;(23, 9);;(4, 14);1;14721
24;0.75;;(23, 9);;(4, 14);1;14722
24;0.75;;(23, 9);;(4, 14);1;14723
24;0.75;;(23, 9);;(4, 14);1;14724
24;0.75;;(23, 9);;(4, 14);1;14725
24;0.75;;(23, 9);;(4, 14);1;14726
24;0.75;;(23, 9);;(4, 14);1;14727
24;0.75;;(23, 9);;(4, 14);1;14728
24;0.75;;(23, 9);;(4, 14);1;14729
24;0.75;;(23, 9);;(4, 14);1;14730
24;0.75;;(23, 9);;(4, 14);1;14731
24;0.75;;(23, 9);;(4, 14);1;14732
24;0.75;;(23, 9);;(4, 14);1;14733
24;0.75;;(23, 9);;(4, 14);1;14734
24;0.75;;(23, 9);;(4, 14);1;14735
24;0.75;;(23, 9);;(4, 14);1;14736
24;0.75;;(23, 9);;(4, 14);1;14737
24;0.75;;(23, 9);;(4, 14);1;14738
24;0.75;;(23, 9);;(4, 14);1;14739
24;0.75;;(23, 9);;(4, 14);1;14740
24;0.75;;(23, 9);;(4, 14);1;14741
24;0.75;;(23, 9);;(4, 14);1;14742
24;0.75;;(23, 9);;(4, 14);1;14743
24;0.75;;(23, 9);;(4, 14);1;14744
24;0.75;;(23, 9);;(4, 14);1;14745
24;0.75;;(23, 9);;(4, 14);1;14746
24;0.75;;(23, 9);;(4, 14);1;14747
24;0.75;;(23, 9);;(4, 14);1;14748
24;0.75;;(23, 9);;(4, 14);1;14749
24;0.75;;(23, 9);;(4, 14);1;14750
24;0.75;;(23, 9);;(4, 14);1;14751
24;0.75;;(23, 9);;(4, 14);1;14752
24;0.75;;(23, 9);;(4, 14);1;14753
24;0.75;;(23, 9);;(4, 14);1;14754
24;0.75;;(23, 9);;(4, 14);1;14755
24;0.75;;(23, 9);;(4, 14);1;14756
24;0.75;;(23, 9);;(4, 14);1;14757
24;0.75;;(23, 9);;(4, 14);1;14758
24;0.75;;(23, 9);;(4, 14);1;14759
24;0.75;;(23, 9);;(4, 14);1;14760
24;0.75;;(23, 9);;(4, 14);1;14761
24;0.75;;(23, 9);;(4, 14);1;14762
24;0.75;;(23, 9);;(4, 14);1;14763
24;0.75;;(23, 9);;(4, 14);1;14764
24;0.75;;(23, 9);;(4, 14);1;14765
24;0.75;;(23, 9);;(4, 14);1;14766
24;0.75;;(23, 9);;(4, 14);1;14767
24;0.75;;(23, 9);;(4, 14);1;14768
24;0.75;;(23, 9);;(4, 14);1;14769
24;0.75;;(23, 9);;(4, 14);1;14770
24;0.75;;(23, 9);;(4, 14);1;14771
24;0.75;;(23, 9);;(4, 14);1;14772
24;0.75;;(23, 9);;(4, 14);1;14773
24;0.75;;(23, 9);;(4, 14);1;14774
24;0.75;;(23, 9);;(4, 14);1;14775
24;0.75;;(23, 9);;(4, 14);1;14776
24;0.75;;(23, 9);;(4, 14);1;14777
24;0.75;;(23, 9);;(4, 14);1;14778
24;0.75;;(23, 9);;(4, 14);1;14779
24;0.75;;(23, 9);;(4, 14);1;14780
24;0.75;;(23, 9);;(4, 14);1;14781
24;0.75;;(23, 9);;(4, 14);1;14782
24;0.75;;(23, 9);;(4, 14);1;14783
24;0.75;;(23, 9);;(4, 14);1;14784
24;0.75;;(23, 9);;(4, 14);1;14785
24;0.75;;(23, 9);;(4, 14);1;14786
24;0.75;;(23, 9);;(4, 14);1;14787
24;0.75;;(23, 9);;(4, 14);1;14788
24;0.75;;(23, 9);;(4, 14);1;14789
24;0.75;;(23, 9);;(4, 14);1;14790
24;0.75;;(23, 9);;(4, 14);1;14791
24;0.75;;(23, 9);;(4, 14);1;14792
24;0.75;;(23, 9);;(4, 14);1;14793
24;0.75;;(23, 9);;(4, 14);1;14794
24;0.75;;(23, 9);;(4, 14);1;14795
24;0.75;;(23, 9);;(4, 14);1;14796
24;0.75;;(23, 9);;(4, 14);1;14797
24;0.75;;(23, 9);;(4, 14);1;14798
24;0.75;;(23, 9);;(4, 14);1;14799
24;0.75;;(23, 9);;(4, 14);1;14800
24;0.75;;(23, 9);;(4, 14);1;14801
24;0.75;;(23, 9);;(4, 14);1;14802
24;0.75;;(23, 9);;(4, 14);1;14803
24;0.75;;(23, 9);;(4, 14);1;14804
24;0.75;;(23, 9);;(4, 14);1;14805
24;0.75;;(23, 9);;(4, 14);1;14806
24;0.75;;(23, 9);;(4, 14);1;14807
24;0.75;;(23, 9);;(4, 14);1;14808
24;0.75;;(23, 9);;(4, 14);1;14809
24;0.75;;(23, 9);;(4, 14);1;14810
24;0.75;;(23, 9);;(4, 14);1;14811
24;0.75;;(23, 9);;(4, 14);1;14812
24;0.75;;(23, 9);;(4, 14);1;14813
24;0.75;;(23, 9);;(4, 14);1;14814
24;0.75;;(23, 9);;(4, 14);1;14815
24;0.75;;(23, 9);;(4, 14);1;14816
24;0.75;;(23, 9);;(4, 14);1;14817
24;0.75;;(23, 9);;(4, 14);1;14818
24;0.75;;(23, 9);;(4, 14);1;14819
24;0.75;;(23, 9);;(4, 14);1;14820
24;0.75;;(23, 9);;(4, 14);1;14821
24;0.75;;(23, 9);;(4, 14);1;14822
24;0.75;;(23, 9);;(4, 14);1;14823
24;0.75;;(23, 9);;(4, 14);1;14824
24;0.75;;(23, 9);;(4, 14);1;14825
24;0.75;;(23, 9);;(4, 14);1;14826
24;0.75;;(23, 9);;(4, 14);1;14827
24;0.75;;(23, 9);;(4, 14);1;14828
24;0.75;;(23, 9);;(4, 14);1;14829
24;0.75;;(23, 9);;(4, 14);1;14830
24;0.75;;(23, 9);;(4, 14);1;14831
24;0.75;;(23, 9);;(4, 14);1;14832
24;0.75;;(23, 9);;(4, 14);1;14833
24;0.75;;(23, 9);;(4, 14);1;14834
24;0.75;;(23, 9);;(4, 14);1;14835
24;0.75;;(23, 9);;(4, 14);1;14836
24;0.75;;(23, 9);;(4, 14);1;14837
24;0.75;;(23, 9);;(4, 14);1;14838
24;0.75;;(23, 9);;(4, 14);1;14839
24;0.75;;(23, 9);;(4, 14);1;14840
24;0.75;;(23, 9);;(4, 14);1;14841
24;0.75;;(23, 9);;(4, 14);1;14842
24;0.75;;(23, 9);;(4, 14);1;14843
24;0.75;;(23, 9);;(4, 14);1;14844
24;0.75;;(23, 9);;(4, 14);1;14845
24;0.75;;(23, 9);;(4, 14);1;14846
24;0.75;;(23, 9);;(4, 14);1;14847
24;0.75;;(23, 9);;(4, 14);1;14848
24;0.75;;(23, 9);;(4, 14);1;14849
24;0.75;;(23, 9);;(4, 14);1;14850
24;0.75;;(23, 9);;(4, 14);1;14851
24;0.75;;(23, 9);;(4, 14);1;14852
24;0.75;;(23, 9);;(4, 14);1;14853
24;0.75;;(23, 9);;(4, 14);1;14854
24;0.75;;(23, 9);;(4, 14);1;14855
24;0.75;;(23, 9);;(4, 14);1;14856
24;0.75;;(23, 9);;(4, 14);1;14857
24;0.75;;(23, 9);;(4, 14);1;14858
24;0.75;;(23, 9);;(4, 14);1;14859
24;0.75;;(23, 9);;(4, 14);1;14860
24;0.75;;(23, 9);;(4, 14);1;14861
24;0.75;;(23, 9);;(4, 14);1;14862
24;0.75;;(23, 9);;(4, 14);1;14863
24;0.75;;(23, 9);;(4, 14);1;14864
24;0.75;;(23, 9);;(4, 14);1;14865
24;0.75;;(23, 9);;(4, 14);1;14866
24;0.75;;(23, 9);;(4, 14);1;14867
24;0.75;;(23, 9);;(4, 14);1;14868
24;0.75;;(23, 9);;(4, 14);1;14869
24;0.75;;(23, 9);;(4, 14);1;14870
24;0.75;;(23, 9);;(4, 14);1;14871
24;0.75;;(23, 9);;(4, 14);1;14872
24;0.75;;(23, 9);;(4, 14);1;14873
24;0.75;;(23, 9);;(4, 14);1;14874
24;0.75;;(23, 9);;(4, 14);1;14875
24;0.75;;(23, 9);;(4, 14);1;14876
24;0.75;;(23, 9);;(4, 14);1;14877
24;0.75;;(23, 9);;(4, 14);1;14878
24;0.75;;(23, 9);;(4, 14);1;14879
24;0.75;;(23, 9);;(4, 14);1;14880
24;0.75;;(23, 9);;(4, 14);1;14881
24;0.75;;(23, 9);;(4, 14);1;14882
24;0.75;;(23, 9);;(4, 14);1;14883
24;0.75;;(23, 9);;(4, 14);1;14884
24;0.75;;(23, 9);;(4, 14);1;14885
24;0.75;;(23, 9);;(4, 14);1;14886
24;0.75;;(23, 9);;(4, 14);1;14887
24;0.75;;(23, 9);;(4, 14);1;14888
24;0.75;;(23, 9);;(4, 14);1;14889
24;0.75;;(23, 9);;(4, 14);1;14890
24;0.75;;(23, 9);;(4, 14);1;14891
24;0.75;;(23, 9);;(4, 14);1;14892
24;0.75;;(23, 9);;(4, 14);1;14893
24;0.75;;(23, 9);;(4, 14);1;14894
24;0.75;;(23, 9);;(4, 14);1;14895
24;0.75;;(23, 9);;(4, 14);1;14896
24;0.75;;(23, 9);;(4, 14);1;14897
24;0.75;;(23, 9);;(4, 14);1;14898
24;0.75;;(23, 9);;(4, 14);1;14899
24;0.75;;(23, 9);;(4, 14);1;14900
24;0.75;;(23, 9);;(4, 14);1;14901
24;0.75;;(23, 9);;(4, 14);1;14902
24;0.75;;(23, 9);;(4, 14);1;14903
24;0.75;;(23, 9);;(4, 14);1;14904
24;0.75;;(23, 9);;(4, 14);1;14905
24;0.75;;(23, 9);;(4, 14);1;14906
24;0.75;;(23, 9);;(4, 14);1;14907
24;0.75;;(23, 9);;(4, 14);1;14908
24;0.75;;(23, 9);;(4, 14);1;14909
24;0.75;;(23, 9);;(4, 14);1;14910
24;0.75;;(23, 9);;(4, 14);1;14911
24;0.75;;(23, 9);;(4, 14);1;14912
24;0.75;;(23, 9);;(4, 14);1;14913
24;0.75;;(23, 9);;(4, 14);1;14914
24;0.75;;(23, 9);;(4, 14);1;14915
24;0.75;;(23, 9);;(4, 14);1;14916
24;0.75;;(23, 9);;(4, 14);1;14917
24;0.75;;(23, 9);;(4, 14);1;14918
24;0.75;;(23, 9);;(4, 14);1;14919
24;0.75;;(23, 9);;(4, 14);1;14920
24;0.75;;(23, 9);;(4, 14);1;14921
24;0.75;;(23, 9);;(4, 14);1;14922
24;0.75;;(23, 9);;(4, 14);1;14923
24;0.75;;(23, 9);;(4, 14);1;14924
24;0.75;;(23, 9);;(4, 14);1;14925
24;0.75;;(23, 9);;(4, 14);1;14926
24;0.75;;(23, 9);;(4, 14);1;14927
24;0.75;;(23, 9);;(4, 14);1;14928
24;0.75;;(23, 9);;(4, 14);1;14929
24;0.75;;(23, 9);;(4, 14);1;14930
24;0.75;;(23, 9);;(4, 14);1;14931
24;0.75;;(23, 9);;(4, 14);1;14932
24;0.75;;(23, 9);;(4, 14);1;14933
24;0.75;;(23, 9);;(4, 14);1;14934
24;0.75;;(23, 9);;(4, 14);1;14935
24;0.75;;(23, 9);;(4, 14);1;14936
24;0.75;;(23, 9);;(4, 14);1;14937
24;0.75;;(23, 9);;(4, 14);1;14938
24;0.75;;(23, 9);;(4, 14);1;14939
24;0.75;;(23, 9);;(4, 14);1;14940
24;0.75;;(23, 9);;(4, 14);1;14941
24;0.75;;(23, 9);;(4, 14);1;14942
24;0.75;;(23, 9);;(4, 14);1;14943
24;0.75;;(23, 9);;(4, 14);1;14944
24;0.75;;(23, 9);;(4, 14);1;14945
24;0.75;;(23, 9);;(4, 14);1;14946
24;0.75;;(23, 9);;(4, 14);1;14947
24;0.75;;(23, 9);;(4, 14);1;14948
24;0.75;;(23, 9);;(4, 14);1;14949
24;0.75;;(23, 9);;(4, 14);1;14950
24;0.75;;(23, 9);;(4, 14);1;14951
24;0.75;;(23, 9);;(4, 14);1;14952
24;0.75;;(23, 9);;(4, 14);1;14953
24;0.75;;(23, 9);;(4, 14);1;14954
24;0.75;;(23, 9);;(4, 14);1;14955
24;0.75;;(23, 9);;(4, 14);1;14956
24;0.75;;(23, 9);;(4, 14);1;14957
24;0.75;;(23, 9);;(4, 14);1;14958
24;0.75;;(23, 9);;(4, 14);1;14959
24;0.75;;(23, 9);;(4, 14);1;14960
24;0.75;;(23, 9);;(4, 14);1;14961
24;0.75;;(23, 9);;(4, 14);1;14962
24;0.75;;(23, 9);;(4, 14);1;14963
24;0.75;;(23, 9);;(4, 14);1;14964
24;0.75;;(23, 9);;(4, 14);1;14965
24;0.75;;(23, 9);;(4, 14);1;14966
24;0.75;;(23, 9);;(4, 14);1;14967
24;0.75;;(23, 9);;(4, 14);1;14968
24;0.75;;(23, 9);;(4, 14);1;14969
24;0.75;;(23, 9);;(4, 14);1;14970
24;0.75;;(23, 9);;(4, 14);1;14971
24;0.75;;(23, 9);;(4, 14);1;14972
24;0.75;;(23, 9);;(4, 14);1;14973
24;0.75;;(23, 9);;(4, 14);1;14974
24;0.75;;(23, 9);;(4, 14);1;14975
24;0.75;;(23, 9);;(4, 14);1;14976
24;0.75;;(23, 9);;(4, 14);1;14977
24;0.75;;(23, 9);;(4, 14);1;14978
24;0.75;;(23, 9);;(4, 14);1;14979
24;0.75;;(23, 9);;(4, 14);1;14980
24;0.75;;(23, 9);;(4, 14);1;14981
24;0.75;;(23, 9);;(4, 14);1;14982
24;0.75;;(23, 9);;(4, 14);1;14983
24;0.75;;(23, 9);;(4, 14);1;14984
24;0.75;;(23, 9);;(4, 14);1;14985
24;0.75;;(23, 9);;(4, 14);1;14986
24;0.75;;(23, 9);;(4, 14);1;14987
24;0.75;;(23, 9);;(4, 14);1;14988
24;0.75;;(23, 9);;(4, 14);1;14989
24;0.75;;(23, 9);;(4, 14);1;14990
24;0.75;;(23, 9);;(4, 14);1;14991
24;0.75;;(23, 9);;(4, 14);1;14992
24;0.75;;(23, 9);;(4, 14);1;14993
24;0.75;;(23, 9);;(4, 14);1;14994
24;0.75;;(23, 9);;(4, 14);1;14995
24;0.75;;(23, 9);;(4, 14);1;14996
24;0.75;;(23, 9);;(4, 14);1;14997
24;0.75;;(23, 9);;(4, 14);1;14998
24;0.75;;(23, 9);;(4, 14);1;14999
24;0.75;;(23, 9);;(4, 14);1;15000
24;0.75;;(23, 9);;(4, 14);1;15001
24;0.75;;(23, 9);;(4, 14);1;15002
24;0.75;;(23, 9);;(4, 14);1;15003
24;0.75;;(23, 9);;(4, 14);1;15004
24;0.75;;(23, 9);;(4, 14);1;15005
24;0.75;;(23, 9);;(4, 14);1;15006
24;0.75;;(23, 9);;(4, 14);1;15007
24;0.75;;(23, 9);;(4, 14);1;15008
24;0.75;;(23, 9);;(4, 14);1;15009
24;0.75;;(23, 9);;(4, 14);1;15010
24;0.75;;(23, 9);;(4, 14);1;15011
24;0.75;;(23, 9);;(4, 14);1;15012
24;0.75;;(23, 9);;(4, 14);1;15013
24;0.75;;(23, 9);;(4, 14);1;15014
24;0.75;;(23, 9);;(4, 14);1;15015
24;0.75;;(23, 9);;(4, 14);1;15016
24;0.75;;(23, 9);;(4, 14);1;15017
24;0.75;;(23, 9);;(4, 14);1;15018
24;0.75;;(23, 9);;(4, 14);1;15019
24;0.75;;(23, 9);;(4, 14);1;15020
24;0.75;;(23, 9);;(4, 14);1;15021
24;0.75;;(23, 9);;(4, 14);1;15022
24;0.75;;(23, 9);;(4, 14);1;15023
24;0.75;;(23, 9);;(4, 14);1;15024
24;0.75;;(23, 9);;(4, 14);1;15025
24;0.75;;(23, 9);;(4, 14);1;15026
24;0.75;;(23, 9);;(4, 14);1;15027
24;0.75;;(23, 9);;(4, 14);1;15028
24;0.75;;(23, 9);;(4, 14);1;15029
24;0.75;;(23, 9);;(4, 14);1;15030
24;0.75;;(23, 9);;(4, 14);1;15031
24;0.75;;(23, 9);;(4, 14);1;15032
24;0.75;;(23, 9);;(4, 14);1;15033
24;0.75;;(23, 9);;(4, 14);1;15034
24;0.75;;(23, 9);;(4, 14);1;15035
24;0.75;;(23, 9);;(4, 14);1;15036
24;0.75;;(23, 9);;(4, 14);1;15037
24;0.75;;(23, 9);;(4, 14);1;15038
24;0.75;;(23, 9);;(4, 14);1;15039
24;0.75;;(23, 9);;(4, 14);1;15040
24;0.75;;(23, 9);;(4, 14);1;15041
24;0.75;;(23, 9);;(4, 14);1;15042
24;0.75;;(23, 9);;(4, 14);1;15043
24;0.75;;(23, 9);;(4, 14);1;15044
24;0.75;;(23, 9);;(4, 14);1;15045
24;0.75;;(23, 9);;(4, 14);1;15046
24;0.75;;(23, 9);;(4, 14);1;15047
24;0.75;;(23, 9);;(4, 14);1;15048
24;0.75;;(23, 9);;(4, 14);1;15049
24;0.75;;(23, 9);;(4, 14);1;15050
24;0.75;;(23, 9);;(4, 14);1;15051
24;0.75;;(23, 9);;(4, 14);1;15052
24;0.75;;(23, 9);;(4, 14);1;15053
24;0.75;;(23, 9);;(4, 14);1;15054
24;0.75;;(23, 9);;(4, 14);1;15055
24;0.75;;(23, 9);;(4, 14);1;15056
24;0.75;;(23, 9);;(4, 14);1;15057
24;0.75;;(23, 9);;(4, 14);1;15058
24;0.75;;(23, 9);;(4, 14);1;15059
24;0.75;;(23, 9);;(4, 14);1;15060
24;0.75;;(23, 9);;(4, 14);1;15061
24;0.75;;(23, 9);;(4, 14);1;15062
24;0.75;;(23, 9);;(4, 14);1;15063
24;0.75;;(23, 9);;(4, 14);1;15064
24;0.75;;(23, 9);;(4, 14);1;15065
24;0.75;;(23, 9);;(4, 14);1;15066
24;0.75;;(23, 9);;(4, 14);1;15067
24;0.75;;(23, 9);;(4, 14);1;15068
24;0.75;;(23, 9);;(4, 14);1;15069
24;0.75;;(23, 9);;(4, 14);1;15070
24;0.75;;(23, 9);;(4, 14);1;15071
24;0.75;;(23, 9);;(4, 14);1;15072
24;0.75;;(23, 9);;(4, 14);1;15073
24;0.75;;(23, 9);;(4, 14);1;15074
24;0.75;;(23, 9);;(4, 14);1;15075
24;0.75;;(23, 9);;(4, 14);1;15076
24;0.75;;(23, 9);;(4, 14);1;15077
24;0.75;;(23, 9);;(4, 14);1;15078
24;0.75;;(23, 9);;(4, 14);1;15079
24;0.75;;(23, 9);;(4, 14);1;15080
24;0.75;;(23, 9);;(4, 14);1;15081
24;0.75;;(23, 9);;(4, 14);1;15082
24;0.75;;(23, 9);;(4, 14);1;15083
24;0.75;;(23, 9);;(4, 14);1;15084
24;0.75;;(23, 9);;(4, 14);1;15085
24;0.75;;(23, 9);;(4, 14);1;15086
24;0.75;;(23, 9);;(4, 14);1;15087
24;0.75;;(23, 9);;(4, 14);1;15088
24;0.75;;(23, 9);;(4, 14);1;15089
24;0.75;;(23, 9);;(4, 14);1;15090
24;0.75;;(23, 9);;(4, 14);1;15091
24;0.75;;(23, 9);;(4, 14);1;15092
24;0.75;;(23, 9);;(4, 14);1;15093
24;0.75;;(23, 9);;(4, 14);1;15094
24;0.75;;(23, 9);;(4, 14);1;15095
24;0.75;;(23, 9);;(4, 14);1;15096
24;0.75;;(23, 9);;(4, 14);1;15097
24;0.75;;(23, 9);;(4, 14);1;15098
24;0.75;;(23, 9);;(4, 14);1;15099
24;0.75;;(23, 9);;(4, 14);1;15100
24;0.75;;(23, 9);;(4, 14);1;15101
24;0.75;;(23, 9);;(4, 14);1;15102
24;0.75;;(23, 9);;(4, 14);1;15103
24;0.75;;(23, 9);;(4, 14);1;15104
24;0.75;;(23, 9);;(4, 14);1;15105
24;0.75;;(23, 9);;(4, 14);1;15106
24;0.75;;(23, 9);;(4, 14);1;15107
24;0.75;;(23, 9);;(4, 14);1;15108
24;0.75;;(23, 9);;(4, 14);1;15109
24;0.75;;(23, 9);;(4, 14);1;15110
24;0.75;;(23, 9);;(4, 14);1;15111
24;0.75;;(23, 9);;(4, 14);1;15112
24;0.75;;(23, 9);;(4, 14);1;15113
24;0.75;;(23, 9);;(4, 14);1;15114
24;0.75;;(23, 9);;(4, 14);1;15115
24;0.75;;(23, 9);;(4, 14);1;15116
24;0.75;;(23, 9);;(4, 14);1;15117
24;0.75;;(23, 9);;(4, 14);1;15118
24;0.75;;(23, 9);;(4, 14);1;15119
24;0.75;;(23, 9);;(4, 14);1;15120
24;0.75;;(23, 9);;(4, 14);1;15121
24;0.75;;(23, 9);;(4, 14);1;15122
24;0.75;;(23, 9);;(4, 14);1;15123
24;0.75;;(23, 9);;(4, 14);1;15124
24;0.75;;(23, 9);;(4, 14);1;15125
24;0.75;;(23, 9);;(4, 14);1;15126
24;0.75;;(23, 9);;(4, 14);1;15127
24;0.75;;(23, 9);;(4, 14);1;15128
24;0.75;;(23, 9);;(4, 14);1;15129
24;0.75;;(23, 9);;(4, 14);1;15130
24;0.75;;(23, 9);;(4, 14);1;15131
24;0.75;;(23, 9);;(4, 14);1;15132
24;0.75;;(23, 9);;(4, 14);1;15133
24;0.75;;(23, 9);;(4, 14);1;15134
24;0.75;;(23, 9);;(4, 14);1;15135
24;0.75;;(23, 9);;(4, 14);1;15136
24;0.75;;(23, 9);;(4, 14);1;15137
24;0.75;;(23, 9);;(4, 14);1;15138
24;0.75;;(23, 9);;(4, 14);1;15139
24;0.75;;(23, 9);;(4, 14);1;15140
24;0.75;;(23, 9);;(4, 14);1;15141
24;0.75;;(23, 9);;(4, 14);1;15142
24;0.75;;(23, 9);;(4, 14);1;15143
24;0.75;;(23, 9);;(4, 14);1;15144
24;0.75;;(23, 9);;(4, 14);1;15145
24;0.75;;(23, 9);;(4, 14);1;15146
24;0.75;;(23, 9);;(4, 14);1;15147
24;0.75;;(23, 9);;(4, 14);1;15148
24;0.75;;(23, 9);;(4, 14);1;15149
24;0.75;;(23, 9);;(4, 14);1;15150
24;0.75;;(23, 9);;(4, 14);1;15151
24;0.75;;(23, 9);;(4, 14);1;15152
24;0.75;;(23, 9);;(4, 14);1;15153
24;0.75;;(23, 9);;(4, 14);1;15154
24;0.75;;(23, 9);;(4, 14);1;15155
24;0.75;;(23, 9);;(4, 14);1;15156
24;0.75;;(23, 9);;(4, 14);1;15157
24;0.75;;(23, 9);;(4, 14);1;15158
24;0.75;;(23, 9);;(4, 14);1;15159
24;0.75;;(23, 9);;(4, 14);1;15160
24;0.75;;(23, 9);;(4, 14);1;15161
24;0.75;;(23, 9);;(4, 14);1;15162
24;0.75;;(23, 9);;(4, 14);1;15163
24;0.75;;(23, 9);;(4, 14);1;15164
24;0.75;;(23, 9);;(4, 14);1;15165
24;0.75;;(23, 9);;(4, 14);1;15166
24;0.75;;(23, 9);;(4, 14);1;15167
24;0.75;;(23, 9);;(4, 14);1;15168
24;0.75;;(23, 9);;(4, 14);1;15169
24;0.75;;(23, 9);;(4, 14);1;15170
24;0.75;;(23, 9);;(4, 14);1;15171
24;0.75;;(23, 9);;(4, 14);1;15172
24;0.75;;(23, 9);;(4, 14);1;15173
24;0.75;;(23, 9);;(4, 14);1;15174
24;0.75;;(23, 9);;(4, 14);1;15175
24;0.75;;(23, 9);;(4, 14);1;15176
24;0.75;;(23, 9);;(4, 14);1;15177
24;0.75;;(23, 9);;(4, 14);1;15178
24;0.75;;(23, 9);;(4, 14);1;15179
24;0.75;;(23, 9);;(4, 14);1;15180
24;0.75;;(23, 9);;(4, 14);1;15181
24;0.75;;(23, 9);;(4, 14);1;15182
24;0.75;;(23, 9);;(4, 14);1;15183
24;0.75;;(23, 9);;(4, 14);1;15184
24;0.75;;(23, 9);;(4, 14);1;15185
24;0.75;;(23, 9);;(4, 14);1;15186
24;0.75;;(23, 9);;(4, 14);1;15187
24;0.75;;(23, 9);;(4, 14);1;15188
24;0.75;;(23, 9);;(4, 14);1;15189
24;0.75;;(23, 9);;(4, 14);1;15190
24;0.75;;(23, 9);;(4, 14);1;15191
24;0.75;;(23, 9);;(4, 14);1;15192
24;0.75;;(23, 9);;(4, 14);1;15193
24;0.75;;(23, 9);;(4, 14);1;15194
24;0.75;;(23, 9);;(4, 14);1;15195
24;0.75;;(23, 9);;(4, 14);1;15196
24;0.75;;(23, 9);;(4, 14);1;15197
24;0.75;;(23, 9);;(4, 14);1;15198
24;0.75;;(23, 9);;(4, 14);1;15199
24;0.75;;(23, 9);;(4, 14);1;15200
24;0.75;;(23, 9);;(4, 14);1;15201
24;0.75;;(23, 9);;(4, 14);1;15202
24;0.75;;(23, 9);;(4, 14);1;15203
24;0.75;;(23, 9);;(4, 14);1;15204
24;0.75;;(23, 9);;(4, 14);1;15205
24;0.75;;(23, 9);;(4, 14);1;15206
24;0.75;;(23, 9);;(4, 14);1;15207
24;0.75;;(23, 9);;(4, 14);1;15208
24;0.75;;(23, 9);;(4, 14);1;15209
24;0.75;;(23, 9);;(4, 14);1;15210
24;0.75;;(23, 9);;(4, 14);1;15211
24;0.75;;(23, 9);;(4, 14);1;15212
24;0.75;;(23, 9);;(4, 14);1;15213
24;0.75;;(23, 9);;(4, 14);1;15214
24;0.75;;(23, 9);;(4, 14);1;15215
24;0.75;;(23, 9);;(4, 14);1;15216
24;0.75;;(23, 9);;(4, 14);1;15217
24;0.75;;(23, 9);;(4, 14);1;15218
24;0.75;;(23, 9);;(4, 14);1;15219
24;0.75;;(23, 9);;(4, 14);1;15220
24;0.75;;(23, 9);;(4, 14);1;15221
24;0.75;;(23, 9);;(4, 14);1;15222
24;0.75;;(23, 9);;(4, 14);1;15223
24;0.75;;(23, 9);;(4, 14);1;15224
24;0.75;;(23, 9);;(4, 14);1;15225
24;0.75;;(23, 9);;(4, 14);1;15226
24;0.75;;(23, 9);;(4, 14);1;15227
24;0.75;;(23, 9);;(4, 14);1;15228
24;0.75;;(23, 9);;(4, 14);1;15229
24;0.75;;(23, 9);;(4, 14);1;15230
24;0.75;;(23, 9);;(4, 14);1;15231
24;0.75;;(23, 9);;(4, 14);1;15232
24;0.75;;(23, 9);;(4, 14);1;15233
24;0.75;;(23, 9);;(4, 14);1;15234
24;0.75;;(23, 9);;(4, 14);1;15235
24;0.75;;(23, 9);;(4, 14);1;15236
24;0.75;;(23, 9);;(4, 14);1;15237
24;0.75;;(23, 9);;(4, 14);1;15238
24;0.75;;(23, 9);;(4, 14);1;15239
24;0.75;;(23, 9);;(4, 14);1;15240
24;0.75;;(23, 9);;(4, 14);1;15241
24;0.75;;(23, 9);;(4, 14);1;15242
24;0.75;;(23, 9);;(4, 14);1;15243
24;0.75;;(23, 9);;(4, 14);1;15244
24;0.75;;(23, 9);;(4, 14);1;15245
24;0.75;;(23, 9);;(4, 14);1;15246
24;0.75;;(23, 9);;(4, 14);1;15247
24;0.75;;(23, 9);;(4, 14);1;15248
24;0.75;;(23, 9);;(4, 14);1;15249
24;0.75;;(23, 9);;(4, 14);1;15250
24;0.75;;(23, 9);;(4, 14);1;15251
24;0.75;;(23, 9);;(4, 14);1;15252
24;0.75;;(23, 9);;(4, 14);1;15253
24;0.75;;(23, 9);;(4, 14);1;15254
24;0.75;;(23, 9);;(4, 14);1;15255
24;0.75;;(23, 9);;(4, 14);1;15256
24;0.75;;(23, 9);;(4, 14);1;15257
24;0.75;;(23, 9);;(4, 14);1;15258
24;0.75;;(23, 9);;(4, 14);1;15259
24;0.75;;(23, 9);;(4, 14);1;15260
24;0.75;;(23, 9);;(4, 14);1;15261
24;0.75;;(23, 9);;(4, 14);1;15262
24;0.75;;(23, 9);;(4, 14);1;15263
24;0.75;;(23, 9);;(4, 14);1;15264
24;0.75;;(23, 9);;(4, 14);1;15265
24;0.75;;(23, 9);;(4, 14);1;15266
24;0.75;;(23, 9);;(4, 14);1;15267
24;0.75;;(23, 9);;(4, 14);1;15268
24;0.75;;(23, 9);;(4, 14);1;15269
24;0.75;;(23, 9);;(4, 14);1;15270
24;0.75;;(23, 9);;(4, 14);1;15271
24;0.75;;(23, 9);;(4, 14);1;15272
24;0.75;;(23, 9);;(4, 14);1;15273
24;0.75;;(23, 9);;(4, 14);1;15274
24;0.75;;(23, 9);;(4, 14);1;15275
24;0.75;;(23, 9);;(4, 14);1;15276
24;0.75;;(23, 9);;(4, 14);1;15277
24;0.75;;(23, 9);;(4, 14);1;15278
24;0.75;;(23, 9);;(4, 14);1;15279
24;0.75;;(23, 9);;(4, 14);1;15280
24;0.75;;(23, 9);;(4, 14);1;15281
24;0.75;;(23, 9);;(4, 14);1;15282
24;0.75;;(23, 9);;(4, 14);1;15283
24;0.75;;(23, 9);;(4, 14);1;15284
24;0.75;;(23, 9);;(4, 14);1;15285
24;0.75;;(23, 9);;(4, 14);1;15286
24;0.75;;(23, 9);;(4, 14);1;15287
24;0.75;;(23, 9);;(4, 14);1;15288
24;0.75;;(23, 9);;(4, 14);1;15289
24;0.75;;(23, 9);;(4, 14);1;15290
24;0.75;;(23, 9);;(4, 14);1;15291
24;0.75;;(23, 9);;(4, 14);1;15292
24;0.75;;(23, 9);;(4, 14);1;15293
24;0.75;;(23, 9);;(4, 14);1;15294
24;0.75;;(23, 9);;(4, 14);1;15295
24;0.75;;(23, 9);;(4, 14);1;15296
24;0.75;;(23, 9);;(4, 14);1;15297
24;0.75;;(23, 9);;(4, 14);1;15298
24;0.75;;(23, 9);;(4, 14);1;15299
24;0.75;;(23, 9);;(4, 14);1;15300
24;0.75;;(23, 9);;(4, 14);1;15301
24;0.75;;(23, 9);;(4, 14);1;15302
24;0.75;;(23, 9);;(4, 14);1;15303
24;0.75;;(23, 9);;(4, 14);1;15304
24;0.75;;(23, 9);;(4, 14);1;15305
24;0.75;;(23, 9);;(4, 14);1;15306
24;0.75;;(23, 9);;(4, 14);1;15307
24;0.75;;(23, 9);;(4, 14);1;15308
24;0.75;;(23, 9);;(4, 14);1;15309
24;0.75;;(23, 9);;(4, 14);1;15310
24;0.75;;(23, 9);;(4, 14);1;15311
24;0.75;;(23, 9);;(4, 14);1;15312
24;0.75;;(23, 9);;(4, 14);1;15313
24;0.75;;(23, 9);;(4, 14);1;15314
24;0.75;;(23, 9);;(4, 14);1;15315
24;0.75;;(23, 9);;(4, 14);1;15316
24;0.75;;(23, 9);;(4, 14);1;15317
24;0.75;;(23, 9);;(4, 14);1;15318
24;0.75;;(23, 9);;(4, 14);1;15319
24;0.75;;(23, 9);;(4, 14);1;15320
24;0.75;;(23, 9);;(4, 14);1;15321
24;0.75;;(23, 9);;(4, 14);1;15322
24;0.75;;(23, 9);;(4, 14);1;15323
24;0.75;;(23, 9);;(4, 14);1;15324
24;0.75;;(23, 9);;(4, 14);1;15325
24;0.75;;(23, 9);;(4, 14);1;15326
24;0.75;;(23, 9);;(4, 14);1;15327
24;0.75;;(23, 9);;(4, 14);1;15328
24;0.75;;(23, 9);;(4, 14);1;15329
24;0.75;;(23, 9);;(4, 14);1;15330
24;0.75;;(23, 9);;(4, 14);1;15331
24;0.75;;(23, 9);;(4, 14);1;15332
24;0.75;;(23, 9);;(4, 14);1;15333
24;0.75;;(23, 9);;(4, 14);1;15334
24;0.75;;(23, 9);;(4, 14);1;15335
24;0.75;;(23, 9);;(4, 14);1;15336
24;0.75;;(23, 9);;(4, 14);1;15337
24;0.75;;(23, 9);;(4, 14);1;15338
24;0.75;;(23, 9);;(4, 14);1;15339
24;0.75;;(23, 9);;(4, 14);1;15340
24;0.75;;(23, 9);;(4, 14);1;15341
24;0.75;;(23, 9);;(4, 14);1;15342
24;0.75;;(23, 9);;(4, 14);1;15343
24;0.75;;(23, 9);;(4, 14);1;15344
24;0.75;;(23, 9);;(4, 14);1;15345
24;0.75;;(23, 9);;(4, 14);1;15346
24;0.75;;(23, 9);;(4, 14);1;15347
24;0.75;;(23, 9);;(4, 14);1;15348
24;0.75;;(23, 9);;(4, 14);1;15349
24;0.75;;(23, 9);;(4, 14);1;15350
24;0.75;;(23, 9);;(4, 14);1;15351
24;0.75;;(23, 9);;(4, 14);1;15352
24;0.75;;(23, 9);;(4, 14);1;15353
24;0.75;;(23, 9);;(4, 14);1;15354
24;0.75;;(23, 9);;(4, 14);1;15355
24;0.75;;(23, 9);;(4, 14);1;15356
24;0.75;;(23, 9);;(4, 14);1;15357
24;0.75;;(23, 9);;(4, 14);1;15358
24;0.75;;(23, 9);;(4, 14);1;15359
24;0.75;;(23, 9);;(4, 14);1;15360
24;0.75;;(23, 9);;(4, 14);1;15361
24;0.75;;(23, 9);;(4, 14);1;15362
24;0.75;;(23, 9);;(4, 14);1;15363
24;0.75;;(23, 9);;(4, 14);1;15364
24;0.75;;(23, 9);;(4, 14);1;15365
24;0.75;;(23, 9);;(4, 14);1;15366
24;0.75;;(23, 9);;(4, 14);1;15367
24;0.75;;(23, 9);;(4, 14);1;15368
24;0.75;;(23, 9);;(4, 14);1;15369
24;0.75;;(23, 9);;(4, 14);1;15370
24;0.75;;(23, 9);;(4, 14);1;15371
24;0.75;;(23, 9);;(4, 14);1;15372
24;0.75;;(23, 9);;(4, 14);1;15373
24;0.75;;(23, 9);;(4, 14);1;15374
24;0.75;;(23, 9);;(4, 14);1;15375
24;0.75;;(23, 9);;(4, 14);1;15376
24;0.75;;(23, 9);;(4, 14);1;15377
24;0.75;;(23, 9);;(4, 14);1;15378
24;0.75;;(23, 9);;(4, 14);1;15379
24;0.75;;(23, 9);;(4, 14);1;15380
24;0.75;;(23, 9);;(4, 14);1;15381
24;0.75;;(23, 9);;(4, 14);1;15382
24;0.75;;(23, 9);;(4, 14);1;15383
24;0.75;;(23, 9);;(4, 14);1;15384
24;0.75;;(23, 9);;(4, 14);1;15385
24;0.75;;(23, 9);;(4, 14);1;15386
24;0.75;;(23, 9);;(4, 14);1;15387
24;0.75;;(23, 9);;(4, 14);1;15388
24;0.75;;(23, 9);;(4, 14);1;15389
24;0.75;;(23, 9);;(4, 14);1;15390
24;0.75;;(23, 9);;(4, 14);1;15391
24;0.75;;(23, 9);;(4, 14);1;15392
24;0.75;;(23, 9);;(4, 14);1;15393
24;0.75;;(23, 9);;(4, 14);1;15394
24;0.75;;(23, 9);;(4, 14);1;15395
24;0.75;;(23, 9);;(4, 14);1;15396
24;0.75;;(23, 9);;(4, 14);1;15397
24;0.75;;(23, 9);;(4, 14);1;15398
24;0.75;;(23, 9);;(4, 14);1;15399
24;0.75;;(23, 9);;(4, 14);1;15400
24;0.75;;(23, 9);;(4, 14);1;15401
24;0.75;;(23, 9);;(4, 14);1;15402
24;0.75;;(23, 9);;(4, 14);1;15403
24;0.75;;(23, 9);;(4, 14);1;15404
24;0.75;;(23, 9);;(4, 14);1;15405
24;0.75;;(23, 9);;(4, 14);1;15406
24;0.75;;(23, 9);;(4, 14);1;15407
24;0.75;;(23, 9);;(4, 14);1;15408
24;0.75;;(23, 9);;(4, 14);1;15409
24;0.75;;(23, 9);;(4, 14);1;15410
24;0.75;;(23, 9);;(4, 14);1;15411
24;0.75;;(23, 9);;(4, 14);1;15412
24;0.75;;(23, 9);;(4, 14);1;15413
24;0.75;;(23, 9);;(4, 14);1;15414
24;0.75;;(23, 9);;(4, 14);1;15415
24;0.75;;(23, 9);;(4, 14);1;15416
24;0.75;;(23, 9);;(4, 14);1;15417
24;0.75;;(23, 9);;(4, 14);1;15418
24;0.75;;(23, 9);;(4, 14);1;15419
24;0.75;;(23, 9);;(4, 14);1;15420
24;0.75;;(23, 9);;(4, 14);1;15421
24;0.75;;(23, 9);;(4, 14);1;15422
24;0.75;;(23, 9);;(4, 14);1;15423
24;0.75;;(23, 9);;(4, 14);1;15424
24;0.75;;(23, 9);;(4, 14);1;15425
24;0.75;;(23, 9);;(4, 14);1;15426
24;0.75;;(23, 9);;(4, 14);1;15427
24;0.75;;(23, 9);;(4, 14);1;15428
24;0.75;;(23, 9);;(4, 14);1;15429
24;0.75;;(23, 9);;(4, 14);1;15430
24;0.75;;(23, 9);;(4, 14);1;15431
24;0.75;;(23, 9);;(4, 14);1;15432
24;0.75;;(23, 9);;(4, 14);1;15433
24;0.75;;(23, 9);;(4, 14);1;15434
24;0.75;;(23, 9);;(4, 14);1;15435
24;0.75;;(23, 9);;(4, 14);1;15436
24;0.75;;(23, 9);;(4, 14);1;15437
24;0.75;;(23, 9);;(4, 14);1;15438
24;0.75;;(23, 9);;(4, 14);1;15439
24;0.75;;(23, 9);;(4, 14);1;15440
24;0.75;;(23, 9);;(4, 14);1;15441
24;0.75;;(23, 9);;(4, 14);1;15442
24;0.75;;(23, 9);;(4, 14);1;15443
24;0.75;;(23, 9);;(4, 14);1;15444
24;0.75;;(23, 9);;(4, 14);1;15445
24;0.75;;(23, 9);;(4, 14);1;15446
24;0.75;;(23, 9);;(4, 14);1;15447
24;0.75;;(23, 9);;(4, 14);1;15448
24;0.75;;(23, 9);;(4, 14);1;15449
24;0.75;;(23, 9);;(4, 14);1;15450
24;0.75;;(23, 9);;(4, 14);1;15451
24;0.75;;(23, 9);;(4, 14);1;15452
24;0.75;;(23, 9);;(4, 14);1;15453
24;0.75;;(23, 9);;(4, 14);1;15454
24;0.75;;(23, 9);;(4, 14);1;15455
24;0.75;;(23, 9);;(4, 14);1;15456
24;0.75;;(23, 9);;(4, 14);1;15457
24;0.75;;(23, 9);;(4, 14);1;15458
24;0.75;;(23, 9);;(4, 14);1;15459
24;0.75;;(23, 9);;(4, 14);1;15460
24;0.75;;(23, 9);;(4, 14);1;15461
24;0.75;;(23, 9);;(4, 14);1;15462
24;0.75;;(23, 9);;(4, 14);1;15463
24;0.75;;(23, 9);;(4, 14);1;15464
24;0.75;;(23, 9);;(4, 14);1;15465
24;0.75;;(23, 9);;(4, 14);1;15466
24;0.75;;(23, 9);;(4, 14);1;15467
24;0.75;;(23, 9);;(4, 14);1;15468
24;0.75;;(23, 9);;(4, 14);1;15469
24;0.75;;(23, 9);;(4, 14);1;15470
24;0.75;;(23, 9);;(4, 14);1;15471
24;0.75;;(23, 9);;(4, 14);1;15472
24;0.75;;(23, 9);;(4, 14);1;15473
24;0.75;;(23, 9);;(4, 14);1;15474
24;0.75;;(23, 9);;(4, 14);1;15475
24;0.75;;(23, 9);;(4, 14);1;15476
24;0.75;;(23, 9);;(4, 14);1;15477
24;0.75;;(23, 9);;(4, 14);1;15478
24;0.75;;(23, 9);;(4, 14);1;15479
24;0.75;;(23, 9);;(4, 14);1;15480
24;0.75;;(23, 9);;(4, 14);1;15481
24;0.75;;(23, 9);;(4, 14);1;15482
24;0.75;;(23, 9);;(4, 14);1;15483
24;0.75;;(23, 9);;(4, 14);1;15484
24;0.75;;(23, 9);;(4, 14);1;15485
24;0.75;;(23, 9);;(4, 14);1;15486
24;0.75;;(23, 9);;(4, 14);1;15487
24;0.75;;(23, 9);;(4, 14);1;15488
24;0.75;;(23, 9);;(4, 14);1;15489
24;0.75;;(23, 9);;(4, 14);1;15490
24;0.75;;(23, 9);;(4, 14);1;15491
24;0.75;;(23, 9);;(4, 14);1;15492
24;0.75;;(23, 9);;(4, 14);1;15493
24;0.75;;(23, 9);;(4, 14);1;15494
24;0.75;;(23, 9);;(4, 14);1;15495
24;0.75;;(23, 9);;(4, 14);1;15496
24;0.75;;(23, 9);;(4, 14);1;15497
24;0.75;;(23, 9);;(4, 14);1;15498
24;0.75;;(23, 9);;(4, 14);1;15499
24;0.75;;(23, 9);;(4, 14);1;15500
24;0.75;;(23, 9);;(4, 14);1;15501
24;0.75;;(23, 9);;(4, 14);1;15502
24;0.75;;(23, 9);;(4, 14);1;15503
24;0.75;;(23, 9);;(4, 14);1;15504
24;0.75;;(23, 9);;(4, 14);1;15505
24;0.75;;(23, 9);;(4, 14);1;15506
24;0.75;;(23, 9);;(4, 14);1;15507
24;0.75;;(23, 9);;(4, 14);1;15508
24;0.75;;(23, 9);;(4, 14);1;15509
24;0.75;;(23, 9);;(4, 14);1;15510
24;0.75;;(23, 9);;(4, 14);1;15511
24;0.75;;(23, 9);;(4, 14);1;15512
24;0.75;;(23, 9);;(4, 14);1;15513
24;0.75;;(23, 9);;(4, 14);1;15514
24;0.75;;(23, 9);;(4, 14);1;15515
24;0.75;;(23, 9);;(4, 14);1;15516
24;0.75;;(23, 9);;(4, 14);1;15517
24;0.75;;(23, 9);;(4, 14);1;15518
24;0.75;;(23, 9);;(4, 14);1;15519
24;0.75;;(23, 9);;(4, 14);1;15520
24;0.75;;(23, 9);;(4, 14);1;15521
24;0.75;;(23, 9);;(4, 14);1;15522
24;0.75;;(23, 9);;(4, 14);1;15523
24;0.75;;(23, 9);;(4, 14);1;15524
24;0.75;;(23, 9);;(4, 14);1;15525
24;0.75;;(23, 9);;(4, 14);1;15526
24;0.75;;(23, 9);;(4, 14);1;15527
24;0.75;;(23, 9);;(4, 14);1;15528
24;0.75;;(23, 9);;(4, 14);1;15529
24;0.75;;(23, 9);;(4, 14);1;15530
24;0.75;;(23, 9);;(4, 14);1;15531
24;0.75;;(23, 9);;(4, 14);1;15532
24;0.75;;(23, 9);;(4, 14);1;15533
24;0.75;;(23, 9);;(4, 14);1;15534
24;0.75;;(23, 9);;(4, 14);1;15535
24;0.75;;(23, 9);;(4, 14);1;15536
24;0.75;;(23, 9);;(4, 14);1;15537
24;0.75;;(23, 9);;(4, 14);1;15538
24;0.75;;(23, 9);;(4, 14);1;15539
24;0.75;;(23, 9);;(4, 14);1;15540
24;0.75;;(23, 9);;(4, 14);1;15541
24;0.75;;(23, 9);;(4, 14);1;15542
24;0.75;;(23, 9);;(4, 14);1;15543
24;0.75;;(23, 9);;(4, 14);1;15544
24;0.75;;(23, 9);;(4, 14);1;15545
24;0.75;;(23, 9);;(4, 14);1;15546
24;0.75;;(23, 9);;(4, 14);1;15547
24;0.75;;(23, 9);;(4, 14);1;15548
24;0.75;;(23, 9);;(4, 14);1;15549
24;0.75;;(23, 9);;(4, 14);1;15550
24;0.75;;(23, 9);;(4, 14);1;15551
24;0.75;;(23, 9);;(4, 14);1;15552
24;0.75;;(23, 9);;(4, 14);1;15553
24;0.75;;(23, 9);;(4, 14);1;15554
24;0.75;;(23, 9);;(4, 14);1;15555
24;0.75;;(23, 9);;(4, 14);1;15556
24;0.75;;(23, 9);;(4, 14);1;15557
24;0.75;;(23, 9);;(4, 14);1;15558
24;0.75;;(23, 9);;(4, 14);1;15559
24;0.75;;(23, 9);;(4, 14);1;15560
24;0.75;;(23, 9);;(4, 14);1;15561
24;0.75;;(23, 9);;(4, 14);1;15562
24;0.75;;(23, 9);;(4, 14);1;15563
24;0.75;;(23, 9);;(4, 14);1;15564
24;0.75;;(23, 9);;(4, 14);1;15565
24;0.75;;(23, 9);;(4, 14);1;15566
24;0.75;;(23, 9);;(4, 14);1;15567
24;0.75;;(23, 9);;(4, 14);1;15568
24;0.75;;(23, 9);;(4, 14);1;15569
24;0.75;;(23, 9);;(4, 14);1;15570
24;0.75;;(23, 9);;(4, 14);1;15571
24;0.75;;(23, 9);;(4, 14);1;15572
24;0.75;;(23, 9);;(4, 14);1;15573
24;0.75;;(23, 9);;(4, 14);1;15574
24;0.75;;(23, 9);;(4, 14);1;15575
24;0.75;;(23, 9);;(4, 14);1;15576
24;0.75;;(23, 9);;(4, 14);1;15577
24;0.75;;(23, 9);;(4, 14);1;15578
24;0.75;;(23, 9);;(4, 14);1;15579
24;0.75;;(23, 9);;(4, 14);1;15580
24;0.75;;(23, 9);;(4, 14);1;15581
24;0.75;;(23, 9);;(4, 14);1;15582
24;0.75;;(23, 9);;(4, 14);1;15583
24;0.75;;(23, 9);;(4, 14);1;15584
24;0.75;;(23, 9);;(4, 14);1;15585
24;0.75;;(23, 9);;(4, 14);1;15586
24;0.75;;(23, 9);;(4, 14);1;15587
24;0.75;;(23, 9);;(4, 14);1;15588
24;0.75;;(23, 9);;(4, 14);1;15589
24;0.75;;(23, 9);;(4, 14);1;15590
24;0.75;;(23, 9);;(4, 14);1;15591
24;0.75;;(23, 9);;(4, 14);1;15592
24;0.75;;(23, 9);;(4, 14);1;15593
24;0.75;;(23, 9);;(4, 14);1;15594
24;0.75;;(23, 9);;(4, 14);1;15595
24;0.75;;(23, 9);;(4, 14);1;15596
24;0.75;;(23, 9);;(4, 14);1;15597
24;0.75;;(23, 9);;(4, 14);1;15598
24;0.75;;(23, 9);;(4, 14);1;15599
24;0.75;;(23, 9);;(4, 14);1;15600
24;0.75;;(23, 9);;(4, 14);1;15601
24;0.75;;(23, 9);;(4, 14);1;15602
24;0.75;;(23, 9);;(4, 14);1;15603
24;0.75;;(23, 9);;(4, 14);1;15604
24;0.75;;(23, 9);;(4, 14);1;15605
24;0.75;;(23, 9);;(4, 14);1;15606
24;0.75;;(23, 9);;(4, 14);1;15607
24;0.75;;(23, 9);;(4, 14);1;15608
24;0.75;;(23, 9);;(4, 14);1;15609
24;0.75;;(23, 9);;(4, 14);1;15610
24;0.75;;(23, 9);;(4, 14);1;15611
24;0.75;;(23, 9);;(4, 14);1;15612
24;0.75;;(23, 9);;(4, 14);1;15613
24;0.75;;(23, 9);;(4, 14);1;15614
24;0.75;;(23, 9);;(4, 14);1;15615
24;0.75;;(23, 9);;(4, 14);1;15616
24;0.75;;(23, 9);;(4, 14);1;15617
24;0.75;;(23, 9);;(4, 14);1;15618
24;0.75;;(23, 9);;(4, 14);1;15619
24;0.75;;(23, 9);;(4, 14);1;15620
24;0.75;;(23, 9);;(4, 14);1;15621
24;0.75;;(23, 9);;(4, 14);1;15622
24;0.75;;(23, 9);;(4, 14);1;15623
24;0.75;;(23, 9);;(4, 14);1;15624
24;0.75;;(23, 9);;(4, 14);1;15625
24;0.75;;(23, 9);;(4, 14);1;15626
24;0.75;;(23, 9);;(4, 14);1;15627
24;0.75;;(23, 9);;(4, 14);1;15628
24;0.75;;(23, 9);;(4, 14);1;15629
24;0.75;;(23, 9);;(4, 14);1;15630
24;0.75;;(23, 9);;(4, 14);1;15631
24;0.75;;(23, 9);;(4, 14);1;15632
24;0.75;;(23, 9);;(4, 14);1;15633
24;0.75;;(23, 9);;(4, 14);1;15634
24;0.75;;(23, 9);;(4, 14);1;15635
24;0.75;;(23, 9);;(4, 14);1;15636
24;0.75;;(23, 9);;(4, 14);1;15637
24;0.75;;(23, 9);;(4, 14);1;15638
24;0.75;;(23, 9);;(4, 14);1;15639
24;0.75;;(23, 9);;(4, 14);1;15640
24;0.75;;(23, 9);;(4, 14);1;15641
24;0.75;;(23, 9);;(4, 14);1;15642
24;0.75;;(23, 9);;(4, 14);1;15643
24;0.75;;(23, 9);;(4, 14);1;15644
24;0.75;;(23, 9);;(4, 14);1;15645
24;0.75;;(23, 9);;(4, 14);1;15646
24;0.75;;(23, 9);;(4, 14);1;15647
24;0.75;;(23, 9);;(4, 14);1;15648
24;0.75;;(23, 9);;(4, 14);1;15649
24;0.75;;(23, 9);;(4, 14);1;15650
24;0.75;;(23, 9);;(4, 14);1;15651
24;0.75;;(23, 9);;(4, 14);1;15652
24;0.75;;(23, 9);;(4, 14);1;15653
24;0.75;;(23, 9);;(4, 14);1;15654
24;0.75;;(23, 9);;(4, 14);1;15655
24;0.75;;(23, 9);;(4, 14);1;15656
24;0.75;;(23, 9);;(4, 14);1;15657
24;0.75;;(23, 9);;(4, 14);1;15658
24;0.75;;(23, 9);;(4, 14);1;15659
24;0.75;;(23, 9);;(4, 14);1;15660
24;0.75;;(23, 9);;(4, 14);1;15661
24;0.75;;(23, 9);;(4, 14);1;15662
24;0.75;;(23, 9);;(4, 14);1;15663
24;0.75;;(23, 9);;(4, 14);1;15664
24;0.75;;(23, 9);;(4, 14);1;15665
24;0.75;;(23, 9);;(4, 14);1;15666
24;0.75;;(23, 9);;(4, 14);1;15667
24;0.75;;(23, 9);;(4, 14);1;15668
24;0.75;;(23, 9);;(4, 14);1;15669
24;0.75;;(23, 9);;(4, 14);1;15670
24;0.75;;(23, 9);;(4, 14);1;15671
24;0.75;;(23, 9);;(4, 14);1;15672
24;0.75;;(23, 9);;(4, 14);1;15673
24;0.75;;(23, 9);;(4, 14);1;15674
24;0.75;;(23, 9);;(4, 14);1;15675
24;0.75;;(23, 9);;(4, 14);1;15676
24;0.75;;(23, 9);;(4, 14);1;15677
24;0.75;;(23, 9);;(4, 14);1;15678
24;0.75;;(23, 9);;(4, 14);1;15679
24;0.75;;(23, 9);;(4, 14);1;15680
24;0.75;;(23, 9);;(4, 14);1;15681
24;0.75;;(23, 9);;(4, 14);1;15682
24;0.75;;(23, 9);;(4, 14);1;15683
24;0.75;;(23, 9);;(4, 14);1;15684
24;0.75;;(23, 9);;(4, 14);1;15685
24;0.75;;(23, 9);;(4, 14);1;15686
24;0.75;;(23, 9);;(4, 14);1;15687
24;0.75;;(23, 9);;(4, 14);1;15688
24;0.75;;(23, 9);;(4, 14);1;15689
24;0.75;;(23, 9);;(4, 14);1;15690
24;0.75;;(23, 9);;(4, 14);1;15691
24;0.75;;(23, 9);;(4, 14);1;15692
24;0.75;;(23, 9);;(4, 14);1;15693
24;0.75;;(23, 9);;(4, 14);1;15694
24;0.75;;(23, 9);;(4, 14);1;15695
24;0.75;;(23, 9);;(4, 14);1;15696
24;0.75;;(23, 9);;(4, 14);1;15697
24;0.75;;(23, 9);;(4, 14);1;15698
24;0.75;;(23, 9);;(4, 14);1;15699
24;0.75;;(23, 9);;(4, 14);1;15700
24;0.75;;(23, 9);;(4, 14);1;15701
24;0.75;;(23, 9);;(4, 14);1;15702
24;0.75;;(23, 9);;(4, 14);1;15703
24;0.75;;(23, 9);;(4, 14);1;15704
24;0.75;;(23, 9);;(4, 14);1;15705
24;0.75;;(23, 9);;(4, 14);1;15706
24;0.75;;(23, 9);;(4, 14);1;15707
24;0.75;;(23, 9);;(4, 14);1;15708
24;0.75;;(23, 9);;(4, 14);1;15709
24;0.75;;(23, 9);;(4, 14);1;15710
24;0.75;;(23, 9);;(4, 14);1;15711
24;0.75;;(23, 9);;(4, 14);1;15712
24;0.75;;(23, 9);;(4, 14);1;15713
24;0.75;;(23, 9);;(4, 14);1;15714
24;0.75;;(23, 9);;(4, 14);1;15715
24;0.75;;(23, 9);;(4, 14);1;15716
24;0.75;;(23, 9);;(4, 14);1;15717
24;0.75;;(23, 9);;(4, 14);1;15718
24;0.75;;(23, 9);;(4, 14);1;15719
24;0.75;;(23, 9);;(4, 14);1;15720
24;0.75;;(23, 9);;(4, 14);1;15721
24;0.75;;(23, 9);;(4, 14);1;15722
24;0.75;;(23, 9);;(4, 14);1;15723
24;0.75;;(23, 9);;(4, 14);1;15724
24;0.75;;(23, 9);;(4, 14);1;15725
24;0.75;;(23, 9);;(4, 14);1;15726
24;0.75;;(23, 9);;(4, 14);1;15727
24;0.75;;(23, 9);;(4, 14);1;15728
24;0.75;;(23, 9);;(4, 14);1;15729
24;0.75;;(23, 9);;(4, 14);1;15730
24;0.75;;(23, 9);;(4, 14);1;15731
24;0.75;;(23, 9);;(4, 14);1;15732
24;0.75;;(23, 9);;(4, 14);1;15733
24;0.75;;(23, 9);;(4, 14);1;15734
24;0.75;;(23, 9);;(4, 14);1;15735
24;0.75;;(23, 9);;(4, 14);1;15736
24;0.75;;(23, 9);;(4, 14);1;15737
24;0.75;;(23, 9);;(4, 14);1;15738
24;0.75;;(23, 9);;(4, 14);1;15739
24;0.75;;(23, 9);;(4, 14);1;15740
24;0.75;;(23, 9);;(4, 14);1;15741
24;0.75;;(23, 9);;(4, 14);1;15742
24;0.75;;(23, 9);;(4, 14);1;15743
24;0.75;;(23, 9);;(4, 14);1;15744
24;0.75;;(23, 9);;(4, 14);1;15745
24;0.75;;(23, 9);;(4, 14);1;15746
24;0.75;;(23, 9);;(4, 14);1;15747
24;0.75;;(23, 9);;(4, 14);1;15748
24;0.75;;(23, 9);;(4, 14);1;15749
24;0.75;;(23, 9);;(4, 14);1;15750
24;0.75;;(23, 9);;(4, 14);1;15751
24;0.75;;(23, 9);;(4, 14);1;15752
24;0.75;;(23, 9);;(4, 14);1;15753
24;0.75;;(23, 9);;(4, 14);1;15754
24;0.75;;(23, 9);;(4, 14);1;15755
24;0.75;;(23, 9);;(4, 14);1;15756
24;0.75;;(23, 9);;(4, 14);1;15757
24;0.75;;(23, 9);;(4, 14);1;15758
24;0.75;;(23, 9);;(4, 14);1;15759
24;0.75;;(23, 9);;(4, 14);1;15760
24;0.75;;(23, 9);;(4, 14);1;15761
24;0.75;;(23, 9);;(4, 14);1;15762
24;0.75;;(23, 9);;(4, 14);1;15763
24;0.75;;(23, 9);;(4, 14);1;15764
24;0.75;;(23, 9);;(4, 14);1;15765
24;0.75;;(23, 9);;(4, 14);1;15766
24;0.75;;(23, 9);;(4, 14);1;15767
24;0.75;;(23, 9);;(4, 14);1;15768
24;0.75;;(23, 9);;(4, 14);1;15769
24;0.75;;(23, 9);;(4, 14);1;15770
24;0.75;;(23, 9);;(4, 14);1;15771
24;0.75;;(23, 9);;(4, 14);1;15772
24;0.75;;(23, 9);;(4, 14);1;15773
24;0.75;;(23, 9);;(4, 14);1;15774
24;0.75;;(23, 9);;(4, 14);1;15775
24;0.75;;(23, 9);;(4, 14);1;15776
24;0.75;;(23, 9);;(4, 14);1;15777
24;0.75;;(23, 9);;(4, 14);1;15778
24;0.75;;(23, 9);;(4, 14);1;15779
24;0.75;;(23, 9);;(4, 14);1;15780
24;0.75;;(23, 9);;(4, 14);1;15781
24;0.75;;(23, 9);;(4, 14);1;15782
24;0.75;;(23, 9);;(4, 14);1;15783
24;0.75;;(23, 9);;(4, 14);1;15784
24;0.75;;(23, 9);;(4, 14);1;15785
24;0.75;;(23, 9);;(4, 14);1;15786
24;0.75;;(23, 9);;(4, 14);1;15787
24;0.75;;(23, 9);;(4, 14);1;15788
24;0.75;;(23, 9);;(4, 14);1;15789
24;0.75;;(23, 9);;(4, 14);1;15790
24;0.75;;(23, 9);;(4, 14);1;15791
24;0.75;;(23, 9);;(4, 14);1;15792
24;0.75;;(23, 9);;(4, 14);1;15793
24;0.75;;(23, 9);;(4, 14);1;15794
24;0.75;;(23, 9);;(4, 14);1;15795
24;0.75;;(23, 9);;(4, 14);1;15796
24;0.75;;(23, 9);;(4, 14);1;15797
24;0.75;;(23, 9);;(4, 14);1;15798
24;0.75;;(23, 9);;(4, 14);1;15799
24;0.75;;(23, 9);;(4, 14);1;15800
24;0.75;;(23, 9);;(4, 14);1;15801
24;0.75;;(23, 9);;(4, 14);1;15802
24;0.75;;(23, 9);;(4, 14);1;15803
24;0.75;;(23, 9);;(4, 14);1;15804
24;0.75;;(23, 9);;(4, 14);1;15805
24;0.75;;(23, 9);;(4, 14);1;15806
24;0.75;;(23, 9);;(4, 14);1;15807
24;0.75;;(23, 9);;(4, 14);1;15808
24;0.75;;(23, 9);;(4, 14);1;15809
24;0.75;;(23, 9);;(4, 14);1;15810
24;0.75;;(23, 9);;(4, 14);1;15811
24;0.75;;(23, 9);;(4, 14);1;15812
24;0.75;;(23, 9);;(4, 14);1;15813
24;0.75;;(23, 9);;(4, 14);1;15814
24;0.75;;(23, 9);;(4, 14);1;15815
24;0.75;;(23, 9);;(4, 14);1;15816
24;0.75;;(23, 9);;(4, 14);1;15817
24;0.75;;(23, 9);;(4, 14);1;15818
24;0.75;;(23, 9);;(4, 14);1;15819
24;0.75;;(23, 9);;(4, 14);1;15820
24;0.75;;(23, 9);;(4, 14);1;15821
24;0.75;;(23, 9);;(4, 14);1;15822
24;0.75;;(23, 9);;(4, 14);1;15823
24;0.75;;(23, 9);;(4, 14);1;15824
24;0.75;;(23, 9);;(4, 14);1;15825
24;0.75;;(23, 9);;(4, 14);1;15826
24;0.75;;(23, 9);;(4, 14);1;15827
24;0.75;;(23, 9);;(4, 14);1;15828
24;0.75;;(23, 9);;(4, 14);1;15829
24;0.75;;(23, 9);;(4, 14);1;15830
24;0.75;;(23, 9);;(4, 14);1;15831
24;0.75;;(23, 9);;(4, 14);1;15832
24;0.75;;(23, 9);;(4, 14);1;15833
24;0.75;;(23, 9);;(4, 14);1;15834
24;0.75;;(23, 9);;(4, 14);1;15835
24;0.75;;(23, 9);;(4, 14);1;15836
24;0.75;;(23, 9);;(4, 14);1;15837
24;0.75;;(23, 9);;(4, 14);1;15838
24;0.75;;(23, 9);;(4, 14);1;15839
24;0.75;;(23, 9);;(4, 14);1;15840
24;0.75;;(23, 9);;(4, 14);1;15841
24;0.75;;(23, 9);;(4, 14);1;15842
24;0.75;;(23, 9);;(4, 14);1;15843
24;0.75;;(23, 9);;(4, 14);1;15844
24;0.75;;(23, 9);;(4, 14);1;15845
24;0.75;;(23, 9);;(4, 14);1;15846
24;0.75;;(23, 9);;(4, 14);1;15847
24;0.75;;(23, 9);;(4, 14);1;15848
24;0.75;;(23, 9);;(4, 14);1;15849
24;0.75;;(23, 9);;(4, 14);1;15850
24;0.75;;(23, 9);;(4, 14);1;15851
24;0.75;;(23, 9);;(4, 14);1;15852
24;0.75;;(23, 9);;(4, 14);1;15853
24;0.75;;(23, 9);;(4, 14);1;15854
24;0.75;;(23, 9);;(4, 14);1;15855
24;0.75;;(23, 9);;(4, 14);1;15856
24;0.75;;(23, 9);;(4, 14);1;15857
24;0.75;;(23, 9);;(4, 14);1;15858
24;0.75;;(23, 9);;(4, 14);1;15859
24;0.75;;(23, 9);;(4, 14);1;15860
24;0.75;;(23, 9);;(4, 14);1;15861
24;0.75;;(23, 9);;(4, 14);1;15862
24;0.75;;(23, 9);;(4, 14);1;15863
24;0.75;;(23, 9);;(4, 14);1;15864
24;0.75;;(23, 9);;(4, 14);1;15865
24;0.75;;(23, 9);;(4, 14);1;15866
24;0.75;;(23, 9);;(4, 14);1;15867
24;0.75;;(23, 9);;(4, 14);1;15868
24;0.75;;(23, 9);;(4, 14);1;15869
24;0.75;;(23, 9);;(4, 14);1;15870
24;0.75;;(23, 9);;(4, 14);1;15871
24;0.75;;(23, 9);;(4, 14);1;15872
24;0.75;;(23, 9);;(4, 14);1;15873
24;0.75;;(23, 9);;(4, 14);1;15874
24;0.75;;(23, 9);;(4, 14);1;15875
24;0.75;;(23, 9);;(4, 14);1;15876
24;0.75;;(23, 9);;(4, 14);1;15877
24;0.75;;(23, 9);;(4, 14);1;15878
24;0.75;;(23, 9);;(4, 14);1;15879
24;0.75;;(23, 9);;(4, 14);1;15880
24;0.75;;(23, 9);;(4, 14);1;15881
24;0.75;;(23, 9);;(4, 14);1;15882
24;0.75;;(23, 9);;(4, 14);1;15883
24;0.75;;(23, 9);;(4, 14);1;15884
24;0.75;;(23, 9);;(4, 14);1;15885
24;0.75;;(23, 9);;(4, 14);1;15886
24;0.75;;(23, 9);;(4, 14);1;15887
24;0.75;;(23, 9);;(4, 14);1;15888
24;0.75;;(23, 9);;(4, 14);1;15889
24;0.75;;(23, 9);;(4, 14);1;15890
24;0.75;;(23, 9);;(4, 14);1;15891
24;0.75;;(23, 9);;(4, 14);1;15892
24;0.75;;(23, 9);;(4, 14);1;15893
24;0.75;;(23, 9);;(4, 14);1;15894
24;0.75;;(23, 9);;(4, 14);1;15895
24;0.75;;(23, 9);;(4, 14);1;15896
24;0.75;;(23, 9);;(4, 14);1;15897
24;0.75;;(23, 9);;(4, 14);1;15898
24;0.75;;(23, 9);;(4, 14);1;15899
24;0.75;;(23, 9);;(4, 14);1;15900
24;0.75;;(23, 9);;(4, 14);1;15901
24;0.75;;(23, 9);;(4, 14);1;15902
24;0.75;;(23, 9);;(4, 14);1;15903
24;0.75;;(23, 9);;(4, 14);1;15904
24;0.75;;(23, 9);;(4, 14);1;15905
24;0.75;;(23, 9);;(4, 14);1;15906
24;0.75;;(23, 9);;(4, 14);1;15907
24;0.75;;(23, 9);;(4, 14);1;15908
24;0.75;;(23, 9);;(4, 14);1;15909
24;0.75;;(23, 9);;(4, 14);1;15910
24;0.75;;(23, 9);;(4, 14);1;15911
24;0.75;;(23, 9);;(4, 14);1;15912
24;0.75;;(23, 9);;(4, 14);1;15913
24;0.75;;(23, 9);;(4, 14);1;15914
24;0.75;;(23, 9);;(4, 14);1;15915
24;0.75;;(23, 9);;(4, 14);1;15916
24;0.75;;(23, 9);;(4, 14);1;15917
24;0.75;;(23, 9);;(4, 14);1;15918
24;0.75;;(23, 9);;(4, 14);1;15919
24;0.75;;(23, 9);;(4, 14);1;15920
24;0.75;;(23, 9);;(4, 14);1;15921
24;0.75;;(23, 9);;(4, 14);1;15922
24;0.75;;(23, 9);;(4, 14);1;15923
24;0.75;;(23, 9);;(4, 14);1;15924
24;0.75;;(23, 9);;(4, 14);1;15925
24;0.75;;(23, 9);;(4, 14);1;15926
24;0.75;;(23, 9);;(4, 14);1;15927
24;0.75;;(23, 9);;(4, 14);1;15928
24;0.75;;(23, 9);;(4, 14);1;15929
24;0.75;;(23, 9);;(4, 14);1;15930
24;0.75;;(23, 9);;(4, 14);1;15931
24;0.75;;(23, 9);;(4, 14);1;15932
24;0.75;;(23, 9);;(4, 14);1;15933
24;0.75;;(23, 9);;(4, 14);1;15934
24;0.75;;(23, 9);;(4, 14);1;15935
24;0.75;;(23, 9);;(4, 14);1;15936
24;0.75;;(23, 9);;(4, 14);1;15937
24;0.75;;(23, 9);;(4, 14);1;15938
24;0.75;;(23, 9);;(4, 14);1;15939
24;0.75;;(23, 9);;(4, 14);1;15940
24;0.75;;(23, 9);;(4, 14);1;15941
24;0.75;;(23, 9);;(4, 14);1;15942
24;0.75;;(23, 9);;(4, 14);1;15943
24;0.75;;(23, 9);;(4, 14);1;15944
24;0.75;;(23, 9);;(4, 14);1;15945
24;0.75;;(23, 9);;(4, 14);1;15946
24;0.75;;(23, 9);;(4, 14);1;15947
24;0.75;;(23, 9);;(4, 14);1;15948
24;0.75;;(23, 9);;(4, 14);1;15949
24;0.75;;(23, 9);;(4, 14);1;15950
24;0.75;;(23, 9);;(4, 14);1;15951
24;0.75;;(23, 9);;(4, 14);1;15952
24;0.75;;(23, 9);;(4, 14);1;15953
24;0.75;;(23, 9);;(4, 14);1;15954
24;0.75;;(23, 9);;(4, 14);1;15955
24;0.75;;(23, 9);;(4, 14);1;15956
24;0.75;;(23, 9);;(4, 14);1;15957
24;0.75;;(23, 9);;(4, 14);1;15958
24;0.75;;(23, 9);;(4, 14);1;15959
24;0.75;;(23, 9);;(4, 14);1;15960
24;0.75;;(23, 9);;(4, 14);1;15961
24;0.75;;(23, 9);;(4, 14);1;15962
24;0.75;;(23, 9);;(4, 14);1;15963
24;0.75;;(23, 9);;(4, 14);1;15964
24;0.75;;(23, 9);;(4, 14);1;15965
24;0.75;;(23, 9);;(4, 14);1;15966
24;0.75;;(23, 9);;(4, 14);1;15967
24;0.75;;(23, 9);;(4, 14);1;15968
24;0.75;;(23, 9);;(4, 14);1;15969
24;0.75;;(23, 9);;(4, 14);1;15970
24;0.75;;(23, 9);;(4, 14);1;15971
24;0.75;;(23, 9);;(4, 14);1;15972
24;0.75;;(23, 9);;(4, 14);1;15973
24;0.75;;(23, 9);;(4, 14);1;15974
24;0.75;;(23, 9);;(4, 14);1;15975
24;0.75;;(23, 9);;(4, 14);1;15976
24;0.75;;(23, 9);;(4, 14);1;15977
24;0.75;;(23, 9);;(4, 14);1;15978
24;0.75;;(23, 9);;(4, 14);1;15979
24;0.75;;(23, 9);;(4, 14);1;15980
24;0.75;;(23, 9);;(4, 14);1;15981
24;0.75;;(23, 9);;(4, 14);1;15982
24;0.75;;(23, 9);;(4, 14);1;15983
24;0.75;;(23, 9);;(4, 14);1;15984
24;0.75;;(23, 9);;(4, 14);1;15985
24;0.75;;(23, 9);;(4, 14);1;15986
24;0.75;;(23, 9);;(4, 14);1;15987
24;0.75;;(23, 9);;(4, 14);1;15988
24;0.75;;(23, 9);;(4, 14);1;15989
24;0.75;;(23, 9);;(4, 14);1;15990
24;0.75;;(23, 9);;(4, 14);1;15991
24;0.75;;(23, 9);;(4, 14);1;15992
24;0.75;;(23, 9);;(4, 14);1;15993
24;0.75;;(23, 9);;(4, 14);1;15994
24;0.75;;(23, 9);;(4, 14);1;15995
24;0.75;;(23, 9);;(4, 14);1;15996
24;0.75;;(23, 9);;(4, 14);1;15997
24;0.75;;(23, 9);;(4, 14);1;15998
24;0.75;;(23, 9);;(4, 14);1;15999
24;0.75;;(23, 9);;(4, 14);1;16000
24;0.75;;(23, 9);;(4, 14);1;16001
24;0.75;;(23, 9);;(4, 14);1;16002
24;0.75;;(23, 9);;(4, 14);1;16003
24;0.75;;(23, 9);;(4, 14);1;16004
24;0.75;;(23, 9);;(4, 14);1;16005
24;0.75;;(23, 9);;(4, 14);1;16006
24;0.75;;(23, 9);;(4, 14);1;16007
24;0.75;;(23, 9);;(4, 14);1;16008
24;0.75;;(23, 9);;(4, 14);1;16009
24;0.75;;(23, 9);;(4, 14);1;16010
24;0.75;;(23, 9);;(4, 14);1;16011
24;0.75;;(23, 9);;(4, 14);1;16012
24;0.75;;(23, 9);;(4, 14);1;16013
24;0.75;;(23, 9);;(4, 14);1;16014
24;0.75;;(23, 9);;(4, 14);1;16015
24;0.75;;(23, 9);;(4, 14);1;16016
24;0.75;;(23, 9);;(4, 14);1;16017
24;0.75;;(23, 9);;(4, 14);1;16018
24;0.75;;(23, 9);;(4, 14);1;16019
24;0.75;;(23, 9);;(4, 14);1;16020
24;0.75;;(23, 9);;(4, 14);1;16021
24;0.75;;(23, 9);;(4, 14);1;16022
24;0.75;;(23, 9);;(4, 14);1;16023
24;0.75;;(23, 9);;(4, 14);1;16024
24;0.75;;(23, 9);;(4, 14);1;16025
24;0.75;;(23, 9);;(4, 14);1;16026
24;0.75;;(23, 9);;(4, 14);1;16027
24;0.75;;(23, 9);;(4, 14);1;16028
24;0.75;;(23, 9);;(4, 14);1;16029
24;0.75;;(23, 9);;(4, 14);1;16030
24;0.75;;(23, 9);;(4, 14);1;16031
24;0.75;;(23, 9);;(4, 14);1;16032
24;0.75;;(23, 9);;(4, 14);1;16033
24;0.75;;(23, 9);;(4, 14);1;16034
24;0.75;;(23, 9);;(4, 14);1;16035
24;0.75;;(23, 9);;(4, 14);1;16036
24;0.75;;(23, 9);;(4, 14);1;16037
24;0.75;;(23, 9);;(4, 14);1;16038
24;0.75;;(23, 9);;(4, 14);1;16039
24;0.75;;(23, 9);;(4, 14);1;16040
24;0.75;;(23, 9);;(4, 14);1;16041
24;0.75;;(23, 9);;(4, 14);1;16042
24;0.75;;(23, 9);;(4, 14);1;16043
24;0.75;;(23, 9);;(4, 14);1;16044
24;0.75;;(23, 9);;(4, 14);1;16045
24;0.75;;(23, 9);;(4, 14);1;16046
24;0.75;;(23, 9);;(4, 14);1;16047
24;0.75;;(23, 9);;(4, 14);1;16048
24;0.75;;(23, 9);;(4, 14);1;16049
24;0.75;;(23, 9);;(4, 14);1;16050
24;0.75;;(23, 9);;(4, 14);1;16051
24;0.75;;(23, 9);;(4, 14);1;16052
24;0.75;;(23, 9);;(4, 14);1;16053
24;0.75;;(23, 9);;(4, 14);1;16054
24;0.75;;(23, 9);;(4, 14);1;16055
24;0.75;;(23, 9);;(4, 14);1;16056
24;0.75;;(23, 9);;(4, 14);1;16057
24;0.75;;(23, 9);;(4, 14);1;16058
24;0.75;;(23, 9);;(4, 14);1;16059
24;0.75;;(23, 9);;(4, 14);1;16060
24;0.75;;(23, 9);;(4, 14);1;16061
24;0.75;;(23, 9);;(4, 14);1;16062
24;0.75;;(23, 9);;(4, 14);1;16063
24;0.75;;(23, 9);;(4, 14);1;16064
24;0.75;;(23, 9);;(4, 14);1;16065
24;0.75;;(23, 9);;(4, 14);1;16066
24;0.75;;(23, 9);;(4, 14);1;16067
24;0.75;;(23, 9);;(4, 14);1;16068
24;0.75;;(23, 9);;(4, 14);1;16069
24;0.75;;(23, 9);;(4, 14);1;16070
24;0.75;;(23, 9);;(4, 14);1;16071
24;0.75;;(23, 9);;(4, 14);1;16072
24;0.75;;(23, 9);;(4, 14);1;16073
24;0.75;;(23, 9);;(4, 14);1;16074
24;0.75;;(23, 9);;(4, 14);1;16075
24;0.75;;(23, 9);;(4, 14);1;16076
24;0.75;;(23, 9);;(4, 14);1;16077
24;0.75;;(23, 9);;(4, 14);1;16078
24;0.75;;(23, 9);;(4, 14);1;16079
24;0.75;;(23, 9);;(4, 14);1;16080
24;0.75;;(23, 9);;(4, 14);1;16081
24;0.75;;(23, 9);;(4, 14);1;16082
24;0.75;;(23, 9);;(4, 14);1;16083
24;0.75;;(23, 9);;(4, 14);1;16084
24;0.75;;(23, 9);;(4, 14);1;16085
24;0.75;;(23, 9);;(4, 14);1;16086
24;0.75;;(23, 9);;(4, 14);1;16087
24;0.75;;(23, 9);;(4, 14);1;16088
24;0.75;;(23, 9);;(4, 14);1;16089
24;0.75;;(23, 9);;(4, 14);1;16090
24;0.75;;(23, 9);;(4, 14);1;16091
24;0.75;;(23, 9);;(4, 14);1;16092
24;0.75;;(23, 9);;(4, 14);1;16093
24;0.75;;(23, 9);;(4, 14);1;16094
24;0.75;;(23, 9);;(4, 14);1;16095
24;0.75;;(23, 9);;(4, 14);1;16096
24;0.75;;(23, 9);;(4, 14);1;16097
24;0.75;;(23, 9);;(4, 14);1;16098
24;0.75;;(23, 9);;(4, 14);1;16099
24;0.75;;(23, 9);;(4, 14);1;16100
24;0.75;;(23, 9);;(4, 14);1;16101
24;0.75;;(23, 9);;(4, 14);1;16102
24;0.75;;(23, 9);;(4, 14);1;16103
24;0.75;;(23, 9);;(4, 14);1;16104
24;0.75;;(23, 9);;(4, 14);1;16105
24;0.75;;(23, 9);;(4, 14);1;16106
24;0.75;;(23, 9);;(4, 14);1;16107
24;0.75;;(23, 9);;(4, 14);1;16108
24;0.75;;(23, 9);;(4, 14);1;16109
24;0.75;;(23, 9);;(4, 14);1;16110
24;0.75;;(23, 9);;(4, 14);1;16111
24;0.75;;(23, 9);;(4, 14);1;16112
24;0.75;;(23, 9);;(4, 14);1;16113
24;0.75;;(23, 9);;(4, 14);1;16114
24;0.75;;(23, 9);;(4, 14);1;16115
24;0.75;;(23, 9);;(4, 14);1;16116
24;0.75;;(23, 9);;(4, 14);1;16117
24;0.75;;(23, 9);;(4, 14);1;16118
24;0.75;;(23, 9);;(4, 14);1;16119
24;0.75;;(23, 9);;(4, 14);1;16120
24;0.75;;(23, 9);;(4, 14);1;16121
24;0.75;;(23, 9);;(4, 14);1;16122
24;0.75;;(23, 9);;(4, 14);1;16123
24;0.75;;(23, 9);;(4, 14);1;16124
24;0.75;;(23, 9);;(4, 14);1;16125
24;0.75;;(23, 9);;(4, 14);1;16126
24;0.75;;(23, 9);;(4, 14);1;16127
24;0.75;;(23, 9);;(4, 14);1;16128
24;0.75;;(23, 9);;(4, 14);1;16129
24;0.75;;(23, 9);;(4, 14);1;16130
24;0.75;;(23, 9);;(4, 14);1;16131
24;0.75;;(23, 9);;(4, 14);1;16132
24;0.75;;(23, 9);;(4, 14);1;16133
24;0.75;;(23, 9);;(4, 14);1;16134
24;0.75;;(23, 9);;(4, 14);1;16135
24;0.75;;(23, 9);;(4, 14);1;16136
24;0.75;;(23, 9);;(4, 14);1;16137
24;0.75;;(23, 9);;(4, 14);1;16138
24;0.75;;(23, 9);;(4, 14);1;16139
24;0.75;;(23, 9);;(4, 14);1;16140
24;0.75;;(23, 9);;(4, 14);1;16141
24;0.75;;(23, 9);;(4, 14);1;16142
24;0.75;;(23, 9);;(4, 14);1;16143
24;0.75;;(23, 9);;(4, 14);1;16144
24;0.75;;(23, 9);;(4, 14);1;16145
24;0.75;;(23, 9);;(4, 14);1;16146
24;0.75;;(23, 9);;(4, 14);1;16147
24;0.75;;(23, 9);;(4, 14);1;16148
24;0.75;;(23, 9);;(4, 14);1;16149
24;0.75;;(23, 9);;(4, 14);1;16150
24;0.75;;(23, 9);;(4, 14);1;16151
24;0.75;;(23, 9);;(4, 14);1;16152
24;0.75;;(23, 9);;(4, 14);1;16153
24;0.75;;(23, 9);;(4, 14);1;16154
24;0.75;;(23, 9);;(4, 14);1;16155
24;0.75;;(23, 9);;(4, 14);1;16156
24;0.75;;(23, 9);;(4, 14);1;16157
24;0.75;;(23, 9);;(4, 14);1;16158
24;0.75;;(23, 9);;(4, 14);1;16159
24;0.75;;(23, 9);;(4, 14);1;16160
24;0.75;;(23, 9);;(4, 14);1;16161
24;0.75;;(23, 9);;(4, 14);1;16162
24;0.75;;(23, 9);;(4, 14);1;16163
24;0.75;;(23, 9);;(4, 14);1;16164
24;0.75;;(23, 9);;(4, 14);1;16165
24;0.75;;(23, 9);;(4, 14);1;16166
24;0.75;;(23, 9);;(4, 14);1;16167
24;0.75;;(23, 9);;(4, 14);1;16168
24;0.75;;(23, 9);;(4, 14);1;16169
24;0.75;;(23, 9);;(4, 14);1;16170
24;0.75;;(23, 9);;(4, 14);1;16171
24;0.75;;(23, 9);;(4, 14);1;16172
24;0.75;;(23, 9);;(4, 14);1;16173
24;0.75;;(23, 9);;(4, 14);1;16174
24;0.75;;(23, 9);;(4, 14);1;16175
24;0.75;;(23, 9);;(4, 14);1;16176
24;0.75;;(23, 9);;(4, 14);1;16177
24;0.75;;(23, 9);;(4, 14);1;16178
24;0.75;;(23, 9);;(4, 14);1;16179
24;0.75;;(23, 9);;(4, 14);1;16180
24;0.75;;(23, 9);;(4, 14);1;16181
24;0.75;;(23, 9);;(4, 14);1;16182
24;0.75;;(23, 9);;(4, 14);1;16183
24;0.75;;(23, 9);;(4, 14);1;16184
24;0.75;;(23, 9);;(4, 14);1;16185
24;0.75;;(23, 9);;(4, 14);1;16186
24;0.75;;(23, 9);;(4, 14);1;16187
24;0.75;;(23, 9);;(4, 14);1;16188
24;0.75;;(23, 9);;(4, 14);1;16189
24;0.75;;(23, 9);;(4, 14);1;16190
24;0.75;;(23, 9);;(4, 14);1;16191
24;0.75;;(23, 9);;(4, 14);1;16192
24;0.75;;(23, 9);;(4, 14);1;16193
24;0.75;;(23, 9);;(4, 14);1;16194
24;0.75;;(23, 9);;(4, 14);1;16195
24;0.75;;(23, 9);;(4, 14);1;16196
24;0.75;;(23, 9);;(4, 14);1;16197
24;0.75;;(23, 9);;(4, 14);1;16198
24;0.75;;(23, 9);;(4, 14);1;16199
24;0.75;;(23, 9);;(4, 14);1;16200
24;0.75;;(23, 9);;(4, 14);1;16201
24;0.75;;(23, 9);;(4, 14);1;16202
24;0.75;;(23, 9);;(4, 14);1;16203
24;0.75;;(23, 9);;(4, 14);1;16204
24;0.75;;(23, 9);;(4, 14);1;16205
24;0.75;;(23, 9);;(4, 14);1;16206
24;0.75;;(23, 9);;(4, 14);1;16207
24;0.75;;(23, 9);;(4, 14);1;16208
24;0.75;;(23, 9);;(4, 14);1;16209
24;0.75;;(23, 9);;(4, 14);1;16210
24;0.75;;(23, 9);;(4, 14);1;16211
24;0.75;;(23, 9);;(4, 14);1;16212
24;0.75;;(23, 9);;(4, 14);1;16213
24;0.75;;(23, 9);;(4, 14);1;16214
24;0.75;;(23, 9);;(4, 14);1;16215
24;0.75;;(23, 9);;(4, 14);1;16216
24;0.75;;(23, 9);;(4, 14);1;16217
24;0.75;;(23, 9);;(4, 14);1;16218
24;0.75;;(23, 9);;(4, 14);1;16219
24;0.75;;(23, 9);;(4, 14);1;16220
24;0.75;;(23, 9);;(4, 14);1;16221
24;0.75;;(23, 9);;(4, 14);1;16222
24;0.75;;(23, 9);;(4, 14);1;16223
24;0.75;;(23, 9);;(4, 14);1;16224
24;0.75;;(23, 9);;(4, 14);1;16225
24;0.75;;(23, 9);;(4, 14);1;16226
24;0.75;;(23, 9);;(4, 14);1;16227
24;0.75;;(23, 9);;(4, 14);1;16228
24;0.75;;(23, 9);;(4, 14);1;16229
24;0.75;;(23, 9);;(4, 14);1;16230
24;0.75;;(23, 9);;(4, 14);1;16231
24;0.75;;(23, 9);;(4, 14);1;16232
24;0.75;;(23, 9);;(4, 14);1;16233
24;0.75;;(23, 9);;(4, 14);1;16234
24;0.75;;(23, 9);;(4, 14);1;16235
24;0.75;;(23, 9);;(4, 14);1;16236
24;0.75;;(23, 9);;(4, 14);1;16237
24;0.75;;(23, 9);;(4, 14);1;16238
24;0.75;;(23, 9);;(4, 14);1;16239
24;0.75;;(23, 9);;(4, 14);1;16240
24;0.75;;(23, 9);;(4, 14);1;16241
24;0.75;;(23, 9);;(4, 14);1;16242
24;0.75;;(23, 9);;(4, 14);1;16243
24;0.75;;(23, 9);;(4, 14);1;16244
24;0.75;;(23, 9);;(4, 14);1;16245
24;0.75;;(23, 9);;(4, 14);1;16246
24;0.75;;(23, 9);;(4, 14);1;16247
24;0.75;;(23, 9);;(4, 14);1;16248
24;0.75;;(23, 9);;(4, 14);1;16249
24;0.75;;(23, 9);;(4, 14);1;16250
24;0.75;;(23, 9);;(4, 14);1;16251
24;0.75;;(23, 9);;(4, 14);1;16252
24;0.75;;(23, 9);;(4, 14);1;16253
24;0.75;;(23, 9);;(4, 14);1;16254
24;0.75;;(23, 9);;(4, 14);1;16255
24;0.75;;(23, 9);;(4, 14);1;16256
24;0.75;;(23, 9);;(4, 14);1;16257
24;0.75;;(23, 9);;(4, 14);1;16258
24;0.75;;(23, 9);;(4, 14);1;16259
24;0.75;;(23, 9);;(4, 14);1;16260
24;0.75;;(23, 9);;(4, 14);1;16261
24;0.75;;(23, 9);;(4, 14);1;16262
24;0.75;;(23, 9);;(4, 14);1;16263
24;0.75;;(23, 9);;(4, 14);1;16264
24;0.75;;(23, 9);;(4, 14);1;16265
24;0.75;;(23, 9);;(4, 14);1;16266
24;0.75;;(23, 9);;(4, 14);1;16267
24;0.75;;(23, 9);;(4, 14);1;16268
24;0.75;;(23, 9);;(4, 14);1;16269
24;0.75;;(23, 9);;(4, 14);1;16270
24;0.75;;(23, 9);;(4, 14);1;16271
24;0.75;;(23, 9);;(4, 14);1;16272
24;0.75;;(23, 9);;(4, 14);1;16273
24;0.75;;(23, 9);;(4, 14);1;16274
24;0.75;;(23, 9);;(4, 14);1;16275
24;0.75;;(23, 9);;(4, 14);1;16276
24;0.75;;(23, 9);;(4, 14);1;16277
24;0.75;;(23, 9);;(4, 14);1;16278
24;0.75;;(23, 9);;(4, 14);1;16279
24;0.75;;(23, 9);;(4, 14);1;16280
24;0.75;;(23, 9);;(4, 14);1;16281
24;0.75;;(23, 9);;(4, 14);1;16282
24;0.75;;(23, 9);;(4, 14);1;16283
24;0.75;;(23, 9);;(4, 14);1;16284
24;0.75;;(23, 9);;(4, 14);1;16285
24;0.75;;(23, 9);;(4, 14);1;16286
24;0.75;;(23, 9);;(4, 14);1;16287
24;0.75;;(23, 9);;(4, 14);1;16288
24;0.75;;(23, 9);;(4, 14);1;16289
24;0.75;;(23, 9);;(4, 14);1;16290
24;0.75;;(23, 9);;(4, 14);1;16291
24;0.75;;(23, 9);;(4, 14);1;16292
24;0.75;;(23, 9);;(4, 14);1;16293
24;0.75;;(23, 9);;(4, 14);1;16294
24;0.75;;(23, 9);;(4, 14);1;16295
24;0.75;;(23, 9);;(4, 14);1;16296
24;0.75;;(23, 9);;(4, 14);1;16297
24;0.75;;(23, 9);;(4, 14);1;16298
24;0.75;;(23, 9);;(4, 14);1;16299
24;0.75;;(23, 9);;(4, 14);1;16300
24;0.75;;(23, 9);;(4, 14);1;16301
24;0.75;;(23, 9);;(4, 14);1;16302
24;0.75;;(23, 9);;(4, 14);1;16303
24;0.75;;(23, 9);;(4, 14);1;16304
24;0.75;;(23, 9);;(4, 14);1;16305
24;0.75;;(23, 9);;(4, 14);1;16306
24;0.75;;(23, 9);;(4, 14);1;16307
24;0.75;;(23, 9);;(4, 14);1;16308
24;0.75;;(23, 9);;(4, 14);1;16309
24;0.75;;(23, 9);;(4, 14);1;16310
24;0.75;;(23, 9);;(4, 14);1;16311
24;0.75;;(23, 9);;(4, 14);1;16312
24;0.75;;(23, 9);;(4, 14);1;16313
24;0.75;;(23, 9);;(4, 14);1;16314
24;0.75;;(23, 9);;(4, 14);1;16315
24;0.75;;(23, 9);;(4, 14);1;16316
24;0.75;;(23, 9);;(4, 14);1;16317
24;0.75;;(23, 9);;(4, 14);1;16318
24;0.75;;(23, 9);;(4, 14);1;16319
24;0.75;;(23, 9);;(4, 14);1;16320
24;0.75;;(23, 9);;(4, 14);1;16321
24;0.75;;(23, 9);;(4, 14);1;16322
24;0.75;;(23, 9);;(4, 14);1;16323
24;0.75;;(23, 9);;(4, 14);1;16324
24;0.75;;(23, 9);;(4, 14);1;16325
24;0.75;;(23, 9);;(4, 14);1;16326
24;0.75;;(23, 9);;(4, 14);1;16327
24;0.75;;(23, 9);;(4, 14);1;16328
24;0.75;;(23, 9);;(4, 14);1;16329
24;0.75;;(23, 9);;(4, 14);1;16330
24;0.75;;(23, 9);;(4, 14);1;16331
24;0.75;;(23, 9);;(4, 14);1;16332
24;0.75;;(23, 9);;(4, 14);1;16333
24;0.75;;(23, 9);;(4, 14);1;16334
24;0.75;;(23, 9);;(4, 14);1;16335
24;0.75;;(23, 9);;(4, 14);1;16336
24;0.75;;(23, 9);;(4, 14);1;16337
24;0.75;;(23, 9);;(4, 14);1;16338
24;0.75;;(23, 9);;(4, 14);1;16339
24;0.75;;(23, 9);;(4, 14);1;16340
24;0.75;;(23, 9);;(4, 14);1;16341
24;0.75;;(23, 9);;(4, 14);1;16342
24;0.75;;(23, 9);;(4, 14);1;16343
24;0.75;;(23, 9);;(4, 14);1;16344
24;0.75;;(23, 9);;(4, 14);1;16345
24;0.75;;(23, 9);;(4, 14);1;16346
24;0.75;;(23, 9);;(4, 14);1;16347
24;0.75;;(23, 9);;(4, 14);1;16348
24;0.75;;(23, 9);;(4, 14);1;16349
24;0.75;;(23, 9);;(4, 14);1;16350
24;0.75;;(23, 9);;(4, 14);1;16351
24;0.75;;(23, 9);;(4, 14);1;16352
24;0.75;;(23, 9);;(4, 14);1;16353
24;0.75;;(23, 9);;(4, 14);1;16354
24;0.75;;(23, 9);;(4, 14);1;16355
24;0.75;;(23, 9);;(4, 14);1;16356
24;0.75;;(23, 9);;(4, 14);1;16357
24;0.75;;(23, 9);;(4, 14);1;16358
24;0.75;;(23, 9);;(4, 14);1;16359
24;0.75;;(23, 9);;(4, 14);1;16360
24;0.75;;(23, 9);;(4, 14);1;16361
24;0.75;;(23, 9);;(4, 14);1;16362
24;0.75;;(23, 9);;(4, 14);1;16363
24;0.75;;(23, 9);;(4, 14);1;16364
24;0.75;;(23, 9);;(4, 14);1;16365
24;0.75;;(23, 9);;(4, 14);1;16366
24;0.75;;(23, 9);;(4, 14);1;16367
24;0.75;;(23, 9);;(4, 14);1;16368
24;0.75;;(23, 9);;(4, 14);1;16369
24;0.75;;(23, 9);;(4, 14);1;16370
24;0.75;;(23, 9);;(4, 14);1;16371
24;0.75;;(23, 9);;(4, 14);1;16372
24;0.75;;(23, 9);;(4, 14);1;16373
24;0.75;;(23, 9);;(4, 14);1;16374
24;0.75;;(23, 9);;(4, 14);1;16375
24;0.75;;(23, 9);;(4, 14);1;16376
24;0.75;;(23, 9);;(4, 14);1;16377
24;0.75;;(23, 9);;(4, 14);1;16378
24;0.75;;(23, 9);;(4, 14);1;16379
24;0.75;;(23, 9);;(4, 14);1;16380
24;0.75;;(23, 9);;(4, 14);1;16381
24;0.75;;(23, 9);;(4, 14);1;16382
24;0.75;;(23, 9);;(4, 14);1;16383
24;0.75;;(23, 9);;(4, 14);1;16384
24;0.75;;(23, 9);;(4, 14);1;16385
24;0.75;;(23, 9);;(4, 14);1;16386
24;0.75;;(23, 9);;(4, 14);1;16387
24;0.75;;(23, 9);;(4, 14);1;16388
24;0.75;;(23, 9);;(4, 14);1;16389
24;0.75;;(23, 9);;(4, 14);1;16390
24;0.75;;(23, 9);;(4, 14);1;16391
24;0.75;;(23, 9);;(4, 14);1;16392
24;0.75;;(23, 9);;(4, 14);1;16393
24;0.75;;(23, 9);;(4, 14);1;16394
24;0.75;;(23, 9);;(4, 14);1;16395
24;0.75;;(23, 9);;(4, 14);1;16396
24;0.75;;(23, 9);;(4, 14);1;16397
24;0.75;;(23, 9);;(4, 14);1;16398
24;0.75;;(23, 9);;(4, 14);1;16399
24;0.75;;(23, 9);;(4, 14);1;16400
24;0.75;;(23, 9);;(4, 14);1;16401
24;0.75;;(23, 9);;(4, 14);1;16402
24;0.75;;(23, 9);;(4, 14);1;16403
24;0.75;;(23, 9);;(4, 14);1;16404
24;0.75;;(23, 9);;(4, 14);1;16405
24;0.75;;(23, 9);;(4, 14);1;16406
24;0.75;;(23, 9);;(4, 14);1;16407
24;0.75;;(23, 9);;(4, 14);1;16408
24;0.75;;(23, 9);;(4, 14);1;16409
24;0.75;;(23, 9);;(4, 14);1;16410
24;0.75;;(23, 9);;(4, 14);1;16411
24;0.75;;(23, 9);;(4, 14);1;16412
24;0.75;;(23, 9);;(4, 14);1;16413
24;0.75;;(23, 9);;(4, 14);1;16414
24;0.75;;(23, 9);;(4, 14);1;16415
24;0.75;;(23, 9);;(4, 14);1;16416
24;0.75;;(23, 9);;(4, 14);1;16417
24;0.75;;(23, 9);;(4, 14);1;16418
24;0.75;;(23, 9);;(4, 14);1;16419
24;0.75;;(23, 9);;(4, 14);1;16420
24;0.75;;(23, 9);;(4, 14);1;16421
24;0.75;;(23, 9);;(4, 14);1;16422
24;0.75;;(23, 9);;(4, 14);1;16423
24;0.75;;(23, 9);;(4, 14);1;16424
24;0.75;;(23, 9);;(4, 14);1;16425
24;0.75;;(23, 9);;(4, 14);1;16426
24;0.75;;(23, 9);;(4, 14);1;16427
24;0.75;;(23, 9);;(4, 14);1;16428
24;0.75;;(23, 9);;(4, 14);1;16429
24;0.75;;(23, 9);;(4, 14);1;16430
24;0.75;;(23, 9);;(4, 14);1;16431
24;0.75;;(23, 9);;(4, 14);1;16432
24;0.75;;(23, 9);;(4, 14);1;16433
24;0.75;;(23, 9);;(4, 14);1;16434
24;0.75;;(23, 9);;(4, 14);1;16435
24;0.75;;(23, 9);;(4, 14);1;16436
24;0.75;;(23, 9);;(4, 14);1;16437
24;0.75;;(23, 9);;(4, 14);1;16438
24;0.75;;(23, 9);;(4, 14);1;16439
24;0.75;;(23, 9);;(4, 14);1;16440
24;0.75;;(23, 9);;(4, 14);1;16441
24;0.75;;(23, 9);;(4, 14);1;16442
24;0.75;;(23, 9);;(4, 14);1;16443
24;0.75;;(23, 9);;(4, 14);1;16444
24;0.75;;(23, 9);;(4, 14);1;16445
24;0.75;;(23, 9);;(4, 14);1;16446
24;0.75;;(23, 9);;(4, 14);1;16447
24;0.75;;(23, 9);;(4, 14);1;16448
24;0.75;;(23, 9);;(4, 14);1;16449
24;0.75;;(23, 9);;(4, 14);1;16450
24;0.75;;(23, 9);;(4, 14);1;16451
24;0.75;;(23, 9);;(4, 14);1;16452
24;0.75;;(23, 9);;(4, 14);1;16453
24;0.75;;(23, 9);;(4, 14);1;16454
24;0.75;;(23, 9);;(4, 14);1;16455
24;0.75;;(23, 9);;(4, 14);1;16456
24;0.75;;(23, 9);;(4, 14);1;16457
24;0.75;;(23, 9);;(4, 14);1;16458
24;0.75;;(23, 9);;(4, 14);1;16459
24;0.75;;(23, 9);;(4, 14);1;16460
24;0.75;;(23, 9);;(4, 14);1;16461
24;0.75;;(23, 9);;(4, 14);1;16462
24;0.75;;(23, 9);;(4, 14);1;16463
24;0.75;;(23, 9);;(4, 14);1;16464
24;0.75;;(23, 9);;(4, 14);1;16465
24;0.75;;(23, 9);;(4, 14);1;16466
24;0.75;;(23, 9);;(4, 14);1;16467
24;0.75;;(23, 9);;(4, 14);1;16468
24;0.75;;(23, 9);;(4, 14);1;16469
24;0.75;;(23, 9);;(4, 14);1;16470
24;0.75;;(23, 9);;(4, 14);1;16471
24;0.75;;(23, 9);;(4, 14);1;16472
24;0.75;;(23, 9);;(4, 14);1;16473
24;0.75;;(23, 9);;(4, 14);1;16474
24;0.75;;(23, 9);;(4, 14);1;16475
24;0.75;;(23, 9);;(4, 14);1;16476
24;0.75;;(23, 9);;(4, 14);1;16477
24;0.75;;(23, 9);;(4, 14);1;16478
24;0.75;;(23, 9);;(4, 14);1;16479
24;0.75;;(23, 9);;(4, 14);1;16480
24;0.75;;(23, 9);;(4, 14);1;16481
24;0.75;;(23, 9);;(4, 14);1;16482
24;0.75;;(23, 9);;(4, 14);1;16483
24;0.75;;(23, 9);;(4, 14);1;16484
24;0.75;;(23, 9);;(4, 14);1;16485
24;0.75;;(23, 9);;(4, 14);1;16486
24;0.75;;(23, 9);;(4, 14);1;16487
24;0.75;;(23, 9);;(4, 14);1;16488
24;0.75;;(23, 9);;(4, 14);1;16489
24;0.75;;(23, 9);;(4, 14);1;16490
24;0.75;;(23, 9);;(4, 14);1;16491
24;0.75;;(23, 9);;(4, 14);1;16492
24;0.75;;(23, 9);;(4, 14);1;16493
24;0.75;;(23, 9);;(4, 14);1;16494
24;0.75;;(23, 9);;(4, 14);1;16495
24;0.75;;(23, 9);;(4, 14);1;16496
24;0.75;;(23, 9);;(4, 14);1;16497
24;0.75;;(23, 9);;(4, 14);1;16498
24;0.75;;(23, 9);;(4, 14);1;16499
24;0.75;;(23, 9);;(4, 14);1;16500
24;0.75;;(23, 9);;(4, 14);1;16501
24;0.75;;(23, 9);;(4, 14);1;16502
24;0.75;;(23, 9);;(4, 14);1;16503
24;0.75;;(23, 9);;(4, 14);1;16504
24;0.75;;(23, 9);;(4, 14);1;16505
24;0.75;;(23, 9);;(4, 14);1;16506
24;0.75;;(23, 9);;(4, 14);1;16507
24;0.75;;(23, 9);;(4, 14);1;16508
24;0.75;;(23, 9);;(4, 14);1;16509
24;0.75;;(23, 9);;(4, 14);1;16510
24;0.75;;(23, 9);;(4, 14);1;16511
24;0.75;;(23, 9);;(4, 14);1;16512
24;0.75;;(23, 9);;(4, 14);1;16513
24;0.75;;(23, 9);;(4, 14);1;16514
24;0.75;;(23, 9);;(4, 14);1;16515
24;0.75;;(23, 9);;(4, 14);1;16516
24;0.75;;(23, 9);;(4, 14);1;16517
24;0.75;;(23, 9);;(4, 14);1;16518
24;0.75;;(23, 9);;(4, 14);1;16519
24;0.75;;(23, 9);;(4, 14);1;16520
24;0.75;;(23, 9);;(4, 14);1;16521
24;0.75;;(23, 9);;(4, 14);1;16522
24;0.75;;(23, 9);;(4, 14);1;16523
24;0.75;;(23, 9);;(4, 14);1;16524
24;0.75;;(23, 9);;(4, 14);1;16525
24;0.75;;(23, 9);;(4, 14);1;16526
24;0.75;;(23, 9);;(4, 14);1;16527
24;0.75;;(23, 9);;(4, 14);1;16528
24;0.75;;(23, 9);;(4, 14);1;16529
24;0.75;;(23, 9);;(4, 14);1;16530
24;0.75;;(23, 9);;(4, 14);1;16531
24;0.75;;(23, 9);;(4, 14);1;16532
24;0.75;;(23, 9);;(4, 14);1;16533
24;0.75;;(23, 9);;(4, 14);1;16534
24;0.75;;(23, 9);;(4, 14);1;16535
24;0.75;;(23, 9);;(4, 14);1;16536
24;0.75;;(23, 9);;(4, 14);1;16537
24;0.75;;(23, 9);;(4, 14);1;16538
24;0.75;;(23, 9);;(4, 14);1;16539
24;0.75;;(23, 9);;(4, 14);1;16540
24;0.75;;(23, 9);;(4, 14);1;16541
24;0.75;;(23, 9);;(4, 14);1;16542
24;0.75;;(23, 9);;(4, 14);1;16543
24;0.75;;(23, 9);;(4, 14);1;16544
24;0.75;;(23, 9);;(4, 14);1;16545
24;0.75;;(23, 9);;(4, 14);1;16546
24;0.75;;(23, 9);;(4, 14);1;16547
24;0.75;;(23, 9);;(4, 14);1;16548
24;0.75;;(23, 9);;(4, 14);1;16549
24;0.75;;(23, 9);;(4, 14);1;16550
24;0.75;;(23, 9);;(4, 14);1;16551
24;0.75;;(23, 9);;(4, 14);1;16552
24;0.75;;(23, 9);;(4, 14);1;16553
24;0.75;;(23, 9);;(4, 14);1;16554
24;0.75;;(23, 9);;(4, 14);1;16555
24;0.75;;(23, 9);;(4, 14);1;16556
24;0.75;;(23, 9);;(4, 14);1;16557
24;0.75;;(23, 9);;(4, 14);1;16558
24;0.75;;(23, 9);;(4, 14);1;16559
24;0.75;;(23, 9);;(4, 14);1;16560
24;0.75;;(23, 9);;(4, 14);1;16561
24;0.75;;(23, 9);;(4, 14);1;16562
24;0.75;;(23, 9);;(4, 14);1;16563
24;0.75;;(23, 9);;(4, 14);1;16564
24;0.75;;(23, 9);;(4, 14);1;16565
24;0.75;;(23, 9);;(4, 14);1;16566
24;0.75;;(23, 9);;(4, 14);1;16567
24;0.75;;(23, 9);;(4, 14);1;16568
24;0.75;;(23, 9);;(4, 14);1;16569
24;0.75;;(23, 9);;(4, 14);1;16570
24;0.75;;(23, 9);;(4, 14);1;16571
24;0.75;;(23, 9);;(4, 14);1;16572
24;0.75;;(23, 9);;(4, 14);1;16573
24;0.75;;(23, 9);;(4, 14);1;16574
24;0.75;;(23, 9);;(4, 14);1;16575
24;0.75;;(23, 9);;(4, 14);1;16576
24;0.75;;(23, 9);;(4, 14);1;16577
24;0.75;;(23, 9);;(4, 14);1;16578
24;0.75;;(23, 9);;(4, 14);1;16579
24;0.75;;(23, 9);;(4, 14);1;16580
24;0.75;;(23, 9);;(4, 14);1;16581
24;0.75;;(23, 9);;(4, 14);1;16582
24;0.75;;(23, 9);;(4, 14);1;16583
24;0.75;;(23, 9);;(4, 14);1;16584
24;0.75;;(23, 9);;(4, 14);1;16585
24;0.75;;(23, 9);;(4, 14);1;16586
24;0.75;;(23, 9);;(4, 14);1;16587
24;0.75;;(23, 9);;(4, 14);1;16588
24;0.75;;(23, 9);;(4, 14);1;16589
24;0.75;;(23, 9);;(4, 14);1;16590
24;0.75;;(23, 9);;(4, 14);1;16591
24;0.75;;(23, 9);;(4, 14);1;16592
24;0.75;;(23, 9);;(4, 14);1;16593
24;0.75;;(23, 9);;(4, 14);1;16594
24;0.75;;(23, 9);;(4, 14);1;16595
24;0.75;;(23, 9);;(4, 14);1;16596
24;0.75;;(23, 9);;(4, 14);1;16597
24;0.75;;(23, 9);;(4, 14);1;16598
24;0.75;;(23, 9);;(4, 14);1;16599
24;0.75;;(23, 9);;(4, 14);1;16600
24;0.75;;(23, 9);;(4, 14);1;16601
24;0.75;;(23, 9);;(4, 14);1;16602
24;0.75;;(23, 9);;(4, 14);1;16603
24;0.75;;(23, 9);;(4, 14);1;16604
24;0.75;;(23, 9);;(4, 14);1;16605
24;0.75;;(23, 9);;(4, 14);1;16606
24;0.75;;(23, 9);;(4, 14);1;16607
24;0.75;;(23, 9);;(4, 14);1;16608
24;0.75;;(23, 9);;(4, 14);1;16609
24;0.75;;(23, 9);;(4, 14);1;16610
24;0.75;;(23, 9);;(4, 14);1;16611
24;0.75;;(23, 9);;(4, 14);1;16612
24;0.75;;(23, 9);;(4, 14);1;16613
24;0.75;;(23, 9);;(4, 14);1;16614
24;0.75;;(23, 9);;(4, 14);1;16615
24;0.75;;(23, 9);;(4, 14);1;16616
24;0.75;;(23, 9);;(4, 14);1;16617
24;0.75;;(23, 9);;(4, 14);1;16618
24;0.75;;(23, 9);;(4, 14);1;16619
24;0.75;;(23, 9);;(4, 14);1;16620
24;0.75;;(23, 9);;(4, 14);1;16621
24;0.75;;(23, 9);;(4, 14);1;16622
24;0.75;;(23, 9);;(4, 14);1;16623
24;0.75;;(23, 9);;(4, 14);1;16624
24;0.75;;(23, 9);;(4, 14);1;16625
24;0.75;;(23, 9);;(4, 14);1;16626
24;0.75;;(23, 9);;(4, 14);1;16627
24;0.75;;(23, 9);;(4, 14);1;16628
24;0.75;;(23, 9);;(4, 14);1;16629
24;0.75;;(23, 9);;(4, 14);1;16630
24;0.75;;(23, 9);;(4, 14);1;16631
24;0.75;;(23, 9);;(4, 14);1;16632
24;0.75;;(23, 9);;(4, 14);1;16633
24;0.75;;(23, 9);;(4, 14);1;16634
24;0.75;;(23, 9);;(4, 14);1;16635
24;0.75;;(23, 9);;(4, 14);1;16636
24;0.75;;(23, 9);;(4, 14);1;16637
24;0.75;;(23, 9);;(4, 14);1;16638
24;0.75;;(23, 9);;(4, 14);1;16639
24;0.75;;(23, 9);;(4, 14);1;16640
24;0.75;;(23, 9);;(4, 14);1;16641
24;0.75;;(23, 9);;(4, 14);1;16642
24;0.75;;(23, 9);;(4, 14);1;16643
24;0.75;;(23, 9);;(4, 14);1;16644
24;0.75;;(23, 9);;(4, 14);1;16645
24;0.75;;(23, 9);;(4, 14);1;16646
24;0.75;;(23, 9);;(4, 14);1;16647
24;0.75;;(23, 9);;(4, 14);1;16648
24;0.75;;(23, 9);;(4, 14);1;16649
24;0.75;;(23, 9);;(4, 14);1;16650
24;0.75;;(23, 9);;(4, 14);1;16651
24;0.75;;(23, 9);;(4, 14);1;16652
24;0.75;;(23, 9);;(4, 14);1;16653
24;0.75;;(23, 9);;(4, 14);1;16654
24;0.75;;(23, 9);;(4, 14);1;16655
24;0.75;;(23, 9);;(4, 14);1;16656
24;0.75;;(23, 9);;(4, 14);1;16657
24;0.75;;(23, 9);;(4, 14);1;16658
24;0.75;;(23, 9);;(4, 14);1;16659
24;0.75;;(23, 9);;(4, 14);1;16660
24;0.75;;(23, 9);;(4, 14);1;16661
24;0.75;;(23, 9);;(4, 14);1;16662
24;0.75;;(23, 9);;(4, 14);1;16663
24;0.75;;(23, 9);;(4, 14);1;16664
24;0.75;;(23, 9);;(4, 14);1;16665
24;0.75;;(23, 9);;(4, 14);1;16666
24;0.75;;(23, 9);;(4, 14);1;16667
24;0.75;;(23, 9);;(4, 14);1;16668
24;0.75;;(23, 9);;(4, 14);1;16669
24;0.75;;(23, 9);;(4, 14);1;16670
24;0.75;;(23, 9);;(4, 14);1;16671
24;0.75;;(23, 9);;(4, 14);1;16672
24;0.75;;(23, 9);;(4, 14);1;16673
24;0.75;;(23, 9);;(4, 14);1;16674
24;0.75;;(23, 9);;(4, 14);1;16675
24;0.75;;(23, 9);;(4, 14);1;16676
24;0.75;;(23, 9);;(4, 14);1;16677
24;0.75;;(23, 9);;(4, 14);1;16678
24;0.75;;(23, 9);;(4, 14);1;16679
24;0.75;;(23, 9);;(4, 14);1;16680
24;0.75;;(23, 9);;(4, 14);1;16681
24;0.75;;(23, 9);;(4, 14);1;16682
24;0.75;;(23, 9);;(4, 14);1;16683
24;0.75;;(23, 9);;(4, 14);1;16684
24;0.75;;(23, 9);;(4, 14);1;16685
24;0.75;;(23, 9);;(4, 14);1;16686
24;0.75;;(23, 9);;(4, 14);1;16687
24;0.75;;(23, 9);;(4, 14);1;16688
24;0.75;;(23, 9);;(4, 14);1;16689
24;0.75;;(23, 9);;(4, 14);1;16690
24;0.75;;(23, 9);;(4, 14);1;16691
24;0.75;;(23, 9);;(4, 14);1;16692
24;0.75;;(23, 9);;(4, 14);1;16693
24;0.75;;(23, 9);;(4, 14);1;16694
24;0.75;;(23, 9);;(4, 14);1;16695
24;0.75;;(23, 9);;(4, 14);1;16696
24;0.75;;(23, 9);;(4, 14);1;16697
24;0.75;;(23, 9);;(4, 14);1;16698
24;0.75;;(23, 9);;(4, 14);1;16699
24;0.75;;(23, 9);;(4, 14);1;16700
24;0.75;;(23, 9);;(4, 14);1;16701
24;0.75;;(23, 9);;(4, 14);1;16702
24;0.75;;(23, 9);;(4, 14);1;16703
24;0.75;;(23, 9);;(4, 14);1;16704
24;0.75;;(23, 9);;(4, 14);1;16705
24;0.75;;(23, 9);;(4, 14);1;16706
24;0.75;;(23, 9);;(4, 14);1;16707
24;0.75;;(23, 9);;(4, 14);1;16708
24;0.75;;(23, 9);;(4, 14);1;16709
24;0.75;;(23, 9);;(4, 14);1;16710
24;0.75;;(23, 9);;(4, 14);1;16711
24;0.75;;(23, 9);;(4, 14);1;16712
24;0.75;;(23, 9);;(4, 14);1;16713
24;0.75;;(23, 9);;(4, 14);1;16714
24;0.75;;(23, 9);;(4, 14);1;16715
24;0.75;;(23, 9);;(4, 14);1;16716
24;0.75;;(23, 9);;(4, 14);1;16717
24;0.75;;(23, 9);;(4, 14);1;16718
24;0.75;;(23, 9);;(4, 14);1;16719
24;0.75;;(23, 9);;(4, 14);1;16720
24;0.75;;(23, 9);;(4, 14);1;16721
24;0.75;;(23, 9);;(4, 14);1;16722
24;0.75;;(23, 9);;(4, 14);1;16723
24;0.75;;(23, 9);;(4, 14);1;16724
24;0.75;;(23, 9);;(4, 14);1;16725
24;0.75;;(23, 9);;(4, 14);1;16726
24;0.75;;(23, 9);;(4, 14);1;16727
24;0.75;;(23, 9);;(4, 14);1;16728
24;0.75;;(23, 9);;(4, 14);1;16729
24;0.75;;(23, 9);;(4, 14);1;16730
24;0.75;;(23, 9);;(4, 14);1;16731
24;0.75;;(23, 9);;(4, 14);1;16732
24;0.75;;(23, 9);;(4, 14);1;16733
24;0.75;;(23, 9);;(4, 14);1;16734
24;0.75;;(23, 9);;(4, 14);1;16735
24;0.75;;(23, 9);;(4, 14);1;16736
24;0.75;;(23, 9);;(4, 14);1;16737
24;0.75;;(23, 9);;(4, 14);1;16738
24;0.75;;(23, 9);;(4, 14);1;16739
24;0.75;;(23, 9);;(4, 14);1;16740
24;0.75;;(23, 9);;(4, 14);1;16741
24;0.75;;(23, 9);;(4, 14);1;16742
24;0.75;;(23, 9);;(4, 14);1;16743
24;0.75;;(23, 9);;(4, 14);1;16744
24;0.75;;(23, 9);;(4, 14);1;16745
24;0.75;;(23, 9);;(4, 14);1;16746
24;0.75;;(23, 9);;(4, 14);1;16747
24;0.75;;(23, 9);;(4, 14);1;16748
24;0.75;;(23, 9);;(4, 14);1;16749
24;0.75;;(23, 9);;(4, 14);1;16750
24;0.75;;(23, 9);;(4, 14);1;16751
24;0.75;;(23, 9);;(4, 14);1;16752
24;0.75;;(23, 9);;(4, 14);1;16753
24;0.75;;(23, 9);;(4, 14);1;16754
24;0.75;;(23, 9);;(4, 14);1;16755
24;0.75;;(23, 9);;(4, 14);1;16756
24;0.75;;(23, 9);;(4, 14);1;16757
24;0.75;;(23, 9);;(4, 14);1;16758
24;0.75;;(23, 9);;(4, 14);1;16759
24;0.75;;(23, 9);;(4, 14);1;16760
24;0.75;;(23, 9);;(4, 14);1;16761
24;0.75;;(23, 9);;(4, 14);1;16762
24;0.75;;(23, 9);;(4, 14);1;16763
24;0.75;;(23, 9);;(4, 14);1;16764
24;0.75;;(23, 9);;(4, 14);1;16765
24;0.75;;(23, 9);;(4, 14);1;16766
24;0.75;;(23, 9);;(4, 14);1;16767
24;0.75;;(23, 9);;(4, 14);1;16768
24;0.75;;(23, 9);;(4, 14);1;16769
24;0.75;;(23, 9);;(4, 14);1;16770
24;0.75;;(23, 9);;(4, 14);1;16771
24;0.75;;(23, 9);;(4, 14);1;16772
24;0.75;;(23, 9);;(4, 14);1;16773
24;0.75;;(23, 9);;(4, 14);1;16774
24;0.75;;(23, 9);;(4, 14);1;16775
24;0.75;;(23, 9);;(4, 14);1;16776
24;0.75;;(23, 9);;(4, 14);1;16777
24;0.75;;(23, 9);;(4, 14);1;16778
24;0.75;;(23, 9);;(4, 14);1;16779
24;0.75;;(23, 9);;(4, 14);1;16780
24;0.75;;(23, 9);;(4, 14);1;16781
24;0.75;;(23, 9);;(4, 14);1;16782
24;0.75;;(23, 9);;(4, 14);1;16783
24;0.75;;(23, 9);;(4, 14);1;16784
24;0.75;;(23, 9);;(4, 14);1;16785
24;0.75;;(23, 9);;(4, 14);1;16786
24;0.75;;(23, 9);;(4, 14);1;16787
24;0.75;;(23, 9);;(4, 14);1;16788
24;0.75;;(23, 9);;(4, 14);1;16789
24;0.75;;(23, 9);;(4, 14);1;16790
24;0.75;;(23, 9);;(4, 14);1;16791
24;0.75;;(23, 9);;(4, 14);1;16792
24;0.75;;(23, 9);;(4, 14);1;16793
24;0.75;;(23, 9);;(4, 14);1;16794
24;0.75;;(23, 9);;(4, 14);1;16795
24;0.75;;(23, 9);;(4, 14);1;16796
24;0.75;;(23, 9);;(4, 14);1;16797
24;0.75;;(23, 9);;(4, 14);1;16798
24;0.75;;(23, 9);;(4, 14);1;16799
24;0.75;;(23, 9);;(4, 14);1;16800
24;0.75;;(23, 9);;(4, 14);1;16801
24;0.75;;(23, 9);;(4, 14);1;16802
24;0.75;;(23, 9);;(4, 14);1;16803
24;0.75;;(23, 9);;(4, 14);1;16804
24;0.75;;(23, 9);;(4, 14);1;16805
24;0.75;;(23, 9);;(4, 14);1;16806
24;0.75;;(23, 9);;(4, 14);1;16807
24;0.75;;(23, 9);;(4, 14);1;16808
24;0.75;;(23, 9);;(4, 14);1;16809
24;0.75;;(23, 9);;(4, 14);1;16810
24;0.75;;(23, 9);;(4, 14);1;16811
24;0.75;;(23, 9);;(4, 14);1;16812
24;0.75;;(23, 9);;(4, 14);1;16813
24;0.75;;(23, 9);;(4, 14);1;16814
24;0.75;;(23, 9);;(4, 14);1;16815
24;0.75;;(23, 9);;(4, 14);1;16816
24;0.75;;(23, 9);;(4, 14);1;16817
24;0.75;;(23, 9);;(4, 14);1;16818
24;0.75;;(23, 9);;(4, 14);1;16819
24;0.75;;(23, 9);;(4, 14);1;16820
24;0.75;;(23, 9);;(4, 14);1;16821
24;0.75;;(23, 9);;(4, 14);1;16822
24;0.75;;(23, 9);;(4, 14);1;16823
24;0.75;;(23, 9);;(4, 14);1;16824
24;0.75;;(23, 9);;(4, 14);1;16825
24;0.75;;(23, 9);;(4, 14);1;16826
24;0.75;;(23, 9);;(4, 14);1;16827
24;0.75;;(23, 9);;(4, 14);1;16828
24;0.75;;(23, 9);;(4, 14);1;16829
24;0.75;;(23, 9);;(4, 14);1;16830
24;0.75;;(23, 9);;(4, 14);1;16831
24;0.75;;(23, 9);;(4, 14);1;16832
24;0.75;;(23, 9);;(4, 14);1;16833
24;0.75;;(23, 9);;(4, 14);1;16834
24;0.75;;(23, 9);;(4, 14);1;16835
24;0.75;;(23, 9);;(4, 14);1;16836
24;0.75;;(23, 9);;(4, 14);1;16837
24;0.75;;(23, 9);;(4, 14);1;16838
24;0.75;;(23, 9);;(4, 14);1;16839
24;0.75;;(23, 9);;(4, 14);1;16840
24;0.75;;(23, 9);;(4, 14);1;16841
24;0.75;;(23, 9);;(4, 14);1;16842
24;0.75;;(23, 9);;(4, 14);1;16843
24;0.75;;(23, 9);;(4, 14);1;16844
24;0.75;;(23, 9);;(4, 14);1;16845
24;0.75;;(23, 9);;(4, 14);1;16846
24;0.75;;(23, 9);;(4, 14);1;16847
24;0.75;;(23, 9);;(4, 14);1;16848
24;0.75;;(23, 9);;(4, 14);1;16849
24;0.75;;(23, 9);;(4, 14);1;16850
24;0.75;;(23, 9);;(4, 14);1;16851
24;0.75;;(23, 9);;(4, 14);1;16852
24;0.75;;(23, 9);;(4, 14);1;16853
24;0.75;;(23, 9);;(4, 14);1;16854
24;0.75;;(23, 9);;(4, 14);1;16855
24;0.75;;(23, 9);;(4, 14);1;16856
24;0.75;;(23, 9);;(4, 14);1;16857
24;0.75;;(23, 9);;(4, 14);1;16858
24;0.75;;(23, 9);;(4, 14);1;16859
24;0.75;;(23, 9);;(4, 14);1;16860
24;0.75;;(23, 9);;(4, 14);1;16861
24;0.75;;(23, 9);;(4, 14);1;16862
24;0.75;;(23, 9);;(4, 14);1;16863
24;0.75;;(23, 9);;(4, 14);1;16864
24;0.75;;(23, 9);;(4, 14);1;16865
24;0.75;;(23, 9);;(4, 14);1;16866
24;0.75;;(23, 9);;(4, 14);1;16867
24;0.75;;(23, 9);;(4, 14);1;16868
24;0.75;;(23, 9);;(4, 14);1;16869
24;0.75;;(23, 9);;(4, 14);1;16870
24;0.75;;(23, 9);;(4, 14);1;16871
24;0.75;;(23, 9);;(4, 14);1;16872
24;0.75;;(23, 9);;(4, 14);1;16873
24;0.75;;(23, 9);;(4, 14);1;16874
24;0.75;;(23, 9);;(4, 14);1;16875
24;0.75;;(23, 9);;(4, 14);1;16876
24;0.75;;(23, 9);;(4, 14);1;16877
24;0.75;;(23, 9);;(4, 14);1;16878
24;0.75;;(23, 9);;(4, 14);1;16879
24;0.75;;(23, 9);;(4, 14);1;16880
24;0.75;;(23, 9);;(4, 14);1;16881
24;0.75;;(23, 9);;(4, 14);1;16882
24;0.75;;(23, 9);;(4, 14);1;16883
24;0.75;;(23, 9);;(4, 14);1;16884
24;0.75;;(23, 9);;(4, 14);1;16885
24;0.75;;(23, 9);;(4, 14);1;16886
24;0.75;;(23, 9);;(4, 14);1;16887
24;0.75;;(23, 9);;(4, 14);1;16888
24;0.75;;(23, 9);;(4, 14);1;16889
24;0.75;;(23, 9);;(4, 14);1;16890
24;0.75;;(23, 9);;(4, 14);1;16891
24;0.75;;(23, 9);;(4, 14);1;16892
24;0.75;;(23, 9);;(4, 14);1;16893
24;0.75;;(23, 9);;(4, 14);1;16894
24;0.75;;(23, 9);;(4, 14);1;16895
24;0.75;;(23, 9);;(4, 14);1;16896
24;0.75;;(23, 9);;(4, 14);1;16897
24;0.75;;(23, 9);;(4, 14);1;16898
24;0.75;;(23, 9);;(4, 14);1;16899
24;0.75;;(23, 9);;(4, 14);1;16900
24;0.75;;(23, 9);;(4, 14);1;16901
24;0.75;;(23, 9);;(4, 14);1;16902
24;0.75;;(23, 9);;(4, 14);1;16903
24;0.75;;(23, 9);;(4, 14);1;16904
24;0.75;;(23, 9);;(4, 14);1;16905
24;0.75;;(23, 9);;(4, 14);1;16906
24;0.75;;(23, 9);;(4, 14);1;16907
24;0.75;;(23, 9);;(4, 14);1;16908
24;0.75;;(23, 9);;(4, 14);1;16909
24;0.75;;(23, 9);;(4, 14);1;16910
24;0.75;;(23, 9);;(4, 14);1;16911
24;0.75;;(23, 9);;(4, 14);1;16912
24;0.75;;(23, 9);;(4, 14);1;16913
24;0.75;;(23, 9);;(4, 14);1;16914
24;0.75;;(23, 9);;(4, 14);1;16915
24;0.75;;(23, 9);;(4, 14);1;16916
24;0.75;;(23, 9);;(4, 14);1;16917
24;0.75;;(23, 9);;(4, 14);1;16918
24;0.75;;(23, 9);;(4, 14);1;16919
24;0.75;;(23, 9);;(4, 14);1;16920
24;0.75;;(23, 9);;(4, 14);1;16921
24;0.75;;(23, 9);;(4, 14);1;16922
24;0.75;;(23, 9);;(4, 14);1;16923
24;0.75;;(23, 9);;(4, 14);1;16924
24;0.75;;(23, 9);;(4, 14);1;16925
24;0.75;;(23, 9);;(4, 14);1;16926
24;0.75;;(23, 9);;(4, 14);1;16927
24;0.75;;(23, 9);;(4, 14);1;16928
24;0.75;;(23, 9);;(4, 14);1;16929
24;0.75;;(23, 9);;(4, 14);1;16930
24;0.75;;(23, 9);;(4, 14);1;16931
24;0.75;;(23, 9);;(4, 14);1;16932
24;0.75;;(23, 9);;(4, 14);1;16933
24;0.75;;(23, 9);;(4, 14);1;16934
24;0.75;;(23, 9);;(4, 14);1;16935
24;0.75;;(23, 9);;(4, 14);1;16936
24;0.75;;(23, 9);;(4, 14);1;16937
24;0.75;;(23, 9);;(4, 14);1;16938
24;0.75;;(23, 9);;(4, 14);1;16939
24;0.75;;(23, 9);;(4, 14);1;16940
24;0.75;;(23, 9);;(4, 14);1;16941
24;0.75;;(23, 9);;(4, 14);1;16942
24;0.75;;(23, 9);;(4, 14);1;16943
24;0.75;;(23, 9);;(4, 14);1;16944
24;0.75;;(23, 9);;(4, 14);1;16945
24;0.75;;(23, 9);;(4, 14);1;16946
24;0.75;;(23, 9);;(4, 14);1;16947
24;0.75;;(23, 9);;(4, 14);1;16948
24;0.75;;(23, 9);;(4, 14);1;16949
24;0.75;;(23, 9);;(4, 14);1;16950
24;0.75;;(23, 9);;(4, 14);1;16951
24;0.75;;(23, 9);;(4, 14);1;16952
24;0.75;;(23, 9);;(4, 14);1;16953
24;0.75;;(23, 9);;(4, 14);1;16954
24;0.75;;(23, 9);;(4, 14);1;16955
24;0.75;;(23, 9);;(4, 14);1;16956
24;0.75;;(23, 9);;(4, 14);1;16957
24;0.75;;(23, 9);;(4, 14);1;16958
24;0.75;;(23, 9);;(4, 14);1;16959
24;0.75;;(23, 9);;(4, 14);1;16960
24;0.75;;(23, 9);;(4, 14);1;16961
24;0.75;;(23, 9);;(4, 14);1;16962
24;0.75;;(23, 9);;(4, 14);1;16963
24;0.75;;(23, 9);;(4, 14);1;16964
24;0.75;;(23, 9);;(4, 14);1;16965
24;0.75;;(23, 9);;(4, 14);1;16966
24;0.75;;(23, 9);;(4, 14);1;16967
24;0.75;;(23, 9);;(4, 14);1;16968
24;0.75;;(23, 9);;(4, 14);1;16969
24;0.75;;(23, 9);;(4, 14);1;16970
24;0.75;;(23, 9);;(4, 14);1;16971
24;0.75;;(23, 9);;(4, 14);1;16972
24;0.75;;(23, 9);;(4, 14);1;16973
24;0.75;;(23, 9);;(4, 14);1;16974
24;0.75;;(23, 9);;(4, 14);1;16975
24;0.75;;(23, 9);;(4, 14);1;16976
24;0.75;;(23, 9);;(4, 14);1;16977
24;0.75;;(23, 9);;(4, 14);1;16978
24;0.75;;(23, 9);;(4, 14);1;16979
24;0.75;;(23, 9);;(4, 14);1;16980
24;0.75;;(23, 9);;(4, 14);1;16981
24;0.75;;(23, 9);;(4, 14);1;16982
24;0.75;;(23, 9);;(4, 14);1;16983
24;0.75;;(23, 9);;(4, 14);1;16984
24;0.75;;(23, 9);;(4, 14);1;16985
24;0.75;;(23, 9);;(4, 14);1;16986
24;0.75;;(23, 9);;(4, 14);1;16987
24;0.75;;(23, 9);;(4, 14);1;16988
24;0.75;;(23, 9);;(4, 14);1;16989
24;0.75;;(23, 9);;(4, 14);1;16990
24;0.75;;(23, 9);;(4, 14);1;16991
24;0.75;;(23, 9);;(4, 14);1;16992
24;0.75;;(23, 9);;(4, 14);1;16993
24;0.75;;(23, 9);;(4, 14);1;16994
24;0.75;;(23, 9);;(4, 14);1;16995
24;0.75;;(23, 9);;(4, 14);1;16996
24;0.75;;(23, 9);;(4, 14);1;16997
24;0.75;;(23, 9);;(4, 14);1;16998
24;0.75;;(23, 9);;(4, 14);1;16999
24;0.75;;(23, 9);;(4, 14);1;17000
24;0.75;;(23, 9);;(4, 14);1;17001
24;0.75;;(23, 9);;(4, 14);1;17002
24;0.75;;(23, 9);;(4, 14);1;17003
24;0.75;;(23, 9);;(4, 14);1;17004
24;0.75;;(23, 9);;(4, 14);1;17005
24;0.75;;(23, 9);;(4, 14);1;17006
24;0.75;;(23, 9);;(4, 14);1;17007
24;0.75;;(23, 9);;(4, 14);1;17008
24;0.75;;(23, 9);;(4, 14);1;17009
24;0.75;;(23, 9);;(4, 14);1;17010
24;0.75;;(23, 9);;(4, 14);1;17011
24;0.75;;(23, 9);;(4, 14);1;17012
24;0.75;;(23, 9);;(4, 14);1;17013
24;0.75;;(23, 9);;(4, 14);1;17014
24;0.75;;(23, 9);;(4, 14);1;17015
24;0.75;;(23, 9);;(4, 14);1;17016
24;0.75;;(23, 9);;(4, 14);1;17017
24;0.75;;(23, 9);;(4, 14);1;17018
24;0.75;;(23, 9);;(4, 14);1;17019
24;0.75;;(23, 9);;(4, 14);1;17020
24;0.75;;(23, 9);;(4, 14);1;17021
24;0.75;;(23, 9);;(4, 14);1;17022
24;0.75;;(23, 9);;(4, 14);1;17023
24;0.75;;(23, 9);;(4, 14);1;17024
24;0.75;;(23, 9);;(4, 14);1;17025
24;0.75;;(23, 9);;(4, 14);1;17026
24;0.75;;(23, 9);;(4, 14);1;17027
24;0.75;;(23, 9);;(4, 14);1;17028
24;0.75;;(23, 9);;(4, 14);1;17029
24;0.75;;(23, 9);;(4, 14);1;17030
24;0.75;;(23, 9);;(4, 14);1;17031
24;0.75;;(23, 9);;(4, 14);1;17032
24;0.75;;(23, 9);;(4, 14);1;17033
24;0.75;;(23, 9);;(4, 14);1;17034
24;0.75;;(23, 9);;(4, 14);1;17035
24;0.75;;(23, 9);;(4, 14);1;17036
24;0.75;;(23, 9);;(4, 14);1;17037
24;0.75;;(23, 9);;(4, 14);1;17038
24;0.75;;(23, 9);;(4, 14);1;17039
24;0.75;;(23, 9);;(4, 14);1;17040
24;0.75;;(23, 9);;(4, 14);1;17041
24;0.75;;(23, 9);;(4, 14);1;17042
24;0.75;;(23, 9);;(4, 14);1;17043
24;0.75;;(23, 9);;(4, 14);1;17044
24;0.75;;(23, 9);;(4, 14);1;17045
24;0.75;;(23, 9);;(4, 14);1;17046
24;0.75;;(23, 9);;(4, 14);1;17047
24;0.75;;(23, 9);;(4, 14);1;17048
24;0.75;;(23, 9);;(4, 14);1;17049
24;0.75;;(23, 9);;(4, 14);1;17050
24;0.75;;(23, 9);;(4, 14);1;17051
24;0.75;;(23, 9);;(4, 14);1;17052
24;0.75;;(23, 9);;(4, 14);1;17053
24;0.75;;(23, 9);;(4, 14);1;17054
24;0.75;;(23, 9);;(4, 14);1;17055
24;0.75;;(23, 9);;(4, 14);1;17056
24;0.75;;(23, 9);;(4, 14);1;17057
24;0.75;;(23, 9);;(4, 14);1;17058
24;0.75;;(23, 9);;(4, 14);1;17059
24;0.75;;(23, 9);;(4, 14);1;17060
24;0.75;;(23, 9);;(4, 14);1;17061
24;0.75;;(23, 9);;(4, 14);1;17062
24;0.75;;(23, 9);;(4, 14);1;17063
24;0.75;;(23, 9);;(4, 14);1;17064
24;0.75;;(23, 9);;(4, 14);1;17065
24;0.75;;(23, 9);;(4, 14);1;17066
24;0.75;;(23, 9);;(4, 14);1;17067
24;0.75;;(23, 9);;(4, 14);1;17068
24;0.75;;(23, 9);;(4, 14);1;17069
24;0.75;;(23, 9);;(4, 14);1;17070
24;0.75;;(23, 9);;(4, 14);1;17071
24;0.75;;(23, 9);;(4, 14);1;17072
24;0.75;;(23, 9);;(4, 14);1;17073
24;0.75;;(23, 9);;(4, 14);1;17074
24;0.75;;(23, 9);;(4, 14);1;17075
24;0.75;;(23, 9);;(4, 14);1;17076
24;0.75;;(23, 9);;(4, 14);1;17077
24;0.75;;(23, 9);;(4, 14);1;17078
24;0.75;;(23, 9);;(4, 14);1;17079
24;0.75;;(23, 9);;(4, 14);1;17080
24;0.75;;(23, 9);;(4, 14);1;17081
24;0.75;;(23, 9);;(4, 14);1;17082
24;0.75;;(23, 9);;(4, 14);1;17083
24;0.75;;(23, 9);;(4, 14);1;17084
24;0.75;;(23, 9);;(4, 14);1;17085
24;0.75;;(23, 9);;(4, 14);1;17086
24;0.75;;(23, 9);;(4, 14);1;17087
24;0.75;;(23, 9);;(4, 14);1;17088
24;0.75;;(23, 9);;(4, 14);1;17089
24;0.75;;(23, 9);;(4, 14);1;17090
24;0.75;;(23, 9);;(4, 14);1;17091
24;0.75;;(23, 9);;(4, 14);1;17092
24;0.75;;(23, 9);;(4, 14);1;17093
24;0.75;;(23, 9);;(4, 14);1;17094
24;0.75;;(23, 9);;(4, 14);1;17095
24;0.75;;(23, 9);;(4, 14);1;17096
24;0.75;;(23, 9);;(4, 14);1;17097
24;0.75;;(23, 9);;(4, 14);1;17098
24;0.75;;(23, 9);;(4, 14);1;17099
24;0.75;;(23, 9);;(4, 14);1;17100
24;0.75;;(23, 9);;(4, 14);1;17101
24;0.75;;(23, 9);;(4, 14);1;17102
24;0.75;;(23, 9);;(4, 14);1;17103
24;0.75;;(23, 9);;(4, 14);1;17104
24;0.75;;(23, 9);;(4, 14);1;17105
24;0.75;;(23, 9);;(4, 14);1;17106
24;0.75;;(23, 9);;(4, 14);1;17107
24;0.75;;(23, 9);;(4, 14);1;17108
24;0.75;;(23, 9);;(4, 14);1;17109
24;0.75;;(23, 9);;(4, 14);1;17110
24;0.75;;(23, 9);;(4, 14);1;17111
24;0.75;;(23, 9);;(4, 14);1;17112
24;0.75;;(23, 9);;(4, 14);1;17113
24;0.75;;(23, 9);;(4, 14);1;17114
24;0.75;;(23, 9);;(4, 14);1;17115
24;0.75;;(23, 9);;(4, 14);1;17116
24;0.75;;(23, 9);;(4, 14);1;17117
24;0.75;;(23, 9);;(4, 14);1;17118
24;0.75;;(23, 9);;(4, 14);1;17119
24;0.75;;(23, 9);;(4, 14);1;17120
24;0.75;;(23, 9);;(4, 14);1;17121
24;0.75;;(23, 9);;(4, 14);1;17122
24;0.75;;(23, 9);;(4, 14);1;17123
24;0.75;;(23, 9);;(4, 14);1;17124
24;0.75;;(23, 9);;(4, 14);1;17125
24;0.75;;(23, 9);;(4, 14);1;17126
24;0.75;;(23, 9);;(4, 14);1;17127
24;0.75;;(23, 9);;(4, 14);1;17128
24;0.75;;(23, 9);;(4, 14);1;17129
24;0.75;;(23, 9);;(4, 14);1;17130
24;0.75;;(23, 9);;(4, 14);1;17131
24;0.75;;(23, 9);;(4, 14);1;17132
24;0.75;;(23, 9);;(4, 14);1;17133
24;0.75;;(23, 9);;(4, 14);1;17134
24;0.75;;(23, 9);;(4, 14);1;17135
24;0.75;;(23, 9);;(4, 14);1;17136
24;0.75;;(23, 9);;(4, 14);1;17137
24;0.75;;(23, 9);;(4, 14);1;17138
24;0.75;;(23, 9);;(4, 14);1;17139
24;0.75;;(23, 9);;(4, 14);1;17140
24;0.75;;(23, 9);;(4, 14);1;17141
24;0.75;;(23, 9);;(4, 14);1;17142
24;0.75;;(23, 9);;(4, 14);1;17143
24;0.75;;(23, 9);;(4, 14);1;17144
24;0.75;;(23, 9);;(4, 14);1;17145
24;0.75;;(23, 9);;(4, 14);1;17146
24;0.75;;(23, 9);;(4, 14);1;17147
24;0.75;;(23, 9);;(4, 14);1;17148
24;0.75;;(23, 9);;(4, 14);1;17149
24;0.75;;(23, 9);;(4, 14);1;17150
24;0.75;;(23, 9);;(4, 14);1;17151
24;0.75;;(23, 9);;(4, 14);1;17152
24;0.75;;(23, 9);;(4, 14);1;17153
24;0.75;;(23, 9);;(4, 14);1;17154
24;0.75;;(23, 9);;(4, 14);1;17155
24;0.75;;(23, 9);;(4, 14);1;17156
24;0.75;;(23, 9);;(4, 14);1;17157
24;0.75;;(23, 9);;(4, 14);1;17158
24;0.75;;(23, 9);;(4, 14);1;17159
24;0.75;;(23, 9);;(4, 14);1;17160
24;0.75;;(23, 9);;(4, 14);1;17161
24;0.75;;(23, 9);;(4, 14);1;17162
24;0.75;;(23, 9);;(4, 14);1;17163
24;0.75;;(23, 9);;(4, 14);1;17164
24;0.75;;(23, 9);;(4, 14);1;17165
24;0.75;;(23, 9);;(4, 14);1;17166
24;0.75;;(23, 9);;(4, 14);1;17167
24;0.75;;(23, 9);;(4, 14);1;17168
24;0.75;;(23, 9);;(4, 14);1;17169
24;0.75;;(23, 9);;(4, 14);1;17170
24;0.75;;(23, 9);;(4, 14);1;17171
24;0.75;;(23, 9);;(4, 14);1;17172
24;0.75;;(23, 9);;(4, 14);1;17173
24;0.75;;(23, 9);;(4, 14);1;17174
24;0.75;;(23, 9);;(4, 14);1;17175
24;0.75;;(23, 9);;(4, 14);1;17176
24;0.75;;(23, 9);;(4, 14);1;17177
24;0.75;;(23, 9);;(4, 14);1;17178
24;0.75;;(23, 9);;(4, 14);1;17179
24;0.75;;(23, 9);;(4, 14);1;17180
24;0.75;;(23, 9);;(4, 14);1;17181
24;0.75;;(23, 9);;(4, 14);1;17182
24;0.75;;(23, 9);;(4, 14);1;17183
24;0.75;;(23, 9);;(4, 14);1;17184
24;0.75;;(23, 9);;(4, 14);1;17185
24;0.75;;(23, 9);;(4, 14);1;17186
24;0.75;;(23, 9);;(4, 14);1;17187
24;0.75;;(23, 9);;(4, 14);1;17188
24;0.75;;(23, 9);;(4, 14);1;17189
24;0.75;;(23, 9);;(4, 14);1;17190
24;0.75;;(23, 9);;(4, 14);1;17191
24;0.75;;(23, 9);;(4, 14);1;17192
24;0.75;;(23, 9);;(4, 14);1;17193
24;0.75;;(23, 9);;(4, 14);1;17194
24;0.75;;(23, 9);;(4, 14);1;17195
24;0.75;;(23, 9);;(4, 14);1;17196
24;0.75;;(23, 9);;(4, 14);1;17197
24;0.75;;(23, 9);;(4, 14);1;17198
24;0.75;;(23, 9);;(4, 14);1;17199
24;0.75;;(23, 9);;(4, 14);1;17200
24;0.75;;(23, 9);;(4, 14);1;17201
24;0.75;;(23, 9);;(4, 14);1;17202
24;0.75;;(23, 9);;(4, 14);1;17203
24;0.75;;(23, 9);;(4, 14);1;17204
24;0.75;;(23, 9);;(4, 14);1;17205
24;0.75;;(23, 9);;(4, 14);1;17206
24;0.75;;(23, 9);;(4, 14);1;17207
24;0.75;;(23, 9);;(4, 14);1;17208
24;0.75;;(23, 9);;(4, 14);1;17209
24;0.75;;(23, 9);;(4, 14);1;17210
24;0.75;;(23, 9);;(4, 14);1;17211
24;0.75;;(23, 9);;(4, 14);1;17212
24;0.75;;(23, 9);;(4, 14);1;17213
24;0.75;;(23, 9);;(4, 14);1;17214
24;0.75;;(23, 9);;(4, 14);1;17215
24;0.75;;(23, 9);;(4, 14);1;17216
24;0.75;;(23, 9);;(4, 14);1;17217
24;0.75;;(23, 9);;(4, 14);1;17218
24;0.75;;(23, 9);;(4, 14);1;17219
24;0.75;;(23, 9);;(4, 14);1;17220
24;0.75;;(23, 9);;(4, 14);1;17221
24;0.75;;(23, 9);;(4, 14);1;17222
24;0.75;;(23, 9);;(4, 14);1;17223
24;0.75;;(23, 9);;(4, 14);1;17224
24;0.75;;(23, 9);;(4, 14);1;17225
24;0.75;;(23, 9);;(4, 14);1;17226
24;0.75;;(23, 9);;(4, 14);1;17227
24;0.75;;(23, 9);;(4, 14);1;17228
24;0.75;;(23, 9);;(4, 14);1;17229
24;0.75;;(23, 9);;(4, 14);1;17230
24;0.75;;(23, 9);;(4, 14);1;17231
24;0.75;;(23, 9);;(4, 14);1;17232
24;0.75;;(23, 9);;(4, 14);1;17233
24;0.75;;(23, 9);;(4, 14);1;17234
24;0.75;;(23, 9);;(4, 14);1;17235
24;0.75;;(23, 9);;(4, 14);1;17236
24;0.75;;(23, 9);;(4, 14);1;17237
24;0.75;;(23, 9);;(4, 14);1;17238
24;0.75;;(23, 9);;(4, 14);1;17239
24;0.75;;(23, 9);;(4, 14);1;17240
24;0.75;;(23, 9);;(4, 14);1;17241
24;0.75;;(23, 9);;(4, 14);1;17242
24;0.75;;(23, 9);;(4, 14);1;17243
24;0.75;;(23, 9);;(4, 14);1;17244
24;0.75;;(23, 9);;(4, 14);1;17245
24;0.75;;(23, 9);;(4, 14);1;17246
24;0.75;;(23, 9);;(4, 14);1;17247
24;0.75;;(23, 9);;(4, 14);1;17248
24;0.75;;(23, 9);;(4, 14);1;17249
24;0.75;;(23, 9);;(4, 14);1;17250
24;0.75;;(23, 9);;(4, 14);1;17251
24;0.75;;(23, 9);;(4, 14);1;17252
24;0.75;;(23, 9);;(4, 14);1;17253
24;0.75;;(23, 9);;(4, 14);1;17254
24;0.75;;(23, 9);;(4, 14);1;17255
24;0.75;;(23, 9);;(4, 14);1;17256
24;0.75;;(23, 9);;(4, 14);1;17257
24;0.75;;(23, 9);;(4, 14);1;17258
24;0.75;;(23, 9);;(4, 14);1;17259
24;0.75;;(23, 9);;(4, 14);1;17260
24;0.75;;(23, 9);;(4, 14);1;17261
24;0.75;;(23, 9);;(4, 14);1;17262
24;0.75;;(23, 9);;(4, 14);1;17263
24;0.75;;(23, 9);;(4, 14);1;17264
24;0.75;;(23, 9);;(4, 14);1;17265
24;0.75;;(23, 9);;(4, 14);1;17266
24;0.75;;(23, 9);;(4, 14);1;17267
24;0.75;;(23, 9);;(4, 14);1;17268
24;0.75;;(23, 9);;(4, 14);1;17269
24;0.75;;(23, 9);;(4, 14);1;17270
24;0.75;;(23, 9);;(4, 14);1;17271
24;0.75;;(23, 9);;(4, 14);1;17272
24;0.75;;(23, 9);;(4, 14);1;17273
24;0.75;;(23, 9);;(4, 14);1;17274
24;0.75;;(23, 9);;(4, 14);1;17275
24;0.75;;(23, 9);;(4, 14);1;17276
24;0.75;;(23, 9);;(4, 14);1;17277
24;0.75;;(23, 9);;(4, 14);1;17278
24;0.75;;(23, 9);;(4, 14);1;17279
24;0.75;;(23, 9);;(4, 14);1;17280
24;0.75;;(23, 9);;(4, 14);1;17281
24;0.75;;(23, 9);;(4, 14);1;17282
24;0.75;;(23, 9);;(4, 14);1;17283
24;0.75;;(23, 9);;(4, 14);1;17284
24;0.75;;(23, 9);;(4, 14);1;17285
24;0.75;;(23, 9);;(4, 14);1;17286
24;0.75;;(23, 9);;(4, 14);1;17287
24;0.75;;(23, 9);;(4, 14);1;17288
24;0.75;;(23, 9);;(4, 14);1;17289
24;0.75;;(23, 9);;(4, 14);1;17290
24;0.75;;(23, 9);;(4, 14);1;17291
24;0.75;;(23, 9);;(4, 14);1;17292
24;0.75;;(23, 9);;(4, 14);1;17293
24;0.75;;(23, 9);;(4, 14);1;17294
24;0.75;;(23, 9);;(4, 14);1;17295
24;0.75;;(23, 9);;(4, 14);1;17296
24;0.75;;(23, 9);;(4, 14);1;17297
24;0.75;;(23, 9);;(4, 14);1;17298
24;0.75;;(23, 9);;(4, 14);1;17299
24;0.75;;(23, 9);;(4, 14);1;17300
24;0.75;;(23, 9);;(4, 14);1;17301
24;0.75;;(23, 9);;(4, 14);1;17302
24;0.75;;(23, 9);;(4, 14);1;17303
24;0.75;;(23, 9);;(4, 14);1;17304
24;0.75;;(23, 9);;(4, 14);1;17305
24;0.75;;(23, 9);;(4, 14);1;17306
24;0.75;;(23, 9);;(4, 14);1;17307
24;0.75;;(23, 9);;(4, 14);1;17308
24;0.75;;(23, 9);;(4, 14);1;17309
24;0.75;;(23, 9);;(4, 14);1;17310
24;0.75;;(23, 9);;(4, 14);1;17311
24;0.75;;(23, 9);;(4, 14);1;17312
24;0.75;;(23, 9);;(4, 14);1;17313
24;0.75;;(23, 9);;(4, 14);1;17314
24;0.75;;(23, 9);;(4, 14);1;17315
24;0.75;;(23, 9);;(4, 14);1;17316
24;0.75;;(23, 9);;(4, 14);1;17317
24;0.75;;(23, 9);;(4, 14);1;17318
24;0.75;;(23, 9);;(4, 14);1;17319
24;0.75;;(23, 9);;(4, 14);1;17320
24;0.75;;(23, 9);;(4, 14);1;17321
24;0.75;;(23, 9);;(4, 14);1;17322
24;0.75;;(23, 9);;(4, 14);1;17323
24;0.75;;(23, 9);;(4, 14);1;17324
24;0.75;;(23, 9);;(4, 14);1;17325
24;0.75;;(23, 9);;(4, 14);1;17326
24;0.75;;(23, 9);;(4, 14);1;17327
24;0.75;;(23, 9);;(4, 14);1;17328
24;0.75;;(23, 9);;(4, 14);1;17329
24;0.75;;(23, 9);;(4, 14);1;17330
24;0.75;;(23, 9);;(4, 14);1;17331
24;0.75;;(23, 9);;(4, 14);1;17332
24;0.75;;(23, 9);;(4, 14);1;17333
24;0.75;;(23, 9);;(4, 14);1;17334
24;0.75;;(23, 9);;(4, 14);1;17335
24;0.75;;(23, 9);;(4, 14);1;17336
24;0.75;;(23, 9);;(4, 14);1;17337
24;0.75;;(23, 9);;(4, 14);1;17338
24;0.75;;(23, 9);;(4, 14);1;17339
24;0.75;;(23, 9);;(4, 14);1;17340
24;0.75;;(23, 9);;(4, 14);1;17341
24;0.75;;(23, 9);;(4, 14);1;17342
24;0.75;;(23, 9);;(4, 14);1;17343
24;0.75;;(23, 9);;(4, 14);1;17344
24;0.75;;(23, 9);;(4, 14);1;17345
24;0.75;;(23, 9);;(4, 14);1;17346
24;0.75;;(23, 9);;(4, 14);1;17347
24;0.75;;(23, 9);;(4, 14);1;17348
24;0.75;;(23, 9);;(4, 14);1;17349
24;0.75;;(23, 9);;(4, 14);1;17350
24;0.75;;(23, 9);;(4, 14);1;17351
24;0.75;;(23, 9);;(4, 14);1;17352
24;0.75;;(23, 9);;(4, 14);1;17353
24;0.75;;(23, 9);;(4, 14);1;17354
24;0.75;;(23, 9);;(4, 14);1;17355
24;0.75;;(23, 9);;(4, 14);1;17356
24;0.75;;(23, 9);;(4, 14);1;17357
24;0.75;;(23, 9);;(4, 14);1;17358
24;0.75;;(23, 9);;(4, 14);1;17359
24;0.75;;(23, 9);;(4, 14);1;17360
24;0.75;;(23, 9);;(4, 14);1;17361
24;0.75;;(23, 9);;(4, 14);1;17362
24;0.75;;(23, 9);;(4, 14);1;17363
24;0.75;;(23, 9);;(4, 14);1;17364
24;0.75;;(23, 9);;(4, 14);1;17365
24;0.75;;(23, 9);;(4, 14);1;17366
24;0.75;;(23, 9);;(4, 14);1;17367
24;0.75;;(23, 9);;(4, 14);1;17368
24;0.75;;(23, 9);;(4, 14);1;17369
24;0.75;;(23, 9);;(4, 14);1;17370
24;0.75;;(23, 9);;(4, 14);1;17371
24;0.75;;(23, 9);;(4, 14);1;17372
24;0.75;;(23, 9);;(4, 14);1;17373
24;0.75;;(23, 9);;(4, 14);1;17374
24;0.75;;(23, 9);;(4, 14);1;17375
24;0.75;;(23, 9);;(4, 14);1;17376
24;0.75;;(23, 9);;(4, 14);1;17377
24;0.75;;(23, 9);;(4, 14);1;17378
24;0.75;;(23, 9);;(4, 14);1;17379
24;0.75;;(23, 9);;(4, 14);1;17380
24;0.75;;(23, 9);;(4, 14);1;17381
24;0.75;;(23, 9);;(4, 14);1;17382
24;0.75;;(23, 9);;(4, 14);1;17383
24;0.75;;(23, 9);;(4, 14);1;17384
24;0.75;;(23, 9);;(4, 14);1;17385
24;0.75;;(23, 9);;(4, 14);1;17386
24;0.75;;(23, 9);;(4, 14);1;17387
24;0.75;;(23, 9);;(4, 14);1;17388
24;0.75;;(23, 9);;(4, 14);1;17389
24;0.75;;(23, 9);;(4, 14);1;17390
24;0.75;;(23, 9);;(4, 14);1;17391
24;0.75;;(23, 9);;(4, 14);1;17392
24;0.75;;(23, 9);;(4, 14);1;17393
24;0.75;;(23, 9);;(4, 14);1;17394
24;0.75;;(23, 9);;(4, 14);1;17395
24;0.75;;(23, 9);;(4, 14);1;17396
24;0.75;;(23, 9);;(4, 14);1;17397
24;0.75;;(23, 9);;(4, 14);1;17398
24;0.75;;(23, 9);;(4, 14);1;17399
24;0.75;;(23, 9);;(4, 14);1;17400
24;0.75;;(23, 9);;(4, 14);1;17401
24;0.75;;(23, 9);;(4, 14);1;17402
24;0.75;;(23, 9);;(4, 14);1;17403
24;0.75;;(23, 9);;(4, 14);1;17404
24;0.75;;(23, 9);;(4, 14);1;17405
24;0.75;;(23, 9);;(4, 14);1;17406
24;0.75;;(23, 9);;(4, 14);1;17407
24;0.75;;(23, 9);;(4, 14);1;17408
24;0.75;;(23, 9);;(4, 14);1;17409
24;0.75;;(23, 9);;(4, 14);1;17410
24;0.75;;(23, 9);;(4, 14);1;17411
24;0.75;;(23, 9);;(4, 14);1;17412
24;0.75;;(23, 9);;(4, 14);1;17413
24;0.75;;(23, 9);;(4, 14);1;17414
24;0.75;;(23, 9);;(4, 14);1;17415
24;0.75;;(23, 9);;(4, 14);1;17416
24;0.75;;(23, 9);;(4, 14);1;17417
24;0.75;;(23, 9);;(4, 14);1;17418
24;0.75;;(23, 9);;(4, 14);1;17419
24;0.75;;(23, 9);;(4, 14);1;17420
24;0.75;;(23, 9);;(4, 14);1;17421
24;0.75;;(23, 9);;(4, 14);1;17422
24;0.75;;(23, 9);;(4, 14);1;17423
24;0.75;;(23, 9);;(4, 14);1;17424
24;0.75;;(23, 9);;(4, 14);1;17425
24;0.75;;(23, 9);;(4, 14);1;17426
24;0.75;;(23, 9);;(4, 14);1;17427
24;0.75;;(23, 9);;(4, 14);1;17428
24;0.75;;(23, 9);;(4, 14);1;17429
24;0.75;;(23, 9);;(4, 14);1;17430
24;0.75;;(23, 9);;(4, 14);1;17431
24;0.75;;(23, 9);;(4, 14);1;17432
24;0.75;;(23, 9);;(4, 14);1;17433
24;0.75;;(23, 9);;(4, 14);1;17434
24;0.75;;(23, 9);;(4, 14);1;17435
24;0.75;;(23, 9);;(4, 14);1;17436
24;0.75;;(23, 9);;(4, 14);1;17437
24;0.75;;(23, 9);;(4, 14);1;17438
24;0.75;;(23, 9);;(4, 14);1;17439
24;0.75;;(23, 9);;(4, 14);1;17440
24;0.75;;(23, 9);;(4, 14);1;17441
24;0.75;;(23, 9);;(4, 14);1;17442
24;0.75;;(23, 9);;(4, 14);1;17443
24;0.75;;(23, 9);;(4, 14);1;17444
24;0.75;;(23, 9);;(4, 14);1;17445
24;0.75;;(23, 9);;(4, 14);1;17446
24;0.75;;(23, 9);;(4, 14);1;17447
24;0.75;;(23, 9);;(4, 14);1;17448
24;0.75;;(23, 9);;(4, 14);1;17449
24;0.75;;(23, 9);;(4, 14);1;17450
24;0.75;;(23, 9);;(4, 14);1;17451
24;0.75;;(23, 9);;(4, 14);1;17452
24;0.75;;(23, 9);;(4, 14);1;17453
24;0.75;;(23, 9);;(4, 14);1;17454
24;0.75;;(23, 9);;(4, 14);1;17455
24;0.75;;(23, 9);;(4, 14);1;17456
24;0.75;;(23, 9);;(4, 14);1;17457
24;0.75;;(23, 9);;(4, 14);1;17458
24;0.75;;(23, 9);;(4, 14);1;17459
24;0.75;;(23, 9);;(4, 14);1;17460
24;0.75;;(23, 9);;(4, 14);1;17461
24;0.75;;(23, 9);;(4, 14);1;17462
24;0.75;;(23, 9);;(4, 14);1;17463
24;0.75;;(23, 9);;(4, 14);1;17464
24;0.75;;(23, 9);;(4, 14);1;17465
24;0.75;;(23, 9);;(4, 14);1;17466
24;0.75;;(23, 9);;(4, 14);1;17467
24;0.75;;(23, 9);;(4, 14);1;17468
24;0.75;;(23, 9);;(4, 14);1;17469
24;0.75;;(23, 9);;(4, 14);1;17470
24;0.75;;(23, 9);;(4, 14);1;17471
24;0.75;;(23, 9);;(4, 14);1;17472
24;0.75;;(23, 9);;(4, 14);1;17473
24;0.75;;(23, 9);;(4, 14);1;17474
24;0.75;;(23, 9);;(4, 14);1;17475
24;0.75;;(23, 9);;(4, 14);1;17476
24;0.75;;(23, 9);;(4, 14);1;17477
24;0.75;;(23, 9);;(4, 14);1;17478
24;0.75;;(23, 9);;(4, 14);1;17479
24;0.75;;(23, 9);;(4, 14);1;17480
24;0.75;;(23, 9);;(4, 14);1;17481
24;0.75;;(23, 9);;(4, 14);1;17482
24;0.75;;(23, 9);;(4, 14);1;17483
24;0.75;;(23, 9);;(4, 14);1;17484
24;0.75;;(23, 9);;(4, 14);1;17485
24;0.75;;(23, 9);;(4, 14);1;17486
24;0.75;;(23, 9);;(4, 14);1;17487
24;0.75;;(23, 9);;(4, 14);1;17488
24;0.75;;(23, 9);;(4, 14);1;17489
24;0.75;;(23, 9);;(4, 14);1;17490
24;0.75;;(23, 9);;(4, 14);1;17491
24;0.75;;(23, 9);;(4, 14);1;17492
24;0.75;;(23, 9);;(4, 14);1;17493
24;0.75;;(23, 9);;(4, 14);1;17494
24;0.75;;(23, 9);;(4, 14);1;17495
24;0.75;;(23, 9);;(4, 14);1;17496
24;0.75;;(23, 9);;(4, 14);1;17497
24;0.75;;(23, 9);;(4, 14);1;17498
24;0.75;;(23, 9);;(4, 14);1;17499
24;0.75;;(23, 9);;(4, 14);1;17500
24;0.75;;(23, 9);;(4, 14);1;17501
24;0.75;;(23, 9);;(4, 14);1;17502
24;0.75;;(23, 9);;(4, 14);1;17503
24;0.75;;(23, 9);;(4, 14);1;17504
24;0.75;;(23, 9);;(4, 14);1;17505
24;0.75;;(23, 9);;(4, 14);1;17506
24;0.75;;(23, 9);;(4, 14);1;17507
24;0.75;;(23, 9);;(4, 14);1;17508
24;0.75;;(23, 9);;(4, 14);1;17509
24;0.75;;(23, 9);;(4, 14);1;17510
24;0.75;;(23, 9);;(4, 14);1;17511
24;0.75;;(23, 9);;(4, 14);1;17512
24;0.75;;(23, 9);;(4, 14);1;17513
24;0.75;;(23, 9);;(4, 14);1;17514
24;0.75;;(23, 9);;(4, 14);1;17515
24;0.75;;(23, 9);;(4, 14);1;17516
24;0.75;;(23, 9);;(4, 14);1;17517
24;0.75;;(23, 9);;(4, 14);1;17518
24;0.75;;(23, 9);;(4, 14);1;17519
24;0.75;;(23, 9);;(4, 14);1;17520
24;0.75;;(23, 9);;(4, 14);1;17521
24;0.75;;(23, 9);;(4, 14);1;17522
24;0.75;;(23, 9);;(4, 14);1;17523
24;0.75;;(23, 9);;(4, 14);1;17524
24;0.75;;(23, 9);;(4, 14);1;17525
24;0.75;;(23, 9);;(4, 14);1;17526
24;0.75;;(23, 9);;(4, 14);1;17527
24;0.75;;(23, 9);;(4, 14);1;17528
24;0.75;;(23, 9);;(4, 14);1;17529
24;0.75;;(23, 9);;(4, 14);1;17530
24;0.75;;(23, 9);;(4, 14);1;17531
24;0.75;;(23, 9);;(4, 14);1;17532
24;0.75;;(23, 9);;(4, 14);1;17533
24;0.75;;(23, 9);;(4, 14);1;17534
24;0.75;;(23, 9);;(4, 14);1;17535
24;0.75;;(23, 9);;(4, 14);1;17536
24;0.75;;(23, 9);;(4, 14);1;17537
24;0.75;;(23, 9);;(4, 14);1;17538
24;0.75;;(23, 9);;(4, 14);1;17539
24;0.75;;(23, 9);;(4, 14);1;17540
24;0.75;;(23, 9);;(4, 14);1;17541
24;0.75;;(23, 9);;(4, 14);1;17542
24;0.75;;(23, 9);;(4, 14);1;17543
24;0.75;;(23, 9);;(4, 14);1;17544
24;0.75;;(23, 9);;(4, 14);1;17545
24;0.75;;(23, 9);;(4, 14);1;17546
24;0.75;;(23, 9);;(4, 14);1;17547
24;0.75;;(23, 9);;(4, 14);1;17548
24;0.75;;(23, 9);;(4, 14);1;17549
24;0.75;;(23, 9);;(4, 14);1;17550
24;0.75;;(23, 9);;(4, 14);1;17551
24;0.75;;(23, 9);;(4, 14);1;17552
24;0.75;;(23, 9);;(4, 14);1;17553
24;0.75;;(23, 9);;(4, 14);1;17554
24;0.75;;(23, 9);;(4, 14);1;17555
24;0.75;;(23, 9);;(4, 14);1;17556
24;0.75;;(23, 9);;(4, 14);1;17557
24;0.75;;(23, 9);;(4, 14);1;17558
24;0.75;;(23, 9);;(4, 14);1;17559
24;0.75;;(23, 9);;(4, 14);1;17560
24;0.75;;(23, 9);;(4, 14);1;17561
24;0.75;;(23, 9);;(4, 14);1;17562
24;0.75;;(23, 9);;(4, 14);1;17563
24;0.75;;(23, 9);;(4, 14);1;17564
24;0.75;;(23, 9);;(4, 14);1;17565
24;0.75;;(23, 9);;(4, 14);1;17566
24;0.75;;(23, 9);;(4, 14);1;17567
24;0.75;;(23, 9);;(4, 14);1;17568
24;0.75;;(23, 9);;(4, 14);1;17569
24;0.75;;(23, 9);;(4, 14);1;17570
24;0.75;;(23, 9);;(4, 14);1;17571
24;0.75;;(23, 9);;(4, 14);1;17572
24;0.75;;(23, 9);;(4, 14);1;17573
24;0.75;;(23, 9);;(4, 14);1;17574
24;0.75;;(23, 9);;(4, 14);1;17575
24;0.75;;(23, 9);;(4, 14);1;17576
24;0.75;;(23, 9);;(4, 14);1;17577
24;0.75;;(23, 9);;(4, 14);1;17578
24;0.75;;(23, 9);;(4, 14);1;17579
24;0.75;;(23, 9);;(4, 14);1;17580
24;0.75;;(23, 9);;(4, 14);1;17581
24;0.75;;(23, 9);;(4, 14);1;17582
24;0.75;;(23, 9);;(4, 14);1;17583
24;0.75;;(23, 9);;(4, 14);1;17584
24;0.75;;(23, 9);;(4, 14);1;17585
24;0.75;;(23, 9);;(4, 14);1;17586
24;0.75;;(23, 9);;(4, 14);1;17587
24;0.75;;(23, 9);;(4, 14);1;17588
24;0.75;;(23, 9);;(4, 14);1;17589
24;0.75;;(23, 9);;(4, 14);1;17590
24;0.75;;(23, 9);;(4, 14);1;17591
24;0.75;;(23, 9);;(4, 14);1;17592
24;0.75;;(23, 9);;(4, 14);1;17593
24;0.75;;(23, 9);;(4, 14);1;17594
24;0.75;;(23, 9);;(4, 14);1;17595
24;0.75;;(23, 9);;(4, 14);1;17596
24;0.75;;(23, 9);;(4, 14);1;17597
24;0.75;;(23, 9);;(4, 14);1;17598
24;0.75;;(23, 9);;(4, 14);1;17599
24;0.75;;(23, 9);;(4, 14);1;17600
24;0.75;;(23, 9);;(4, 14);1;17601
24;0.75;;(23, 9);;(4, 14);1;17602
24;0.75;;(23, 9);;(4, 14);1;17603
24;0.75;;(23, 9);;(4, 14);1;17604
24;0.75;;(23, 9);;(4, 14);1;17605
24;0.75;;(23, 9);;(4, 14);1;17606
24;0.75;;(23, 9);;(4, 14);1;17607
24;0.75;;(23, 9);;(4, 14);1;17608
24;0.75;;(23, 9);;(4, 14);1;17609
24;0.75;;(23, 9);;(4, 14);1;17610
24;0.75;;(23, 9);;(4, 14);1;17611
24;0.75;;(23, 9);;(4, 14);1;17612
24;0.75;;(23, 9);;(4, 14);1;17613
24;0.75;;(23, 9);;(4, 14);1;17614
24;0.75;;(23, 9);;(4, 14);1;17615
24;0.75;;(23, 9);;(4, 14);1;17616
24;0.75;;(23, 9);;(4, 14);1;17617
24;0.75;;(23, 9);;(4, 14);1;17618
24;0.75;;(23, 9);;(4, 14);1;17619
24;0.75;;(23, 9);;(4, 14);1;17620
24;0.75;;(23, 9);;(4, 14);1;17621
24;0.75;;(23, 9);;(4, 14);1;17622
24;0.75;;(23, 9);;(4, 14);1;17623
24;0.75;;(23, 9);;(4, 14);1;17624
24;0.75;;(23, 9);;(4, 14);1;17625
24;0.75;;(23, 9);;(4, 14);1;17626
24;0.75;;(23, 9);;(4, 14);1;17627
24;0.75;;(23, 9);;(4, 14);1;17628
24;0.75;;(23, 9);;(4, 14);1;17629
24;0.75;;(23, 9);;(4, 14);1;17630
24;0.75;;(23, 9);;(4, 14);1;17631
24;0.75;;(23, 9);;(4, 14);1;17632
24;0.75;;(23, 9);;(4, 14);1;17633
24;0.75;;(23, 9);;(4, 14);1;17634
24;0.75;;(23, 9);;(4, 14);1;17635
24;0.75;;(23, 9);;(4, 14);1;17636
24;0.75;;(23, 9);;(4, 14);1;17637
24;0.75;;(23, 9);;(4, 14);1;17638
24;0.75;;(23, 9);;(4, 14);1;17639
24;0.75;;(23, 9);;(4, 14);1;17640
24;0.75;;(23, 9);;(4, 14);1;17641
24;0.75;;(23, 9);;(4, 14);1;17642
24;0.75;;(23, 9);;(4, 14);1;17643
24;0.75;;(23, 9);;(4, 14);1;17644
24;0.75;;(23, 9);;(4, 14);1;17645
24;0.75;;(23, 9);;(4, 14);1;17646
24;0.75;;(23, 9);;(4, 14);1;17647
24;0.75;;(23, 9);;(4, 14);1;17648
24;0.75;;(23, 9);;(4, 14);1;17649
24;0.75;;(23, 9);;(4, 14);1;17650
24;0.75;;(23, 9);;(4, 14);1;17651
24;0.75;;(23, 9);;(4, 14);1;17652
24;0.75;;(23, 9);;(4, 14);1;17653
24;0.75;;(23, 9);;(4, 14);1;17654
24;0.75;;(23, 9);;(4, 14);1;17655
24;0.75;;(23, 9);;(4, 14);1;17656
24;0.75;;(23, 9);;(4, 14);1;17657
24;0.75;;(23, 9);;(4, 14);1;17658
24;0.75;;(23, 9);;(4, 14);1;17659
24;0.75;;(23, 9);;(4, 14);1;17660
24;0.75;;(23, 9);;(4, 14);1;17661
24;0.75;;(23, 9);;(4, 14);1;17662
24;0.75;;(23, 9);;(4, 14);1;17663
24;0.75;;(23, 9);;(4, 14);1;17664
24;0.75;;(23, 9);;(4, 14);1;17665
24;0.75;;(23, 9);;(4, 14);1;17666
24;0.75;;(23, 9);;(4, 14);1;17667
24;0.75;;(23, 9);;(4, 14);1;17668
24;0.75;;(23, 9);;(4, 14);1;17669
24;0.75;;(23, 9);;(4, 14);1;17670
24;0.75;;(23, 9);;(4, 14);1;17671
24;0.75;;(23, 9);;(4, 14);1;17672
24;0.75;;(23, 9);;(4, 14);1;17673
24;0.75;;(23, 9);;(4, 14);1;17674
24;0.75;;(23, 9);;(4, 14);1;17675
24;0.75;;(23, 9);;(4, 14);1;17676
24;0.75;;(23, 9);;(4, 14);1;17677
24;0.75;;(23, 9);;(4, 14);1;17678
24;0.75;;(23, 9);;(4, 14);1;17679
24;0.75;;(23, 9);;(4, 14);1;17680
24;0.75;;(23, 9);;(4, 14);1;17681
24;0.75;;(23, 9);;(4, 14);1;17682
24;0.75;;(23, 9);;(4, 14);1;17683
24;0.75;;(23, 9);;(4, 14);1;17684
24;0.75;;(23, 9);;(4, 14);1;17685
24;0.75;;(23, 9);;(4, 14);1;17686
24;0.75;;(23, 9);;(4, 14);1;17687
24;0.75;;(23, 9);;(4, 14);1;17688
24;0.75;;(23, 9);;(4, 14);1;17689
24;0.75;;(23, 9);;(4, 14);1;17690
24;0.75;;(23, 9);;(4, 14);1;17691
24;0.75;;(23, 9);;(4, 14);1;17692
24;0.75;;(23, 9);;(4, 14);1;17693
24;0.75;;(23, 9);;(4, 14);1;17694
24;0.75;;(23, 9);;(4, 14);1;17695
24;0.75;;(23, 9);;(4, 14);1;17696
24;0.75;;(23, 9);;(4, 14);1;17697
24;0.75;;(23, 9);;(4, 14);1;17698
24;0.75;;(23, 9);;(4, 14);1;17699
24;0.75;;(23, 9);;(4, 14);1;17700
24;0.75;;(23, 9);;(4, 14);1;17701
24;0.75;;(23, 9);;(4, 14);1;17702
24;0.75;;(23, 9);;(4, 14);1;17703
24;0.75;;(23, 9);;(4, 14);1;17704
24;0.75;;(23, 9);;(4, 14);1;17705
24;0.75;;(23, 9);;(4, 14);1;17706
24;0.75;;(23, 9);;(4, 14);1;17707
24;0.75;;(23, 9);;(4, 14);1;17708
24;0.75;;(23, 9);;(4, 14);1;17709
24;0.75;;(23, 9);;(4, 14);1;17710
24;0.75;;(23, 9);;(4, 14);1;17711
24;0.75;;(23, 9);;(4, 14);1;17712
24;0.75;;(23, 9);;(4, 14);1;17713
24;0.75;;(23, 9);;(4, 14);1;17714
24;0.75;;(23, 9);;(4, 14);1;17715
24;0.75;;(23, 9);;(4, 14);1;17716
24;0.75;;(23, 9);;(4, 14);1;17717
24;0.75;;(23, 9);;(4, 14);1;17718
24;0.75;;(23, 9);;(4, 14);1;17719
24;0.75;;(23, 9);;(4, 14);1;17720
24;0.75;;(23, 9);;(4, 14);1;17721
24;0.75;;(23, 9);;(4, 14);1;17722
24;0.75;;(23, 9);;(4, 14);1;17723
24;0.75;;(23, 9);;(4, 14);1;17724
24;0.75;;(23, 9);;(4, 14);1;17725
24;0.75;;(23, 9);;(4, 14);1;17726
24;0.75;;(23, 9);;(4, 14);1;17727
24;0.75;;(23, 9);;(4, 14);1;17728
24;0.75;;(23, 9);;(4, 14);1;17729
24;0.75;;(23, 9);;(4, 14);1;17730
24;0.75;;(23, 9);;(4, 14);1;17731
24;0.75;;(23, 9);;(4, 14);1;17732
24;0.75;;(23, 9);;(4, 14);1;17733
24;0.75;;(23, 9);;(4, 14);1;17734
24;0.75;;(23, 9);;(4, 14);1;17735
24;0.75;;(23, 9);;(4, 14);1;17736
24;0.75;;(23, 9);;(4, 14);1;17737
24;0.75;;(23, 9);;(4, 14);1;17738
24;0.75;;(23, 9);;(4, 14);1;17739
24;0.75;;(23, 9);;(4, 14);1;17740
24;0.75;;(23, 9);;(4, 14);1;17741
24;0.75;;(23, 9);;(4, 14);1;17742
24;0.75;;(23, 9);;(4, 14);1;17743
24;0.75;;(23, 9);;(4, 14);1;17744
24;0.75;;(23, 9);;(4, 14);1;17745
24;0.75;;(23, 9);;(4, 14);1;17746
24;0.75;;(23, 9);;(4, 14);1;17747
24;0.75;;(23, 9);;(4, 14);1;17748
24;0.75;;(23, 9);;(4, 14);1;17749
24;0.75;;(23, 9);;(4, 14);1;17750
24;0.75;;(23, 9);;(4, 14);1;17751
24;0.75;;(23, 9);;(4, 14);1;17752
24;0.75;;(23, 9);;(4, 14);1;17753
24;0.75;;(23, 9);;(4, 14);1;17754
24;0.75;;(23, 9);;(4, 14);1;17755
24;0.75;;(23, 9);;(4, 14);1;17756
24;0.75;;(23, 9);;(4, 14);1;17757
24;0.75;;(23, 9);;(4, 14);1;17758
24;0.75;;(23, 9);;(4, 14);1;17759
24;0.75;;(23, 9);;(4, 14);1;17760
24;0.75;;(23, 9);;(4, 14);1;17761
24;0.75;;(23, 9);;(4, 14);1;17762
24;0.75;;(23, 9);;(4, 14);1;17763
24;0.75;;(23, 9);;(4, 14);1;17764
24;0.75;;(23, 9);;(4, 14);1;17765
24;0.75;;(23, 9);;(4, 14);1;17766
24;0.75;;(23, 9);;(4, 14);1;17767
24;0.75;;(23, 9);;(4, 14);1;17768
24;0.75;;(23, 9);;(4, 14);1;17769
24;0.75;;(23, 9);;(4, 14);1;17770
24;0.75;;(23, 9);;(4, 14);1;17771
24;0.75;;(23, 9);;(4, 14);1;17772
24;0.75;;(23, 9);;(4, 14);1;17773
24;0.75;;(23, 9);;(4, 14);1;17774
24;0.75;;(23, 9);;(4, 14);1;17775
24;0.75;;(23, 9);;(4, 14);1;17776
24;0.75;;(23, 9);;(4, 14);1;17777
24;0.75;;(23, 9);;(4, 14);1;17778
24;0.75;;(23, 9);;(4, 14);1;17779
24;0.75;;(23, 9);;(4, 14);1;17780
24;0.75;;(23, 9);;(4, 14);1;17781
24;0.75;;(23, 9);;(4, 14);1;17782
24;0.75;;(23, 9);;(4, 14);1;17783
24;0.75;;(23, 9);;(4, 14);1;17784
24;0.75;;(23, 9);;(4, 14);1;17785
24;0.75;;(23, 9);;(4, 14);1;17786
24;0.75;;(23, 9);;(4, 14);1;17787
24;0.75;;(23, 9);;(4, 14);1;17788
24;0.75;;(23, 9);;(4, 14);1;17789
24;0.75;;(23, 9);;(4, 14);1;17790
24;0.75;;(23, 9);;(4, 14);1;17791
24;0.75;;(23, 9);;(4, 14);1;17792
24;0.75;;(23, 9);;(4, 14);1;17793
24;0.75;;(23, 9);;(4, 14);1;17794
24;0.75;;(23, 9);;(4, 14);1;17795
24;0.75;;(23, 9);;(4, 14);1;17796
24;0.75;;(23, 9);;(4, 14);1;17797
24;0.75;;(23, 9);;(4, 14);1;17798
24;0.75;;(23, 9);;(4, 14);1;17799
24;0.75;;(23, 9);;(4, 14);1;17800
24;0.75;;(23, 9);;(4, 14);1;17801
24;0.75;;(23, 9);;(4, 14);1;17802
24;0.75;;(23, 9);;(4, 14);1;17803
24;0.75;;(23, 9);;(4, 14);1;17804
24;0.75;;(23, 9);;(4, 14);1;17805
24;0.75;;(23, 9);;(4, 14);1;17806
24;0.75;;(23, 9);;(4, 14);1;17807
24;0.75;;(23, 9);;(4, 14);1;17808
24;0.75;;(23, 9);;(4, 14);1;17809
24;0.75;;(23, 9);;(4, 14);1;17810
24;0.75;;(23, 9);;(4, 14);1;17811
24;0.75;;(23, 9);;(4, 14);1;17812
24;0.75;;(23, 9);;(4, 14);1;17813
24;0.75;;(23, 9);;(4, 14);1;17814
24;0.75;;(23, 9);;(4, 14);1;17815
24;0.75;;(23, 9);;(4, 14);1;17816
24;0.75;;(23, 9);;(4, 14);1;17817
24;0.75;;(23, 9);;(4, 14);1;17818
24;0.75;;(23, 9);;(4, 14);1;17819
24;0.75;;(23, 9);;(4, 14);1;17820
24;0.75;;(23, 9);;(4, 14);1;17821
24;0.75;;(23, 9);;(4, 14);1;17822
24;0.75;;(23, 9);;(4, 14);1;17823
24;0.75;;(23, 9);;(4, 14);1;17824
24;0.75;;(23, 9);;(4, 14);1;17825
24;0.75;;(23, 9);;(4, 14);1;17826
24;0.75;;(23, 9);;(4, 14);1;17827
24;0.75;;(23, 9);;(4, 14);1;17828
24;0.75;;(23, 9);;(4, 14);1;17829
24;0.75;;(23, 9);;(4, 14);1;17830
24;0.75;;(23, 9);;(4, 14);1;17831
24;0.75;;(23, 9);;(4, 14);1;17832
24;0.75;;(23, 9);;(4, 14);1;17833
24;0.75;;(23, 9);;(4, 14);1;17834
24;0.75;;(23, 9);;(4, 14);1;17835
24;0.75;;(23, 9);;(4, 14);1;17836
24;0.75;;(23, 9);;(4, 14);1;17837
24;0.75;;(23, 9);;(4, 14);1;17838
24;0.75;;(23, 9);;(4, 14);1;17839
24;0.75;;(23, 9);;(4, 14);1;17840
24;0.75;;(23, 9);;(4, 14);1;17841
24;0.75;;(23, 9);;(4, 14);1;17842
24;0.75;;(23, 9);;(4, 14);1;17843
24;0.75;;(23, 9);;(4, 14);1;17844
24;0.75;;(23, 9);;(4, 14);1;17845
24;0.75;;(23, 9);;(4, 14);1;17846
24;0.75;;(23, 9);;(4, 14);1;17847
24;0.75;;(23, 9);;(4, 14);1;17848
24;0.75;;(23, 9);;(4, 14);1;17849
24;0.75;;(23, 9);;(4, 14);1;17850
24;0.75;;(23, 9);;(4, 14);1;17851
24;0.75;;(23, 9);;(4, 14);1;17852
24;0.75;;(23, 9);;(4, 14);1;17853
24;0.75;;(23, 9);;(4, 14);1;17854
24;0.75;;(23, 9);;(4, 14);1;17855
24;0.75;;(23, 9);;(4, 14);1;17856
24;0.75;;(23, 9);;(4, 14);1;17857
24;0.75;;(23, 9);;(4, 14);1;17858
24;0.75;;(23, 9);;(4, 14);1;17859
24;0.75;;(23, 9);;(4, 14);1;17860
24;0.75;;(23, 9);;(4, 14);1;17861
24;0.75;;(23, 9);;(4, 14);1;17862
24;0.75;;(23, 9);;(4, 14);1;17863
24;0.75;;(23, 9);;(4, 14);1;17864
24;0.75;;(23, 9);;(4, 14);1;17865
24;0.75;;(23, 9);;(4, 14);1;17866
24;0.75;;(23, 9);;(4, 14);1;17867
24;0.75;;(23, 9);;(4, 14);1;17868
24;0.75;;(23, 9);;(4, 14);1;17869
24;0.75;;(23, 9);;(4, 14);1;17870
24;0.75;;(23, 9);;(4, 14);1;17871
24;0.75;;(23, 9);;(4, 14);1;17872
24;0.75;;(23, 9);;(4, 14);1;17873
24;0.75;;(23, 9);;(4, 14);1;17874
24;0.75;;(23, 9);;(4, 14);1;17875
24;0.75;;(23, 9);;(4, 14);1;17876
24;0.75;;(23, 9);;(4, 14);1;17877
24;0.75;;(23, 9);;(4, 14);1;17878
24;0.75;;(23, 9);;(4, 14);1;17879
24;0.75;;(23, 9);;(4, 14);1;17880
24;0.75;;(23, 9);;(4, 14);1;17881
24;0.75;;(23, 9);;(4, 14);1;17882
24;0.75;;(23, 9);;(4, 14);1;17883
24;0.75;;(23, 9);;(4, 14);1;17884
24;0.75;;(23, 9);;(4, 14);1;17885
24;0.75;;(23, 9);;(4, 14);1;17886
24;0.75;;(23, 9);;(4, 14);1;17887
24;0.75;;(23, 9);;(4, 14);1;17888
24;0.75;;(23, 9);;(4, 14);1;17889
24;0.75;;(23, 9);;(4, 14);1;17890
24;0.75;;(23, 9);;(4, 14);1;17891
24;0.75;;(23, 9);;(4, 14);1;17892
24;0.75;;(23, 9);;(4, 14);1;17893
24;0.75;;(23, 9);;(4, 14);1;17894
24;0.75;;(23, 9);;(4, 14);1;17895
24;0.75;;(23, 9);;(4, 14);1;17896
24;0.75;;(23, 9);;(4, 14);1;17897
24;0.75;;(23, 9);;(4, 14);1;17898
24;0.75;;(23, 9);;(4, 14);1;17899
24;0.75;;(23, 9);;(4, 14);1;17900
24;0.75;;(23, 9);;(4, 14);1;17901
24;0.75;;(23, 9);;(4, 14);1;17902
24;0.75;;(23, 9);;(4, 14);1;17903
24;0.75;;(23, 9);;(4, 14);1;17904
24;0.75;;(23, 9);;(4, 14);1;17905
24;0.75;;(23, 9);;(4, 14);1;17906
24;0.75;;(23, 9);;(4, 14);1;17907
24;0.75;;(23, 9);;(4, 14);1;17908
24;0.75;;(23, 9);;(4, 14);1;17909
24;0.75;;(23, 9);;(4, 14);1;17910
24;0.75;;(23, 9);;(4, 14);1;17911
24;0.75;;(23, 9);;(4, 14);1;17912
24;0.75;;(23, 9);;(4, 14);1;17913
24;0.75;;(23, 9);;(4, 14);1;17914
24;0.75;;(23, 9);;(4, 14);1;17915
24;0.75;;(23, 9);;(4, 14);1;17916
24;0.75;;(23, 9);;(4, 14);1;17917
24;0.75;;(23, 9);;(4, 14);1;17918
24;0.75;;(23, 9);;(4, 14);1;17919
24;0.75;;(23, 9);;(4, 14);1;17920
24;0.75;;(23, 9);;(4, 14);1;17921
24;0.75;;(23, 9);;(4, 14);1;17922
24;0.75;;(23, 9);;(4, 14);1;17923
24;0.75;;(23, 9);;(4, 14);1;17924
24;0.75;;(23, 9);;(4, 14);1;17925
24;0.75;;(23, 9);;(4, 14);1;17926
24;0.75;;(23, 9);;(4, 14);1;17927
24;0.75;;(23, 9);;(4, 14);1;17928
24;0.75;;(23, 9);;(4, 14);1;17929
24;0.75;;(23, 9);;(4, 14);1;17930
24;0.75;;(23, 9);;(4, 14);1;17931
24;0.75;;(23, 9);;(4, 14);1;17932
24;0.75;;(23, 9);;(4, 14);1;17933
24;0.75;;(23, 9);;(4, 14);1;17934
24;0.75;;(23, 9);;(4, 14);1;17935
24;0.75;;(23, 9);;(4, 14);1;17936
24;0.75;;(23, 9);;(4, 14);1;17937
24;0.75;;(23, 9);;(4, 14);1;17938
24;0.75;;(23, 9);;(4, 14);1;17939
24;0.75;;(23, 9);;(4, 14);1;17940
24;0.75;;(23, 9);;(4, 14);1;17941
24;0.75;;(23, 9);;(4, 14);1;17942
24;0.75;;(23, 9);;(4, 14);1;17943
24;0.75;;(23, 9);;(4, 14);1;17944
24;0.75;;(23, 9);;(4, 14);1;17945
24;0.75;;(23, 9);;(4, 14);1;17946
24;0.75;;(23, 9);;(4, 14);1;17947
24;0.75;;(23, 9);;(4, 14);1;17948
24;0.75;;(23, 9);;(4, 14);1;17949
24;0.75;;(23, 9);;(4, 14);1;17950
24;0.75;;(23, 9);;(4, 14);1;17951
24;0.75;;(23, 9);;(4, 14);1;17952
24;0.75;;(23, 9);;(4, 14);1;17953
24;0.75;;(23, 9);;(4, 14);1;17954
24;0.75;;(23, 9);;(4, 14);1;17955
24;0.75;;(23, 9);;(4, 14);1;17956
24;0.75;;(23, 9);;(4, 14);1;17957
24;0.75;;(23, 9);;(4, 14);1;17958
24;0.75;;(23, 9);;(4, 14);1;17959
24;0.75;;(23, 9);;(4, 14);1;17960
24;0.75;;(23, 9);;(4, 14);1;17961
24;0.75;;(23, 9);;(4, 14);1;17962
24;0.75;;(23, 9);;(4, 14);1;17963
24;0.75;;(23, 9);;(4, 14);1;17964
24;0.75;;(23, 9);;(4, 14);1;17965
24;0.75;;(23, 9);;(4, 14);1;17966
24;0.75;;(23, 9);;(4, 14);1;17967
24;0.75;;(23, 9);;(4, 14);1;17968
24;0.75;;(23, 9);;(4, 14);1;17969
24;0.75;;(23, 9);;(4, 14);1;17970
24;0.75;;(23, 9);;(4, 14);1;17971
24;0.75;;(23, 9);;(4, 14);1;17972
24;0.75;;(23, 9);;(4, 14);1;17973
24;0.75;;(23, 9);;(4, 14);1;17974
24;0.75;;(23, 9);;(4, 14);1;17975
24;0.75;;(23, 9);;(4, 14);1;17976
24;0.75;;(23, 9);;(4, 14);1;17977
24;0.75;;(23, 9);;(4, 14);1;17978
24;0.75;;(23, 9);;(4, 14);1;17979
24;0.75;;(23, 9);;(4, 14);1;17980
24;0.75;;(23, 9);;(4, 14);1;17981
24;0.75;;(23, 9);;(4, 14);1;17982
24;0.75;;(23, 9);;(4, 14);1;17983
24;0.75;;(23, 9);;(4, 14);1;17984
24;0.75;;(23, 9);;(4, 14);1;17985
24;0.75;;(23, 9);;(4, 14);1;17986
24;0.75;;(23, 9);;(4, 14);1;17987
24;0.75;;(23, 9);;(4, 14);1;17988
24;0.75;;(23, 9);;(4, 14);1;17989
24;0.75;;(23, 9);;(4, 14);1;17990
24;0.75;;(23, 9);;(4, 14);1;17991
24;0.75;;(23, 9);;(4, 14);1;17992
24;0.75;;(23, 9);;(4, 14);1;17993
24;0.75;;(23, 9);;(4, 14);1;17994
24;0.75;;(23, 9);;(4, 14);1;17995
24;0.75;;(23, 9);;(4, 14);1;17996
24;0.75;;(23, 9);;(4, 14);1;17997
24;0.75;;(23, 9);;(4, 14);1;17998
24;0.75;;(23, 9);;(4, 14);1;17999
24;0.75;;(23, 9);;(4, 14);1;18000
24;0.75;;(23, 9);;(4, 14);1;18001
24;0.75;;(23, 9);;(4, 14);1;18002
24;0.75;;(23, 9);;(4, 14);1;18003
24;0.75;;(23, 9);;(4, 14);1;18004
24;0.75;;(23, 9);;(4, 14);1;18005
24;0.75;;(23, 9);;(4, 14);1;18006
24;0.75;;(23, 9);;(4, 14);1;18007
24;0.75;;(23, 9);;(4, 14);1;18008
24;0.75;;(23, 9);;(4, 14);1;18009
24;0.75;;(23, 9);;(4, 14);1;18010
24;0.75;;(23, 9);;(4, 14);1;18011
24;0.75;;(23, 9);;(4, 14);1;18012
24;0.75;;(23, 9);;(4, 14);1;18013
24;0.75;;(23, 9);;(4, 14);1;18014
24;0.75;;(23, 9);;(4, 14);1;18015
24;0.75;;(23, 9);;(4, 14);1;18016
24;0.75;;(23, 9);;(4, 14);1;18017
24;0.75;;(23, 9);;(4, 14);1;18018
24;0.75;;(23, 9);;(4, 14);1;18019
24;0.75;;(23, 9);;(4, 14);1;18020
24;0.75;;(23, 9);;(4, 14);1;18021
24;0.75;;(23, 9);;(4, 14);1;18022
24;0.75;;(23, 9);;(4, 14);1;18023
24;0.75;;(23, 9);;(4, 14);1;18024
24;0.75;;(23, 9);;(4, 14);1;18025
24;0.75;;(23, 9);;(4, 14);1;18026
24;0.75;;(23, 9);;(4, 14);1;18027
24;0.75;;(23, 9);;(4, 14);1;18028
24;0.75;;(23, 9);;(4, 14);1;18029
24;0.75;;(23, 9);;(4, 14);1;18030
24;0.75;;(23, 9);;(4, 14);1;18031
24;0.75;;(23, 9);;(4, 14);1;18032
24;0.75;;(23, 9);;(4, 14);1;18033
24;0.75;;(23, 9);;(4, 14);1;18034
24;0.75;;(23, 9);;(4, 14);1;18035
24;0.75;;(23, 9);;(4, 14);1;18036
24;0.75;;(23, 9);;(4, 14);1;18037
24;0.75;;(23, 9);;(4, 14);1;18038
24;0.75;;(23, 9);;(4, 14);1;18039
24;0.75;;(23, 9);;(4, 14);1;18040
24;0.75;;(23, 9);;(4, 14);1;18041
24;0.75;;(23, 9);;(4, 14);1;18042
24;0.75;;(23, 9);;(4, 14);1;18043
24;0.75;;(23, 9);;(4, 14);1;18044
24;0.75;;(23, 9);;(4, 14);1;18045
24;0.75;;(23, 9);;(4, 14);1;18046
24;0.75;;(23, 9);;(4, 14);1;18047
24;0.75;;(23, 9);;(4, 14);1;18048
24;0.75;;(23, 9);;(4, 14);1;18049
24;0.75;;(23, 9);;(4, 14);1;18050
24;0.75;;(23, 9);;(4, 14);1;18051
24;0.75;;(23, 9);;(4, 14);1;18052
24;0.75;;(23, 9);;(4, 14);1;18053
24;0.75;;(23, 9);;(4, 14);1;18054
24;0.75;;(23, 9);;(4, 14);1;18055
24;0.75;;(23, 9);;(4, 14);1;18056
24;0.75;;(23, 9);;(4, 14);1;18057
24;0.75;;(23, 9);;(4, 14);1;18058
24;0.75;;(23, 9);;(4, 14);1;18059
24;0.75;;(23, 9);;(4, 14);1;18060
24;0.75;;(23, 9);;(4, 14);1;18061
24;0.75;;(23, 9);;(4, 14);1;18062
24;0.75;;(23, 9);;(4, 14);1;18063
24;0.75;;(23, 9);;(4, 14);1;18064
24;0.75;;(23, 9);;(4, 14);1;18065
24;0.75;;(23, 9);;(4, 14);1;18066
24;0.75;;(23, 9);;(4, 14);1;18067
24;0.75;;(23, 9);;(4, 14);1;18068
24;0.75;;(23, 9);;(4, 14);1;18069
24;0.75;;(23, 9);;(4, 14);1;18070
24;0.75;;(23, 9);;(4, 14);1;18071
24;0.75;;(23, 9);;(4, 14);1;18072
24;0.75;;(23, 9);;(4, 14);1;18073
24;0.75;;(23, 9);;(4, 14);1;18074
24;0.75;;(23, 9);;(4, 14);1;18075
24;0.75;;(23, 9);;(4, 14);1;18076
24;0.75;;(23, 9);;(4, 14);1;18077
24;0.75;;(23, 9);;(4, 14);1;18078
24;0.75;;(23, 9);;(4, 14);1;18079
24;0.75;;(23, 9);;(4, 14);1;18080
24;0.75;;(23, 9);;(4, 14);1;18081
24;0.75;;(23, 9);;(4, 14);1;18082
24;0.75;;(23, 9);;(4, 14);1;18083
24;0.75;;(23, 9);;(4, 14);1;18084
24;0.75;;(23, 9);;(4, 14);1;18085
24;0.75;;(23, 9);;(4, 14);1;18086
24;0.75;;(23, 9);;(4, 14);1;18087
24;0.75;;(23, 9);;(4, 14);1;18088
24;0.75;;(23, 9);;(4, 14);1;18089
24;0.75;;(23, 9);;(4, 14);1;18090
24;0.75;;(23, 9);;(4, 14);1;18091
24;0.75;;(23, 9);;(4, 14);1;18092
24;0.75;;(23, 9);;(4, 14);1;18093
24;0.75;;(23, 9);;(4, 14);1;18094
24;0.75;;(23, 9);;(4, 14);1;18095
24;0.75;;(23, 9);;(4, 14);1;18096
24;0.75;;(23, 9);;(4, 14);1;18097
24;0.75;;(23, 9);;(4, 14);1;18098
24;0.75;;(23, 9);;(4, 14);1;18099
24;0.75;;(23, 9);;(4, 14);1;18100
24;0.75;;(23, 9);;(4, 14);1;18101
24;0.75;;(23, 9);;(4, 14);1;18102
24;0.75;;(23, 9);;(4, 14);1;18103
24;0.75;;(23, 9);;(4, 14);1;18104
24;0.75;;(23, 9);;(4, 14);1;18105
24;0.75;;(23, 9);;(4, 14);1;18106
24;0.75;;(23, 9);;(4, 14);1;18107
24;0.75;;(23, 9);;(4, 14);1;18108
24;0.75;;(23, 9);;(4, 14);1;18109
24;0.75;;(23, 9);;(4, 14);1;18110
24;0.75;;(23, 9);;(4, 14);1;18111
24;0.75;;(23, 9);;(4, 14);1;18112
24;0.75;;(23, 9);;(4, 14);1;18113
24;0.75;;(23, 9);;(4, 14);1;18114
24;0.75;;(23, 9);;(4, 14);1;18115
24;0.75;;(23, 9);;(4, 14);1;18116
24;0.75;;(23, 9);;(4, 14);1;18117
24;0.75;;(23, 9);;(4, 14);1;18118
24;0.75;;(23, 9);;(4, 14);1;18119
24;0.75;;(23, 9);;(4, 14);1;18120
24;0.75;;(23, 9);;(4, 14);1;18121
24;0.75;;(23, 9);;(4, 14);1;18122
24;0.75;;(23, 9);;(4, 14);1;18123
24;0.75;;(23, 9);;(4, 14);1;18124
24;0.75;;(23, 9);;(4, 14);1;18125
24;0.75;;(23, 9);;(4, 14);1;18126
24;0.75;;(23, 9);;(4, 14);1;18127
24;0.75;;(23, 9);;(4, 14);1;18128
24;0.75;;(23, 9);;(4, 14);1;18129
24;0.75;;(23, 9);;(4, 14);1;18130
24;0.75;;(23, 9);;(4, 14);1;18131
24;0.75;;(23, 9);;(4, 14);1;18132
24;0.75;;(23, 9);;(4, 14);1;18133
24;0.75;;(23, 9);;(4, 14);1;18134
24;0.75;;(23, 9);;(4, 14);1;18135
24;0.75;;(23, 9);;(4, 14);1;18136
24;0.75;;(23, 9);;(4, 14);1;18137
24;0.75;;(23, 9);;(4, 14);1;18138
24;0.75;;(23, 9);;(4, 14);1;18139
24;0.75;;(23, 9);;(4, 14);1;18140
24;0.75;;(23, 9);;(4, 14);1;18141
24;0.75;;(23, 9);;(4, 14);1;18142
24;0.75;;(23, 9);;(4, 14);1;18143
24;0.75;;(23, 9);;(4, 14);1;18144
24;0.75;;(23, 9);;(4, 14);1;18145
24;0.75;;(23, 9);;(4, 14);1;18146
24;0.75;;(23, 9);;(4, 14);1;18147
24;0.75;;(23, 9);;(4, 14);1;18148
24;0.75;;(23, 9);;(4, 14);1;18149
24;0.75;;(23, 9);;(4, 14);1;18150
24;0.75;;(23, 9);;(4, 14);1;18151
24;0.75;;(23, 9);;(4, 14);1;18152
24;0.75;;(23, 9);;(4, 14);1;18153
24;0.75;;(23, 9);;(4, 14);1;18154
24;0.75;;(23, 9);;(4, 14);1;18155
24;0.75;;(23, 9);;(4, 14);1;18156
24;0.75;;(23, 9);;(4, 14);1;18157
24;0.75;;(23, 9);;(4, 14);1;18158
24;0.75;;(23, 9);;(4, 14);1;18159
24;0.75;;(23, 9);;(4, 14);1;18160
24;0.75;;(23, 9);;(4, 14);1;18161
24;0.75;;(23, 9);;(4, 14);1;18162
24;0.75;;(23, 9);;(4, 14);1;18163
24;0.75;;(23, 9);;(4, 14);1;18164
24;0.75;;(23, 9);;(4, 14);1;18165
24;0.75;;(23, 9);;(4, 14);1;18166
24;0.75;;(23, 9);;(4, 14);1;18167
24;0.75;;(23, 9);;(4, 14);1;18168
24;0.75;;(23, 9);;(4, 14);1;18169
24;0.75;;(23, 9);;(4, 14);1;18170
24;0.75;;(23, 9);;(4, 14);1;18171
24;0.75;;(23, 9);;(4, 14);1;18172
24;0.75;;(23, 9);;(4, 14);1;18173
24;0.75;;(23, 9);;(4, 14);1;18174
24;0.75;;(23, 9);;(4, 14);1;18175
24;0.75;;(23, 9);;(4, 14);1;18176
24;0.75;;(23, 9);;(4, 14);1;18177
24;0.75;;(23, 9);;(4, 14);1;18178
24;0.75;;(23, 9);;(4, 14);1;18179
24;0.75;;(23, 9);;(4, 14);1;18180
24;0.75;;(23, 9);;(4, 14);1;18181
24;0.75;;(23, 9);;(4, 14);1;18182
24;0.75;;(23, 9);;(4, 14);1;18183
24;0.75;;(23, 9);;(4, 14);1;18184
24;0.75;;(23, 9);;(4, 14);1;18185
24;0.75;;(23, 9);;(4, 14);1;18186
24;0.75;;(23, 9);;(4, 14);1;18187
24;0.75;;(23, 9);;(4, 14);1;18188
24;0.75;;(23, 9);;(4, 14);1;18189
24;0.75;;(23, 9);;(4, 14);1;18190
24;0.75;;(23, 9);;(4, 14);1;18191
24;0.75;;(23, 9);;(4, 14);1;18192
24;0.75;;(23, 9);;(4, 14);1;18193
24;0.75;;(23, 9);;(4, 14);1;18194
24;0.75;;(23, 9);;(4, 14);1;18195
24;0.75;;(23, 9);;(4, 14);1;18196
24;0.75;;(23, 9);;(4, 14);1;18197
24;0.75;;(23, 9);;(4, 14);1;18198
24;0.75;;(23, 9);;(4, 14);1;18199
24;0.75;;(23, 9);;(4, 14);1;18200
24;0.75;;(23, 9);;(4, 14);1;18201
24;0.75;;(23, 9);;(4, 14);1;18202
24;0.75;;(23, 9);;(4, 14);1;18203
24;0.75;;(23, 9);;(4, 14);1;18204
24;0.75;;(23, 9);;(4, 14);1;18205
24;0.75;;(23, 9);;(4, 14);1;18206
24;0.75;;(23, 9);;(4, 14);1;18207
24;0.75;;(23, 9);;(4, 14);1;18208
24;0.75;;(23, 9);;(4, 14);1;18209
24;0.75;;(23, 9);;(4, 14);1;18210
24;0.75;;(23, 9);;(4, 14);1;18211
24;0.75;;(23, 9);;(4, 14);1;18212
24;0.75;;(23, 9);;(4, 14);1;18213
24;0.75;;(23, 9);;(4, 14);1;18214
24;0.75;;(23, 9);;(4, 14);1;18215
24;0.75;;(23, 9);;(4, 14);1;18216
24;0.75;;(23, 9);;(4, 14);1;18217
24;0.75;;(23, 9);;(4, 14);1;18218
24;0.75;;(23, 9);;(4, 14);1;18219
24;0.75;;(23, 9);;(4, 14);1;18220
24;0.75;;(23, 9);;(4, 14);1;18221
24;0.75;;(23, 9);;(4, 14);1;18222
24;0.75;;(23, 9);;(4, 14);1;18223
24;0.75;;(23, 9);;(4, 14);1;18224
24;0.75;;(23, 9);;(4, 14);1;18225
24;0.75;;(23, 9);;(4, 14);1;18226
24;0.75;;(23, 9);;(4, 14);1;18227
24;0.75;;(23, 9);;(4, 14);1;18228
24;0.75;;(23, 9);;(4, 14);1;18229
24;0.75;;(23, 9);;(4, 14);1;18230
24;0.75;;(23, 9);;(4, 14);1;18231
24;0.75;;(23, 9);;(4, 14);1;18232
24;0.75;;(23, 9);;(4, 14);1;18233
24;0.75;;(23, 9);;(4, 14);1;18234
24;0.75;;(23, 9);;(4, 14);1;18235
24;0.75;;(23, 9);;(4, 14);1;18236
24;0.75;;(23, 9);;(4, 14);1;18237
24;0.75;;(23, 9);;(4, 14);1;18238
24;0.75;;(23, 9);;(4, 14);1;18239
24;0.75;;(23, 9);;(4, 14);1;18240
24;0.75;;(23, 9);;(4, 14);1;18241
24;0.75;;(23, 9);;(4, 14);1;18242
24;0.75;;(23, 9);;(4, 14);1;18243
24;0.75;;(23, 9);;(4, 14);1;18244
24;0.75;;(23, 9);;(4, 14);1;18245
24;0.75;;(23, 9);;(4, 14);1;18246
24;0.75;;(23, 9);;(4, 14);1;18247
24;0.75;;(23, 9);;(4, 14);1;18248
24;0.75;;(23, 9);;(4, 14);1;18249
24;0.75;;(23, 9);;(4, 14);1;18250
24;0.75;;(23, 9);;(4, 14);1;18251
24;0.75;;(23, 9);;(4, 14);1;18252
24;0.75;;(23, 9);;(4, 14);1;18253
24;0.75;;(23, 9);;(4, 14);1;18254
24;0.75;;(23, 9);;(4, 14);1;18255
24;0.75;;(23, 9);;(4, 14);1;18256
24;0.75;;(23, 9);;(4, 14);1;18257
24;0.75;;(23, 9);;(4, 14);1;18258
24;0.75;;(23, 9);;(4, 14);1;18259
24;0.75;;(23, 9);;(4, 14);1;18260
24;0.75;;(23, 9);;(4, 14);1;18261
24;0.75;;(23, 9);;(4, 14);1;18262
24;0.75;;(23, 9);;(4, 14);1;18263
24;0.75;;(23, 9);;(4, 14);1;18264
24;0.75;;(23, 9);;(4, 14);1;18265
24;0.75;;(23, 9);;(4, 14);1;18266
24;0.75;;(23, 9);;(4, 14);1;18267
24;0.75;;(23, 9);;(4, 14);1;18268
24;0.75;;(23, 9);;(4, 14);1;18269
24;0.75;;(23, 9);;(4, 14);1;18270
24;0.75;;(23, 9);;(4, 14);1;18271
24;0.75;;(23, 9);;(4, 14);1;18272
24;0.75;;(23, 9);;(4, 14);1;18273
24;0.75;;(23, 9);;(4, 14);1;18274
24;0.75;;(23, 9);;(4, 14);1;18275
24;0.75;;(23, 9);;(4, 14);1;18276
24;0.75;;(23, 9);;(4, 14);1;18277
24;0.75;;(23, 9);;(4, 14);1;18278
24;0.75;;(23, 9);;(4, 14);1;18279
24;0.75;;(23, 9);;(4, 14);1;18280
24;0.75;;(23, 9);;(4, 14);1;18281
24;0.75;;(23, 9);;(4, 14);1;18282
24;0.75;;(23, 9);;(4, 14);1;18283
24;0.75;;(23, 9);;(4, 14);1;18284
24;0.75;;(23, 9);;(4, 14);1;18285
24;0.75;;(23, 9);;(4, 14);1;18286
24;0.75;;(23, 9);;(4, 14);1;18287
24;0.75;;(23, 9);;(4, 14);1;18288
24;0.75;;(23, 9);;(4, 14);1;18289
24;0.75;;(23, 9);;(4, 14);1;18290
24;0.75;;(23, 9);;(4, 14);1;18291
24;0.75;;(23, 9);;(4, 14);1;18292
24;0.75;;(23, 9);;(4, 14);1;18293
24;0.75;;(23, 9);;(4, 14);1;18294
24;0.75;;(23, 9);;(4, 14);1;18295
24;0.75;;(23, 9);;(4, 14);1;18296
24;0.75;;(23, 9);;(4, 14);1;18297
24;0.75;;(23, 9);;(4, 14);1;18298
24;0.75;;(23, 9);;(4, 14);1;18299
24;0.75;;(23, 9);;(4, 14);1;18300
24;0.75;;(23, 9);;(4, 14);1;18301
24;0.75;;(23, 9);;(4, 14);1;18302
24;0.75;;(23, 9);;(4, 14);1;18303
24;0.75;;(23, 9);;(4, 14);1;18304
24;0.75;;(23, 9);;(4, 14);1;18305
24;0.75;;(23, 9);;(4, 14);1;18306
24;0.75;;(23, 9);;(4, 14);1;18307
24;0.75;;(23, 9);;(4, 14);1;18308
24;0.75;;(23, 9);;(4, 14);1;18309
24;0.75;;(23, 9);;(4, 14);1;18310
24;0.75;;(23, 9);;(4, 14);1;18311
24;0.75;;(23, 9);;(4, 14);1;18312
24;0.75;;(23, 9);;(4, 14);1;18313
24;0.75;;(23, 9);;(4, 14);1;18314
24;0.75;;(23, 9);;(4, 14);1;18315
24;0.75;;(23, 9);;(4, 14);1;18316
24;0.75;;(23, 9);;(4, 14);1;18317
24;0.75;;(23, 9);;(4, 14);1;18318
24;0.75;;(23, 9);;(4, 14);1;18319
24;0.75;;(23, 9);;(4, 14);1;18320
24;0.75;;(23, 9);;(4, 14);1;18321
24;0.75;;(23, 9);;(4, 14);1;18322
24;0.75;;(23, 9);;(4, 14);1;18323
24;0.75;;(23, 9);;(4, 14);1;18324
24;0.75;;(23, 9);;(4, 14);1;18325
24;0.75;;(23, 9);;(4, 14);1;18326
24;0.75;;(23, 9);;(4, 14);1;18327
24;0.75;;(23, 9);;(4, 14);1;18328
24;0.75;;(23, 9);;(4, 14);1;18329
24;0.75;;(23, 9);;(4, 14);1;18330
24;0.75;;(23, 9);;(4, 14);1;18331
24;0.75;;(23, 9);;(4, 14);1;18332
24;0.75;;(23, 9);;(4, 14);1;18333
24;0.75;;(23, 9);;(4, 14);1;18334
24;0.75;;(23, 9);;(4, 14);1;18335
24;0.75;;(23, 9);;(4, 14);1;18336
24;0.75;;(23, 9);;(4, 14);1;18337
24;0.75;;(23, 9);;(4, 14);1;18338
24;0.75;;(23, 9);;(4, 14);1;18339
24;0.75;;(23, 9);;(4, 14);1;18340
24;0.75;;(23, 9);;(4, 14);1;18341
24;0.75;;(23, 9);;(4, 14);1;18342
24;0.75;;(23, 9);;(4, 14);1;18343
24;0.75;;(23, 9);;(4, 14);1;18344
24;0.75;;(23, 9);;(4, 14);1;18345
24;0.75;;(23, 9);;(4, 14);1;18346
24;0.75;;(23, 9);;(4, 14);1;18347
24;0.75;;(23, 9);;(4, 14);1;18348
24;0.75;;(23, 9);;(4, 14);1;18349
24;0.75;;(23, 9);;(4, 14);1;18350
24;0.75;;(23, 9);;(4, 14);1;18351
24;0.75;;(23, 9);;(4, 14);1;18352
24;0.75;;(23, 9);;(4, 14);1;18353
24;0.75;;(23, 9);;(4, 14);1;18354
24;0.75;;(23, 9);;(4, 14);1;18355
24;0.75;;(23, 9);;(4, 14);1;18356
24;0.75;;(23, 9);;(4, 14);1;18357
24;0.75;;(23, 9);;(4, 14);1;18358
24;0.75;;(23, 9);;(4, 14);1;18359
24;0.75;;(23, 9);;(4, 14);1;18360
24;0.75;;(23, 9);;(4, 14);1;18361
24;0.75;;(23, 9);;(4, 14);1;18362
24;0.75;;(23, 9);;(4, 14);1;18363
24;0.75;;(23, 9);;(4, 14);1;18364
24;0.75;;(23, 9);;(4, 14);1;18365
24;0.75;;(23, 9);;(4, 14);1;18366
24;0.75;;(23, 9);;(4, 14);1;18367
24;0.75;;(23, 9);;(4, 14);1;18368
24;0.75;;(23, 9);;(4, 14);1;18369
24;0.75;;(23, 9);;(4, 14);1;18370
24;0.75;;(23, 9);;(4, 14);1;18371
24;0.75;;(23, 9);;(4, 14);1;18372
24;0.75;;(23, 9);;(4, 14);1;18373
24;0.75;;(23, 9);;(4, 14);1;18374
24;0.75;;(23, 9);;(4, 14);1;18375
24;0.75;;(23, 9);;(4, 14);1;18376
24;0.75;;(23, 9);;(4, 14);1;18377
24;0.75;;(23, 9);;(4, 14);1;18378
24;0.75;;(23, 9);;(4, 14);1;18379
24;0.75;;(23, 9);;(4, 14);1;18380
24;0.75;;(23, 9);;(4, 14);1;18381
24;0.75;;(23, 9);;(4, 14);1;18382
24;0.75;;(23, 9);;(4, 14);1;18383
24;0.75;;(23, 9);;(4, 14);1;18384
24;0.75;;(23, 9);;(4, 14);1;18385
24;0.75;;(23, 9);;(4, 14);1;18386
24;0.75;;(23, 9);;(4, 14);1;18387
24;0.75;;(23, 9);;(4, 14);1;18388
24;0.75;;(23, 9);;(4, 14);1;18389
24;0.75;;(23, 9);;(4, 14);1;18390
24;0.75;;(23, 9);;(4, 14);1;18391
24;0.75;;(23, 9);;(4, 14);1;18392
24;0.75;;(23, 9);;(4, 14);1;18393
24;0.75;;(23, 9);;(4, 14);1;18394
24;0.75;;(23, 9);;(4, 14);1;18395
24;0.75;;(23, 9);;(4, 14);1;18396
24;0.75;;(23, 9);;(4, 14);1;18397
24;0.75;;(23, 9);;(4, 14);1;18398
24;0.75;;(23, 9);;(4, 14);1;18399
24;0.75;;(23, 9);;(4, 14);1;18400
24;0.75;;(23, 9);;(4, 14);1;18401
24;0.75;;(23, 9);;(4, 14);1;18402
24;0.75;;(23, 9);;(4, 14);1;18403
24;0.75;;(23, 9);;(4, 14);1;18404
24;0.75;;(23, 9);;(4, 14);1;18405
24;0.75;;(23, 9);;(4, 14);1;18406
24;0.75;;(23, 9);;(4, 14);1;18407
24;0.75;;(23, 9);;(4, 14);1;18408
24;0.75;;(23, 9);;(4, 14);1;18409
24;0.75;;(23, 9);;(4, 14);1;18410
24;0.75;;(23, 9);;(4, 14);1;18411
24;0.75;;(23, 9);;(4, 14);1;18412
24;0.75;;(23, 9);;(4, 14);1;18413
24;0.75;;(23, 9);;(4, 14);1;18414
24;0.75;;(23, 9);;(4, 14);1;18415
24;0.75;;(23, 9);;(4, 14);1;18416
24;0.75;;(23, 9);;(4, 14);1;18417
24;0.75;;(23, 9);;(4, 14);1;18418
24;0.75;;(23, 9);;(4, 14);1;18419
24;0.75;;(23, 9);;(4, 14);1;18420
24;0.75;;(23, 9);;(4, 14);1;18421
24;0.75;;(23, 9);;(4, 14);1;18422
24;0.75;;(23, 9);;(4, 14);1;18423
24;0.75;;(23, 9);;(4, 14);1;18424
24;0.75;;(23, 9);;(4, 14);1;18425
24;0.75;;(23, 9);;(4, 14);1;18426
24;0.75;;(23, 9);;(4, 14);1;18427
24;0.75;;(23, 9);;(4, 14);1;18428
24;0.75;;(23, 9);;(4, 14);1;18429
24;0.75;;(23, 9);;(4, 14);1;18430
24;0.75;;(23, 9);;(4, 14);1;18431
24;0.75;;(23, 9);;(4, 14);1;18432
24;0.75;;(23, 9);;(4, 14);1;18433
24;0.75;;(23, 9);;(4, 14);1;18434
24;0.75;;(23, 9);;(4, 14);1;18435
24;0.75;;(23, 9);;(4, 14);1;18436
24;0.75;;(23, 9);;(4, 14);1;18437
24;0.75;;(23, 9);;(4, 14);1;18438
24;0.75;;(23, 9);;(4, 14);1;18439
24;0.75;;(23, 9);;(4, 14);1;18440
24;0.75;;(23, 9);;(4, 14);1;18441
24;0.75;;(23, 9);;(4, 14);1;18442
24;0.75;;(23, 9);;(4, 14);1;18443
24;0.75;;(23, 9);;(4, 14);1;18444
24;0.75;;(23, 9);;(4, 14);1;18445
24;0.75;;(23, 9);;(4, 14);1;18446
24;0.75;;(23, 9);;(4, 14);1;18447
24;0.75;;(23, 9);;(4, 14);1;18448
24;0.75;;(23, 9);;(4, 14);1;18449
24;0.75;;(23, 9);;(4, 14);1;18450
24;0.75;;(23, 9);;(4, 14);1;18451
24;0.75;;(23, 9);;(4, 14);1;18452
24;0.75;;(23, 9);;(4, 14);1;18453
24;0.75;;(23, 9);;(4, 14);1;18454
24;0.75;;(23, 9);;(4, 14);1;18455
24;0.75;;(23, 9);;(4, 14);1;18456
24;0.75;;(23, 9);;(4, 14);1;18457
24;0.75;;(23, 9);;(4, 14);1;18458
24;0.75;;(23, 9);;(4, 14);1;18459
24;0.75;;(23, 9);;(4, 14);1;18460
24;0.75;;(23, 9);;(4, 14);1;18461
24;0.75;;(23, 9);;(4, 14);1;18462
24;0.75;;(23, 9);;(4, 14);1;18463
24;0.75;;(23, 9);;(4, 14);1;18464
24;0.75;;(23, 9);;(4, 14);1;18465
24;0.75;;(23, 9);;(4, 14);1;18466
24;0.75;;(23, 9);;(4, 14);1;18467
24;0.75;;(23, 9);;(4, 14);1;18468
24;0.75;;(23, 9);;(4, 14);1;18469
24;0.75;;(23, 9);;(4, 14);1;18470
24;0.75;;(23, 9);;(4, 14);1;18471
24;0.75;;(23, 9);;(4, 14);1;18472
24;0.75;;(23, 9);;(4, 14);1;18473
24;0.75;;(23, 9);;(4, 14);1;18474
24;0.75;;(23, 9);;(4, 14);1;18475
24;0.75;;(23, 9);;(4, 14);1;18476
24;0.75;;(23, 9);;(4, 14);1;18477
24;0.75;;(23, 9);;(4, 14);1;18478
24;0.75;;(23, 9);;(4, 14);1;18479
24;0.75;;(23, 9);;(4, 14);1;18480
24;0.75;;(23, 9);;(4, 14);1;18481
24;0.75;;(23, 9);;(4, 14);1;18482
24;0.75;;(23, 9);;(4, 14);1;18483
24;0.75;;(23, 9);;(4, 14);1;18484
24;0.75;;(23, 9);;(4, 14);1;18485
24;0.75;;(23, 9);;(4, 14);1;18486
24;0.75;;(23, 9);;(4, 14);1;18487
24;0.75;;(23, 9);;(4, 14);1;18488
24;0.75;;(23, 9);;(4, 14);1;18489
24;0.75;;(23, 9);;(4, 14);1;18490
24;0.75;;(23, 9);;(4, 14);1;18491
24;0.75;;(23, 9);;(4, 14);1;18492
24;0.75;;(23, 9);;(4, 14);1;18493
24;0.75;;(23, 9);;(4, 14);1;18494
24;0.75;;(23, 9);;(4, 14);1;18495
24;0.75;;(23, 9);;(4, 14);1;18496
24;0.75;;(23, 9);;(4, 14);1;18497
24;0.75;;(23, 9);;(4, 14);1;18498
24;0.75;;(23, 9);;(4, 14);1;18499
24;0.75;;(23, 9);;(4, 14);1;18500
24;0.75;;(23, 9);;(4, 14);1;18501
24;0.75;;(23, 9);;(4, 14);1;18502
24;0.75;;(23, 9);;(4, 14);1;18503
24;0.75;;(23, 9);;(4, 14);1;18504
24;0.75;;(23, 9);;(4, 14);1;18505
24;0.75;;(23, 9);;(4, 14);1;18506
24;0.75;;(23, 9);;(4, 14);1;18507
24;0.75;;(23, 9);;(4, 14);1;18508
24;0.75;;(23, 9);;(4, 14);1;18509
24;0.75;;(23, 9);;(4, 14);1;18510
24;0.75;;(23, 9);;(4, 14);1;18511
24;0.75;;(23, 9);;(4, 14);1;18512
24;0.75;;(23, 9);;(4, 14);1;18513
24;0.75;;(23, 9);;(4, 14);1;18514
24;0.75;;(23, 9);;(4, 14);1;18515
24;0.75;;(23, 9);;(4, 14);1;18516
24;0.75;;(23, 9);;(4, 14);1;18517
24;0.75;;(23, 9);;(4, 14);1;18518
24;0.75;;(23, 9);;(4, 14);1;18519
24;0.75;;(23, 9);;(4, 14);1;18520
24;0.75;;(23, 9);;(4, 14);1;18521
24;0.75;;(23, 9);;(4, 14);1;18522
24;0.75;;(23, 9);;(4, 14);1;18523
24;0.75;;(23, 9);;(4, 14);1;18524
24;0.75;;(23, 9);;(4, 14);1;18525
24;0.75;;(23, 9);;(4, 14);1;18526
24;0.75;;(23, 9);;(4, 14);1;18527
24;0.75;;(23, 9);;(4, 14);1;18528
24;0.75;;(23, 9);;(4, 14);1;18529
24;0.75;;(23, 9);;(4, 14);1;18530
24;0.75;;(23, 9);;(4, 14);1;18531
24;0.75;;(23, 9);;(4, 14);1;18532
24;0.75;;(23, 9);;(4, 14);1;18533
24;0.75;;(23, 9);;(4, 14);1;18534
24;0.75;;(23, 9);;(4, 14);1;18535
24;0.75;;(23, 9);;(4, 14);1;18536
24;0.75;;(23, 9);;(4, 14);1;18537
24;0.75;;(23, 9);;(4, 14);1;18538
24;0.75;;(23, 9);;(4, 14);1;18539
24;0.75;;(23, 9);;(4, 14);1;18540
24;0.75;;(23, 9);;(4, 14);1;18541
24;0.75;;(23, 9);;(4, 14);1;18542
24;0.75;;(23, 9);;(4, 14);1;18543
24;0.75;;(23, 9);;(4, 14);1;18544
24;0.75;;(23, 9);;(4, 14);1;18545
24;0.75;;(23, 9);;(4, 14);1;18546
24;0.75;;(23, 9);;(4, 14);1;18547
24;0.75;;(23, 9);;(4, 14);1;18548
24;0.75;;(23, 9);;(4, 14);1;18549
24;0.75;;(23, 9);;(4, 14);1;18550
24;0.75;;(23, 9);;(4, 14);1;18551
24;0.75;;(23, 9);;(4, 14);1;18552
24;0.75;;(23, 9);;(4, 14);1;18553
24;0.75;;(23, 9);;(4, 14);1;18554
24;0.75;;(23, 9);;(4, 14);1;18555
24;0.75;;(23, 9);;(4, 14);1;18556
24;0.75;;(23, 9);;(4, 14);1;18557
24;0.75;;(23, 9);;(4, 14);1;18558
24;0.75;;(23, 9);;(4, 14);1;18559
24;0.75;;(23, 9);;(4, 14);1;18560
24;0.75;;(23, 9);;(4, 14);1;18561
24;0.75;;(23, 9);;(4, 14);1;18562
24;0.75;;(23, 9);;(4, 14);1;18563
24;0.75;;(23, 9);;(4, 14);1;18564
24;0.75;;(23, 9);;(4, 14);1;18565
24;0.75;;(23, 9);;(4, 14);1;18566
24;0.75;;(23, 9);;(4, 14);1;18567
24;0.75;;(23, 9);;(4, 14);1;18568
24;0.75;;(23, 9);;(4, 14);1;18569
24;0.75;;(23, 9);;(4, 14);1;18570
24;0.75;;(23, 9);;(4, 14);1;18571
24;0.75;;(23, 9);;(4, 14);1;18572
24;0.75;;(23, 9);;(4, 14);1;18573
24;0.75;;(23, 9);;(4, 14);1;18574
24;0.75;;(23, 9);;(4, 14);1;18575
24;0.75;;(23, 9);;(4, 14);1;18576
24;0.75;;(23, 9);;(4, 14);1;18577
24;0.75;;(23, 9);;(4, 14);1;18578
24;0.75;;(23, 9);;(4, 14);1;18579
24;0.75;;(23, 9);;(4, 14);1;18580
24;0.75;;(23, 9);;(4, 14);1;18581
24;0.75;;(23, 9);;(4, 14);1;18582
24;0.75;;(23, 9);;(4, 14);1;18583
24;0.75;;(23, 9);;(4, 14);1;18584
24;0.75;;(23, 9);;(4, 14);1;18585
24;0.75;;(23, 9);;(4, 14);1;18586
24;0.75;;(23, 9);;(4, 14);1;18587
24;0.75;;(23, 9);;(4, 14);1;18588
24;0.75;;(23, 9);;(4, 14);1;18589
24;0.75;;(23, 9);;(4, 14);1;18590
24;0.75;;(23, 9);;(4, 14);1;18591
24;0.75;;(23, 9);;(4, 14);1;18592
24;0.75;;(23, 9);;(4, 14);1;18593
24;0.75;;(23, 9);;(4, 14);1;18594
24;0.75;;(23, 9);;(4, 14);1;18595
24;0.75;;(23, 9);;(4, 14);1;18596
24;0.75;;(23, 9);;(4, 14);1;18597
24;0.75;;(23, 9);;(4, 14);1;18598
24;0.75;;(23, 9);;(4, 14);1;18599
24;0.75;;(23, 9);;(4, 14);1;18600
24;0.75;;(23, 9);;(4, 14);1;18601
24;0.75;;(23, 9);;(4, 14);1;18602
24;0.75;;(23, 9);;(4, 14);1;18603
24;0.75;;(23, 9);;(4, 14);1;18604
24;0.75;;(23, 9);;(4, 14);1;18605
24;0.75;;(23, 9);;(4, 14);1;18606
24;0.75;;(23, 9);;(4, 14);1;18607
24;0.75;;(23, 9);;(4, 14);1;18608
24;0.75;;(23, 9);;(4, 14);1;18609
24;0.75;;(23, 9);;(4, 14);1;18610
24;0.75;;(23, 9);;(4, 14);1;18611
24;0.75;;(23, 9);;(4, 14);1;18612
24;0.75;;(23, 9);;(4, 14);1;18613
24;0.75;;(23, 9);;(4, 14);1;18614
24;0.75;;(23, 9);;(4, 14);1;18615
24;0.75;;(23, 9);;(4, 14);1;18616
24;0.75;;(23, 9);;(4, 14);1;18617
24;0.75;;(23, 9);;(4, 14);1;18618
24;0.75;;(23, 9);;(4, 14);1;18619
24;0.75;;(23, 9);;(4, 14);1;18620
24;0.75;;(23, 9);;(4, 14);1;18621
24;0.75;;(23, 9);;(4, 14);1;18622
24;0.75;;(23, 9);;(4, 14);1;18623
24;0.75;;(23, 9);;(4, 14);1;18624
24;0.75;;(23, 9);;(4, 14);1;18625
24;0.75;;(23, 9);;(4, 14);1;18626
24;0.75;;(23, 9);;(4, 14);1;18627
24;0.75;;(23, 9);;(4, 14);1;18628
24;0.75;;(23, 9);;(4, 14);1;18629
24;0.75;;(23, 9);;(4, 14);1;18630
24;0.75;;(23, 9);;(4, 14);1;18631
24;0.75;;(23, 9);;(4, 14);1;18632
24;0.75;;(23, 9);;(4, 14);1;18633
24;0.75;;(23, 9);;(4, 14);1;18634
24;0.75;;(23, 9);;(4, 14);1;18635
24;0.75;;(23, 9);;(4, 14);1;18636
24;0.75;;(23, 9);;(4, 14);1;18637
24;0.75;;(23, 9);;(4, 14);1;18638
24;0.75;;(23, 9);;(4, 14);1;18639
24;0.75;;(23, 9);;(4, 14);1;18640
24;0.75;;(23, 9);;(4, 14);1;18641
24;0.75;;(23, 9);;(4, 14);1;18642
24;0.75;;(23, 9);;(4, 14);1;18643
24;0.75;;(23, 9);;(4, 14);1;18644
24;0.75;;(23, 9);;(4, 14);1;18645
24;0.75;;(23, 9);;(4, 14);1;18646
24;0.75;;(23, 9);;(4, 14);1;18647
24;0.75;;(23, 9);;(4, 14);1;18648
24;0.75;;(23, 9);;(4, 14);1;18649
24;0.75;;(23, 9);;(4, 14);1;18650
24;0.75;;(23, 9);;(4, 14);1;18651
24;0.75;;(23, 9);;(4, 14);1;18652
24;0.75;;(23, 9);;(4, 14);1;18653
24;0.75;;(23, 9);;(4, 14);1;18654
24;0.75;;(23, 9);;(4, 14);1;18655
24;0.75;;(23, 9);;(4, 14);1;18656
24;0.75;;(23, 9);;(4, 14);1;18657
24;0.75;;(23, 9);;(4, 14);1;18658
24;0.75;;(23, 9);;(4, 14);1;18659
24;0.75;;(23, 9);;(4, 14);1;18660
24;0.75;;(23, 9);;(4, 14);1;18661
24;0.75;;(23, 9);;(4, 14);1;18662
24;0.75;;(23, 9);;(4, 14);1;18663
24;0.75;;(23, 9);;(4, 14);1;18664
24;0.75;;(23, 9);;(4, 14);1;18665
24;0.75;;(23, 9);;(4, 14);1;18666
24;0.75;;(23, 9);;(4, 14);1;18667
24;0.75;;(23, 9);;(4, 14);1;18668
24;0.75;;(23, 9);;(4, 14);1;18669
24;0.75;;(23, 9);;(4, 14);1;18670
24;0.75;;(23, 9);;(4, 14);1;18671
24;0.75;;(23, 9);;(4, 14);1;18672
24;0.75;;(23, 9);;(4, 14);1;18673
24;0.75;;(23, 9);;(4, 14);1;18674
24;0.75;;(23, 9);;(4, 14);1;18675
24;0.75;;(23, 9);;(4, 14);1;18676
24;0.75;;(23, 9);;(4, 14);1;18677
24;0.75;;(23, 9);;(4, 14);1;18678
24;0.75;;(23, 9);;(4, 14);1;18679
24;0.75;;(23, 9);;(4, 14);1;18680
24;0.75;;(23, 9);;(4, 14);1;18681
24;0.75;;(23, 9);;(4, 14);1;18682
24;0.75;;(23, 9);;(4, 14);1;18683
