score;completeness;rescuebot_action;rescuebot_location;chris_action;chris_location;world_nr;tick_nr
0;0.0;;(22, 11);;(22, 12);1;0
0;0.0;;(22, 11);;(22, 12);1;1
0;0.0;;(22, 11);;(22, 12);1;2
0;0.0;;(22, 11);;(22, 12);1;3
0;0.0;;(22, 11);;(22, 12);1;4
0;0.0;;(22, 11);;(22, 12);1;5
0;0.0;;(22, 11);;(22, 12);1;6
0;0.0;;(22, 11);;(22, 12);1;7
0;0.0;;(22, 11);;(22, 12);1;8
0;0.0;;(22, 11);;(22, 12);1;9
0;0.0;;(22, 11);;(22, 12);1;10
0;0.0;;(22, 11);;(22, 12);1;11
0;0.0;;(22, 11);;(22, 12);1;12
0;0.0;;(22, 11);;(22, 12);1;13
0;0.0;;(22, 11);;(22, 12);1;14
0;0.0;;(22, 11);;(22, 12);1;15
0;0.0;;(22, 11);;(22, 12);1;16
0;0.0;;(22, 11);;(22, 12);1;17
0;0.0;;(22, 11);;(22, 12);1;18
0;0.0;;(22, 11);;(22, 12);1;19
0;0.0;;(22, 11);;(22, 12);1;20
0;0.0;;(22, 11);;(22, 12);1;21
0;0.0;;(22, 11);;(22, 12);1;22
0;0.0;;(22, 11);;(22, 12);1;23
0;0.0;;(22, 11);;(22, 12);1;24
0;0.0;;(22, 11);;(22, 12);1;25
0;0.0;;(22, 11);;(22, 12);1;26
0;0.0;;(22, 11);;(22, 12);1;27
0;0.0;;(22, 11);;(22, 12);1;28
0;0.0;;(22, 11);;(22, 12);1;29
0;0.0;;(22, 11);;(22, 12);1;30
0;0.0;;(22, 11);;(22, 12);1;31
0;0.0;;(22, 11);;(22, 12);1;32
0;0.0;;(22, 11);;(22, 12);1;33
0;0.0;;(22, 11);;(22, 12);1;34
0;0.0;;(22, 11);;(22, 12);1;35
0;0.0;;(22, 11);;(22, 12);1;36
0;0.0;;(22, 11);;(22, 12);1;37
0;0.0;;(22, 11);;(22, 12);1;38
0;0.0;;(22, 11);;(22, 12);1;39
0;0.0;;(22, 11);;(22, 12);1;40
0;0.0;;(22, 11);;(22, 12);1;41
0;0.0;;(22, 11);;(22, 12);1;42
0;0.0;;(22, 11);;(22, 12);1;43
0;0.0;;(22, 11);;(22, 12);1;44
0;0.0;;(22, 11);;(22, 12);1;45
0;0.0;;(22, 11);;(22, 12);1;46
0;0.0;;(22, 11);;(22, 12);1;47
0;0.0;;(22, 11);;(22, 12);1;48
0;0.0;;(22, 11);;(22, 12);1;49
0;0.0;;(22, 11);;(22, 12);1;50
0;0.0;;(22, 11);;(22, 12);1;51
0;0.0;;(22, 11);;(22, 12);1;52
0;0.0;;(22, 11);;(22, 12);1;53
0;0.0;;(22, 11);;(22, 12);1;54
0;0.0;;(22, 11);;(22, 12);1;55
0;0.0;;(22, 11);;(22, 12);1;56
0;0.0;;(22, 11);;(22, 12);1;57
0;0.0;;(22, 11);;(22, 12);1;58
0;0.0;;(22, 11);;(22, 12);1;59
0;0.0;;(22, 11);;(22, 12);1;60
0;0.0;;(22, 11);;(22, 12);1;61
0;0.0;;(22, 11);;(22, 12);1;62
0;0.0;;(22, 11);;(22, 12);1;63
0;0.0;;(22, 11);;(22, 12);1;64
0;0.0;;(22, 11);;(22, 12);1;65
0;0.0;;(22, 11);;(22, 12);1;66
0;0.0;;(22, 11);;(22, 12);1;67
0;0.0;;(22, 11);;(22, 12);1;68
0;0.0;;(22, 11);;(22, 12);1;69
0;0.0;;(22, 11);;(22, 12);1;70
0;0.0;;(22, 11);;(22, 12);1;71
0;0.0;;(22, 11);;(22, 12);1;72
0;0.0;;(22, 11);;(22, 12);1;73
0;0.0;;(22, 11);;(22, 12);1;74
0;0.0;;(22, 11);;(22, 12);1;75
0;0.0;;(22, 11);;(22, 12);1;76
0;0.0;;(22, 11);;(22, 12);1;77
0;0.0;;(22, 11);;(22, 12);1;78
0;0.0;;(22, 11);;(22, 12);1;79
0;0.0;;(22, 11);;(22, 12);1;80
0;0.0;;(22, 11);;(22, 12);1;81
0;0.0;;(22, 11);;(22, 12);1;82
0;0.0;;(22, 11);;(22, 12);1;83
0;0.0;;(22, 11);;(22, 12);1;84
0;0.0;;(22, 11);;(22, 12);1;85
0;0.0;;(22, 11);;(22, 12);1;86
0;0.0;;(22, 11);;(22, 12);1;87
0;0.0;;(22, 11);;(22, 12);1;88
0;0.0;;(22, 11);;(22, 12);1;89
0;0.0;;(22, 11);;(22, 12);1;90
0;0.0;;(22, 11);;(22, 12);1;91
0;0.0;;(22, 11);;(22, 12);1;92
0;0.0;;(22, 11);;(22, 12);1;93
0;0.0;;(22, 11);;(22, 12);1;94
0;0.0;;(22, 11);;(22, 12);1;95
0;0.0;;(22, 11);;(22, 12);1;96
0;0.0;;(22, 11);;(22, 12);1;97
0;0.0;;(22, 11);;(22, 12);1;98
0;0.0;;(22, 11);;(22, 12);1;99
0;0.0;;(22, 11);;(22, 12);1;100
0;0.0;;(22, 11);;(22, 12);1;101
0;0.0;;(22, 11);;(22, 12);1;102
0;0.0;;(22, 11);;(22, 12);1;103
0;0.0;;(22, 11);;(22, 12);1;104
0;0.0;;(22, 11);;(22, 12);1;105
0;0.0;;(22, 11);;(22, 12);1;106
0;0.0;;(22, 11);;(22, 12);1;107
0;0.0;;(22, 11);;(22, 12);1;108
0;0.0;;(22, 11);;(22, 12);1;109
0;0.0;;(22, 11);;(22, 12);1;110
0;0.0;;(22, 11);;(22, 12);1;111
0;0.0;;(22, 11);;(22, 12);1;112
0;0.0;;(22, 11);;(22, 12);1;113
0;0.0;;(22, 11);;(22, 12);1;114
0;0.0;;(22, 11);;(22, 12);1;115
0;0.0;;(22, 11);;(22, 12);1;116
0;0.0;;(22, 11);MoveWest;(21, 12);1;117
0;0.0;;(22, 11);;(21, 12);1;118
0;0.0;;(22, 11);;(21, 12);1;119
0;0.0;;(22, 11);;(21, 12);1;120
0;0.0;;(22, 11);MoveWest;(20, 12);1;121
0;0.0;MoveNorth;(22, 11);;(20, 12);1;122
0;0.0;MoveNorth;(22, 11);;(20, 12);1;123
0;0.0;MoveNorth;(22, 11);;(20, 12);1;124
0;0.0;MoveNorth;(22, 11);;(20, 12);1;125
0;0.0;MoveNorth;(22, 11);;(20, 12);1;126
0;0.0;MoveNorth;(22, 11);;(20, 12);1;127
0;0.0;MoveNorth;(22, 11);;(20, 12);1;128
0;0.0;MoveNorth;(22, 11);;(20, 12);1;129
0;0.0;MoveNorth;(22, 10);;(20, 12);1;130
0;0.0;MoveNorth;(22, 10);;(20, 12);1;131
0;0.0;MoveNorth;(22, 10);;(20, 12);1;132
0;0.0;MoveNorth;(22, 10);;(20, 12);1;133
0;0.0;MoveNorth;(22, 10);;(20, 12);1;134
0;0.0;MoveNorth;(22, 10);;(20, 12);1;135
0;0.0;MoveNorth;(22, 10);;(20, 12);1;136
0;0.0;MoveNorth;(22, 10);;(20, 12);1;137
0;0.0;MoveNorth;(22, 10);;(20, 12);1;138
0;0.0;MoveNorth;(22, 9);;(20, 12);1;139
0;0.0;MoveNorth;(22, 9);;(20, 12);1;140
0;0.0;MoveNorth;(22, 9);;(20, 12);1;141
0;0.0;MoveNorth;(22, 9);;(20, 12);1;142
0;0.0;MoveNorth;(22, 9);;(20, 12);1;143
0;0.0;MoveNorth;(22, 9);;(20, 12);1;144
0;0.0;MoveNorth;(22, 9);;(20, 12);1;145
0;0.0;MoveNorth;(22, 9);;(20, 12);1;146
0;0.0;MoveNorth;(22, 9);;(20, 12);1;147
0;0.0;MoveNorth;(22, 8);;(20, 12);1;148
0;0.0;MoveNorth;(22, 8);;(20, 12);1;149
0;0.0;MoveNorth;(22, 8);;(20, 12);1;150
0;0.0;MoveNorth;(22, 8);;(20, 12);1;151
0;0.0;MoveNorth;(22, 8);;(20, 12);1;152
0;0.0;MoveNorth;(22, 8);;(20, 12);1;153
0;0.0;MoveNorth;(22, 8);;(20, 12);1;154
0;0.0;MoveNorth;(22, 8);;(20, 12);1;155
0;0.0;MoveNorth;(22, 8);;(20, 12);1;156
0;0.0;MoveNorth;(22, 7);;(20, 12);1;157
0;0.0;MoveNorthWest;(22, 7);;(20, 12);1;158
0;0.0;MoveNorthWest;(22, 7);;(20, 12);1;159
0;0.0;MoveNorthWest;(22, 7);;(20, 12);1;160
0;0.0;MoveNorthWest;(22, 7);;(20, 12);1;161
0;0.0;MoveNorthWest;(22, 7);;(20, 12);1;162
0;0.0;MoveNorthWest;(22, 7);;(20, 12);1;163
0;0.0;MoveNorthWest;(22, 7);;(20, 12);1;164
0;0.0;MoveNorthWest;(22, 7);;(20, 12);1;165
0;0.0;MoveNorthWest;(21, 6);;(20, 12);1;166
0;0.0;MoveNorth;(21, 6);;(20, 12);1;167
0;0.0;MoveNorth;(21, 6);;(20, 12);1;168
0;0.0;MoveNorth;(21, 6);;(20, 12);1;169
0;0.0;MoveNorth;(21, 6);;(20, 12);1;170
0;0.0;MoveNorth;(21, 6);;(20, 12);1;171
0;0.0;MoveNorth;(21, 6);;(20, 12);1;172
0;0.0;MoveNorth;(21, 6);;(20, 12);1;173
0;0.0;MoveNorth;(21, 6);;(20, 12);1;174
0;0.0;MoveNorth;(21, 5);;(20, 12);1;175
0;0.0;MoveNorth;(21, 5);;(20, 12);1;176
0;0.0;MoveNorth;(21, 5);;(20, 12);1;177
0;0.0;MoveNorth;(21, 5);;(20, 12);1;178
0;0.0;MoveNorth;(21, 5);;(20, 12);1;179
0;0.0;MoveNorth;(21, 5);;(20, 12);1;180
0;0.0;MoveNorth;(21, 5);;(20, 12);1;181
0;0.0;MoveNorth;(21, 5);;(20, 12);1;182
0;0.0;MoveNorth;(21, 5);;(20, 12);1;183
0;0.0;MoveNorth;(21, 4);;(20, 12);1;184
0;0.0;MoveNorthWest;(21, 4);;(20, 12);1;185
0;0.0;MoveNorthWest;(21, 4);;(20, 12);1;186
0;0.0;MoveNorthWest;(21, 4);;(20, 12);1;187
0;0.0;MoveNorthWest;(21, 4);;(20, 12);1;188
0;0.0;MoveNorthWest;(21, 4);;(20, 12);1;189
0;0.0;MoveNorthWest;(21, 4);;(20, 12);1;190
0;0.0;MoveNorthWest;(21, 4);;(20, 12);1;191
0;0.0;MoveNorthWest;(21, 4);;(20, 12);1;192
0;0.0;MoveNorthWest;(20, 3);;(20, 12);1;193
0;0.0;MoveNorth;(20, 3);;(20, 12);1;194
0;0.0;MoveNorth;(20, 3);;(20, 12);1;195
0;0.0;MoveNorth;(20, 3);;(20, 12);1;196
0;0.0;MoveNorth;(20, 3);;(20, 12);1;197
0;0.0;MoveNorth;(20, 3);;(20, 12);1;198
0;0.0;MoveNorth;(20, 3);;(20, 12);1;199
0;0.0;MoveNorth;(20, 3);;(20, 12);1;200
0;0.0;MoveNorth;(20, 3);;(20, 12);1;201
0;0.0;MoveNorth;(20, 2);;(20, 12);1;202
0;0.0;MoveSouthEast;(20, 2);;(20, 12);1;203
0;0.0;MoveSouthEast;(20, 2);;(20, 12);1;204
0;0.0;MoveSouthEast;(20, 2);;(20, 12);1;205
0;0.0;MoveSouthEast;(20, 2);;(20, 12);1;206
0;0.0;MoveSouthEast;(20, 2);;(20, 12);1;207
0;0.0;MoveSouthEast;(20, 2);;(20, 12);1;208
0;0.0;MoveSouthEast;(20, 2);;(20, 12);1;209
0;0.0;MoveSouthEast;(20, 2);;(20, 12);1;210
0;0.0;MoveSouthEast;(21, 3);;(20, 12);1;211
0;0.0;MoveNorthEast;(21, 3);;(20, 12);1;212
0;0.0;MoveNorthEast;(21, 3);;(20, 12);1;213
0;0.0;MoveNorthEast;(21, 3);;(20, 12);1;214
0;0.0;MoveNorthEast;(21, 3);;(20, 12);1;215
0;0.0;MoveNorthEast;(21, 3);;(20, 12);1;216
0;0.0;MoveNorthEast;(21, 3);;(20, 12);1;217
0;0.0;MoveNorthEast;(21, 3);;(20, 12);1;218
0;0.0;MoveNorthEast;(21, 3);;(20, 12);1;219
0;0.0;MoveNorthEast;(22, 2);;(20, 12);1;220
0;0.0;Idle;(22, 2);;(20, 12);1;221
0;0.0;Idle;(22, 2);;(20, 12);1;222
0;0.0;Idle;(22, 2);;(20, 12);1;223
0;0.0;Idle;(22, 2);;(20, 12);1;224
0;0.0;Idle;(22, 2);;(20, 12);1;225
0;0.0;Idle;(22, 2);;(20, 12);1;226
0;0.0;Idle;(22, 2);;(20, 12);1;227
0;0.0;Idle;(22, 2);;(20, 12);1;228
0;0.0;Idle;(22, 2);;(20, 12);1;229
0;0.0;Idle;(22, 2);;(20, 12);1;230
0;0.0;Idle;(22, 2);;(20, 12);1;231
0;0.0;Idle;(22, 2);;(20, 12);1;232
0;0.0;Idle;(22, 2);;(20, 12);1;233
0;0.0;Idle;(22, 2);;(20, 12);1;234
0;0.0;Idle;(22, 2);;(20, 12);1;235
0;0.0;Idle;(22, 2);;(20, 12);1;236
0;0.0;Idle;(22, 2);;(20, 12);1;237
0;0.0;Idle;(22, 2);;(20, 12);1;238
0;0.0;Idle;(22, 2);;(20, 12);1;239
0;0.0;Idle;(22, 2);;(20, 12);1;240
0;0.0;Idle;(22, 2);;(20, 12);1;241
0;0.0;Idle;(22, 2);;(20, 12);1;242
0;0.0;Idle;(22, 2);;(20, 12);1;243
0;0.0;Idle;(22, 2);;(20, 12);1;244
0;0.0;Idle;(22, 2);;(20, 12);1;245
0;0.0;Idle;(22, 2);;(20, 12);1;246
0;0.0;MoveSouthWest;(22, 2);;(20, 12);1;247
0;0.0;MoveSouthWest;(22, 2);;(20, 12);1;248
0;0.0;MoveSouthWest;(22, 2);;(20, 12);1;249
0;0.0;MoveSouthWest;(22, 2);;(20, 12);1;250
0;0.0;MoveSouthWest;(22, 2);;(20, 12);1;251
0;0.0;MoveSouthWest;(22, 2);;(20, 12);1;252
0;0.0;MoveSouthWest;(22, 2);;(20, 12);1;253
0;0.0;MoveSouthWest;(22, 2);;(20, 12);1;254
0;0.0;MoveSouthWest;(21, 3);;(20, 12);1;255
0;0.0;MoveSouth;(21, 3);;(20, 12);1;256
0;0.0;MoveSouth;(21, 3);;(20, 12);1;257
0;0.0;MoveSouth;(21, 3);;(20, 12);1;258
0;0.0;MoveSouth;(21, 3);;(20, 12);1;259
0;0.0;MoveSouth;(21, 3);;(20, 12);1;260
0;0.0;MoveSouth;(21, 3);;(20, 12);1;261
0;0.0;MoveSouth;(21, 3);;(20, 12);1;262
0;0.0;MoveSouth;(21, 3);;(20, 12);1;263
0;0.0;MoveSouth;(21, 4);;(20, 12);1;264
0;0.0;MoveSouthWest;(21, 4);;(20, 12);1;265
0;0.0;MoveSouthWest;(21, 4);;(20, 12);1;266
0;0.0;MoveSouthWest;(21, 4);;(20, 12);1;267
0;0.0;MoveSouthWest;(21, 4);;(20, 12);1;268
0;0.0;MoveSouthWest;(21, 4);;(20, 12);1;269
0;0.0;MoveSouthWest;(21, 4);;(20, 12);1;270
0;0.0;MoveSouthWest;(21, 4);;(20, 12);1;271
0;0.0;MoveSouthWest;(21, 4);;(20, 12);1;272
0;0.0;MoveSouthWest;(20, 5);;(20, 12);1;273
0;0.0;MoveWest;(20, 5);;(20, 12);1;274
0;0.0;MoveWest;(20, 5);;(20, 12);1;275
0;0.0;MoveWest;(20, 5);;(20, 12);1;276
0;0.0;MoveWest;(20, 5);;(20, 12);1;277
0;0.0;MoveWest;(20, 5);;(20, 12);1;278
0;0.0;MoveWest;(20, 5);;(20, 12);1;279
0;0.0;MoveWest;(20, 5);;(20, 12);1;280
0;0.0;MoveWest;(20, 5);;(20, 12);1;281
0;0.0;MoveWest;(20, 5);;(20, 12);1;282
0;0.0;MoveWest;(20, 5);;(20, 12);1;283
0;0.0;MoveWest;(20, 5);;(20, 12);1;284
0;0.0;MoveWest;(20, 5);;(20, 12);1;285
0;0.0;MoveWest;(20, 5);;(20, 12);1;286
0;0.0;MoveWest;(19, 5);;(20, 12);1;287
0;0.0;MoveWest;(19, 5);;(20, 12);1;288
0;0.0;MoveWest;(19, 5);;(20, 12);1;289
0;0.0;MoveWest;(19, 5);;(20, 12);1;290
0;0.0;MoveWest;(19, 5);;(20, 12);1;291
0;0.0;MoveWest;(19, 5);;(20, 12);1;292
0;0.0;MoveWest;(19, 5);;(20, 12);1;293
0;0.0;MoveWest;(19, 5);;(20, 12);1;294
0;0.0;MoveWest;(19, 5);;(20, 12);1;295
0;0.0;MoveWest;(19, 5);;(20, 12);1;296
0;0.0;MoveWest;(19, 5);;(20, 12);1;297
0;0.0;MoveWest;(19, 5);;(20, 12);1;298
0;0.0;MoveWest;(19, 5);;(20, 12);1;299
0;0.0;MoveWest;(19, 5);;(20, 12);1;300
0;0.0;MoveWest;(18, 5);;(20, 12);1;301
0;0.0;MoveWest;(18, 5);;(20, 12);1;302
0;0.0;MoveWest;(18, 5);;(20, 12);1;303
0;0.0;MoveWest;(18, 5);;(20, 12);1;304
0;0.0;MoveWest;(18, 5);;(20, 12);1;305
0;0.0;MoveWest;(18, 5);;(20, 12);1;306
0;0.0;MoveWest;(18, 5);;(20, 12);1;307
0;0.0;MoveWest;(18, 5);;(20, 12);1;308
0;0.0;MoveWest;(18, 5);;(20, 12);1;309
0;0.0;MoveWest;(17, 5);;(20, 12);1;310
0;0.0;MoveWest;(17, 5);;(20, 12);1;311
0;0.0;MoveWest;(17, 5);;(20, 12);1;312
0;0.0;MoveWest;(17, 5);;(20, 12);1;313
0;0.0;MoveWest;(17, 5);;(20, 12);1;314
0;0.0;MoveWest;(17, 5);;(20, 12);1;315
0;0.0;MoveWest;(17, 5);;(20, 12);1;316
0;0.0;MoveWest;(17, 5);;(20, 12);1;317
0;0.0;MoveWest;(17, 5);;(20, 12);1;318
0;0.0;MoveWest;(16, 5);;(20, 12);1;319
0;0.0;MoveWest;(16, 5);;(20, 12);1;320
0;0.0;MoveWest;(16, 5);;(20, 12);1;321
0;0.0;MoveWest;(16, 5);;(20, 12);1;322
0;0.0;MoveWest;(16, 5);;(20, 12);1;323
0;0.0;MoveWest;(16, 5);;(20, 12);1;324
0;0.0;MoveWest;(16, 5);;(20, 12);1;325
0;0.0;MoveWest;(16, 5);;(20, 12);1;326
0;0.0;MoveWest;(16, 5);;(20, 12);1;327
0;0.0;MoveWest;(15, 5);;(20, 12);1;328
0;0.0;;(15, 5);;(20, 12);1;329
0;0.0;;(15, 5);;(20, 12);1;330
0;0.0;;(15, 5);;(20, 12);1;331
0;0.0;;(15, 5);;(20, 12);1;332
0;0.0;;(15, 5);;(20, 12);1;333
0;0.0;;(15, 5);;(20, 12);1;334
0;0.0;;(15, 5);;(20, 12);1;335
0;0.0;;(15, 5);;(20, 12);1;336
0;0.0;;(15, 5);;(20, 12);1;337
0;0.0;;(15, 5);;(20, 12);1;338
0;0.0;;(15, 5);;(20, 12);1;339
0;0.0;;(15, 5);;(20, 12);1;340
0;0.0;;(15, 5);;(20, 12);1;341
0;0.0;;(15, 5);;(20, 12);1;342
0;0.0;;(15, 5);;(20, 12);1;343
0;0.0;;(15, 5);;(20, 12);1;344
0;0.0;;(15, 5);;(20, 12);1;345
0;0.0;;(15, 5);;(20, 12);1;346
0;0.0;;(15, 5);;(20, 12);1;347
0;0.0;;(15, 5);;(20, 12);1;348
0;0.0;;(15, 5);;(20, 12);1;349
0;0.0;;(15, 5);;(20, 12);1;350
0;0.0;;(15, 5);;(20, 12);1;351
0;0.0;;(15, 5);;(20, 12);1;352
0;0.0;;(15, 5);;(20, 12);1;353
0;0.0;;(15, 5);;(20, 12);1;354
0;0.0;;(15, 5);;(20, 12);1;355
0;0.0;;(15, 5);;(20, 12);1;356
0;0.0;;(15, 5);;(20, 12);1;357
0;0.0;;(15, 5);;(20, 12);1;358
0;0.0;;(15, 5);;(20, 12);1;359
0;0.0;;(15, 5);;(20, 12);1;360
0;0.0;;(15, 5);;(20, 12);1;361
0;0.0;;(15, 5);;(20, 12);1;362
0;0.0;;(15, 5);;(20, 12);1;363
0;0.0;;(15, 5);;(20, 12);1;364
0;0.0;;(15, 5);;(20, 12);1;365
0;0.0;;(15, 5);;(20, 12);1;366
0;0.0;;(15, 5);;(20, 12);1;367
0;0.0;;(15, 5);;(20, 12);1;368
0;0.0;;(15, 5);;(20, 12);1;369
0;0.0;;(15, 5);;(20, 12);1;370
0;0.0;;(15, 5);;(20, 12);1;371
0;0.0;;(15, 5);;(20, 12);1;372
0;0.0;;(15, 5);;(20, 12);1;373
0;0.0;;(15, 5);;(20, 12);1;374
0;0.0;;(15, 5);;(20, 12);1;375
0;0.0;;(15, 5);;(20, 12);1;376
0;0.0;MoveSouth;(15, 5);;(20, 12);1;377
0;0.0;MoveSouth;(15, 5);;(20, 12);1;378
0;0.0;MoveSouth;(15, 5);;(20, 12);1;379
0;0.0;MoveSouth;(15, 5);;(20, 12);1;380
0;0.0;MoveSouth;(15, 5);;(20, 12);1;381
0;0.0;MoveSouth;(15, 5);;(20, 12);1;382
0;0.0;MoveSouth;(15, 5);;(20, 12);1;383
0;0.0;MoveSouth;(15, 5);;(20, 12);1;384
0;0.0;MoveSouth;(15, 6);;(20, 12);1;385
0;0.0;;(15, 6);;(20, 12);1;386
0;0.0;;(15, 6);;(20, 12);1;387
0;0.0;;(15, 6);;(20, 12);1;388
0;0.0;;(15, 6);;(20, 12);1;389
0;0.0;;(15, 6);;(20, 12);1;390
0;0.0;;(15, 6);;(20, 12);1;391
0;0.0;;(15, 6);;(20, 12);1;392
0;0.0;;(15, 6);;(20, 12);1;393
0;0.0;;(15, 6);;(20, 12);1;394
0;0.0;;(15, 6);;(20, 12);1;395
0;0.0;;(15, 6);;(20, 12);1;396
0;0.0;;(15, 6);;(20, 12);1;397
0;0.0;;(15, 6);;(20, 12);1;398
0;0.0;;(15, 6);;(20, 12);1;399
0;0.0;;(15, 6);;(20, 12);1;400
0;0.0;;(15, 6);;(20, 12);1;401
0;0.0;;(15, 6);;(20, 12);1;402
0;0.0;;(15, 6);;(20, 12);1;403
0;0.0;;(15, 6);;(20, 12);1;404
0;0.0;;(15, 6);;(20, 12);1;405
0;0.0;;(15, 6);;(20, 12);1;406
0;0.0;;(15, 6);;(20, 12);1;407
0;0.0;;(15, 6);;(20, 12);1;408
0;0.0;;(15, 6);;(20, 12);1;409
0;0.0;;(15, 6);;(20, 12);1;410
0;0.0;;(15, 6);;(20, 12);1;411
0;0.0;;(15, 6);;(20, 12);1;412
0;0.0;;(15, 6);;(20, 12);1;413
0;0.0;;(15, 6);;(20, 12);1;414
0;0.0;;(15, 6);;(20, 12);1;415
0;0.0;;(15, 6);;(20, 12);1;416
0;0.0;;(15, 6);;(20, 12);1;417
0;0.0;;(15, 6);;(20, 12);1;418
0;0.0;;(15, 6);;(20, 12);1;419
0;0.0;;(15, 6);;(20, 12);1;420
0;0.0;;(15, 6);;(20, 12);1;421
0;0.0;;(15, 6);;(20, 12);1;422
0;0.0;;(15, 6);;(20, 12);1;423
0;0.0;;(15, 6);;(20, 12);1;424
0;0.0;;(15, 6);;(20, 12);1;425
0;0.0;;(15, 6);;(20, 12);1;426
0;0.0;;(15, 6);;(20, 12);1;427
0;0.0;;(15, 6);;(20, 12);1;428
0;0.0;;(15, 6);;(20, 12);1;429
0;0.0;;(15, 6);;(20, 12);1;430
0;0.0;;(15, 6);;(20, 12);1;431
0;0.0;;(15, 6);;(20, 12);1;432
0;0.0;;(15, 6);;(20, 12);1;433
0;0.0;;(15, 6);;(20, 12);1;434
0;0.0;;(15, 6);;(20, 12);1;435
0;0.0;;(15, 6);;(20, 12);1;436
0;0.0;;(15, 6);;(20, 12);1;437
0;0.0;;(15, 6);;(20, 12);1;438
0;0.0;;(15, 6);;(20, 12);1;439
0;0.0;;(15, 6);;(20, 12);1;440
0;0.0;;(15, 6);;(20, 12);1;441
0;0.0;;(15, 6);;(20, 12);1;442
0;0.0;;(15, 6);;(20, 12);1;443
0;0.0;;(15, 6);;(20, 12);1;444
0;0.0;;(15, 6);;(20, 12);1;445
0;0.0;;(15, 6);;(20, 12);1;446
0;0.0;;(15, 6);;(20, 12);1;447
0;0.0;;(15, 6);;(20, 12);1;448
0;0.0;;(15, 6);;(20, 12);1;449
0;0.0;;(15, 6);;(20, 12);1;450
0;0.0;;(15, 6);;(20, 12);1;451
0;0.0;;(15, 6);;(20, 12);1;452
0;0.0;RemoveObject;(15, 6);;(20, 12);1;453
0;0.0;RemoveObject;(15, 6);;(20, 12);1;454
0;0.0;RemoveObject;(15, 6);;(20, 12);1;455
0;0.0;RemoveObject;(15, 6);;(20, 12);1;456
0;0.0;RemoveObject;(15, 6);;(20, 12);1;457
0;0.0;RemoveObject;(15, 6);;(20, 12);1;458
0;0.0;RemoveObject;(15, 6);;(20, 12);1;459
0;0.0;RemoveObject;(15, 6);;(20, 12);1;460
0;0.0;RemoveObject;(15, 6);;(20, 12);1;461
0;0.0;RemoveObject;(15, 6);;(20, 12);1;462
0;0.0;RemoveObject;(15, 6);;(20, 12);1;463
0;0.0;RemoveObject;(15, 6);;(20, 12);1;464
0;0.0;RemoveObject;(15, 6);;(20, 12);1;465
0;0.0;RemoveObject;(15, 6);;(20, 12);1;466
0;0.0;RemoveObject;(15, 6);;(20, 12);1;467
0;0.0;RemoveObject;(15, 6);;(20, 12);1;468
0;0.0;RemoveObject;(15, 6);;(20, 12);1;469
0;0.0;RemoveObject;(15, 6);;(20, 12);1;470
0;0.0;RemoveObject;(15, 6);;(20, 12);1;471
0;0.0;RemoveObject;(15, 6);;(20, 12);1;472
0;0.0;RemoveObject;(15, 6);;(20, 12);1;473
0;0.0;RemoveObject;(15, 6);;(20, 12);1;474
0;0.0;RemoveObject;(15, 6);;(20, 12);1;475
0;0.0;RemoveObject;(15, 6);;(20, 12);1;476
0;0.0;RemoveObject;(15, 6);;(20, 12);1;477
0;0.0;RemoveObject;(15, 6);;(20, 12);1;478
0;0.0;RemoveObject;(15, 6);;(20, 12);1;479
0;0.0;RemoveObject;(15, 6);;(20, 12);1;480
0;0.0;RemoveObject;(15, 6);;(20, 12);1;481
0;0.0;RemoveObject;(15, 6);;(20, 12);1;482
0;0.0;RemoveObject;(15, 6);;(20, 12);1;483
0;0.0;RemoveObject;(15, 6);;(20, 12);1;484
0;0.0;RemoveObject;(15, 6);;(20, 12);1;485
0;0.0;RemoveObject;(15, 6);;(20, 12);1;486
0;0.0;RemoveObject;(15, 6);;(20, 12);1;487
0;0.0;RemoveObject;(15, 6);;(20, 12);1;488
0;0.0;RemoveObject;(15, 6);;(20, 12);1;489
0;0.0;RemoveObject;(15, 6);;(20, 12);1;490
0;0.0;RemoveObject;(15, 6);;(20, 12);1;491
0;0.0;RemoveObject;(15, 6);;(20, 12);1;492
0;0.0;RemoveObject;(15, 6);;(20, 12);1;493
0;0.0;RemoveObject;(15, 6);;(20, 12);1;494
0;0.0;RemoveObject;(15, 6);;(20, 12);1;495
0;0.0;RemoveObject;(15, 6);;(20, 12);1;496
0;0.0;RemoveObject;(15, 6);;(20, 12);1;497
0;0.0;RemoveObject;(15, 6);;(20, 12);1;498
0;0.0;RemoveObject;(15, 6);;(20, 12);1;499
0;0.0;RemoveObject;(15, 6);;(20, 12);1;500
0;0.0;RemoveObject;(15, 6);;(20, 12);1;501
0;0.0;RemoveObject;(15, 6);;(20, 12);1;502
0;0.0;RemoveObject;(15, 6);;(20, 12);1;503
0;0.0;RemoveObject;(15, 6);;(20, 12);1;504
0;0.0;RemoveObject;(15, 6);;(20, 12);1;505
0;0.0;RemoveObject;(15, 6);;(20, 12);1;506
0;0.0;RemoveObject;(15, 6);;(20, 12);1;507
0;0.0;RemoveObject;(15, 6);;(20, 12);1;508
0;0.0;RemoveObject;(15, 6);;(20, 12);1;509
0;0.0;RemoveObject;(15, 6);;(20, 12);1;510
0;0.0;RemoveObject;(15, 6);;(20, 12);1;511
0;0.0;RemoveObject;(15, 6);;(20, 12);1;512
0;0.0;RemoveObject;(15, 6);;(20, 12);1;513
0;0.0;RemoveObject;(15, 6);;(20, 12);1;514
0;0.0;RemoveObject;(15, 6);;(20, 12);1;515
0;0.0;RemoveObject;(15, 6);;(20, 12);1;516
0;0.0;RemoveObject;(15, 6);;(20, 12);1;517
0;0.0;RemoveObject;(15, 6);;(20, 12);1;518
0;0.0;RemoveObject;(15, 6);;(20, 12);1;519
0;0.0;RemoveObject;(15, 6);;(20, 12);1;520
0;0.0;RemoveObject;(15, 6);;(20, 12);1;521
0;0.0;RemoveObject;(15, 6);;(20, 12);1;522
0;0.0;RemoveObject;(15, 6);;(20, 12);1;523
0;0.0;RemoveObject;(15, 6);;(20, 12);1;524
0;0.0;RemoveObject;(15, 6);;(20, 12);1;525
0;0.0;RemoveObject;(15, 6);;(20, 12);1;526
0;0.0;RemoveObject;(15, 6);;(20, 12);1;527
0;0.0;RemoveObject;(15, 6);;(20, 12);1;528
0;0.0;RemoveObject;(15, 6);;(20, 12);1;529
0;0.0;RemoveObject;(15, 6);;(20, 12);1;530
0;0.0;RemoveObject;(15, 6);;(20, 12);1;531
0;0.0;RemoveObject;(15, 6);;(20, 12);1;532
0;0.0;RemoveObject;(15, 6);;(20, 12);1;533
0;0.0;RemoveObject;(15, 6);;(20, 12);1;534
0;0.0;RemoveObject;(15, 6);;(20, 12);1;535
0;0.0;RemoveObject;(15, 6);;(20, 12);1;536
0;0.0;RemoveObject;(15, 6);;(20, 12);1;537
0;0.0;RemoveObject;(15, 6);;(20, 12);1;538
0;0.0;RemoveObject;(15, 6);;(20, 12);1;539
0;0.0;RemoveObject;(15, 6);;(20, 12);1;540
0;0.0;RemoveObject;(15, 6);;(20, 12);1;541
0;0.0;RemoveObject;(15, 6);;(20, 12);1;542
0;0.0;RemoveObject;(15, 6);;(20, 12);1;543
0;0.0;RemoveObject;(15, 6);;(20, 12);1;544
0;0.0;RemoveObject;(15, 6);;(20, 12);1;545
0;0.0;RemoveObject;(15, 6);;(20, 12);1;546
0;0.0;RemoveObject;(15, 6);;(20, 12);1;547
0;0.0;RemoveObject;(15, 6);;(20, 12);1;548
0;0.0;RemoveObject;(15, 6);;(20, 12);1;549
0;0.0;RemoveObject;(15, 6);;(20, 12);1;550
0;0.0;RemoveObject;(15, 6);;(20, 12);1;551
0;0.0;RemoveObject;(15, 6);;(20, 12);1;552
0;0.0;RemoveObject;(15, 6);;(20, 12);1;553
0;0.0;MoveSouth;(15, 6);;(20, 12);1;554
0;0.0;MoveSouth;(15, 6);;(20, 12);1;555
0;0.0;MoveSouth;(15, 6);;(20, 12);1;556
0;0.0;MoveSouth;(15, 6);;(20, 12);1;557
0;0.0;MoveSouth;(15, 6);;(20, 12);1;558
0;0.0;MoveSouth;(15, 6);;(20, 12);1;559
0;0.0;MoveSouth;(15, 6);;(20, 12);1;560
0;0.0;MoveSouth;(15, 6);;(20, 12);1;561
0;0.0;MoveSouth;(15, 7);;(20, 12);1;562
0;0.0;MoveSouthWest;(15, 7);;(20, 12);1;563
0;0.0;MoveSouthWest;(15, 7);;(20, 12);1;564
0;0.0;MoveSouthWest;(15, 7);;(20, 12);1;565
0;0.0;MoveSouthWest;(15, 7);;(20, 12);1;566
0;0.0;MoveSouthWest;(15, 7);;(20, 12);1;567
0;0.0;MoveSouthWest;(15, 7);;(20, 12);1;568
0;0.0;MoveSouthWest;(15, 7);;(20, 12);1;569
0;0.0;MoveSouthWest;(15, 7);;(20, 12);1;570
0;0.0;MoveSouthWest;(14, 8);;(20, 12);1;571
0;0.0;MoveSouthEast;(14, 8);;(20, 12);1;572
0;0.0;MoveSouthEast;(14, 8);;(20, 12);1;573
0;0.0;MoveSouthEast;(14, 8);;(20, 12);1;574
0;0.0;MoveSouthEast;(14, 8);;(20, 12);1;575
0;0.0;MoveSouthEast;(14, 8);;(20, 12);1;576
0;0.0;MoveSouthEast;(14, 8);;(20, 12);1;577
0;0.0;MoveSouthEast;(14, 8);;(20, 12);1;578
0;0.0;MoveSouthEast;(14, 8);;(20, 12);1;579
0;0.0;MoveSouthEast;(15, 9);;(20, 12);1;580
0;0.0;MoveNorthWest;(15, 9);;(20, 12);1;581
0;0.0;MoveNorthWest;(15, 9);;(20, 12);1;582
0;0.0;MoveNorthWest;(15, 9);;(20, 12);1;583
0;0.0;MoveNorthWest;(15, 9);;(20, 12);1;584
0;0.0;MoveNorthWest;(15, 9);;(20, 12);1;585
0;0.0;MoveNorthWest;(15, 9);;(20, 12);1;586
0;0.0;MoveNorthWest;(15, 9);;(20, 12);1;587
0;0.0;MoveNorthWest;(15, 9);;(20, 12);1;588
0;0.0;MoveNorthWest;(14, 8);;(20, 12);1;589
0;0.0;CarryObject;(14, 8);;(20, 12);1;590
0;0.0;CarryObject;(14, 8);;(20, 12);1;591
0;0.0;CarryObject;(14, 8);;(20, 12);1;592
0;0.0;CarryObject;(14, 8);;(20, 12);1;593
0;0.0;CarryObject;(14, 8);;(20, 12);1;594
0;0.0;CarryObject;(14, 8);;(20, 12);1;595
0;0.0;CarryObject;(14, 8);;(20, 12);1;596
0;0.0;CarryObject;(14, 8);;(20, 12);1;597
0;0.0;CarryObject;(14, 8);;(20, 12);1;598
0;0.0;CarryObject;(14, 8);;(20, 12);1;599
0;0.0;CarryObject;(14, 8);;(20, 12);1;600
0;0.0;CarryObject;(14, 8);;(20, 12);1;601
0;0.0;CarryObject;(14, 8);;(20, 12);1;602
0;0.0;CarryObject;(14, 8);;(20, 12);1;603
0;0.0;CarryObject;(14, 8);;(20, 12);1;604
0;0.0;CarryObject;(14, 8);;(20, 12);1;605
0;0.0;CarryObject;(14, 8);;(20, 12);1;606
0;0.0;CarryObject;(14, 8);;(20, 12);1;607
0;0.0;CarryObject;(14, 8);;(20, 12);1;608
0;0.0;CarryObject;(14, 8);;(20, 12);1;609
0;0.0;CarryObject;(14, 8);;(20, 12);1;610
0;0.0;CarryObject;(14, 8);;(20, 12);1;611
0;0.0;CarryObject;(14, 8);;(20, 12);1;612
0;0.0;CarryObject;(14, 8);;(20, 12);1;613
0;0.0;CarryObject;(14, 8);;(20, 12);1;614
0;0.0;CarryObject;(14, 8);;(20, 12);1;615
0;0.0;CarryObject;(14, 8);;(20, 12);1;616
0;0.0;CarryObject;(14, 8);;(20, 12);1;617
0;0.0;CarryObject;(14, 8);;(20, 12);1;618
0;0.0;CarryObject;(14, 8);;(20, 12);1;619
0;0.0;CarryObject;(14, 8);;(20, 12);1;620
0;0.0;CarryObject;(14, 8);;(20, 12);1;621
0;0.0;CarryObject;(14, 8);;(20, 12);1;622
0;0.0;CarryObject;(14, 8);;(20, 12);1;623
0;0.0;CarryObject;(14, 8);;(20, 12);1;624
0;0.0;CarryObject;(14, 8);;(20, 12);1;625
0;0.0;CarryObject;(14, 8);;(20, 12);1;626
0;0.0;CarryObject;(14, 8);;(20, 12);1;627
0;0.0;CarryObject;(14, 8);;(20, 12);1;628
0;0.0;CarryObject;(14, 8);;(20, 12);1;629
0;0.0;CarryObject;(14, 8);;(20, 12);1;630
0;0.0;CarryObject;(14, 8);;(20, 12);1;631
0;0.0;CarryObject;(14, 8);;(20, 12);1;632
0;0.0;CarryObject;(14, 8);;(20, 12);1;633
0;0.0;CarryObject;(14, 8);;(20, 12);1;634
0;0.0;CarryObject;(14, 8);;(20, 12);1;635
0;0.0;CarryObject;(14, 8);;(20, 12);1;636
0;0.0;CarryObject;(14, 8);;(20, 12);1;637
0;0.0;CarryObject;(14, 8);;(20, 12);1;638
0;0.0;CarryObject;(14, 8);;(20, 12);1;639
0;0.0;CarryObject;(14, 8);;(20, 12);1;640
0;0.0;CarryObject;(14, 8);;(20, 12);1;641
0;0.0;CarryObject;(14, 8);;(20, 12);1;642
0;0.0;CarryObject;(14, 8);;(20, 12);1;643
0;0.0;CarryObject;(14, 8);;(20, 12);1;644
0;0.0;CarryObject;(14, 8);;(20, 12);1;645
0;0.0;CarryObject;(14, 8);;(20, 12);1;646
0;0.0;CarryObject;(14, 8);;(20, 12);1;647
0;0.0;CarryObject;(14, 8);;(20, 12);1;648
0;0.0;CarryObject;(14, 8);;(20, 12);1;649
0;0.0;CarryObject;(14, 8);;(20, 12);1;650
0;0.0;CarryObject;(14, 8);;(20, 12);1;651
0;0.0;CarryObject;(14, 8);;(20, 12);1;652
0;0.0;CarryObject;(14, 8);;(20, 12);1;653
0;0.0;CarryObject;(14, 8);;(20, 12);1;654
0;0.0;CarryObject;(14, 8);;(20, 12);1;655
0;0.0;CarryObject;(14, 8);;(20, 12);1;656
0;0.0;CarryObject;(14, 8);;(20, 12);1;657
0;0.0;CarryObject;(14, 8);;(20, 12);1;658
0;0.0;CarryObject;(14, 8);;(20, 12);1;659
0;0.0;CarryObject;(14, 8);;(20, 12);1;660
0;0.0;CarryObject;(14, 8);;(20, 12);1;661
0;0.0;CarryObject;(14, 8);;(20, 12);1;662
0;0.0;CarryObject;(14, 8);;(20, 12);1;663
0;0.0;CarryObject;(14, 8);;(20, 12);1;664
0;0.0;CarryObject;(14, 8);;(20, 12);1;665
0;0.0;CarryObject;(14, 8);;(20, 12);1;666
0;0.0;CarryObject;(14, 8);;(20, 12);1;667
0;0.0;CarryObject;(14, 8);;(20, 12);1;668
0;0.0;CarryObject;(14, 8);;(20, 12);1;669
0;0.0;CarryObject;(14, 8);;(20, 12);1;670
0;0.0;CarryObject;(14, 8);;(20, 12);1;671
0;0.0;CarryObject;(14, 8);;(20, 12);1;672
0;0.0;CarryObject;(14, 8);;(20, 12);1;673
0;0.0;CarryObject;(14, 8);;(20, 12);1;674
0;0.0;CarryObject;(14, 8);;(20, 12);1;675
0;0.0;CarryObject;(14, 8);;(20, 12);1;676
0;0.0;CarryObject;(14, 8);;(20, 12);1;677
0;0.0;CarryObject;(14, 8);;(20, 12);1;678
0;0.0;CarryObject;(14, 8);;(20, 12);1;679
0;0.0;CarryObject;(14, 8);;(20, 12);1;680
0;0.0;CarryObject;(14, 8);;(20, 12);1;681
0;0.0;CarryObject;(14, 8);;(20, 12);1;682
0;0.0;CarryObject;(14, 8);;(20, 12);1;683
0;0.0;CarryObject;(14, 8);;(20, 12);1;684
0;0.0;CarryObject;(14, 8);;(20, 12);1;685
0;0.0;CarryObject;(14, 8);;(20, 12);1;686
0;0.0;CarryObject;(14, 8);;(20, 12);1;687
0;0.0;CarryObject;(14, 8);;(20, 12);1;688
0;0.0;CarryObject;(14, 8);;(20, 12);1;689
0;0.0;CarryObject;(14, 8);;(20, 12);1;690
0;0.0;CarryObject;(14, 8);;(20, 12);1;691
0;0.0;CarryObject;(14, 8);;(20, 12);1;692
0;0.0;CarryObject;(14, 8);;(20, 12);1;693
0;0.0;CarryObject;(14, 8);;(20, 12);1;694
0;0.0;CarryObject;(14, 8);;(20, 12);1;695
0;0.0;CarryObject;(14, 8);;(20, 12);1;696
0;0.0;CarryObject;(14, 8);;(20, 12);1;697
0;0.0;CarryObject;(14, 8);;(20, 12);1;698
0;0.0;CarryObject;(14, 8);;(20, 12);1;699
0;0.0;CarryObject;(14, 8);;(20, 12);1;700
0;0.0;CarryObject;(14, 8);;(20, 12);1;701
0;0.0;CarryObject;(14, 8);;(20, 12);1;702
0;0.0;CarryObject;(14, 8);;(20, 12);1;703
0;0.0;CarryObject;(14, 8);;(20, 12);1;704
0;0.0;CarryObject;(14, 8);;(20, 12);1;705
0;0.0;CarryObject;(14, 8);;(20, 12);1;706
0;0.0;CarryObject;(14, 8);;(20, 12);1;707
0;0.0;CarryObject;(14, 8);;(20, 12);1;708
0;0.0;CarryObject;(14, 8);;(20, 12);1;709
0;0.0;CarryObject;(14, 8);;(20, 12);1;710
0;0.0;CarryObject;(14, 8);;(20, 12);1;711
0;0.0;CarryObject;(14, 8);;(20, 12);1;712
0;0.0;CarryObject;(14, 8);;(20, 12);1;713
0;0.0;CarryObject;(14, 8);;(20, 12);1;714
0;0.0;CarryObject;(14, 8);;(20, 12);1;715
0;0.0;CarryObject;(14, 8);;(20, 12);1;716
0;0.0;CarryObject;(14, 8);;(20, 12);1;717
0;0.0;CarryObject;(14, 8);;(20, 12);1;718
0;0.0;CarryObject;(14, 8);;(20, 12);1;719
0;0.0;CarryObject;(14, 8);;(20, 12);1;720
0;0.0;CarryObject;(14, 8);;(20, 12);1;721
0;0.0;CarryObject;(14, 8);;(20, 12);1;722
0;0.0;CarryObject;(14, 8);;(20, 12);1;723
0;0.0;CarryObject;(14, 8);;(20, 12);1;724
0;0.0;CarryObject;(14, 8);;(20, 12);1;725
0;0.0;CarryObject;(14, 8);;(20, 12);1;726
0;0.0;CarryObject;(14, 8);;(20, 12);1;727
0;0.0;CarryObject;(14, 8);;(20, 12);1;728
0;0.0;CarryObject;(14, 8);;(20, 12);1;729
0;0.0;CarryObject;(14, 8);;(20, 12);1;730
0;0.0;CarryObject;(14, 8);;(20, 12);1;731
0;0.0;CarryObject;(14, 8);;(20, 12);1;732
0;0.0;CarryObject;(14, 8);;(20, 12);1;733
0;0.0;CarryObject;(14, 8);;(20, 12);1;734
0;0.0;CarryObject;(14, 8);;(20, 12);1;735
0;0.0;CarryObject;(14, 8);;(20, 12);1;736
0;0.0;CarryObject;(14, 8);;(20, 12);1;737
0;0.0;CarryObject;(14, 8);;(20, 12);1;738
0;0.0;CarryObject;(14, 8);;(20, 12);1;739
0;0.0;CarryObject;(14, 8);;(20, 12);1;740
0;0.0;MoveNorthEast;(14, 8);;(20, 12);1;741
0;0.0;MoveNorthEast;(14, 8);;(20, 12);1;742
0;0.0;MoveNorthEast;(14, 8);;(20, 12);1;743
0;0.0;MoveNorthEast;(14, 8);;(20, 12);1;744
0;0.0;MoveNorthEast;(14, 8);;(20, 12);1;745
0;0.0;MoveNorthEast;(14, 8);;(20, 12);1;746
0;0.0;MoveNorthEast;(14, 8);;(20, 12);1;747
0;0.0;MoveNorthEast;(14, 8);;(20, 12);1;748
0;0.0;MoveNorthEast;(15, 7);;(20, 12);1;749
0;0.0;MoveNorthEast;(15, 7);;(20, 12);1;750
0;0.0;MoveNorthEast;(15, 7);;(20, 12);1;751
0;0.0;MoveNorthEast;(15, 7);;(20, 12);1;752
0;0.0;MoveNorthEast;(15, 7);;(20, 12);1;753
0;0.0;MoveNorthEast;(15, 7);;(20, 12);1;754
0;0.0;MoveNorthEast;(15, 7);;(20, 12);1;755
0;0.0;MoveNorthEast;(15, 7);;(20, 12);1;756
0;0.0;MoveNorthEast;(15, 7);;(20, 12);1;757
0;0.0;MoveNorthEast;(16, 6);;(20, 12);1;758
0;0.0;MoveEast;(16, 6);;(20, 12);1;759
0;0.0;MoveEast;(16, 6);;(20, 12);1;760
0;0.0;MoveEast;(16, 6);;(20, 12);1;761
0;0.0;MoveEast;(16, 6);;(20, 12);1;762
0;0.0;MoveEast;(16, 6);;(20, 12);1;763
0;0.0;MoveEast;(16, 6);;(20, 12);1;764
0;0.0;MoveEast;(16, 6);;(20, 12);1;765
0;0.0;MoveEast;(16, 6);;(20, 12);1;766
0;0.0;MoveEast;(17, 6);;(20, 12);1;767
0;0.0;MoveSouthEast;(17, 6);;(20, 12);1;768
0;0.0;MoveSouthEast;(17, 6);;(20, 12);1;769
0;0.0;MoveSouthEast;(17, 6);;(20, 12);1;770
0;0.0;MoveSouthEast;(17, 6);;(20, 12);1;771
0;0.0;MoveSouthEast;(17, 6);;(20, 12);1;772
0;0.0;MoveSouthEast;(17, 6);;(20, 12);1;773
0;0.0;MoveSouthEast;(17, 6);;(20, 12);1;774
0;0.0;MoveSouthEast;(17, 6);;(20, 12);1;775
0;0.0;MoveSouthEast;(18, 7);;(20, 12);1;776
0;0.0;MoveSouthEast;(18, 7);;(20, 12);1;777
0;0.0;MoveSouthEast;(18, 7);;(20, 12);1;778
0;0.0;MoveSouthEast;(18, 7);;(20, 12);1;779
0;0.0;MoveSouthEast;(18, 7);;(20, 12);1;780
0;0.0;MoveSouthEast;(18, 7);;(20, 12);1;781
0;0.0;MoveSouthEast;(18, 7);;(20, 12);1;782
0;0.0;MoveSouthEast;(18, 7);;(20, 12);1;783
0;0.0;MoveSouthEast;(18, 7);;(20, 12);1;784
0;0.0;MoveSouthEast;(19, 8);;(20, 12);1;785
0;0.0;MoveSouthEast;(19, 8);;(20, 12);1;786
0;0.0;MoveSouthEast;(19, 8);;(20, 12);1;787
0;0.0;MoveSouthEast;(19, 8);;(20, 12);1;788
0;0.0;MoveSouthEast;(19, 8);;(20, 12);1;789
0;0.0;MoveSouthEast;(19, 8);;(20, 12);1;790
0;0.0;MoveSouthEast;(19, 8);;(20, 12);1;791
0;0.0;MoveSouthEast;(19, 8);;(20, 12);1;792
0;0.0;MoveSouthEast;(19, 8);;(20, 12);1;793
0;0.0;MoveSouthEast;(19, 8);;(20, 12);1;794
0;0.0;MoveSouthEast;(19, 8);;(20, 12);1;795
0;0.0;MoveSouthEast;(19, 8);;(20, 12);1;796
0;0.0;MoveSouthEast;(19, 8);;(20, 12);1;797
0;0.0;MoveSouthEast;(19, 8);;(20, 12);1;798
0;0.0;MoveSouthEast;(20, 9);;(20, 12);1;799
0;0.0;MoveSouthEast;(20, 9);;(20, 12);1;800
0;0.0;MoveSouthEast;(20, 9);;(20, 12);1;801
0;0.0;MoveSouthEast;(20, 9);;(20, 12);1;802
0;0.0;MoveSouthEast;(20, 9);;(20, 12);1;803
0;0.0;MoveSouthEast;(20, 9);;(20, 12);1;804
0;0.0;MoveSouthEast;(20, 9);;(20, 12);1;805
0;0.0;MoveSouthEast;(20, 9);;(20, 12);1;806
0;0.0;MoveSouthEast;(20, 9);;(20, 12);1;807
0;0.0;MoveSouthEast;(21, 10);;(20, 12);1;808
0;0.0;MoveSouthEast;(21, 10);;(20, 12);1;809
0;0.0;MoveSouthEast;(21, 10);;(20, 12);1;810
0;0.0;MoveSouthEast;(21, 10);;(20, 12);1;811
0;0.0;MoveSouthEast;(21, 10);;(20, 12);1;812
0;0.0;MoveSouthEast;(21, 10);;(20, 12);1;813
0;0.0;MoveSouthEast;(21, 10);;(20, 12);1;814
0;0.0;MoveSouthEast;(21, 10);;(20, 12);1;815
0;0.0;MoveSouthEast;(21, 10);;(20, 12);1;816
0;0.0;MoveSouthEast;(22, 11);;(20, 12);1;817
0;0.0;MoveSouth;(22, 11);;(20, 12);1;818
0;0.0;MoveSouth;(22, 11);;(20, 12);1;819
0;0.0;MoveSouth;(22, 11);;(20, 12);1;820
0;0.0;MoveSouth;(22, 11);;(20, 12);1;821
0;0.0;MoveSouth;(22, 11);;(20, 12);1;822
0;0.0;MoveSouth;(22, 11);;(20, 12);1;823
0;0.0;MoveSouth;(22, 11);;(20, 12);1;824
0;0.0;MoveSouth;(22, 11);;(20, 12);1;825
0;0.0;MoveSouth;(22, 12);;(20, 12);1;826
0;0.0;MoveSouth;(22, 12);;(20, 12);1;827
0;0.0;MoveSouth;(22, 12);;(20, 12);1;828
0;0.0;MoveSouth;(22, 12);;(20, 12);1;829
0;0.0;MoveSouth;(22, 12);;(20, 12);1;830
0;0.0;MoveSouth;(22, 12);;(20, 12);1;831
0;0.0;MoveSouth;(22, 12);;(20, 12);1;832
0;0.0;MoveSouth;(22, 12);;(20, 12);1;833
0;0.0;MoveSouth;(22, 12);;(20, 12);1;834
0;0.0;MoveSouth;(22, 13);;(20, 12);1;835
0;0.0;MoveSouthEast;(22, 13);;(20, 12);1;836
0;0.0;MoveSouthEast;(22, 13);;(20, 12);1;837
0;0.0;MoveSouthEast;(22, 13);;(20, 12);1;838
0;0.0;MoveSouthEast;(22, 13);;(20, 12);1;839
0;0.0;MoveSouthEast;(22, 13);;(20, 12);1;840
0;0.0;MoveSouthEast;(22, 13);;(20, 12);1;841
0;0.0;MoveSouthEast;(22, 13);;(20, 12);1;842
0;0.0;MoveSouthEast;(22, 13);;(20, 12);1;843
0;0.0;MoveSouthEast;(23, 14);;(20, 12);1;844
0;0.0;Drop;(23, 14);;(20, 12);1;845
0;0.0;Drop;(23, 14);;(20, 12);1;846
0;0.0;Drop;(23, 14);;(20, 12);1;847
0;0.0;Drop;(23, 14);;(20, 12);1;848
0;0.0;Drop;(23, 14);;(20, 12);1;849
0;0.0;Drop;(23, 14);;(20, 12);1;850
0;0.0;Drop;(23, 14);;(20, 12);1;851
0;0.0;Drop;(23, 14);;(20, 12);1;852
3;0.125;Drop;(23, 14);;(20, 12);1;853
3;0.125;MoveSouthWest;(23, 14);;(20, 12);1;854
3;0.125;MoveSouthWest;(23, 14);;(20, 12);1;855
3;0.125;MoveSouthWest;(23, 14);;(20, 12);1;856
3;0.125;MoveSouthWest;(23, 14);;(20, 12);1;857
3;0.125;MoveSouthWest;(23, 14);;(20, 12);1;858
3;0.125;MoveSouthWest;(23, 14);;(20, 12);1;859
3;0.125;MoveSouthWest;(23, 14);;(20, 12);1;860
3;0.125;MoveSouthWest;(23, 14);;(20, 12);1;861
3;0.125;MoveSouthWest;(22, 15);;(20, 12);1;862
3;0.125;MoveSouth;(22, 15);;(20, 12);1;863
3;0.125;MoveSouth;(22, 15);;(20, 12);1;864
3;0.125;MoveSouth;(22, 15);;(20, 12);1;865
3;0.125;MoveSouth;(22, 15);;(20, 12);1;866
3;0.125;MoveSouth;(22, 15);;(20, 12);1;867
3;0.125;MoveSouth;(22, 15);;(20, 12);1;868
3;0.125;MoveSouth;(22, 15);;(20, 12);1;869
3;0.125;MoveSouth;(22, 15);;(20, 12);1;870
3;0.125;MoveSouth;(22, 16);;(20, 12);1;871
3;0.125;MoveSouthWest;(22, 16);;(20, 12);1;872
3;0.125;MoveSouthWest;(22, 16);;(20, 12);1;873
3;0.125;MoveSouthWest;(22, 16);;(20, 12);1;874
3;0.125;MoveSouthWest;(22, 16);;(20, 12);1;875
3;0.125;MoveSouthWest;(22, 16);;(20, 12);1;876
3;0.125;MoveSouthWest;(22, 16);;(20, 12);1;877
3;0.125;MoveSouthWest;(22, 16);;(20, 12);1;878
3;0.125;MoveSouthWest;(22, 16);;(20, 12);1;879
3;0.125;MoveSouthWest;(21, 17);;(20, 12);1;880
3;0.125;MoveSouth;(21, 17);;(20, 12);1;881
3;0.125;MoveSouth;(21, 17);;(20, 12);1;882
3;0.125;MoveSouth;(21, 17);;(20, 12);1;883
3;0.125;MoveSouth;(21, 17);;(20, 12);1;884
3;0.125;MoveSouth;(21, 17);;(20, 12);1;885
3;0.125;MoveSouth;(21, 17);;(20, 12);1;886
3;0.125;MoveSouth;(21, 17);;(20, 12);1;887
3;0.125;MoveSouth;(21, 17);;(20, 12);1;888
3;0.125;MoveSouth;(21, 18);;(20, 12);1;889
3;0.125;;(21, 18);;(20, 12);1;890
3;0.125;;(21, 18);;(20, 12);1;891
3;0.125;;(21, 18);;(20, 12);1;892
3;0.125;;(21, 18);;(20, 12);1;893
3;0.125;;(21, 18);;(20, 12);1;894
3;0.125;;(21, 18);;(20, 12);1;895
3;0.125;;(21, 18);;(20, 12);1;896
3;0.125;;(21, 18);;(20, 12);1;897
3;0.125;;(21, 18);;(20, 12);1;898
3;0.125;;(21, 18);;(20, 12);1;899
3;0.125;;(21, 18);;(20, 12);1;900
3;0.125;;(21, 18);;(20, 12);1;901
3;0.125;;(21, 18);;(20, 12);1;902
3;0.125;;(21, 18);;(20, 12);1;903
3;0.125;;(21, 18);;(20, 12);1;904
3;0.125;;(21, 18);;(20, 12);1;905
3;0.125;;(21, 18);;(20, 12);1;906
3;0.125;;(21, 18);;(20, 12);1;907
3;0.125;;(21, 18);;(20, 12);1;908
3;0.125;;(21, 18);;(20, 12);1;909
3;0.125;;(21, 18);;(20, 12);1;910
3;0.125;;(21, 18);;(20, 12);1;911
3;0.125;;(21, 18);;(20, 12);1;912
3;0.125;;(21, 18);;(20, 12);1;913
3;0.125;;(21, 18);;(20, 12);1;914
3;0.125;;(21, 18);;(20, 12);1;915
3;0.125;;(21, 18);;(20, 12);1;916
3;0.125;;(21, 18);;(20, 12);1;917
3;0.125;;(21, 18);;(20, 12);1;918
3;0.125;;(21, 18);;(20, 12);1;919
3;0.125;;(21, 18);;(20, 12);1;920
3;0.125;;(21, 18);;(20, 12);1;921
3;0.125;;(21, 18);;(20, 12);1;922
3;0.125;MoveWest;(21, 18);;(20, 12);1;923
3;0.125;MoveWest;(21, 18);;(20, 12);1;924
3;0.125;MoveWest;(21, 18);;(20, 12);1;925
3;0.125;MoveWest;(21, 18);;(20, 12);1;926
3;0.125;MoveWest;(21, 18);;(20, 12);1;927
3;0.125;MoveWest;(21, 18);;(20, 12);1;928
3;0.125;MoveWest;(21, 18);;(20, 12);1;929
3;0.125;MoveWest;(21, 18);;(20, 12);1;930
3;0.125;MoveWest;(20, 18);;(20, 12);1;931
3;0.125;MoveWest;(20, 18);;(20, 12);1;932
3;0.125;MoveWest;(20, 18);;(20, 12);1;933
3;0.125;MoveWest;(20, 18);;(20, 12);1;934
3;0.125;MoveWest;(20, 18);;(20, 12);1;935
3;0.125;MoveWest;(20, 18);;(20, 12);1;936
3;0.125;MoveWest;(20, 18);;(20, 12);1;937
3;0.125;MoveWest;(20, 18);;(20, 12);1;938
3;0.125;MoveWest;(20, 18);;(20, 12);1;939
3;0.125;MoveWest;(20, 18);;(20, 12);1;940
3;0.125;MoveWest;(20, 18);;(20, 12);1;941
3;0.125;MoveWest;(20, 18);;(20, 12);1;942
3;0.125;MoveWest;(20, 18);;(20, 12);1;943
3;0.125;MoveWest;(20, 18);;(20, 12);1;944
3;0.125;MoveWest;(19, 18);;(20, 12);1;945
3;0.125;MoveWest;(19, 18);;(20, 12);1;946
3;0.125;MoveWest;(19, 18);;(20, 12);1;947
3;0.125;MoveWest;(19, 18);;(20, 12);1;948
3;0.125;MoveWest;(19, 18);;(20, 12);1;949
3;0.125;MoveWest;(19, 18);;(20, 12);1;950
3;0.125;MoveWest;(19, 18);;(20, 12);1;951
3;0.125;MoveWest;(19, 18);;(20, 12);1;952
3;0.125;MoveWest;(19, 18);;(20, 12);1;953
3;0.125;MoveWest;(18, 18);;(20, 12);1;954
3;0.125;MoveWest;(18, 18);;(20, 12);1;955
3;0.125;MoveWest;(18, 18);;(20, 12);1;956
3;0.125;MoveWest;(18, 18);;(20, 12);1;957
3;0.125;MoveWest;(18, 18);;(20, 12);1;958
3;0.125;MoveWest;(18, 18);;(20, 12);1;959
3;0.125;MoveWest;(18, 18);;(20, 12);1;960
3;0.125;MoveWest;(18, 18);;(20, 12);1;961
3;0.125;MoveWest;(18, 18);;(20, 12);1;962
3;0.125;MoveWest;(17, 18);;(20, 12);1;963
3;0.125;MoveWest;(17, 18);;(20, 12);1;964
3;0.125;MoveWest;(17, 18);;(20, 12);1;965
3;0.125;MoveWest;(17, 18);;(20, 12);1;966
3;0.125;MoveWest;(17, 18);;(20, 12);1;967
3;0.125;MoveWest;(17, 18);;(20, 12);1;968
3;0.125;MoveWest;(17, 18);;(20, 12);1;969
3;0.125;MoveWest;(17, 18);;(20, 12);1;970
3;0.125;MoveWest;(17, 18);;(20, 12);1;971
3;0.125;MoveWest;(16, 18);;(20, 12);1;972
3;0.125;MoveWest;(16, 18);;(20, 12);1;973
3;0.125;MoveWest;(16, 18);;(20, 12);1;974
3;0.125;MoveWest;(16, 18);;(20, 12);1;975
3;0.125;MoveWest;(16, 18);;(20, 12);1;976
3;0.125;MoveWest;(16, 18);;(20, 12);1;977
3;0.125;MoveWest;(16, 18);;(20, 12);1;978
3;0.125;MoveWest;(16, 18);;(20, 12);1;979
3;0.125;MoveWest;(16, 18);;(20, 12);1;980
3;0.125;MoveWest;(15, 18);;(20, 12);1;981
3;0.125;;(15, 18);;(20, 12);1;982
3;0.125;;(15, 18);;(20, 12);1;983
3;0.125;;(15, 18);;(20, 12);1;984
3;0.125;;(15, 18);;(20, 12);1;985
3;0.125;;(15, 18);;(20, 12);1;986
3;0.125;;(15, 18);;(20, 12);1;987
3;0.125;;(15, 18);;(20, 12);1;988
3;0.125;;(15, 18);;(20, 12);1;989
3;0.125;;(15, 18);;(20, 12);1;990
3;0.125;;(15, 18);;(20, 12);1;991
3;0.125;;(15, 18);;(20, 12);1;992
3;0.125;;(15, 18);;(20, 12);1;993
3;0.125;;(15, 18);;(20, 12);1;994
3;0.125;;(15, 18);;(20, 12);1;995
3;0.125;;(15, 18);;(20, 12);1;996
3;0.125;;(15, 18);;(20, 12);1;997
3;0.125;;(15, 18);;(20, 12);1;998
3;0.125;;(15, 18);;(20, 12);1;999
3;0.125;;(15, 18);;(20, 12);1;1000
3;0.125;;(15, 18);;(20, 12);1;1001
3;0.125;;(15, 18);;(20, 12);1;1002
3;0.125;;(15, 18);;(20, 12);1;1003
3;0.125;;(15, 18);;(20, 12);1;1004
3;0.125;;(15, 18);;(20, 12);1;1005
3;0.125;;(15, 18);;(20, 12);1;1006
3;0.125;;(15, 18);;(20, 12);1;1007
3;0.125;;(15, 18);;(20, 12);1;1008
3;0.125;;(15, 18);;(20, 12);1;1009
3;0.125;;(15, 18);;(20, 12);1;1010
3;0.125;;(15, 18);;(20, 12);1;1011
3;0.125;;(15, 18);;(20, 12);1;1012
3;0.125;;(15, 18);;(20, 12);1;1013
3;0.125;;(15, 18);;(20, 12);1;1014
3;0.125;;(15, 18);;(20, 12);1;1015
3;0.125;;(15, 18);;(20, 12);1;1016
3;0.125;;(15, 18);;(20, 12);1;1017
3;0.125;;(15, 18);;(20, 12);1;1018
3;0.125;;(15, 18);;(20, 12);1;1019
3;0.125;;(15, 18);;(20, 12);1;1020
3;0.125;;(15, 18);;(20, 12);1;1021
3;0.125;;(15, 18);;(20, 12);1;1022
3;0.125;;(15, 18);;(20, 12);1;1023
3;0.125;RemoveObject;(15, 18);;(20, 12);1;1024
3;0.125;RemoveObject;(15, 18);;(20, 12);1;1025
3;0.125;RemoveObject;(15, 18);;(20, 12);1;1026
3;0.125;RemoveObject;(15, 18);;(20, 12);1;1027
3;0.125;RemoveObject;(15, 18);;(20, 12);1;1028
3;0.125;RemoveObject;(15, 18);;(20, 12);1;1029
3;0.125;RemoveObject;(15, 18);;(20, 12);1;1030
3;0.125;RemoveObject;(15, 18);;(20, 12);1;1031
3;0.125;RemoveObject;(15, 18);;(20, 12);1;1032
3;0.125;RemoveObject;(15, 18);;(20, 12);1;1033
3;0.125;RemoveObject;(15, 18);;(20, 12);1;1034
3;0.125;RemoveObject;(15, 18);;(20, 12);1;1035
3;0.125;RemoveObject;(15, 18);;(20, 12);1;1036
3;0.125;RemoveObject;(15, 18);;(20, 12);1;1037
3;0.125;RemoveObject;(15, 18);;(20, 12);1;1038
3;0.125;RemoveObject;(15, 18);;(20, 12);1;1039
3;0.125;RemoveObject;(15, 18);;(20, 12);1;1040
3;0.125;RemoveObject;(15, 18);;(20, 12);1;1041
3;0.125;RemoveObject;(15, 18);;(20, 12);1;1042
3;0.125;RemoveObject;(15, 18);;(20, 12);1;1043
3;0.125;RemoveObject;(15, 18);;(20, 12);1;1044
3;0.125;RemoveObject;(15, 18);;(20, 12);1;1045
3;0.125;RemoveObject;(15, 18);;(20, 12);1;1046
3;0.125;RemoveObject;(15, 18);;(20, 12);1;1047
3;0.125;RemoveObject;(15, 18);;(20, 12);1;1048
3;0.125;RemoveObject;(15, 18);;(20, 12);1;1049
3;0.125;RemoveObject;(15, 18);;(20, 12);1;1050
3;0.125;RemoveObject;(15, 18);;(20, 12);1;1051
3;0.125;RemoveObject;(15, 18);;(20, 12);1;1052
3;0.125;RemoveObject;(15, 18);;(20, 12);1;1053
3;0.125;RemoveObject;(15, 18);;(20, 12);1;1054
3;0.125;RemoveObject;(15, 18);;(20, 12);1;1055
3;0.125;RemoveObject;(15, 18);;(20, 12);1;1056
3;0.125;RemoveObject;(15, 18);;(20, 12);1;1057
3;0.125;RemoveObject;(15, 18);;(20, 12);1;1058
3;0.125;RemoveObject;(15, 18);;(20, 12);1;1059
3;0.125;RemoveObject;(15, 18);;(20, 12);1;1060
3;0.125;RemoveObject;(15, 18);;(20, 12);1;1061
3;0.125;RemoveObject;(15, 18);;(20, 12);1;1062
3;0.125;RemoveObject;(15, 18);;(20, 12);1;1063
3;0.125;RemoveObject;(15, 18);;(20, 12);1;1064
3;0.125;RemoveObject;(15, 18);;(20, 12);1;1065
3;0.125;RemoveObject;(15, 18);;(20, 12);1;1066
3;0.125;RemoveObject;(15, 18);;(20, 12);1;1067
3;0.125;RemoveObject;(15, 18);;(20, 12);1;1068
3;0.125;RemoveObject;(15, 18);;(20, 12);1;1069
3;0.125;RemoveObject;(15, 18);;(20, 12);1;1070
3;0.125;RemoveObject;(15, 18);;(20, 12);1;1071
3;0.125;RemoveObject;(15, 18);;(20, 12);1;1072
3;0.125;RemoveObject;(15, 18);;(20, 12);1;1073
3;0.125;RemoveObject;(15, 18);;(20, 12);1;1074
3;0.125;RemoveObject;(15, 18);;(20, 12);1;1075
3;0.125;RemoveObject;(15, 18);;(20, 12);1;1076
3;0.125;RemoveObject;(15, 18);;(20, 12);1;1077
3;0.125;RemoveObject;(15, 18);;(20, 12);1;1078
3;0.125;RemoveObject;(15, 18);;(20, 12);1;1079
3;0.125;RemoveObject;(15, 18);;(20, 12);1;1080
3;0.125;RemoveObject;(15, 18);;(20, 12);1;1081
3;0.125;RemoveObject;(15, 18);;(20, 12);1;1082
3;0.125;RemoveObject;(15, 18);;(20, 12);1;1083
3;0.125;RemoveObject;(15, 18);;(20, 12);1;1084
3;0.125;RemoveObject;(15, 18);;(20, 12);1;1085
3;0.125;RemoveObject;(15, 18);;(20, 12);1;1086
3;0.125;RemoveObject;(15, 18);;(20, 12);1;1087
3;0.125;RemoveObject;(15, 18);;(20, 12);1;1088
3;0.125;RemoveObject;(15, 18);;(20, 12);1;1089
3;0.125;RemoveObject;(15, 18);;(20, 12);1;1090
3;0.125;RemoveObject;(15, 18);;(20, 12);1;1091
3;0.125;RemoveObject;(15, 18);;(20, 12);1;1092
3;0.125;RemoveObject;(15, 18);;(20, 12);1;1093
3;0.125;RemoveObject;(15, 18);;(20, 12);1;1094
3;0.125;RemoveObject;(15, 18);;(20, 12);1;1095
3;0.125;RemoveObject;(15, 18);;(20, 12);1;1096
3;0.125;RemoveObject;(15, 18);;(20, 12);1;1097
3;0.125;RemoveObject;(15, 18);;(20, 12);1;1098
3;0.125;RemoveObject;(15, 18);;(20, 12);1;1099
3;0.125;RemoveObject;(15, 18);;(20, 12);1;1100
3;0.125;RemoveObject;(15, 18);;(20, 12);1;1101
3;0.125;RemoveObject;(15, 18);;(20, 12);1;1102
3;0.125;RemoveObject;(15, 18);;(20, 12);1;1103
3;0.125;RemoveObject;(15, 18);;(20, 12);1;1104
3;0.125;RemoveObject;(15, 18);;(20, 12);1;1105
3;0.125;RemoveObject;(15, 18);;(20, 12);1;1106
3;0.125;RemoveObject;(15, 18);;(20, 12);1;1107
3;0.125;RemoveObject;(15, 18);;(20, 12);1;1108
3;0.125;RemoveObject;(15, 18);;(20, 12);1;1109
3;0.125;RemoveObject;(15, 18);;(20, 12);1;1110
3;0.125;RemoveObject;(15, 18);;(20, 12);1;1111
3;0.125;RemoveObject;(15, 18);;(20, 12);1;1112
3;0.125;RemoveObject;(15, 18);;(20, 12);1;1113
3;0.125;RemoveObject;(15, 18);;(20, 12);1;1114
3;0.125;RemoveObject;(15, 18);;(20, 12);1;1115
3;0.125;RemoveObject;(15, 18);;(20, 12);1;1116
3;0.125;RemoveObject;(15, 18);;(20, 12);1;1117
3;0.125;RemoveObject;(15, 18);;(20, 12);1;1118
3;0.125;RemoveObject;(15, 18);;(20, 12);1;1119
3;0.125;RemoveObject;(15, 18);;(20, 12);1;1120
3;0.125;RemoveObject;(15, 18);;(20, 12);1;1121
3;0.125;RemoveObject;(15, 18);;(20, 12);1;1122
3;0.125;RemoveObject;(15, 18);;(20, 12);1;1123
3;0.125;RemoveObject;(15, 18);;(20, 12);1;1124
3;0.125;MoveSouth;(15, 18);;(20, 12);1;1125
3;0.125;MoveSouth;(15, 18);;(20, 12);1;1126
3;0.125;MoveSouth;(15, 18);;(20, 12);1;1127
3;0.125;MoveSouth;(15, 18);;(20, 12);1;1128
3;0.125;MoveSouth;(15, 18);;(20, 12);1;1129
3;0.125;MoveSouth;(15, 18);;(20, 12);1;1130
3;0.125;MoveSouth;(15, 18);;(20, 12);1;1131
3;0.125;MoveSouth;(15, 18);;(20, 12);1;1132
3;0.125;MoveSouth;(15, 19);;(20, 12);1;1133
3;0.125;MoveSouthWest;(15, 19);;(20, 12);1;1134
3;0.125;MoveSouthWest;(15, 19);;(20, 12);1;1135
3;0.125;MoveSouthWest;(15, 19);;(20, 12);1;1136
3;0.125;MoveSouthWest;(15, 19);;(20, 12);1;1137
3;0.125;MoveSouthWest;(15, 19);;(20, 12);1;1138
3;0.125;MoveSouthWest;(15, 19);;(20, 12);1;1139
3;0.125;MoveSouthWest;(15, 19);;(20, 12);1;1140
3;0.125;MoveSouthWest;(15, 19);;(20, 12);1;1141
3;0.125;MoveSouthWest;(14, 20);;(20, 12);1;1142
3;0.125;MoveSouthEast;(14, 20);;(20, 12);1;1143
3;0.125;MoveSouthEast;(14, 20);;(20, 12);1;1144
3;0.125;MoveSouthEast;(14, 20);;(20, 12);1;1145
3;0.125;MoveSouthEast;(14, 20);;(20, 12);1;1146
3;0.125;MoveSouthEast;(14, 20);;(20, 12);1;1147
3;0.125;MoveSouthEast;(14, 20);;(20, 12);1;1148
3;0.125;MoveSouthEast;(14, 20);;(20, 12);1;1149
3;0.125;MoveSouthEast;(14, 20);;(20, 12);1;1150
3;0.125;MoveSouthEast;(15, 21);;(20, 12);1;1151
3;0.125;MoveNorthWest;(15, 21);;(20, 12);1;1152
3;0.125;MoveNorthWest;(15, 21);;(20, 12);1;1153
3;0.125;MoveNorthWest;(15, 21);;(20, 12);1;1154
3;0.125;MoveNorthWest;(15, 21);;(20, 12);1;1155
3;0.125;MoveNorthWest;(15, 21);;(20, 12);1;1156
3;0.125;MoveNorthWest;(15, 21);;(20, 12);1;1157
3;0.125;MoveNorthWest;(15, 21);;(20, 12);1;1158
3;0.125;MoveNorthWest;(15, 21);;(20, 12);1;1159
3;0.125;MoveNorthWest;(14, 20);;(20, 12);1;1160
3;0.125;CarryObject;(14, 20);;(20, 12);1;1161
3;0.125;CarryObject;(14, 20);;(20, 12);1;1162
3;0.125;CarryObject;(14, 20);;(20, 12);1;1163
3;0.125;CarryObject;(14, 20);;(20, 12);1;1164
3;0.125;CarryObject;(14, 20);;(20, 12);1;1165
3;0.125;CarryObject;(14, 20);;(20, 12);1;1166
3;0.125;CarryObject;(14, 20);;(20, 12);1;1167
3;0.125;CarryObject;(14, 20);;(20, 12);1;1168
3;0.125;CarryObject;(14, 20);;(20, 12);1;1169
3;0.125;CarryObject;(14, 20);;(20, 12);1;1170
3;0.125;CarryObject;(14, 20);;(20, 12);1;1171
3;0.125;CarryObject;(14, 20);;(20, 12);1;1172
3;0.125;CarryObject;(14, 20);;(20, 12);1;1173
3;0.125;CarryObject;(14, 20);;(20, 12);1;1174
3;0.125;CarryObject;(14, 20);;(20, 12);1;1175
3;0.125;CarryObject;(14, 20);;(20, 12);1;1176
3;0.125;CarryObject;(14, 20);;(20, 12);1;1177
3;0.125;CarryObject;(14, 20);;(20, 12);1;1178
3;0.125;CarryObject;(14, 20);;(20, 12);1;1179
3;0.125;CarryObject;(14, 20);;(20, 12);1;1180
3;0.125;CarryObject;(14, 20);;(20, 12);1;1181
3;0.125;CarryObject;(14, 20);;(20, 12);1;1182
3;0.125;CarryObject;(14, 20);;(20, 12);1;1183
3;0.125;CarryObject;(14, 20);;(20, 12);1;1184
3;0.125;CarryObject;(14, 20);;(20, 12);1;1185
3;0.125;CarryObject;(14, 20);;(20, 12);1;1186
3;0.125;CarryObject;(14, 20);;(20, 12);1;1187
3;0.125;CarryObject;(14, 20);;(20, 12);1;1188
3;0.125;CarryObject;(14, 20);;(20, 12);1;1189
3;0.125;CarryObject;(14, 20);;(20, 12);1;1190
3;0.125;CarryObject;(14, 20);;(20, 12);1;1191
3;0.125;CarryObject;(14, 20);;(20, 12);1;1192
3;0.125;CarryObject;(14, 20);;(20, 12);1;1193
3;0.125;CarryObject;(14, 20);;(20, 12);1;1194
3;0.125;CarryObject;(14, 20);;(20, 12);1;1195
3;0.125;CarryObject;(14, 20);;(20, 12);1;1196
3;0.125;CarryObject;(14, 20);;(20, 12);1;1197
3;0.125;CarryObject;(14, 20);;(20, 12);1;1198
3;0.125;CarryObject;(14, 20);;(20, 12);1;1199
3;0.125;CarryObject;(14, 20);;(20, 12);1;1200
3;0.125;CarryObject;(14, 20);;(20, 12);1;1201
3;0.125;CarryObject;(14, 20);;(20, 12);1;1202
3;0.125;CarryObject;(14, 20);;(20, 12);1;1203
3;0.125;CarryObject;(14, 20);;(20, 12);1;1204
3;0.125;CarryObject;(14, 20);;(20, 12);1;1205
3;0.125;CarryObject;(14, 20);;(20, 12);1;1206
3;0.125;CarryObject;(14, 20);;(20, 12);1;1207
3;0.125;CarryObject;(14, 20);;(20, 12);1;1208
3;0.125;CarryObject;(14, 20);;(20, 12);1;1209
3;0.125;CarryObject;(14, 20);;(20, 12);1;1210
3;0.125;CarryObject;(14, 20);;(20, 12);1;1211
3;0.125;CarryObject;(14, 20);;(20, 12);1;1212
3;0.125;CarryObject;(14, 20);;(20, 12);1;1213
3;0.125;CarryObject;(14, 20);;(20, 12);1;1214
3;0.125;CarryObject;(14, 20);;(20, 12);1;1215
3;0.125;CarryObject;(14, 20);;(20, 12);1;1216
3;0.125;CarryObject;(14, 20);;(20, 12);1;1217
3;0.125;CarryObject;(14, 20);;(20, 12);1;1218
3;0.125;CarryObject;(14, 20);;(20, 12);1;1219
3;0.125;CarryObject;(14, 20);;(20, 12);1;1220
3;0.125;CarryObject;(14, 20);;(20, 12);1;1221
3;0.125;CarryObject;(14, 20);;(20, 12);1;1222
3;0.125;CarryObject;(14, 20);;(20, 12);1;1223
3;0.125;CarryObject;(14, 20);;(20, 12);1;1224
3;0.125;CarryObject;(14, 20);;(20, 12);1;1225
3;0.125;CarryObject;(14, 20);;(20, 12);1;1226
3;0.125;CarryObject;(14, 20);;(20, 12);1;1227
3;0.125;CarryObject;(14, 20);;(20, 12);1;1228
3;0.125;CarryObject;(14, 20);;(20, 12);1;1229
3;0.125;CarryObject;(14, 20);;(20, 12);1;1230
3;0.125;CarryObject;(14, 20);;(20, 12);1;1231
3;0.125;CarryObject;(14, 20);;(20, 12);1;1232
3;0.125;CarryObject;(14, 20);;(20, 12);1;1233
3;0.125;CarryObject;(14, 20);;(20, 12);1;1234
3;0.125;CarryObject;(14, 20);;(20, 12);1;1235
3;0.125;CarryObject;(14, 20);;(20, 12);1;1236
3;0.125;CarryObject;(14, 20);;(20, 12);1;1237
3;0.125;CarryObject;(14, 20);;(20, 12);1;1238
3;0.125;CarryObject;(14, 20);;(20, 12);1;1239
3;0.125;CarryObject;(14, 20);;(20, 12);1;1240
3;0.125;CarryObject;(14, 20);;(20, 12);1;1241
3;0.125;CarryObject;(14, 20);;(20, 12);1;1242
3;0.125;CarryObject;(14, 20);;(20, 12);1;1243
3;0.125;CarryObject;(14, 20);;(20, 12);1;1244
3;0.125;CarryObject;(14, 20);;(20, 12);1;1245
3;0.125;CarryObject;(14, 20);;(20, 12);1;1246
3;0.125;CarryObject;(14, 20);;(20, 12);1;1247
3;0.125;CarryObject;(14, 20);;(20, 12);1;1248
3;0.125;CarryObject;(14, 20);;(20, 12);1;1249
3;0.125;CarryObject;(14, 20);;(20, 12);1;1250
3;0.125;CarryObject;(14, 20);;(20, 12);1;1251
3;0.125;CarryObject;(14, 20);;(20, 12);1;1252
3;0.125;CarryObject;(14, 20);;(20, 12);1;1253
3;0.125;CarryObject;(14, 20);;(20, 12);1;1254
3;0.125;CarryObject;(14, 20);;(20, 12);1;1255
3;0.125;CarryObject;(14, 20);;(20, 12);1;1256
3;0.125;CarryObject;(14, 20);;(20, 12);1;1257
3;0.125;CarryObject;(14, 20);;(20, 12);1;1258
3;0.125;CarryObject;(14, 20);;(20, 12);1;1259
3;0.125;CarryObject;(14, 20);;(20, 12);1;1260
3;0.125;CarryObject;(14, 20);;(20, 12);1;1261
3;0.125;CarryObject;(14, 20);;(20, 12);1;1262
3;0.125;CarryObject;(14, 20);;(20, 12);1;1263
3;0.125;CarryObject;(14, 20);;(20, 12);1;1264
3;0.125;CarryObject;(14, 20);;(20, 12);1;1265
3;0.125;CarryObject;(14, 20);;(20, 12);1;1266
3;0.125;CarryObject;(14, 20);;(20, 12);1;1267
3;0.125;CarryObject;(14, 20);;(20, 12);1;1268
3;0.125;CarryObject;(14, 20);;(20, 12);1;1269
3;0.125;CarryObject;(14, 20);;(20, 12);1;1270
3;0.125;CarryObject;(14, 20);;(20, 12);1;1271
3;0.125;CarryObject;(14, 20);;(20, 12);1;1272
3;0.125;CarryObject;(14, 20);;(20, 12);1;1273
3;0.125;CarryObject;(14, 20);;(20, 12);1;1274
3;0.125;CarryObject;(14, 20);;(20, 12);1;1275
3;0.125;CarryObject;(14, 20);;(20, 12);1;1276
3;0.125;CarryObject;(14, 20);;(20, 12);1;1277
3;0.125;CarryObject;(14, 20);;(20, 12);1;1278
3;0.125;CarryObject;(14, 20);;(20, 12);1;1279
3;0.125;CarryObject;(14, 20);;(20, 12);1;1280
3;0.125;CarryObject;(14, 20);;(20, 12);1;1281
3;0.125;CarryObject;(14, 20);;(20, 12);1;1282
3;0.125;CarryObject;(14, 20);;(20, 12);1;1283
3;0.125;CarryObject;(14, 20);;(20, 12);1;1284
3;0.125;CarryObject;(14, 20);;(20, 12);1;1285
3;0.125;CarryObject;(14, 20);;(20, 12);1;1286
3;0.125;CarryObject;(14, 20);;(20, 12);1;1287
3;0.125;CarryObject;(14, 20);;(20, 12);1;1288
3;0.125;CarryObject;(14, 20);;(20, 12);1;1289
3;0.125;CarryObject;(14, 20);;(20, 12);1;1290
3;0.125;CarryObject;(14, 20);;(20, 12);1;1291
3;0.125;CarryObject;(14, 20);;(20, 12);1;1292
3;0.125;CarryObject;(14, 20);;(20, 12);1;1293
3;0.125;CarryObject;(14, 20);;(20, 12);1;1294
3;0.125;CarryObject;(14, 20);;(20, 12);1;1295
3;0.125;CarryObject;(14, 20);;(20, 12);1;1296
3;0.125;CarryObject;(14, 20);;(20, 12);1;1297
3;0.125;CarryObject;(14, 20);;(20, 12);1;1298
3;0.125;CarryObject;(14, 20);;(20, 12);1;1299
3;0.125;CarryObject;(14, 20);;(20, 12);1;1300
3;0.125;CarryObject;(14, 20);;(20, 12);1;1301
3;0.125;CarryObject;(14, 20);;(20, 12);1;1302
3;0.125;CarryObject;(14, 20);;(20, 12);1;1303
3;0.125;CarryObject;(14, 20);;(20, 12);1;1304
3;0.125;CarryObject;(14, 20);;(20, 12);1;1305
3;0.125;CarryObject;(14, 20);;(20, 12);1;1306
3;0.125;CarryObject;(14, 20);;(20, 12);1;1307
3;0.125;CarryObject;(14, 20);;(20, 12);1;1308
3;0.125;CarryObject;(14, 20);;(20, 12);1;1309
3;0.125;CarryObject;(14, 20);;(20, 12);1;1310
3;0.125;CarryObject;(14, 20);;(20, 12);1;1311
3;0.125;MoveNorthEast;(14, 20);;(20, 12);1;1312
3;0.125;MoveNorthEast;(14, 20);;(20, 12);1;1313
3;0.125;MoveNorthEast;(14, 20);;(20, 12);1;1314
3;0.125;MoveNorthEast;(14, 20);;(20, 12);1;1315
3;0.125;MoveNorthEast;(14, 20);;(20, 12);1;1316
3;0.125;MoveNorthEast;(14, 20);;(20, 12);1;1317
3;0.125;MoveNorthEast;(14, 20);;(20, 12);1;1318
3;0.125;MoveNorthEast;(14, 20);;(20, 12);1;1319
3;0.125;MoveNorthEast;(15, 19);;(20, 12);1;1320
3;0.125;MoveNorthEast;(15, 19);;(20, 12);1;1321
3;0.125;MoveNorthEast;(15, 19);;(20, 12);1;1322
3;0.125;MoveNorthEast;(15, 19);;(20, 12);1;1323
3;0.125;MoveNorthEast;(15, 19);;(20, 12);1;1324
3;0.125;MoveNorthEast;(15, 19);;(20, 12);1;1325
3;0.125;MoveNorthEast;(15, 19);;(20, 12);1;1326
3;0.125;MoveNorthEast;(15, 19);;(20, 12);1;1327
3;0.125;MoveNorthEast;(15, 19);;(20, 12);1;1328
3;0.125;MoveNorthEast;(16, 18);;(20, 12);1;1329
3;0.125;MoveNorthEast;(16, 18);;(20, 12);1;1330
3;0.125;MoveNorthEast;(16, 18);;(20, 12);1;1331
3;0.125;MoveNorthEast;(16, 18);;(20, 12);1;1332
3;0.125;MoveNorthEast;(16, 18);;(20, 12);1;1333
3;0.125;MoveNorthEast;(16, 18);;(20, 12);1;1334
3;0.125;MoveNorthEast;(16, 18);;(20, 12);1;1335
3;0.125;MoveNorthEast;(16, 18);;(20, 12);1;1336
3;0.125;MoveNorthEast;(16, 18);;(20, 12);1;1337
3;0.125;MoveNorthEast;(17, 17);;(20, 12);1;1338
3;0.125;MoveNorthEast;(17, 17);;(20, 12);1;1339
3;0.125;MoveNorthEast;(17, 17);;(20, 12);1;1340
3;0.125;MoveNorthEast;(17, 17);;(20, 12);1;1341
3;0.125;MoveNorthEast;(17, 17);;(20, 12);1;1342
3;0.125;MoveNorthEast;(17, 17);;(20, 12);1;1343
3;0.125;MoveNorthEast;(17, 17);;(20, 12);1;1344
3;0.125;MoveNorthEast;(17, 17);;(20, 12);1;1345
3;0.125;MoveNorthEast;(17, 17);;(20, 12);1;1346
3;0.125;MoveNorthEast;(17, 17);;(20, 12);1;1347
3;0.125;MoveNorthEast;(17, 17);;(20, 12);1;1348
3;0.125;MoveNorthEast;(17, 17);;(20, 12);1;1349
3;0.125;MoveNorthEast;(17, 17);;(20, 12);1;1350
3;0.125;MoveNorthEast;(17, 17);;(20, 12);1;1351
3;0.125;MoveNorthEast;(18, 16);;(20, 12);1;1352
3;0.125;MoveNorthEast;(18, 16);;(20, 12);1;1353
3;0.125;MoveNorthEast;(18, 16);;(20, 12);1;1354
3;0.125;MoveNorthEast;(18, 16);;(20, 12);1;1355
3;0.125;MoveNorthEast;(18, 16);;(20, 12);1;1356
3;0.125;MoveNorthEast;(18, 16);;(20, 12);1;1357
3;0.125;MoveNorthEast;(18, 16);;(20, 12);1;1358
3;0.125;MoveNorthEast;(18, 16);;(20, 12);1;1359
3;0.125;MoveNorthEast;(18, 16);;(20, 12);1;1360
3;0.125;MoveNorthEast;(18, 16);;(20, 12);1;1361
3;0.125;MoveNorthEast;(18, 16);;(20, 12);1;1362
3;0.125;MoveNorthEast;(18, 16);;(20, 12);1;1363
3;0.125;MoveNorthEast;(18, 16);;(20, 12);1;1364
3;0.125;MoveNorthEast;(18, 16);;(20, 12);1;1365
3;0.125;MoveNorthEast;(19, 15);;(20, 12);1;1366
3;0.125;MoveNorthEast;(19, 15);;(20, 12);1;1367
3;0.125;MoveNorthEast;(19, 15);;(20, 12);1;1368
3;0.125;MoveNorthEast;(19, 15);;(20, 12);1;1369
3;0.125;MoveNorthEast;(19, 15);;(20, 12);1;1370
3;0.125;MoveNorthEast;(19, 15);;(20, 12);1;1371
3;0.125;MoveNorthEast;(19, 15);;(20, 12);1;1372
3;0.125;MoveNorthEast;(19, 15);;(20, 12);1;1373
3;0.125;MoveNorthEast;(19, 15);;(20, 12);1;1374
3;0.125;MoveNorthEast;(20, 14);;(20, 12);1;1375
3;0.125;MoveEast;(20, 14);;(20, 12);1;1376
3;0.125;MoveEast;(20, 14);;(20, 12);1;1377
3;0.125;MoveEast;(20, 14);;(20, 12);1;1378
3;0.125;MoveEast;(20, 14);;(20, 12);1;1379
3;0.125;MoveEast;(20, 14);;(20, 12);1;1380
3;0.125;MoveEast;(20, 14);;(20, 12);1;1381
3;0.125;MoveEast;(20, 14);;(20, 12);1;1382
3;0.125;MoveEast;(20, 14);;(20, 12);1;1383
3;0.125;MoveEast;(21, 14);;(20, 12);1;1384
3;0.125;MoveNorthEast;(21, 14);;(20, 12);1;1385
3;0.125;MoveNorthEast;(21, 14);;(20, 12);1;1386
3;0.125;MoveNorthEast;(21, 14);;(20, 12);1;1387
3;0.125;MoveNorthEast;(21, 14);;(20, 12);1;1388
3;0.125;MoveNorthEast;(21, 14);;(20, 12);1;1389
3;0.125;MoveNorthEast;(21, 14);;(20, 12);1;1390
3;0.125;MoveNorthEast;(21, 14);;(20, 12);1;1391
3;0.125;MoveNorthEast;(21, 14);;(20, 12);1;1392
3;0.125;MoveNorthEast;(22, 13);;(20, 12);1;1393
3;0.125;MoveEast;(22, 13);;(20, 12);1;1394
3;0.125;MoveEast;(22, 13);;(20, 12);1;1395
3;0.125;MoveEast;(22, 13);;(20, 12);1;1396
3;0.125;MoveEast;(22, 13);;(20, 12);1;1397
3;0.125;MoveEast;(22, 13);;(20, 12);1;1398
3;0.125;MoveEast;(22, 13);;(20, 12);1;1399
3;0.125;MoveEast;(22, 13);;(20, 12);1;1400
3;0.125;MoveEast;(22, 13);;(20, 12);1;1401
3;0.125;MoveEast;(23, 13);;(20, 12);1;1402
3;0.125;Drop;(23, 13);;(20, 12);1;1403
3;0.125;Drop;(23, 13);;(20, 12);1;1404
3;0.125;Drop;(23, 13);;(20, 12);1;1405
3;0.125;Drop;(23, 13);;(20, 12);1;1406
3;0.125;Drop;(23, 13);;(20, 12);1;1407
3;0.125;Drop;(23, 13);;(20, 12);1;1408
3;0.125;Drop;(23, 13);;(20, 12);1;1409
3;0.125;Drop;(23, 13);;(20, 12);1;1410
6;0.25;Drop;(23, 13);;(20, 12);1;1411
6;0.25;MoveSouthWest;(23, 13);;(20, 12);1;1412
6;0.25;MoveSouthWest;(23, 13);;(20, 12);1;1413
6;0.25;MoveSouthWest;(23, 13);;(20, 12);1;1414
6;0.25;MoveSouthWest;(23, 13);;(20, 12);1;1415
6;0.25;MoveSouthWest;(23, 13);;(20, 12);1;1416
6;0.25;MoveSouthWest;(23, 13);;(20, 12);1;1417
6;0.25;MoveSouthWest;(23, 13);;(20, 12);1;1418
6;0.25;MoveSouthWest;(23, 13);;(20, 12);1;1419
6;0.25;MoveSouthWest;(22, 14);;(20, 12);1;1420
6;0.25;MoveWest;(22, 14);;(20, 12);1;1421
6;0.25;MoveWest;(22, 14);;(20, 12);1;1422
6;0.25;MoveWest;(22, 14);;(20, 12);1;1423
6;0.25;MoveWest;(22, 14);;(20, 12);1;1424
6;0.25;MoveWest;(22, 14);;(20, 12);1;1425
6;0.25;MoveWest;(22, 14);;(20, 12);1;1426
6;0.25;MoveWest;(22, 14);;(20, 12);1;1427
6;0.25;MoveWest;(22, 14);;(20, 12);1;1428
6;0.25;MoveWest;(21, 14);;(20, 12);1;1429
6;0.25;MoveSouthWest;(21, 14);;(20, 12);1;1430
6;0.25;MoveSouthWest;(21, 14);;(20, 12);1;1431
6;0.25;MoveSouthWest;(21, 14);;(20, 12);1;1432
6;0.25;MoveSouthWest;(21, 14);;(20, 12);1;1433
6;0.25;MoveSouthWest;(21, 14);;(20, 12);1;1434
6;0.25;MoveSouthWest;(21, 14);;(20, 12);1;1435
6;0.25;MoveSouthWest;(21, 14);;(20, 12);1;1436
6;0.25;MoveSouthWest;(21, 14);;(20, 12);1;1437
6;0.25;MoveSouthWest;(20, 15);;(20, 12);1;1438
6;0.25;MoveWest;(20, 15);;(20, 12);1;1439
6;0.25;MoveWest;(20, 15);;(20, 12);1;1440
6;0.25;MoveWest;(20, 15);;(20, 12);1;1441
6;0.25;MoveWest;(20, 15);;(20, 12);1;1442
6;0.25;MoveWest;(20, 15);;(20, 12);1;1443
6;0.25;MoveWest;(20, 15);;(20, 12);1;1444
6;0.25;MoveWest;(20, 15);;(20, 12);1;1445
6;0.25;MoveWest;(20, 15);;(20, 12);1;1446
6;0.25;MoveWest;(19, 15);;(20, 12);1;1447
6;0.25;MoveSouthWest;(19, 15);;(20, 12);1;1448
6;0.25;MoveSouthWest;(19, 15);;(20, 12);1;1449
6;0.25;MoveSouthWest;(19, 15);;(20, 12);1;1450
6;0.25;MoveSouthWest;(19, 15);;(20, 12);1;1451
6;0.25;MoveSouthWest;(19, 15);;(20, 12);1;1452
6;0.25;MoveSouthWest;(19, 15);;(20, 12);1;1453
6;0.25;MoveSouthWest;(19, 15);;(20, 12);1;1454
6;0.25;MoveSouthWest;(19, 15);;(20, 12);1;1455
6;0.25;MoveSouthWest;(18, 16);;(20, 12);1;1456
6;0.25;MoveSouthWest;(18, 16);;(20, 12);1;1457
6;0.25;MoveSouthWest;(18, 16);;(20, 12);1;1458
6;0.25;MoveSouthWest;(18, 16);;(20, 12);1;1459
6;0.25;MoveSouthWest;(18, 16);;(20, 12);1;1460
6;0.25;MoveSouthWest;(18, 16);;(20, 12);1;1461
6;0.25;MoveSouthWest;(18, 16);;(20, 12);1;1462
6;0.25;MoveSouthWest;(18, 16);;(20, 12);1;1463
6;0.25;MoveSouthWest;(18, 16);;(20, 12);1;1464
6;0.25;MoveSouthWest;(18, 16);;(20, 12);1;1465
6;0.25;MoveSouthWest;(18, 16);;(20, 12);1;1466
6;0.25;MoveSouthWest;(18, 16);;(20, 12);1;1467
6;0.25;MoveSouthWest;(18, 16);;(20, 12);1;1468
6;0.25;MoveSouthWest;(18, 16);;(20, 12);1;1469
6;0.25;MoveSouthWest;(17, 17);;(20, 12);1;1470
6;0.25;MoveWest;(17, 17);;(20, 12);1;1471
6;0.25;MoveWest;(17, 17);;(20, 12);1;1472
6;0.25;MoveWest;(17, 17);;(20, 12);1;1473
6;0.25;MoveWest;(17, 17);;(20, 12);1;1474
6;0.25;MoveWest;(17, 17);;(20, 12);1;1475
6;0.25;MoveWest;(17, 17);;(20, 12);1;1476
6;0.25;MoveWest;(17, 17);;(20, 12);1;1477
6;0.25;MoveWest;(17, 17);;(20, 12);1;1478
6;0.25;MoveWest;(17, 17);;(20, 12);1;1479
6;0.25;MoveWest;(17, 17);;(20, 12);1;1480
6;0.25;MoveWest;(17, 17);;(20, 12);1;1481
6;0.25;MoveWest;(17, 17);;(20, 12);1;1482
6;0.25;MoveWest;(17, 17);;(20, 12);1;1483
6;0.25;MoveWest;(16, 17);;(20, 12);1;1484
6;0.25;MoveWest;(16, 17);;(20, 12);1;1485
6;0.25;MoveWest;(16, 17);;(20, 12);1;1486
6;0.25;MoveWest;(16, 17);;(20, 12);1;1487
6;0.25;MoveWest;(16, 17);;(20, 12);1;1488
6;0.25;MoveWest;(16, 17);;(20, 12);1;1489
6;0.25;MoveWest;(16, 17);;(20, 12);1;1490
6;0.25;MoveWest;(16, 17);;(20, 12);1;1491
6;0.25;MoveWest;(16, 17);;(20, 12);1;1492
6;0.25;MoveWest;(16, 17);;(20, 12);1;1493
6;0.25;MoveWest;(16, 17);;(20, 12);1;1494
6;0.25;MoveWest;(16, 17);;(20, 12);1;1495
6;0.25;MoveWest;(16, 17);;(20, 12);1;1496
6;0.25;MoveWest;(16, 17);;(20, 12);1;1497
6;0.25;MoveWest;(15, 17);;(20, 12);1;1498
6;0.25;MoveNorth;(15, 17);;(20, 12);1;1499
6;0.25;MoveNorth;(15, 17);;(20, 12);1;1500
6;0.25;MoveNorth;(15, 17);;(20, 12);1;1501
6;0.25;MoveNorth;(15, 17);;(20, 12);1;1502
6;0.25;MoveNorth;(15, 17);;(20, 12);1;1503
6;0.25;MoveNorth;(15, 17);;(20, 12);1;1504
6;0.25;MoveNorth;(15, 17);;(20, 12);1;1505
6;0.25;MoveNorth;(15, 17);;(20, 12);1;1506
6;0.25;MoveNorth;(15, 16);;(20, 12);1;1507
6;0.25;MoveNorthWest;(15, 16);;(20, 12);1;1508
6;0.25;MoveNorthWest;(15, 16);;(20, 12);1;1509
6;0.25;MoveNorthWest;(15, 16);;(20, 12);1;1510
6;0.25;MoveNorthWest;(15, 16);;(20, 12);1;1511
6;0.25;MoveNorthWest;(15, 16);;(20, 12);1;1512
6;0.25;MoveNorthWest;(15, 16);;(20, 12);1;1513
6;0.25;MoveNorthWest;(15, 16);;(20, 12);1;1514
6;0.25;MoveNorthWest;(15, 16);;(20, 12);1;1515
6;0.25;MoveNorthWest;(14, 15);;(20, 12);1;1516
6;0.25;MoveNorth;(14, 15);;(20, 12);1;1517
6;0.25;MoveNorth;(14, 15);;(20, 12);1;1518
6;0.25;MoveNorth;(14, 15);;(20, 12);1;1519
6;0.25;MoveNorth;(14, 15);;(20, 12);1;1520
6;0.25;MoveNorth;(14, 15);;(20, 12);1;1521
6;0.25;MoveNorth;(14, 15);;(20, 12);1;1522
6;0.25;MoveNorth;(14, 15);;(20, 12);1;1523
6;0.25;MoveNorth;(14, 15);;(20, 12);1;1524
6;0.25;MoveNorth;(14, 14);;(20, 12);1;1525
6;0.25;MoveSouthEast;(14, 14);;(20, 12);1;1526
6;0.25;MoveSouthEast;(14, 14);;(20, 12);1;1527
6;0.25;MoveSouthEast;(14, 14);;(20, 12);1;1528
6;0.25;MoveSouthEast;(14, 14);;(20, 12);1;1529
6;0.25;MoveSouthEast;(14, 14);;(20, 12);1;1530
6;0.25;MoveSouthEast;(14, 14);;(20, 12);1;1531
6;0.25;MoveSouthEast;(14, 14);;(20, 12);1;1532
6;0.25;MoveSouthEast;(14, 14);;(20, 12);1;1533
6;0.25;MoveSouthEast;(15, 15);;(20, 12);1;1534
6;0.25;MoveNorthEast;(15, 15);;(20, 12);1;1535
6;0.25;MoveNorthEast;(15, 15);;(20, 12);1;1536
6;0.25;MoveNorthEast;(15, 15);;(20, 12);1;1537
6;0.25;MoveNorthEast;(15, 15);;(20, 12);1;1538
6;0.25;MoveNorthEast;(15, 15);;(20, 12);1;1539
6;0.25;MoveNorthEast;(15, 15);;(20, 12);1;1540
6;0.25;MoveNorthEast;(15, 15);;(20, 12);1;1541
6;0.25;MoveNorthEast;(15, 15);;(20, 12);1;1542
6;0.25;MoveNorthEast;(16, 14);;(20, 12);1;1543
6;0.25;Idle;(16, 14);;(20, 12);1;1544
6;0.25;Idle;(16, 14);;(20, 12);1;1545
6;0.25;Idle;(16, 14);;(20, 12);1;1546
6;0.25;Idle;(16, 14);;(20, 12);1;1547
6;0.25;Idle;(16, 14);;(20, 12);1;1548
6;0.25;Idle;(16, 14);;(20, 12);1;1549
6;0.25;Idle;(16, 14);;(20, 12);1;1550
6;0.25;Idle;(16, 14);;(20, 12);1;1551
6;0.25;Idle;(16, 14);;(20, 12);1;1552
6;0.25;Idle;(16, 14);;(20, 12);1;1553
6;0.25;Idle;(16, 14);;(20, 12);1;1554
6;0.25;Idle;(16, 14);;(20, 12);1;1555
6;0.25;Idle;(16, 14);;(20, 12);1;1556
6;0.25;Idle;(16, 14);;(20, 12);1;1557
6;0.25;Idle;(16, 14);;(20, 12);1;1558
6;0.25;Idle;(16, 14);;(20, 12);1;1559
6;0.25;Idle;(16, 14);;(20, 12);1;1560
6;0.25;Idle;(16, 14);;(20, 12);1;1561
6;0.25;Idle;(16, 14);;(20, 12);1;1562
6;0.25;Idle;(16, 14);;(20, 12);1;1563
6;0.25;Idle;(16, 14);;(20, 12);1;1564
6;0.25;Idle;(16, 14);;(20, 12);1;1565
6;0.25;Idle;(16, 14);;(20, 12);1;1566
6;0.25;Idle;(16, 14);;(20, 12);1;1567
6;0.25;Idle;(16, 14);;(20, 12);1;1568
6;0.25;Idle;(16, 14);;(20, 12);1;1569
6;0.25;MoveSouth;(16, 14);;(20, 12);1;1570
6;0.25;MoveSouth;(16, 14);;(20, 12);1;1571
6;0.25;MoveSouth;(16, 14);;(20, 12);1;1572
6;0.25;MoveSouth;(16, 14);;(20, 12);1;1573
6;0.25;MoveSouth;(16, 14);;(20, 12);1;1574
6;0.25;MoveSouth;(16, 14);;(20, 12);1;1575
6;0.25;MoveSouth;(16, 14);;(20, 12);1;1576
6;0.25;MoveSouth;(16, 14);;(20, 12);1;1577
6;0.25;MoveSouth;(16, 15);;(20, 12);1;1578
6;0.25;MoveSouthWest;(16, 15);;(20, 12);1;1579
6;0.25;MoveSouthWest;(16, 15);;(20, 12);1;1580
6;0.25;MoveSouthWest;(16, 15);;(20, 12);1;1581
6;0.25;MoveSouthWest;(16, 15);;(20, 12);1;1582
6;0.25;MoveSouthWest;(16, 15);;(20, 12);1;1583
6;0.25;MoveSouthWest;(16, 15);;(20, 12);1;1584
6;0.25;MoveSouthWest;(16, 15);;(20, 12);1;1585
6;0.25;MoveSouthWest;(16, 15);;(20, 12);1;1586
6;0.25;MoveSouthWest;(15, 16);;(20, 12);1;1587
6;0.25;MoveSouth;(15, 16);;(20, 12);1;1588
6;0.25;MoveSouth;(15, 16);;(20, 12);1;1589
6;0.25;MoveSouth;(15, 16);;(20, 12);1;1590
6;0.25;MoveSouth;(15, 16);;(20, 12);1;1591
6;0.25;MoveSouth;(15, 16);;(20, 12);1;1592
6;0.25;MoveSouth;(15, 16);;(20, 12);1;1593
6;0.25;MoveSouth;(15, 16);;(20, 12);1;1594
6;0.25;MoveSouth;(15, 16);;(20, 12);1;1595
6;0.25;MoveSouth;(15, 17);;(20, 12);1;1596
6;0.25;MoveSouth;(15, 17);;(20, 12);1;1597
6;0.25;MoveSouth;(15, 17);;(20, 12);1;1598
6;0.25;MoveSouth;(15, 17);;(20, 12);1;1599
6;0.25;MoveSouth;(15, 17);;(20, 12);1;1600
6;0.25;MoveSouth;(15, 17);;(20, 12);1;1601
6;0.25;MoveSouth;(15, 17);;(20, 12);1;1602
6;0.25;MoveSouth;(15, 17);;(20, 12);1;1603
6;0.25;MoveSouth;(15, 17);;(20, 12);1;1604
6;0.25;MoveSouth;(15, 18);;(20, 12);1;1605
6;0.25;MoveSouth;(15, 18);;(20, 12);1;1606
6;0.25;MoveSouth;(15, 18);;(20, 12);1;1607
6;0.25;MoveSouth;(15, 18);;(20, 12);1;1608
6;0.25;MoveSouth;(15, 18);;(20, 12);1;1609
6;0.25;MoveSouth;(15, 18);;(20, 12);1;1610
6;0.25;MoveSouth;(15, 18);;(20, 12);1;1611
6;0.25;MoveSouth;(15, 18);;(20, 12);1;1612
6;0.25;MoveSouth;(15, 18);;(20, 12);1;1613
6;0.25;MoveSouth;(15, 19);;(20, 12);1;1614
6;0.25;MoveSouthWest;(15, 19);;(20, 12);1;1615
6;0.25;MoveSouthWest;(15, 19);;(20, 12);1;1616
6;0.25;MoveSouthWest;(15, 19);;(20, 12);1;1617
6;0.25;MoveSouthWest;(15, 19);;(20, 12);1;1618
6;0.25;MoveSouthWest;(15, 19);;(20, 12);1;1619
6;0.25;MoveSouthWest;(15, 19);;(20, 12);1;1620
6;0.25;MoveSouthWest;(15, 19);;(20, 12);1;1621
6;0.25;MoveSouthWest;(15, 19);;(20, 12);1;1622
6;0.25;MoveSouthWest;(14, 20);;(20, 12);1;1623
6;0.25;MoveSouthEast;(14, 20);;(20, 12);1;1624
6;0.25;MoveSouthEast;(14, 20);;(20, 12);1;1625
6;0.25;MoveSouthEast;(14, 20);;(20, 12);1;1626
6;0.25;MoveSouthEast;(14, 20);;(20, 12);1;1627
6;0.25;MoveSouthEast;(14, 20);;(20, 12);1;1628
6;0.25;MoveSouthEast;(14, 20);;(20, 12);1;1629
6;0.25;MoveSouthEast;(14, 20);;(20, 12);1;1630
6;0.25;MoveSouthEast;(14, 20);;(20, 12);1;1631
6;0.25;MoveSouthEast;(15, 21);;(20, 12);1;1632
6;0.25;MoveNorthEast;(15, 21);;(20, 12);1;1633
6;0.25;MoveNorthEast;(15, 21);;(20, 12);1;1634
6;0.25;MoveNorthEast;(15, 21);;(20, 12);1;1635
6;0.25;MoveNorthEast;(15, 21);;(20, 12);1;1636
6;0.25;MoveNorthEast;(15, 21);;(20, 12);1;1637
6;0.25;MoveNorthEast;(15, 21);;(20, 12);1;1638
6;0.25;MoveNorthEast;(15, 21);;(20, 12);1;1639
6;0.25;MoveNorthEast;(15, 21);;(20, 12);1;1640
6;0.25;MoveNorthEast;(16, 20);;(20, 12);1;1641
6;0.25;Idle;(16, 20);;(20, 12);1;1642
6;0.25;Idle;(16, 20);;(20, 12);1;1643
6;0.25;Idle;(16, 20);;(20, 12);1;1644
6;0.25;Idle;(16, 20);;(20, 12);1;1645
6;0.25;Idle;(16, 20);;(20, 12);1;1646
6;0.25;Idle;(16, 20);;(20, 12);1;1647
6;0.25;Idle;(16, 20);;(20, 12);1;1648
6;0.25;Idle;(16, 20);;(20, 12);1;1649
6;0.25;Idle;(16, 20);;(20, 12);1;1650
6;0.25;Idle;(16, 20);;(20, 12);1;1651
6;0.25;Idle;(16, 20);;(20, 12);1;1652
6;0.25;Idle;(16, 20);;(20, 12);1;1653
6;0.25;Idle;(16, 20);;(20, 12);1;1654
6;0.25;Idle;(16, 20);;(20, 12);1;1655
6;0.25;Idle;(16, 20);;(20, 12);1;1656
6;0.25;Idle;(16, 20);;(20, 12);1;1657
6;0.25;Idle;(16, 20);;(20, 12);1;1658
6;0.25;Idle;(16, 20);;(20, 12);1;1659
6;0.25;Idle;(16, 20);;(20, 12);1;1660
6;0.25;Idle;(16, 20);;(20, 12);1;1661
6;0.25;Idle;(16, 20);;(20, 12);1;1662
6;0.25;Idle;(16, 20);;(20, 12);1;1663
6;0.25;Idle;(16, 20);;(20, 12);1;1664
6;0.25;Idle;(16, 20);;(20, 12);1;1665
6;0.25;Idle;(16, 20);;(20, 12);1;1666
6;0.25;Idle;(16, 20);;(20, 12);1;1667
6;0.25;MoveNorthWest;(16, 20);;(20, 12);1;1668
6;0.25;MoveNorthWest;(16, 20);;(20, 12);1;1669
6;0.25;MoveNorthWest;(16, 20);;(20, 12);1;1670
6;0.25;MoveNorthWest;(16, 20);;(20, 12);1;1671
6;0.25;MoveNorthWest;(16, 20);;(20, 12);1;1672
6;0.25;MoveNorthWest;(16, 20);;(20, 12);1;1673
6;0.25;MoveNorthWest;(16, 20);;(20, 12);1;1674
6;0.25;MoveNorthWest;(16, 20);;(20, 12);1;1675
6;0.25;MoveNorthWest;(15, 19);;(20, 12);1;1676
6;0.25;MoveNorthWest;(15, 19);;(20, 12);1;1677
6;0.25;MoveNorthWest;(15, 19);;(20, 12);1;1678
6;0.25;MoveNorthWest;(15, 19);;(20, 12);1;1679
6;0.25;MoveNorthWest;(15, 19);;(20, 12);1;1680
6;0.25;MoveNorthWest;(15, 19);;(20, 12);1;1681
6;0.25;MoveNorthWest;(15, 19);;(20, 12);1;1682
6;0.25;MoveNorthWest;(15, 19);;(20, 12);1;1683
6;0.25;MoveNorthWest;(15, 19);;(20, 12);1;1684
6;0.25;MoveNorthWest;(14, 18);;(20, 12);1;1685
6;0.25;MoveWest;(14, 18);;(20, 12);1;1686
6;0.25;MoveWest;(14, 18);;(20, 12);1;1687
6;0.25;MoveWest;(14, 18);;(20, 12);1;1688
6;0.25;MoveWest;(14, 18);;(20, 12);1;1689
6;0.25;MoveWest;(14, 18);;(20, 12);1;1690
6;0.25;MoveWest;(14, 18);;(20, 12);1;1691
6;0.25;MoveWest;(14, 18);;(20, 12);1;1692
6;0.25;MoveWest;(14, 18);;(20, 12);1;1693
6;0.25;MoveWest;(14, 18);;(20, 12);1;1694
6;0.25;MoveWest;(14, 18);;(20, 12);1;1695
6;0.25;MoveWest;(14, 18);;(20, 12);1;1696
6;0.25;MoveWest;(14, 18);;(20, 12);1;1697
6;0.25;MoveWest;(14, 18);;(20, 12);1;1698
6;0.25;MoveWest;(13, 18);;(20, 12);1;1699
6;0.25;MoveWest;(13, 18);;(20, 12);1;1700
6;0.25;MoveWest;(13, 18);;(20, 12);1;1701
6;0.25;MoveWest;(13, 18);;(20, 12);1;1702
6;0.25;MoveWest;(13, 18);;(20, 12);1;1703
6;0.25;MoveWest;(13, 18);;(20, 12);1;1704
6;0.25;MoveWest;(13, 18);;(20, 12);1;1705
6;0.25;MoveWest;(13, 18);;(20, 12);1;1706
6;0.25;MoveWest;(13, 18);;(20, 12);1;1707
6;0.25;MoveWest;(13, 18);;(20, 12);1;1708
6;0.25;MoveWest;(13, 18);;(20, 12);1;1709
6;0.25;MoveWest;(13, 18);;(20, 12);1;1710
6;0.25;MoveWest;(13, 18);;(20, 12);1;1711
6;0.25;MoveWest;(13, 18);;(20, 12);1;1712
6;0.25;MoveWest;(12, 18);;(20, 12);1;1713
6;0.25;MoveWest;(12, 18);;(20, 12);1;1714
6;0.25;MoveWest;(12, 18);;(20, 12);1;1715
6;0.25;MoveWest;(12, 18);;(20, 12);1;1716
6;0.25;MoveWest;(12, 18);;(20, 12);1;1717
6;0.25;MoveWest;(12, 18);;(20, 12);1;1718
6;0.25;MoveWest;(12, 18);;(20, 12);1;1719
6;0.25;MoveWest;(12, 18);;(20, 12);1;1720
6;0.25;MoveWest;(12, 18);;(20, 12);1;1721
6;0.25;MoveWest;(12, 18);;(20, 12);1;1722
6;0.25;MoveWest;(12, 18);;(20, 12);1;1723
6;0.25;MoveWest;(12, 18);;(20, 12);1;1724
6;0.25;MoveWest;(12, 18);;(20, 12);1;1725
6;0.25;MoveWest;(12, 18);;(20, 12);1;1726
6;0.25;MoveWest;(11, 18);;(20, 12);1;1727
6;0.25;MoveWest;(11, 18);;(20, 12);1;1728
6;0.25;MoveWest;(11, 18);;(20, 12);1;1729
6;0.25;MoveWest;(11, 18);;(20, 12);1;1730
6;0.25;MoveWest;(11, 18);;(20, 12);1;1731
6;0.25;MoveWest;(11, 18);;(20, 12);1;1732
6;0.25;MoveWest;(11, 18);;(20, 12);1;1733
6;0.25;MoveWest;(11, 18);;(20, 12);1;1734
6;0.25;MoveWest;(11, 18);;(20, 12);1;1735
6;0.25;MoveWest;(11, 18);;(20, 12);1;1736
6;0.25;MoveWest;(11, 18);;(20, 12);1;1737
6;0.25;MoveWest;(11, 18);;(20, 12);1;1738
6;0.25;MoveWest;(11, 18);;(20, 12);1;1739
6;0.25;MoveWest;(11, 18);;(20, 12);1;1740
6;0.25;MoveWest;(10, 18);;(20, 12);1;1741
6;0.25;MoveWest;(10, 18);;(20, 12);1;1742
6;0.25;MoveWest;(10, 18);;(20, 12);1;1743
6;0.25;MoveWest;(10, 18);;(20, 12);1;1744
6;0.25;MoveWest;(10, 18);;(20, 12);1;1745
6;0.25;MoveWest;(10, 18);;(20, 12);1;1746
6;0.25;MoveWest;(10, 18);;(20, 12);1;1747
6;0.25;MoveWest;(10, 18);;(20, 12);1;1748
6;0.25;MoveWest;(10, 18);;(20, 12);1;1749
6;0.25;MoveWest;(10, 18);;(20, 12);1;1750
6;0.25;MoveWest;(10, 18);;(20, 12);1;1751
6;0.25;MoveWest;(10, 18);;(20, 12);1;1752
6;0.25;MoveWest;(10, 18);;(20, 12);1;1753
6;0.25;MoveWest;(10, 18);;(20, 12);1;1754
6;0.25;MoveWest;(9, 18);;(20, 12);1;1755
6;0.25;;(9, 18);;(20, 12);1;1756
6;0.25;;(9, 18);;(20, 12);1;1757
6;0.25;;(9, 18);;(20, 12);1;1758
6;0.25;;(9, 18);;(20, 12);1;1759
6;0.25;;(9, 18);;(20, 12);1;1760
6;0.25;;(9, 18);;(20, 12);1;1761
6;0.25;;(9, 18);;(20, 12);1;1762
6;0.25;;(9, 18);;(20, 12);1;1763
6;0.25;;(9, 18);;(20, 12);1;1764
6;0.25;;(9, 18);;(20, 12);1;1765
6;0.25;;(9, 18);;(20, 12);1;1766
6;0.25;;(9, 18);;(20, 12);1;1767
6;0.25;;(9, 18);;(20, 12);1;1768
6;0.25;;(9, 18);;(20, 12);1;1769
6;0.25;;(9, 18);;(20, 12);1;1770
6;0.25;;(9, 18);;(20, 12);1;1771
6;0.25;;(9, 18);;(20, 12);1;1772
6;0.25;;(9, 18);;(20, 12);1;1773
6;0.25;;(9, 18);;(20, 12);1;1774
6;0.25;;(9, 18);;(20, 12);1;1775
6;0.25;;(9, 18);;(20, 12);1;1776
6;0.25;;(9, 18);;(20, 12);1;1777
6;0.25;;(9, 18);;(20, 12);1;1778
6;0.25;;(9, 18);;(20, 12);1;1779
6;0.25;;(9, 18);;(20, 12);1;1780
6;0.25;;(9, 18);;(20, 12);1;1781
6;0.25;;(9, 18);;(20, 12);1;1782
6;0.25;;(9, 18);;(20, 12);1;1783
6;0.25;;(9, 18);;(20, 12);1;1784
6;0.25;;(9, 18);;(20, 12);1;1785
6;0.25;;(9, 18);;(20, 12);1;1786
6;0.25;;(9, 18);;(20, 12);1;1787
6;0.25;;(9, 18);;(20, 12);1;1788
6;0.25;;(9, 18);;(20, 12);1;1789
6;0.25;;(9, 18);;(20, 12);1;1790
6;0.25;;(9, 18);;(20, 12);1;1791
6;0.25;;(9, 18);;(20, 12);1;1792
6;0.25;;(9, 18);;(20, 12);1;1793
6;0.25;;(9, 18);;(20, 12);1;1794
6;0.25;;(9, 18);;(20, 12);1;1795
6;0.25;;(9, 18);;(20, 12);1;1796
6;0.25;;(9, 18);;(20, 12);1;1797
6;0.25;;(9, 18);;(20, 12);1;1798
6;0.25;;(9, 18);;(20, 12);1;1799
6;0.25;;(9, 18);;(20, 12);1;1800
6;0.25;;(9, 18);;(20, 12);1;1801
6;0.25;;(9, 18);;(20, 12);1;1802
6;0.25;;(9, 18);;(20, 12);1;1803
6;0.25;;(9, 18);;(20, 12);1;1804
6;0.25;;(9, 18);;(20, 12);1;1805
6;0.25;;(9, 18);;(20, 12);1;1806
6;0.25;;(9, 18);;(20, 12);1;1807
6;0.25;;(9, 18);;(20, 12);1;1808
6;0.25;;(9, 18);;(20, 12);1;1809
6;0.25;;(9, 18);;(20, 12);1;1810
6;0.25;;(9, 18);;(20, 12);1;1811
6;0.25;;(9, 18);;(20, 12);1;1812
6;0.25;;(9, 18);;(20, 12);1;1813
6;0.25;;(9, 18);;(20, 12);1;1814
6;0.25;;(9, 18);;(20, 12);1;1815
6;0.25;;(9, 18);;(20, 12);1;1816
6;0.25;;(9, 18);;(20, 12);1;1817
6;0.25;;(9, 18);;(20, 12);1;1818
6;0.25;;(9, 18);;(20, 12);1;1819
6;0.25;;(9, 18);;(20, 12);1;1820
6;0.25;;(9, 18);;(20, 12);1;1821
6;0.25;;(9, 18);;(20, 12);1;1822
6;0.25;;(9, 18);;(20, 12);1;1823
6;0.25;;(9, 18);;(20, 12);1;1824
6;0.25;;(9, 18);;(20, 12);1;1825
6;0.25;;(9, 18);;(20, 12);1;1826
6;0.25;;(9, 18);;(20, 12);1;1827
6;0.25;;(9, 18);;(20, 12);1;1828
6;0.25;;(9, 18);;(20, 12);1;1829
6;0.25;;(9, 18);;(20, 12);1;1830
6;0.25;;(9, 18);;(20, 12);1;1831
6;0.25;;(9, 18);;(20, 12);1;1832
6;0.25;;(9, 18);;(20, 12);1;1833
6;0.25;;(9, 18);;(20, 12);1;1834
6;0.25;;(9, 18);;(20, 12);1;1835
6;0.25;;(9, 18);;(20, 12);1;1836
6;0.25;;(9, 18);;(20, 12);1;1837
6;0.25;;(9, 18);;(20, 12);1;1838
6;0.25;;(9, 18);;(20, 12);1;1839
6;0.25;;(9, 18);;(20, 12);1;1840
6;0.25;;(9, 18);;(20, 12);1;1841
6;0.25;;(9, 18);;(20, 12);1;1842
6;0.25;;(9, 18);;(20, 12);1;1843
6;0.25;;(9, 18);;(20, 12);1;1844
6;0.25;;(9, 18);;(20, 12);1;1845
6;0.25;;(9, 18);;(20, 12);1;1846
6;0.25;;(9, 18);;(20, 12);1;1847
6;0.25;;(9, 18);;(20, 12);1;1848
6;0.25;;(9, 18);;(20, 12);1;1849
6;0.25;;(9, 18);;(20, 12);1;1850
6;0.25;;(9, 18);;(20, 12);1;1851
6;0.25;;(9, 18);;(20, 12);1;1852
6;0.25;;(9, 18);;(20, 12);1;1853
6;0.25;;(9, 18);;(20, 12);1;1854
6;0.25;;(9, 18);;(20, 12);1;1855
6;0.25;;(9, 18);;(20, 12);1;1856
6;0.25;;(9, 18);;(20, 12);1;1857
6;0.25;;(9, 18);;(20, 12);1;1858
6;0.25;;(9, 18);;(20, 12);1;1859
6;0.25;;(9, 18);;(20, 12);1;1860
6;0.25;;(9, 18);;(20, 12);1;1861
6;0.25;;(9, 18);;(20, 12);1;1862
6;0.25;;(9, 18);;(20, 12);1;1863
6;0.25;;(9, 18);;(20, 12);1;1864
6;0.25;;(9, 18);;(20, 12);1;1865
6;0.25;;(9, 18);;(20, 12);1;1866
6;0.25;;(9, 18);;(20, 12);1;1867
6;0.25;;(9, 18);;(20, 12);1;1868
6;0.25;;(9, 18);;(20, 12);1;1869
6;0.25;;(9, 18);;(20, 12);1;1870
6;0.25;;(9, 18);;(20, 12);1;1871
6;0.25;;(9, 18);;(20, 12);1;1872
6;0.25;;(9, 18);;(20, 12);1;1873
6;0.25;;(9, 18);;(20, 12);1;1874
6;0.25;;(9, 18);;(20, 12);1;1875
6;0.25;;(9, 18);;(20, 12);1;1876
6;0.25;;(9, 18);;(20, 12);1;1877
6;0.25;;(9, 18);;(20, 12);1;1878
6;0.25;;(9, 18);;(20, 12);1;1879
6;0.25;;(9, 18);;(20, 12);1;1880
6;0.25;;(9, 18);;(20, 12);1;1881
6;0.25;;(9, 18);;(20, 12);1;1882
6;0.25;;(9, 18);;(20, 12);1;1883
6;0.25;;(9, 18);;(20, 12);1;1884
6;0.25;;(9, 18);;(20, 12);1;1885
6;0.25;;(9, 18);;(20, 12);1;1886
6;0.25;;(9, 18);;(20, 12);1;1887
6;0.25;;(9, 18);;(20, 12);1;1888
6;0.25;;(9, 18);;(20, 12);1;1889
6;0.25;;(9, 18);;(20, 12);1;1890
6;0.25;;(9, 18);;(20, 12);1;1891
6;0.25;;(9, 18);;(20, 12);1;1892
6;0.25;;(9, 18);;(20, 12);1;1893
6;0.25;;(9, 18);;(20, 12);1;1894
6;0.25;;(9, 18);;(20, 12);1;1895
6;0.25;;(9, 18);;(20, 12);1;1896
6;0.25;;(9, 18);;(20, 12);1;1897
6;0.25;;(9, 18);;(20, 12);1;1898
6;0.25;;(9, 18);;(20, 12);1;1899
6;0.25;;(9, 18);;(20, 12);1;1900
6;0.25;;(9, 18);;(20, 12);1;1901
6;0.25;;(9, 18);;(20, 12);1;1902
6;0.25;;(9, 18);;(20, 12);1;1903
6;0.25;;(9, 18);;(20, 12);1;1904
6;0.25;;(9, 18);;(20, 12);1;1905
6;0.25;;(9, 18);;(20, 12);1;1906
6;0.25;;(9, 18);;(20, 12);1;1907
6;0.25;;(9, 18);;(20, 12);1;1908
6;0.25;;(9, 18);;(20, 12);1;1909
6;0.25;;(9, 18);;(20, 12);1;1910
6;0.25;;(9, 18);;(20, 12);1;1911
6;0.25;;(9, 18);;(20, 12);1;1912
6;0.25;;(9, 18);;(20, 12);1;1913
6;0.25;;(9, 18);;(20, 12);1;1914
6;0.25;;(9, 18);;(20, 12);1;1915
6;0.25;;(9, 18);;(20, 12);1;1916
6;0.25;;(9, 18);;(20, 12);1;1917
6;0.25;;(9, 18);;(20, 12);1;1918
6;0.25;;(9, 18);;(20, 12);1;1919
6;0.25;;(9, 18);;(20, 12);1;1920
6;0.25;;(9, 18);;(20, 12);1;1921
6;0.25;;(9, 18);;(20, 12);1;1922
6;0.25;;(9, 18);;(20, 12);1;1923
6;0.25;;(9, 18);;(20, 12);1;1924
6;0.25;;(9, 18);;(20, 12);1;1925
6;0.25;;(9, 18);;(20, 12);1;1926
6;0.25;;(9, 18);;(20, 12);1;1927
6;0.25;;(9, 18);;(20, 12);1;1928
6;0.25;;(9, 18);;(20, 12);1;1929
6;0.25;;(9, 18);;(20, 12);1;1930
6;0.25;;(9, 18);;(20, 12);1;1931
6;0.25;;(9, 18);;(20, 12);1;1932
6;0.25;;(9, 18);;(20, 12);1;1933
6;0.25;;(9, 18);;(20, 12);1;1934
6;0.25;;(9, 18);;(20, 12);1;1935
6;0.25;;(9, 18);;(20, 12);1;1936
6;0.25;;(9, 18);;(20, 12);1;1937
6;0.25;;(9, 18);;(20, 12);1;1938
6;0.25;;(9, 18);;(20, 12);1;1939
6;0.25;;(9, 18);;(20, 12);1;1940
6;0.25;MoveNorth;(9, 18);;(20, 12);1;1941
6;0.25;MoveNorth;(9, 18);;(20, 12);1;1942
6;0.25;MoveNorth;(9, 18);;(20, 12);1;1943
6;0.25;MoveNorth;(9, 18);;(20, 12);1;1944
6;0.25;MoveNorth;(9, 18);;(20, 12);1;1945
6;0.25;MoveNorth;(9, 18);;(20, 12);1;1946
6;0.25;MoveNorth;(9, 18);;(20, 12);1;1947
6;0.25;MoveNorth;(9, 18);;(20, 12);1;1948
6;0.25;MoveNorth;(9, 17);;(20, 12);1;1949
6;0.25;;(9, 17);;(20, 12);1;1950
6;0.25;;(9, 17);;(20, 12);1;1951
6;0.25;;(9, 17);;(20, 12);1;1952
6;0.25;;(9, 17);;(20, 12);1;1953
6;0.25;;(9, 17);;(20, 12);1;1954
6;0.25;;(9, 17);;(20, 12);1;1955
6;0.25;;(9, 17);;(20, 12);1;1956
6;0.25;;(9, 17);;(20, 12);1;1957
6;0.25;;(9, 17);;(20, 12);1;1958
6;0.25;;(9, 17);;(20, 12);1;1959
6;0.25;;(9, 17);;(20, 12);1;1960
6;0.25;;(9, 17);;(20, 12);1;1961
6;0.25;;(9, 17);;(20, 12);1;1962
6;0.25;;(9, 17);;(20, 12);1;1963
6;0.25;;(9, 17);;(20, 12);1;1964
6;0.25;;(9, 17);;(20, 12);1;1965
6;0.25;;(9, 17);;(20, 12);1;1966
6;0.25;;(9, 17);;(20, 12);1;1967
6;0.25;;(9, 17);;(20, 12);1;1968
6;0.25;;(9, 17);;(20, 12);1;1969
6;0.25;;(9, 17);;(20, 12);1;1970
6;0.25;;(9, 17);;(20, 12);1;1971
6;0.25;;(9, 17);;(20, 12);1;1972
6;0.25;;(9, 17);;(20, 12);1;1973
6;0.25;;(9, 17);;(20, 12);1;1974
6;0.25;;(9, 17);;(20, 12);1;1975
6;0.25;;(9, 17);;(20, 12);1;1976
6;0.25;;(9, 17);;(20, 12);1;1977
6;0.25;;(9, 17);;(20, 12);1;1978
6;0.25;;(9, 17);;(20, 12);1;1979
6;0.25;;(9, 17);;(20, 12);1;1980
6;0.25;;(9, 17);;(20, 12);1;1981
6;0.25;;(9, 17);;(20, 12);1;1982
6;0.25;;(9, 17);;(20, 12);1;1983
6;0.25;;(9, 17);;(20, 12);1;1984
6;0.25;;(9, 17);;(20, 12);1;1985
6;0.25;;(9, 17);;(20, 12);1;1986
6;0.25;;(9, 17);;(20, 12);1;1987
6;0.25;;(9, 17);;(20, 12);1;1988
6;0.25;;(9, 17);;(20, 12);1;1989
6;0.25;;(9, 17);;(20, 12);1;1990
6;0.25;;(9, 17);;(20, 12);1;1991
6;0.25;;(9, 17);;(20, 12);1;1992
6;0.25;;(9, 17);;(20, 12);1;1993
6;0.25;;(9, 17);;(20, 12);1;1994
6;0.25;;(9, 17);;(20, 12);1;1995
6;0.25;;(9, 17);;(20, 12);1;1996
6;0.25;;(9, 17);;(20, 12);1;1997
6;0.25;;(9, 17);;(20, 12);1;1998
6;0.25;;(9, 17);;(20, 12);1;1999
6;0.25;;(9, 17);;(20, 12);1;2000
6;0.25;;(9, 17);;(20, 12);1;2001
6;0.25;;(9, 17);;(20, 12);1;2002
6;0.25;;(9, 17);;(20, 12);1;2003
6;0.25;;(9, 17);;(20, 12);1;2004
6;0.25;;(9, 17);;(20, 12);1;2005
6;0.25;;(9, 17);;(20, 12);1;2006
6;0.25;;(9, 17);;(20, 12);1;2007
6;0.25;;(9, 17);;(20, 12);1;2008
6;0.25;;(9, 17);;(20, 12);1;2009
6;0.25;;(9, 17);;(20, 12);1;2010
6;0.25;;(9, 17);;(20, 12);1;2011
6;0.25;;(9, 17);;(20, 12);1;2012
6;0.25;;(9, 17);;(20, 12);1;2013
6;0.25;;(9, 17);;(20, 12);1;2014
6;0.25;;(9, 17);;(20, 12);1;2015
6;0.25;;(9, 17);;(20, 12);1;2016
6;0.25;;(9, 17);;(20, 12);1;2017
6;0.25;;(9, 17);;(20, 12);1;2018
6;0.25;;(9, 17);;(20, 12);1;2019
6;0.25;;(9, 17);;(20, 12);1;2020
6;0.25;;(9, 17);;(20, 12);1;2021
6;0.25;;(9, 17);;(20, 12);1;2022
6;0.25;;(9, 17);;(20, 12);1;2023
6;0.25;;(9, 17);;(20, 12);1;2024
6;0.25;;(9, 17);;(20, 12);1;2025
6;0.25;;(9, 17);;(20, 12);1;2026
6;0.25;;(9, 17);;(20, 12);1;2027
6;0.25;;(9, 17);;(20, 12);1;2028
6;0.25;;(9, 17);;(20, 12);1;2029
6;0.25;;(9, 17);;(20, 12);1;2030
6;0.25;;(9, 17);;(20, 12);1;2031
6;0.25;;(9, 17);;(20, 12);1;2032
6;0.25;;(9, 17);;(20, 12);1;2033
6;0.25;;(9, 17);;(20, 12);1;2034
6;0.25;;(9, 17);;(20, 12);1;2035
6;0.25;;(9, 17);;(20, 12);1;2036
6;0.25;;(9, 17);;(20, 12);1;2037
6;0.25;;(9, 17);;(20, 12);1;2038
6;0.25;;(9, 17);;(20, 12);1;2039
6;0.25;;(9, 17);;(20, 12);1;2040
6;0.25;;(9, 17);;(20, 12);1;2041
6;0.25;;(9, 17);;(20, 12);1;2042
6;0.25;;(9, 17);;(20, 12);1;2043
6;0.25;;(9, 17);;(20, 12);1;2044
6;0.25;;(9, 17);;(20, 12);1;2045
6;0.25;;(9, 17);;(20, 12);1;2046
6;0.25;;(9, 17);;(20, 12);1;2047
6;0.25;;(9, 17);;(20, 12);1;2048
6;0.25;;(9, 17);;(20, 12);1;2049
6;0.25;;(9, 17);;(20, 12);1;2050
6;0.25;;(9, 17);;(20, 12);1;2051
6;0.25;;(9, 17);;(20, 12);1;2052
6;0.25;;(9, 17);;(20, 12);1;2053
6;0.25;;(9, 17);;(20, 12);1;2054
6;0.25;;(9, 17);;(20, 12);1;2055
6;0.25;;(9, 17);;(20, 12);1;2056
6;0.25;;(9, 17);;(20, 12);1;2057
6;0.25;;(9, 17);;(20, 12);1;2058
6;0.25;;(9, 17);;(20, 12);1;2059
6;0.25;;(9, 17);;(20, 12);1;2060
6;0.25;;(9, 17);;(20, 12);1;2061
6;0.25;;(9, 17);;(20, 12);1;2062
6;0.25;;(9, 17);;(20, 12);1;2063
6;0.25;;(9, 17);;(20, 12);1;2064
6;0.25;;(9, 17);;(20, 12);1;2065
6;0.25;;(9, 17);;(20, 12);1;2066
6;0.25;;(9, 17);;(20, 12);1;2067
6;0.25;;(9, 17);;(20, 12);1;2068
6;0.25;;(9, 17);;(20, 12);1;2069
6;0.25;;(9, 17);;(20, 12);1;2070
6;0.25;;(9, 17);;(20, 12);1;2071
6;0.25;;(9, 17);;(20, 12);1;2072
6;0.25;;(9, 17);;(20, 12);1;2073
6;0.25;;(9, 17);;(20, 12);1;2074
6;0.25;;(9, 17);;(20, 12);1;2075
6;0.25;;(9, 17);;(20, 12);1;2076
6;0.25;;(9, 17);;(20, 12);1;2077
6;0.25;;(9, 17);;(20, 12);1;2078
6;0.25;;(9, 17);;(20, 12);1;2079
6;0.25;;(9, 17);;(20, 12);1;2080
6;0.25;;(9, 17);;(20, 12);1;2081
6;0.25;;(9, 17);;(20, 12);1;2082
6;0.25;;(9, 17);;(20, 12);1;2083
6;0.25;;(9, 17);;(20, 12);1;2084
6;0.25;;(9, 17);;(20, 12);1;2085
6;0.25;;(9, 17);;(20, 12);1;2086
6;0.25;;(9, 17);;(20, 12);1;2087
6;0.25;;(9, 17);;(20, 12);1;2088
6;0.25;;(9, 17);;(20, 12);1;2089
6;0.25;;(9, 17);;(20, 12);1;2090
6;0.25;;(9, 17);;(20, 12);1;2091
6;0.25;;(9, 17);;(20, 12);1;2092
6;0.25;;(9, 17);;(20, 12);1;2093
6;0.25;;(9, 17);;(20, 12);1;2094
6;0.25;;(9, 17);;(20, 12);1;2095
6;0.25;;(9, 17);;(20, 12);1;2096
6;0.25;;(9, 17);;(20, 12);1;2097
6;0.25;;(9, 17);;(20, 12);1;2098
6;0.25;;(9, 17);;(20, 12);1;2099
6;0.25;;(9, 17);;(20, 12);1;2100
6;0.25;;(9, 17);;(20, 12);1;2101
6;0.25;;(9, 17);;(20, 12);1;2102
6;0.25;;(9, 17);;(20, 12);1;2103
6;0.25;;(9, 17);;(20, 12);1;2104
6;0.25;;(9, 17);;(20, 12);1;2105
6;0.25;;(9, 17);;(20, 12);1;2106
6;0.25;;(9, 17);;(20, 12);1;2107
6;0.25;;(9, 17);;(20, 12);1;2108
6;0.25;;(9, 17);;(20, 12);1;2109
6;0.25;;(9, 17);;(20, 12);1;2110
6;0.25;;(9, 17);;(20, 12);1;2111
6;0.25;;(9, 17);;(20, 12);1;2112
6;0.25;;(9, 17);;(20, 12);1;2113
6;0.25;;(9, 17);;(20, 12);1;2114
6;0.25;;(9, 17);;(20, 12);1;2115
6;0.25;;(9, 17);;(20, 12);1;2116
6;0.25;;(9, 17);;(20, 12);1;2117
6;0.25;;(9, 17);;(20, 12);1;2118
6;0.25;;(9, 17);;(20, 12);1;2119
6;0.25;;(9, 17);;(20, 12);1;2120
6;0.25;;(9, 17);;(20, 12);1;2121
6;0.25;;(9, 17);;(20, 12);1;2122
6;0.25;;(9, 17);;(20, 12);1;2123
6;0.25;;(9, 17);;(20, 12);1;2124
6;0.25;;(9, 17);;(20, 12);1;2125
6;0.25;;(9, 17);;(20, 12);1;2126
6;0.25;;(9, 17);;(20, 12);1;2127
6;0.25;;(9, 17);;(20, 12);1;2128
6;0.25;;(9, 17);;(20, 12);1;2129
6;0.25;;(9, 17);;(20, 12);1;2130
6;0.25;;(9, 17);;(20, 12);1;2131
6;0.25;;(9, 17);;(20, 12);1;2132
6;0.25;;(9, 17);;(20, 12);1;2133
6;0.25;;(9, 17);;(20, 12);1;2134
6;0.25;;(9, 17);;(20, 12);1;2135
6;0.25;;(9, 17);;(20, 12);1;2136
6;0.25;;(9, 17);;(20, 12);1;2137
6;0.25;;(9, 17);;(20, 12);1;2138
6;0.25;;(9, 17);;(20, 12);1;2139
6;0.25;;(9, 17);;(20, 12);1;2140
6;0.25;;(9, 17);;(20, 12);1;2141
6;0.25;;(9, 17);;(20, 12);1;2142
6;0.25;;(9, 17);;(20, 12);1;2143
6;0.25;;(9, 17);;(20, 12);1;2144
6;0.25;;(9, 17);;(20, 12);1;2145
6;0.25;;(9, 17);;(20, 12);1;2146
6;0.25;;(9, 17);;(20, 12);1;2147
6;0.25;;(9, 17);;(20, 12);1;2148
6;0.25;;(9, 17);;(20, 12);1;2149
6;0.25;;(9, 17);;(20, 12);1;2150
6;0.25;;(9, 17);;(20, 12);1;2151
6;0.25;;(9, 17);;(20, 12);1;2152
6;0.25;;(9, 17);;(20, 12);1;2153
6;0.25;;(9, 17);;(20, 12);1;2154
6;0.25;;(9, 17);;(20, 12);1;2155
6;0.25;;(9, 17);;(20, 12);1;2156
6;0.25;;(9, 17);;(20, 12);1;2157
6;0.25;;(9, 17);;(20, 12);1;2158
6;0.25;;(9, 17);;(20, 12);1;2159
6;0.25;;(9, 17);;(20, 12);1;2160
6;0.25;;(9, 17);;(20, 12);1;2161
6;0.25;;(9, 17);;(20, 12);1;2162
6;0.25;;(9, 17);;(20, 12);1;2163
6;0.25;;(9, 17);;(20, 12);1;2164
6;0.25;;(9, 17);;(20, 12);1;2165
6;0.25;;(9, 17);;(20, 12);1;2166
6;0.25;;(9, 17);;(20, 12);1;2167
6;0.25;;(9, 17);;(20, 12);1;2168
6;0.25;;(9, 17);;(20, 12);1;2169
6;0.25;;(9, 17);;(20, 12);1;2170
6;0.25;;(9, 17);;(20, 12);1;2171
6;0.25;;(9, 17);;(20, 12);1;2172
6;0.25;;(9, 17);;(20, 12);1;2173
6;0.25;;(9, 17);;(20, 12);1;2174
6;0.25;;(9, 17);;(20, 12);1;2175
6;0.25;;(9, 17);;(20, 12);1;2176
6;0.25;;(9, 17);;(20, 12);1;2177
6;0.25;;(9, 17);;(20, 12);1;2178
6;0.25;;(9, 17);;(20, 12);1;2179
6;0.25;;(9, 17);;(20, 12);1;2180
6;0.25;;(9, 17);;(20, 12);1;2181
6;0.25;;(9, 17);;(20, 12);1;2182
6;0.25;;(9, 17);;(20, 12);1;2183
6;0.25;;(9, 17);;(20, 12);1;2184
6;0.25;;(9, 17);;(20, 12);1;2185
6;0.25;;(9, 17);;(20, 12);1;2186
6;0.25;;(9, 17);;(20, 12);1;2187
6;0.25;;(9, 17);;(20, 12);1;2188
6;0.25;;(9, 17);;(20, 12);1;2189
6;0.25;;(9, 17);;(20, 12);1;2190
6;0.25;;(9, 17);;(20, 12);1;2191
6;0.25;;(9, 17);;(20, 12);1;2192
6;0.25;;(9, 17);;(20, 12);1;2193
6;0.25;;(9, 17);;(20, 12);1;2194
6;0.25;;(9, 17);;(20, 12);1;2195
6;0.25;;(9, 17);;(20, 12);1;2196
6;0.25;;(9, 17);;(20, 12);1;2197
6;0.25;;(9, 17);;(20, 12);1;2198
6;0.25;;(9, 17);;(20, 12);1;2199
6;0.25;;(9, 17);;(20, 12);1;2200
6;0.25;;(9, 17);;(20, 12);1;2201
6;0.25;;(9, 17);;(20, 12);1;2202
6;0.25;;(9, 17);;(20, 12);1;2203
6;0.25;;(9, 17);;(20, 12);1;2204
6;0.25;;(9, 17);;(20, 12);1;2205
6;0.25;;(9, 17);;(20, 12);1;2206
6;0.25;;(9, 17);;(20, 12);1;2207
6;0.25;;(9, 17);;(20, 12);1;2208
6;0.25;;(9, 17);;(20, 12);1;2209
6;0.25;;(9, 17);;(20, 12);1;2210
6;0.25;;(9, 17);;(20, 12);1;2211
6;0.25;;(9, 17);;(20, 12);1;2212
6;0.25;;(9, 17);;(20, 12);1;2213
6;0.25;;(9, 17);;(20, 12);1;2214
6;0.25;;(9, 17);;(20, 12);1;2215
6;0.25;;(9, 17);;(20, 12);1;2216
6;0.25;;(9, 17);;(20, 12);1;2217
6;0.25;;(9, 17);;(20, 12);1;2218
6;0.25;;(9, 17);;(20, 12);1;2219
6;0.25;;(9, 17);;(20, 12);1;2220
6;0.25;;(9, 17);;(20, 12);1;2221
6;0.25;;(9, 17);;(20, 12);1;2222
6;0.25;;(9, 17);;(20, 12);1;2223
6;0.25;;(9, 17);;(20, 12);1;2224
6;0.25;;(9, 17);;(20, 12);1;2225
6;0.25;;(9, 17);;(20, 12);1;2226
6;0.25;;(9, 17);;(20, 12);1;2227
6;0.25;;(9, 17);;(20, 12);1;2228
6;0.25;;(9, 17);;(20, 12);1;2229
6;0.25;;(9, 17);;(20, 12);1;2230
6;0.25;;(9, 17);;(20, 12);1;2231
6;0.25;;(9, 17);;(20, 12);1;2232
6;0.25;;(9, 17);;(20, 12);1;2233
6;0.25;;(9, 17);;(20, 12);1;2234
6;0.25;;(9, 17);;(20, 12);1;2235
6;0.25;;(9, 17);;(20, 12);1;2236
6;0.25;;(9, 17);;(20, 12);1;2237
6;0.25;;(9, 17);;(20, 12);1;2238
6;0.25;;(9, 17);;(20, 12);1;2239
6;0.25;;(9, 17);;(20, 12);1;2240
6;0.25;;(9, 17);;(20, 12);1;2241
6;0.25;;(9, 17);;(20, 12);1;2242
6;0.25;;(9, 17);;(20, 12);1;2243
6;0.25;;(9, 17);;(20, 12);1;2244
6;0.25;;(9, 17);;(20, 12);1;2245
6;0.25;RemoveObject;(9, 17);;(20, 12);1;2246
6;0.25;RemoveObject;(9, 17);;(20, 12);1;2247
6;0.25;RemoveObject;(9, 17);;(20, 12);1;2248
6;0.25;RemoveObject;(9, 17);;(20, 12);1;2249
6;0.25;RemoveObject;(9, 17);;(20, 12);1;2250
6;0.25;RemoveObject;(9, 17);;(20, 12);1;2251
6;0.25;RemoveObject;(9, 17);;(20, 12);1;2252
6;0.25;RemoveObject;(9, 17);;(20, 12);1;2253
6;0.25;RemoveObject;(9, 17);;(20, 12);1;2254
6;0.25;RemoveObject;(9, 17);;(20, 12);1;2255
6;0.25;RemoveObject;(9, 17);;(20, 12);1;2256
6;0.25;RemoveObject;(9, 17);;(20, 12);1;2257
6;0.25;RemoveObject;(9, 17);;(20, 12);1;2258
6;0.25;RemoveObject;(9, 17);;(20, 12);1;2259
6;0.25;RemoveObject;(9, 17);;(20, 12);1;2260
6;0.25;RemoveObject;(9, 17);;(20, 12);1;2261
6;0.25;RemoveObject;(9, 17);;(20, 12);1;2262
6;0.25;RemoveObject;(9, 17);;(20, 12);1;2263
6;0.25;RemoveObject;(9, 17);;(20, 12);1;2264
6;0.25;RemoveObject;(9, 17);;(20, 12);1;2265
6;0.25;RemoveObject;(9, 17);;(20, 12);1;2266
6;0.25;RemoveObject;(9, 17);;(20, 12);1;2267
6;0.25;RemoveObject;(9, 17);;(20, 12);1;2268
6;0.25;RemoveObject;(9, 17);;(20, 12);1;2269
6;0.25;RemoveObject;(9, 17);;(20, 12);1;2270
6;0.25;RemoveObject;(9, 17);;(20, 12);1;2271
6;0.25;RemoveObject;(9, 17);;(20, 12);1;2272
6;0.25;RemoveObject;(9, 17);;(20, 12);1;2273
6;0.25;RemoveObject;(9, 17);;(20, 12);1;2274
6;0.25;RemoveObject;(9, 17);;(20, 12);1;2275
6;0.25;RemoveObject;(9, 17);;(20, 12);1;2276
6;0.25;RemoveObject;(9, 17);;(20, 12);1;2277
6;0.25;RemoveObject;(9, 17);;(20, 12);1;2278
6;0.25;RemoveObject;(9, 17);;(20, 12);1;2279
6;0.25;RemoveObject;(9, 17);;(20, 12);1;2280
6;0.25;RemoveObject;(9, 17);;(20, 12);1;2281
6;0.25;RemoveObject;(9, 17);;(20, 12);1;2282
6;0.25;RemoveObject;(9, 17);;(20, 12);1;2283
6;0.25;RemoveObject;(9, 17);;(20, 12);1;2284
6;0.25;RemoveObject;(9, 17);;(20, 12);1;2285
6;0.25;RemoveObject;(9, 17);;(20, 12);1;2286
6;0.25;RemoveObject;(9, 17);;(20, 12);1;2287
6;0.25;RemoveObject;(9, 17);;(20, 12);1;2288
6;0.25;RemoveObject;(9, 17);;(20, 12);1;2289
6;0.25;RemoveObject;(9, 17);;(20, 12);1;2290
6;0.25;RemoveObject;(9, 17);;(20, 12);1;2291
6;0.25;RemoveObject;(9, 17);;(20, 12);1;2292
6;0.25;RemoveObject;(9, 17);;(20, 12);1;2293
6;0.25;RemoveObject;(9, 17);;(20, 12);1;2294
6;0.25;RemoveObject;(9, 17);;(20, 12);1;2295
6;0.25;RemoveObject;(9, 17);;(20, 12);1;2296
6;0.25;RemoveObject;(9, 17);;(20, 12);1;2297
6;0.25;RemoveObject;(9, 17);;(20, 12);1;2298
6;0.25;RemoveObject;(9, 17);;(20, 12);1;2299
6;0.25;RemoveObject;(9, 17);;(20, 12);1;2300
6;0.25;RemoveObject;(9, 17);;(20, 12);1;2301
6;0.25;RemoveObject;(9, 17);;(20, 12);1;2302
6;0.25;RemoveObject;(9, 17);;(20, 12);1;2303
6;0.25;RemoveObject;(9, 17);;(20, 12);1;2304
6;0.25;RemoveObject;(9, 17);;(20, 12);1;2305
6;0.25;RemoveObject;(9, 17);;(20, 12);1;2306
6;0.25;RemoveObject;(9, 17);;(20, 12);1;2307
6;0.25;RemoveObject;(9, 17);;(20, 12);1;2308
6;0.25;RemoveObject;(9, 17);;(20, 12);1;2309
6;0.25;RemoveObject;(9, 17);;(20, 12);1;2310
6;0.25;RemoveObject;(9, 17);;(20, 12);1;2311
6;0.25;RemoveObject;(9, 17);;(20, 12);1;2312
6;0.25;RemoveObject;(9, 17);;(20, 12);1;2313
6;0.25;RemoveObject;(9, 17);;(20, 12);1;2314
6;0.25;RemoveObject;(9, 17);;(20, 12);1;2315
6;0.25;RemoveObject;(9, 17);;(20, 12);1;2316
6;0.25;RemoveObject;(9, 17);;(20, 12);1;2317
6;0.25;RemoveObject;(9, 17);;(20, 12);1;2318
6;0.25;RemoveObject;(9, 17);;(20, 12);1;2319
6;0.25;RemoveObject;(9, 17);;(20, 12);1;2320
6;0.25;RemoveObject;(9, 17);;(20, 12);1;2321
6;0.25;RemoveObject;(9, 17);;(20, 12);1;2322
6;0.25;RemoveObject;(9, 17);;(20, 12);1;2323
6;0.25;RemoveObject;(9, 17);;(20, 12);1;2324
6;0.25;RemoveObject;(9, 17);;(20, 12);1;2325
6;0.25;RemoveObject;(9, 17);;(20, 12);1;2326
6;0.25;RemoveObject;(9, 17);;(20, 12);1;2327
6;0.25;RemoveObject;(9, 17);;(20, 12);1;2328
6;0.25;RemoveObject;(9, 17);;(20, 12);1;2329
6;0.25;RemoveObject;(9, 17);;(20, 12);1;2330
6;0.25;RemoveObject;(9, 17);;(20, 12);1;2331
6;0.25;RemoveObject;(9, 17);;(20, 12);1;2332
6;0.25;RemoveObject;(9, 17);;(20, 12);1;2333
6;0.25;RemoveObject;(9, 17);;(20, 12);1;2334
6;0.25;RemoveObject;(9, 17);;(20, 12);1;2335
6;0.25;RemoveObject;(9, 17);;(20, 12);1;2336
6;0.25;RemoveObject;(9, 17);;(20, 12);1;2337
6;0.25;RemoveObject;(9, 17);;(20, 12);1;2338
6;0.25;RemoveObject;(9, 17);;(20, 12);1;2339
6;0.25;RemoveObject;(9, 17);;(20, 12);1;2340
6;0.25;RemoveObject;(9, 17);;(20, 12);1;2341
6;0.25;RemoveObject;(9, 17);;(20, 12);1;2342
6;0.25;RemoveObject;(9, 17);;(20, 12);1;2343
6;0.25;RemoveObject;(9, 17);;(20, 12);1;2344
6;0.25;RemoveObject;(9, 17);;(20, 12);1;2345
6;0.25;RemoveObject;(9, 17);;(20, 12);1;2346
6;0.25;MoveNorth;(9, 17);;(20, 12);1;2347
6;0.25;MoveNorth;(9, 17);;(20, 12);1;2348
6;0.25;MoveNorth;(9, 17);;(20, 12);1;2349
6;0.25;MoveNorth;(9, 17);;(20, 12);1;2350
6;0.25;MoveNorth;(9, 17);;(20, 12);1;2351
6;0.25;MoveNorth;(9, 17);;(20, 12);1;2352
6;0.25;MoveNorth;(9, 17);;(20, 12);1;2353
6;0.25;MoveNorth;(9, 17);;(20, 12);1;2354
6;0.25;MoveNorth;(9, 16);;(20, 12);1;2355
6;0.25;MoveNorthWest;(9, 16);;(20, 12);1;2356
6;0.25;MoveNorthWest;(9, 16);;(20, 12);1;2357
6;0.25;MoveNorthWest;(9, 16);;(20, 12);1;2358
6;0.25;MoveNorthWest;(9, 16);;(20, 12);1;2359
6;0.25;MoveNorthWest;(9, 16);;(20, 12);1;2360
6;0.25;MoveNorthWest;(9, 16);;(20, 12);1;2361
6;0.25;MoveNorthWest;(9, 16);;(20, 12);1;2362
6;0.25;MoveNorthWest;(9, 16);;(20, 12);1;2363
6;0.25;MoveNorthWest;(8, 15);;(20, 12);1;2364
6;0.25;MoveNorth;(8, 15);;(20, 12);1;2365
6;0.25;MoveNorth;(8, 15);;(20, 12);1;2366
6;0.25;MoveNorth;(8, 15);;(20, 12);1;2367
6;0.25;MoveNorth;(8, 15);;(20, 12);1;2368
6;0.25;MoveNorth;(8, 15);;(20, 12);1;2369
6;0.25;MoveNorth;(8, 15);;(20, 12);1;2370
6;0.25;MoveNorth;(8, 15);;(20, 12);1;2371
6;0.25;MoveNorth;(8, 15);;(20, 12);1;2372
6;0.25;MoveNorth;(8, 14);;(20, 12);1;2373
6;0.25;MoveSouthEast;(8, 14);;(20, 12);1;2374
6;0.25;MoveSouthEast;(8, 14);;(20, 12);1;2375
6;0.25;MoveSouthEast;(8, 14);;(20, 12);1;2376
6;0.25;MoveSouthEast;(8, 14);;(20, 12);1;2377
6;0.25;MoveSouthEast;(8, 14);;(20, 12);1;2378
6;0.25;MoveSouthEast;(8, 14);;(20, 12);1;2379
6;0.25;MoveSouthEast;(8, 14);;(20, 12);1;2380
6;0.25;MoveSouthEast;(8, 14);;(20, 12);1;2381
6;0.25;MoveSouthEast;(9, 15);;(20, 12);1;2382
6;0.25;MoveNorthEast;(9, 15);;(20, 12);1;2383
6;0.25;MoveNorthEast;(9, 15);;(20, 12);1;2384
6;0.25;MoveNorthEast;(9, 15);;(20, 12);1;2385
6;0.25;MoveNorthEast;(9, 15);;(20, 12);1;2386
6;0.25;MoveNorthEast;(9, 15);;(20, 12);1;2387
6;0.25;MoveNorthEast;(9, 15);;(20, 12);1;2388
6;0.25;MoveNorthEast;(9, 15);;(20, 12);1;2389
6;0.25;MoveNorthEast;(9, 15);;(20, 12);1;2390
6;0.25;MoveNorthEast;(10, 14);;(20, 12);1;2391
6;0.25;;(10, 14);;(20, 12);1;2392
6;0.25;;(10, 14);;(20, 12);1;2393
6;0.25;;(10, 14);;(20, 12);1;2394
6;0.25;;(10, 14);;(20, 12);1;2395
6;0.25;;(10, 14);;(20, 12);1;2396
6;0.25;;(10, 14);;(20, 12);1;2397
6;0.25;;(10, 14);;(20, 12);1;2398
6;0.25;;(10, 14);;(20, 12);1;2399
6;0.25;;(10, 14);;(20, 12);1;2400
6;0.25;;(10, 14);;(20, 12);1;2401
6;0.25;;(10, 14);;(20, 12);1;2402
6;0.25;;(10, 14);;(20, 12);1;2403
6;0.25;;(10, 14);;(20, 12);1;2404
6;0.25;;(10, 14);;(20, 12);1;2405
6;0.25;;(10, 14);;(20, 12);1;2406
6;0.25;;(10, 14);;(20, 12);1;2407
6;0.25;;(10, 14);;(20, 12);1;2408
6;0.25;;(10, 14);;(20, 12);1;2409
6;0.25;;(10, 14);;(20, 12);1;2410
6;0.25;;(10, 14);;(20, 12);1;2411
6;0.25;;(10, 14);;(20, 12);1;2412
6;0.25;;(10, 14);;(20, 12);1;2413
6;0.25;;(10, 14);;(20, 12);1;2414
6;0.25;;(10, 14);;(20, 12);1;2415
6;0.25;;(10, 14);;(20, 12);1;2416
6;0.25;;(10, 14);;(20, 12);1;2417
6;0.25;;(10, 14);;(20, 12);1;2418
6;0.25;;(10, 14);;(20, 12);1;2419
6;0.25;;(10, 14);;(20, 12);1;2420
6;0.25;;(10, 14);;(20, 12);1;2421
6;0.25;;(10, 14);;(20, 12);1;2422
6;0.25;;(10, 14);;(20, 12);1;2423
6;0.25;;(10, 14);;(20, 12);1;2424
6;0.25;;(10, 14);;(20, 12);1;2425
6;0.25;;(10, 14);;(20, 12);1;2426
6;0.25;;(10, 14);;(20, 12);1;2427
6;0.25;;(10, 14);;(20, 12);1;2428
6;0.25;;(10, 14);;(20, 12);1;2429
6;0.25;;(10, 14);;(20, 12);1;2430
6;0.25;;(10, 14);;(20, 12);1;2431
6;0.25;;(10, 14);;(20, 12);1;2432
6;0.25;;(10, 14);;(20, 12);1;2433
6;0.25;;(10, 14);;(20, 12);1;2434
6;0.25;;(10, 14);;(20, 12);1;2435
6;0.25;;(10, 14);;(20, 12);1;2436
6;0.25;;(10, 14);;(20, 12);1;2437
6;0.25;;(10, 14);;(20, 12);1;2438
6;0.25;;(10, 14);;(20, 12);1;2439
6;0.25;;(10, 14);;(20, 12);1;2440
6;0.25;;(10, 14);;(20, 12);1;2441
6;0.25;;(10, 14);;(20, 12);1;2442
6;0.25;;(10, 14);;(20, 12);1;2443
6;0.25;;(10, 14);;(20, 12);1;2444
6;0.25;;(10, 14);;(20, 12);1;2445
6;0.25;;(10, 14);;(20, 12);1;2446
6;0.25;;(10, 14);;(20, 12);1;2447
6;0.25;;(10, 14);;(20, 12);1;2448
6;0.25;;(10, 14);;(20, 12);1;2449
6;0.25;;(10, 14);;(20, 12);1;2450
6;0.25;;(10, 14);;(20, 12);1;2451
6;0.25;;(10, 14);;(20, 12);1;2452
6;0.25;;(10, 14);;(20, 12);1;2453
6;0.25;;(10, 14);;(20, 12);1;2454
6;0.25;;(10, 14);;(20, 12);1;2455
6;0.25;;(10, 14);;(20, 12);1;2456
6;0.25;;(10, 14);;(20, 12);1;2457
6;0.25;;(10, 14);;(20, 12);1;2458
6;0.25;;(10, 14);;(20, 12);1;2459
6;0.25;;(10, 14);;(20, 12);1;2460
6;0.25;;(10, 14);;(20, 12);1;2461
6;0.25;;(10, 14);;(20, 12);1;2462
6;0.25;;(10, 14);;(20, 12);1;2463
6;0.25;;(10, 14);;(20, 12);1;2464
6;0.25;;(10, 14);;(20, 12);1;2465
6;0.25;;(10, 14);;(20, 12);1;2466
6;0.25;;(10, 14);;(20, 12);1;2467
6;0.25;;(10, 14);;(20, 12);1;2468
6;0.25;;(10, 14);;(20, 12);1;2469
6;0.25;;(10, 14);;(20, 12);1;2470
6;0.25;;(10, 14);;(20, 12);1;2471
6;0.25;;(10, 14);;(20, 12);1;2472
6;0.25;;(10, 14);;(20, 12);1;2473
6;0.25;;(10, 14);;(20, 12);1;2474
6;0.25;;(10, 14);;(20, 12);1;2475
6;0.25;;(10, 14);;(20, 12);1;2476
6;0.25;Idle;(10, 14);;(20, 12);1;2477
6;0.25;Idle;(10, 14);;(20, 12);1;2478
6;0.25;Idle;(10, 14);;(20, 12);1;2479
6;0.25;Idle;(10, 14);;(20, 12);1;2480
6;0.25;Idle;(10, 14);;(20, 12);1;2481
6;0.25;Idle;(10, 14);;(20, 12);1;2482
6;0.25;Idle;(10, 14);;(20, 12);1;2483
6;0.25;Idle;(10, 14);;(20, 12);1;2484
6;0.25;Idle;(10, 14);;(20, 12);1;2485
6;0.25;Idle;(10, 14);;(20, 12);1;2486
6;0.25;Idle;(10, 14);;(20, 12);1;2487
6;0.25;Idle;(10, 14);;(20, 12);1;2488
6;0.25;Idle;(10, 14);;(20, 12);1;2489
6;0.25;Idle;(10, 14);;(20, 12);1;2490
6;0.25;Idle;(10, 14);;(20, 12);1;2491
6;0.25;Idle;(10, 14);;(20, 12);1;2492
6;0.25;Idle;(10, 14);;(20, 12);1;2493
6;0.25;Idle;(10, 14);;(20, 12);1;2494
6;0.25;Idle;(10, 14);;(20, 12);1;2495
6;0.25;Idle;(10, 14);;(20, 12);1;2496
6;0.25;Idle;(10, 14);;(20, 12);1;2497
6;0.25;Idle;(10, 14);;(20, 12);1;2498
6;0.25;Idle;(10, 14);;(20, 12);1;2499
6;0.25;Idle;(10, 14);;(20, 12);1;2500
6;0.25;Idle;(10, 14);;(20, 12);1;2501
6;0.25;Idle;(10, 14);;(20, 12);1;2502
6;0.25;MoveSouth;(10, 14);;(20, 12);1;2503
6;0.25;MoveSouth;(10, 14);;(20, 12);1;2504
6;0.25;MoveSouth;(10, 14);;(20, 12);1;2505
6;0.25;MoveSouth;(10, 14);;(20, 12);1;2506
6;0.25;MoveSouth;(10, 14);;(20, 12);1;2507
6;0.25;MoveSouth;(10, 14);;(20, 12);1;2508
6;0.25;MoveSouth;(10, 14);;(20, 12);1;2509
6;0.25;MoveSouth;(10, 14);MoveWest;(19, 12);1;2510
6;0.25;MoveSouth;(10, 15);MoveWest;(18, 12);1;2511
6;0.25;;(10, 15);MoveWest;(18, 12);1;2512
6;0.25;;(10, 15);MoveWest;(18, 12);1;2513
6;0.25;;(10, 15);MoveWest;(18, 12);1;2514
6;0.25;;(10, 15);MoveWest;(18, 12);1;2515
6;0.25;;(10, 15);MoveWest;(18, 12);1;2516
6;0.25;;(10, 15);MoveWest;(17, 12);1;2517
6;0.25;;(10, 15);;(17, 12);1;2518
6;0.25;;(10, 15);MoveWest;(16, 12);1;2519
6;0.25;;(10, 15);;(16, 12);1;2520
6;0.25;;(10, 15);MoveWest;(15, 12);1;2521
6;0.25;;(10, 15);MoveWest;(14, 12);1;2522
6;0.25;;(10, 15);;(14, 12);1;2523
6;0.25;;(10, 15);MoveWest;(13, 12);1;2524
6;0.25;;(10, 15);;(13, 12);1;2525
6;0.25;;(10, 15);;(13, 12);1;2526
6;0.25;;(10, 15);;(13, 12);1;2527
6;0.25;;(10, 15);;(13, 12);1;2528
6;0.25;;(10, 15);;(13, 12);1;2529
6;0.25;;(10, 15);;(13, 12);1;2530
6;0.25;;(10, 15);MoveWest;(12, 12);1;2531
6;0.25;;(10, 15);;(12, 12);1;2532
6;0.25;;(10, 15);;(12, 12);1;2533
6;0.25;;(10, 15);;(12, 12);1;2534
6;0.25;;(10, 15);;(12, 12);1;2535
6;0.25;;(10, 15);;(12, 12);1;2536
6;0.25;;(10, 15);;(12, 12);1;2537
6;0.25;;(10, 15);MoveSouth;(12, 13);1;2538
6;0.25;;(10, 15);MoveSouth;(12, 14);1;2539
6;0.25;;(10, 15);MoveSouth;(12, 15);1;2540
6;0.25;;(10, 15);;(12, 15);1;2541
6;0.25;;(10, 15);MoveSouth;(12, 16);1;2542
6;0.25;;(10, 15);MoveSouth;(12, 17);1;2543
6;0.25;;(10, 15);;(12, 17);1;2544
6;0.25;;(10, 15);;(12, 17);1;2545
6;0.25;;(10, 15);;(12, 17);1;2546
6;0.25;;(10, 15);;(12, 17);1;2547
6;0.25;;(10, 15);;(12, 17);1;2548
6;0.25;;(10, 15);;(12, 17);1;2549
6;0.25;;(10, 15);;(12, 17);1;2550
6;0.25;;(10, 15);MoveWest;(11, 17);1;2551
6;0.25;;(10, 15);;(11, 17);1;2552
6;0.25;;(10, 15);MoveWest;(10, 17);1;2553
6;0.25;;(10, 15);;(10, 17);1;2554
6;0.25;;(10, 15);MoveWest;(9, 17);1;2555
6;0.25;;(10, 15);;(9, 17);1;2556
6;0.25;;(10, 15);;(9, 17);1;2557
6;0.25;;(10, 15);;(9, 17);1;2558
6;0.25;;(10, 15);;(9, 17);1;2559
6;0.25;;(10, 15);;(9, 17);1;2560
6;0.25;;(10, 15);;(9, 17);1;2561
6;0.25;;(10, 15);;(9, 17);1;2562
6;0.25;;(10, 15);;(9, 17);1;2563
6;0.25;;(10, 15);MoveNorth;(9, 16);1;2564
6;0.25;;(10, 15);;(9, 16);1;2565
6;0.25;;(10, 15);MoveNorth;(9, 15);1;2566
6;0.25;;(10, 15);;(9, 15);1;2567
6;0.25;;(10, 15);;(9, 15);1;2568
6;0.25;;(10, 15);;(9, 15);1;2569
6;0.25;;(10, 15);;(9, 15);1;2570
6;0.25;;(10, 15);;(9, 15);1;2571
6;0.25;;(10, 15);;(9, 15);1;2572
6;0.25;;(10, 15);MoveEast;(10, 15);1;2573
6;0.25;;(10, 15);;(10, 15);1;2574
6;0.25;;(10, 15);;(10, 15);1;2575
6;0.25;;(10, 15);;(10, 15);1;2576
6;0.25;;(10, 15);;(10, 15);1;2577
6;0.25;;(10, 15);;(10, 15);1;2578
6;0.25;;(10, 15);;(10, 15);1;2579
6;0.25;;(10, 15);;(10, 15);1;2580
6;0.25;;(10, 15);;(10, 15);1;2581
6;0.25;;(10, 15);;(10, 15);1;2582
6;0.25;;(10, 15);;(10, 15);1;2583
6;0.25;;(10, 15);;(10, 15);1;2584
6;0.25;;(10, 15);;(10, 15);1;2585
6;0.25;;(10, 15);;(10, 15);1;2586
6;0.25;;(10, 15);;(10, 15);1;2587
6;0.25;;(10, 15);;(10, 15);1;2588
6;0.25;;(10, 15);;(10, 15);1;2589
6;0.25;;(10, 15);;(10, 15);1;2590
6;0.25;;(10, 15);;(10, 15);1;2591
6;0.25;;(10, 15);;(10, 15);1;2592
6;0.25;;(10, 15);;(10, 15);1;2593
6;0.25;;(10, 15);;(10, 15);1;2594
6;0.25;;(10, 15);;(10, 15);1;2595
6;0.25;;(10, 15);;(10, 15);1;2596
6;0.25;;(10, 15);CarryObjectTogether;(10, 15);1;2597
6;0.25;;(10, 15);;(10, 15);1;2598
6;0.25;;(10, 15);;(10, 15);1;2599
6;0.25;;(10, 15);;(10, 15);1;2600
6;0.25;;(10, 15);;(10, 15);1;2601
6;0.25;;(10, 15);;(10, 15);1;2602
6;0.25;;(10, 15);;(10, 15);1;2603
6;0.25;;(10, 15);;(10, 15);1;2604
6;0.25;;(10, 15);MoveWest;(9, 15);1;2605
6;0.25;;(10, 15);MoveSouth;(9, 16);1;2606
6;0.25;;(10, 15);;(9, 16);1;2607
6;0.25;;(10, 15);;(9, 16);1;2608
6;0.25;;(10, 15);;(9, 16);1;2609
6;0.25;;(10, 15);MoveSouth;(9, 17);1;2610
6;0.25;;(10, 15);;(9, 17);1;2611
6;0.25;;(10, 15);;(9, 17);1;2612
6;0.25;;(10, 15);;(9, 17);1;2613
6;0.25;;(10, 15);;(9, 17);1;2614
6;0.25;;(10, 15);;(9, 17);1;2615
6;0.25;;(10, 15);;(9, 17);1;2616
6;0.25;;(10, 15);;(9, 17);1;2617
6;0.25;;(10, 15);;(9, 17);1;2618
6;0.25;;(10, 15);;(9, 17);1;2619
6;0.25;;(10, 15);MoveEast;(10, 17);1;2620
6;0.25;;(10, 15);MoveEast;(11, 17);1;2621
6;0.25;;(10, 15);;(11, 17);1;2622
6;0.25;;(10, 15);MoveEast;(12, 17);1;2623
6;0.25;;(10, 15);MoveEast;(13, 17);1;2624
6;0.25;;(10, 15);;(13, 17);1;2625
6;0.25;;(10, 15);MoveEast;(14, 17);1;2626
6;0.25;;(10, 15);MoveEast;(14, 17);1;2627
6;0.25;;(10, 15);MoveEast;(14, 17);1;2628
6;0.25;;(10, 15);MoveEast;(14, 17);1;2629
6;0.25;;(10, 15);MoveEast;(14, 17);1;2630
6;0.25;;(10, 15);MoveEast;(14, 17);1;2631
6;0.25;;(10, 15);MoveEast;(15, 17);1;2632
6;0.25;;(10, 15);MoveEast;(16, 17);1;2633
6;0.25;;(10, 15);;(16, 17);1;2634
6;0.25;;(10, 15);;(16, 17);1;2635
6;0.25;;(10, 15);;(16, 17);1;2636
6;0.25;;(10, 15);;(16, 17);1;2637
6;0.25;;(10, 15);MoveEast;(16, 17);1;2638
6;0.25;;(10, 15);MoveEast;(16, 17);1;2639
6;0.25;;(10, 15);MoveEast;(16, 17);1;2640
6;0.25;;(10, 15);MoveEast;(16, 17);1;2641
6;0.25;;(10, 15);MoveEast;(16, 17);1;2642
6;0.25;;(10, 15);MoveEast;(17, 17);1;2643
6;0.25;;(10, 15);MoveEast;(17, 17);1;2644
6;0.25;;(10, 15);MoveEast;(17, 17);1;2645
6;0.25;;(10, 15);MoveEast;(17, 17);1;2646
6;0.25;;(10, 15);MoveEast;(17, 17);1;2647
6;0.25;;(10, 15);MoveEast;(17, 17);1;2648
6;0.25;;(10, 15);MoveEast;(18, 17);1;2649
6;0.25;;(10, 15);;(18, 17);1;2650
6;0.25;;(10, 15);;(18, 17);1;2651
6;0.25;;(10, 15);;(18, 17);1;2652
6;0.25;;(10, 15);MoveEast;(18, 17);1;2653
6;0.25;;(10, 15);MoveEast;(18, 17);1;2654
6;0.25;;(10, 15);MoveEast;(18, 17);1;2655
6;0.25;;(10, 15);MoveEast;(18, 17);1;2656
6;0.25;;(10, 15);MoveEast;(18, 17);1;2657
6;0.25;;(10, 15);MoveEast;(19, 17);1;2658
6;0.25;;(10, 15);MoveEast;(19, 17);1;2659
6;0.25;;(10, 15);MoveEast;(19, 17);1;2660
6;0.25;;(10, 15);MoveEast;(19, 17);1;2661
6;0.25;;(10, 15);MoveEast;(19, 17);1;2662
6;0.25;;(10, 15);MoveEast;(19, 17);1;2663
6;0.25;;(10, 15);MoveEast;(20, 17);1;2664
6;0.25;;(10, 15);MoveNorth;(20, 17);1;2665
6;0.25;;(10, 15);MoveNorth;(20, 17);1;2666
6;0.25;;(10, 15);MoveNorth;(20, 17);1;2667
6;0.25;;(10, 15);MoveNorth;(20, 17);1;2668
6;0.25;;(10, 15);MoveNorth;(20, 17);1;2669
6;0.25;;(10, 15);MoveNorth;(20, 16);1;2670
6;0.25;;(10, 15);MoveNorth;(20, 15);1;2671
6;0.25;;(10, 15);;(20, 15);1;2672
6;0.25;;(10, 15);;(20, 15);1;2673
6;0.25;;(10, 15);;(20, 15);1;2674
6;0.25;;(10, 15);;(20, 15);1;2675
6;0.25;;(10, 15);;(20, 15);1;2676
6;0.25;;(10, 15);MoveNorth;(20, 14);1;2677
6;0.25;;(10, 15);;(20, 14);1;2678
6;0.25;;(10, 15);MoveNorth;(20, 13);1;2679
6;0.25;;(10, 15);MoveNorth;(20, 12);1;2680
6;0.25;;(10, 15);MoveNorth;(20, 11);1;2681
6;0.25;;(10, 15);MoveNorth;(20, 10);1;2682
6;0.25;;(10, 15);;(20, 10);1;2683
6;0.25;;(10, 15);;(20, 10);1;2684
6;0.25;;(10, 15);MoveNorth;(20, 9);1;2685
6;0.25;;(10, 15);;(20, 9);1;2686
6;0.25;;(10, 15);;(20, 9);1;2687
6;0.25;;(10, 15);;(20, 9);1;2688
6;0.25;;(10, 15);;(20, 9);1;2689
6;0.25;;(10, 15);;(20, 9);1;2690
6;0.25;;(10, 15);;(20, 9);1;2691
6;0.25;;(10, 15);;(20, 9);1;2692
6;0.25;;(10, 15);MoveEast;(21, 9);1;2693
6;0.25;;(10, 15);;(21, 9);1;2694
6;0.25;;(10, 15);MoveEast;(22, 9);1;2695
6;0.25;;(10, 15);;(22, 9);1;2696
6;0.25;;(10, 15);;(22, 9);1;2697
6;0.25;;(10, 15);MoveEast;(23, 9);1;2698
6;0.25;;(10, 15);;(23, 9);1;2699
6;0.25;;(10, 15);;(23, 9);1;2700
6;0.25;;(10, 15);;(23, 9);1;2701
6;0.25;;(10, 15);;(23, 9);1;2702
6;0.25;;(10, 15);;(23, 9);1;2703
6;0.25;;(10, 15);;(23, 9);1;2704
6;0.25;;(10, 15);;(23, 9);1;2705
6;0.25;;(10, 15);;(23, 9);1;2706
6;0.25;;(10, 15);;(23, 9);1;2707
6;0.25;;(10, 15);;(23, 9);1;2708
6;0.25;;(10, 15);;(23, 9);1;2709
6;0.25;;(10, 15);;(23, 9);1;2710
6;0.25;;(10, 15);;(23, 9);1;2711
6;0.25;;(10, 15);;(23, 9);1;2712
6;0.25;;(10, 15);;(23, 9);1;2713
6;0.25;;(10, 15);;(23, 9);1;2714
6;0.25;;(10, 15);;(23, 9);1;2715
6;0.25;;(10, 15);;(23, 9);1;2716
6;0.25;;(10, 15);;(23, 9);1;2717
6;0.25;;(10, 15);;(23, 9);1;2718
6;0.25;;(10, 15);;(23, 9);1;2719
6;0.25;;(10, 15);;(23, 9);1;2720
6;0.25;;(10, 15);;(23, 9);1;2721
6;0.25;;(10, 15);;(23, 9);1;2722
6;0.25;;(10, 15);;(23, 9);1;2723
6;0.25;;(10, 15);;(23, 9);1;2724
6;0.25;;(10, 15);;(23, 9);1;2725
6;0.25;;(10, 15);;(23, 9);1;2726
6;0.25;;(10, 15);;(23, 9);1;2727
12;0.375;;(23, 9);DropObjectTogether;(23, 9);1;2728
12;0.375;MoveSouthWest;(23, 9);;(23, 9);1;2729
12;0.375;MoveSouthWest;(23, 9);;(23, 9);1;2730
12;0.375;MoveSouthWest;(23, 9);;(23, 9);1;2731
12;0.375;MoveSouthWest;(23, 9);;(23, 9);1;2732
12;0.375;MoveSouthWest;(23, 9);;(23, 9);1;2733
12;0.375;MoveSouthWest;(23, 9);;(23, 9);1;2734
12;0.375;MoveSouthWest;(23, 9);;(23, 9);1;2735
12;0.375;MoveSouthWest;(23, 9);;(23, 9);1;2736
12;0.375;MoveSouthWest;(22, 10);;(23, 9);1;2737
12;0.375;MoveSouthWest;(22, 10);;(23, 9);1;2738
12;0.375;MoveSouthWest;(22, 10);;(23, 9);1;2739
12;0.375;MoveSouthWest;(22, 10);;(23, 9);1;2740
12;0.375;MoveSouthWest;(22, 10);MoveWest;(22, 9);1;2741
12;0.375;MoveSouthWest;(22, 10);;(22, 9);1;2742
12;0.375;MoveSouthWest;(22, 10);;(22, 9);1;2743
12;0.375;MoveSouthWest;(22, 10);;(22, 9);1;2744
12;0.375;MoveSouthWest;(22, 10);;(22, 9);1;2745
12;0.375;MoveSouthWest;(21, 11);;(22, 9);1;2746
12;0.375;MoveSouthWest;(21, 11);;(22, 9);1;2747
12;0.375;MoveSouthWest;(21, 11);;(22, 9);1;2748
12;0.375;MoveSouthWest;(21, 11);;(22, 9);1;2749
12;0.375;MoveSouthWest;(21, 11);;(22, 9);1;2750
12;0.375;MoveSouthWest;(21, 11);;(22, 9);1;2751
12;0.375;MoveSouthWest;(21, 11);;(22, 9);1;2752
12;0.375;MoveSouthWest;(21, 11);;(22, 9);1;2753
12;0.375;MoveSouthWest;(21, 11);;(22, 9);1;2754
12;0.375;MoveSouthWest;(20, 12);;(22, 9);1;2755
12;0.375;MoveSouthWest;(20, 12);;(22, 9);1;2756
12;0.375;MoveSouthWest;(20, 12);;(22, 9);1;2757
12;0.375;MoveSouthWest;(20, 12);;(22, 9);1;2758
12;0.375;MoveSouthWest;(20, 12);;(22, 9);1;2759
12;0.375;MoveSouthWest;(20, 12);;(22, 9);1;2760
12;0.375;MoveSouthWest;(20, 12);;(22, 9);1;2761
12;0.375;MoveSouthWest;(20, 12);;(22, 9);1;2762
12;0.375;MoveSouthWest;(20, 12);;(22, 9);1;2763
12;0.375;MoveSouthWest;(19, 13);;(22, 9);1;2764
12;0.375;MoveSouthWest;(19, 13);;(22, 9);1;2765
12;0.375;MoveSouthWest;(19, 13);;(22, 9);1;2766
12;0.375;MoveSouthWest;(19, 13);;(22, 9);1;2767
12;0.375;MoveSouthWest;(19, 13);;(22, 9);1;2768
12;0.375;MoveSouthWest;(19, 13);;(22, 9);1;2769
12;0.375;MoveSouthWest;(19, 13);;(22, 9);1;2770
12;0.375;MoveSouthWest;(19, 13);;(22, 9);1;2771
12;0.375;MoveSouthWest;(19, 13);;(22, 9);1;2772
12;0.375;MoveSouthWest;(18, 14);;(22, 9);1;2773
12;0.375;MoveSouth;(18, 14);;(22, 9);1;2774
12;0.375;MoveSouth;(18, 14);;(22, 9);1;2775
12;0.375;MoveSouth;(18, 14);;(22, 9);1;2776
12;0.375;MoveSouth;(18, 14);;(22, 9);1;2777
12;0.375;MoveSouth;(18, 14);;(22, 9);1;2778
12;0.375;MoveSouth;(18, 14);;(22, 9);1;2779
12;0.375;MoveSouth;(18, 14);;(22, 9);1;2780
12;0.375;MoveSouth;(18, 14);;(22, 9);1;2781
12;0.375;MoveSouth;(18, 14);;(22, 9);1;2782
12;0.375;MoveSouth;(18, 14);;(22, 9);1;2783
12;0.375;MoveSouth;(18, 14);;(22, 9);1;2784
12;0.375;MoveSouth;(18, 14);;(22, 9);1;2785
12;0.375;MoveSouth;(18, 14);;(22, 9);1;2786
12;0.375;MoveSouth;(18, 15);;(22, 9);1;2787
12;0.375;MoveSouth;(18, 15);;(22, 9);1;2788
12;0.375;MoveSouth;(18, 15);;(22, 9);1;2789
12;0.375;MoveSouth;(18, 15);;(22, 9);1;2790
12;0.375;MoveSouth;(18, 15);;(22, 9);1;2791
12;0.375;MoveSouth;(18, 15);;(22, 9);1;2792
12;0.375;MoveSouth;(18, 15);;(22, 9);1;2793
12;0.375;MoveSouth;(18, 15);;(22, 9);1;2794
12;0.375;MoveSouth;(18, 15);;(22, 9);1;2795
12;0.375;MoveSouth;(18, 15);;(22, 9);1;2796
12;0.375;MoveSouth;(18, 15);;(22, 9);1;2797
12;0.375;MoveSouth;(18, 15);;(22, 9);1;2798
12;0.375;MoveSouth;(18, 15);;(22, 9);1;2799
12;0.375;MoveSouth;(18, 15);;(22, 9);1;2800
12;0.375;MoveSouth;(18, 16);;(22, 9);1;2801
12;0.375;MoveSouthWest;(18, 16);;(22, 9);1;2802
12;0.375;MoveSouthWest;(18, 16);;(22, 9);1;2803
12;0.375;MoveSouthWest;(18, 16);;(22, 9);1;2804
12;0.375;MoveSouthWest;(18, 16);;(22, 9);1;2805
12;0.375;MoveSouthWest;(18, 16);;(22, 9);1;2806
12;0.375;MoveSouthWest;(18, 16);;(22, 9);1;2807
12;0.375;MoveSouthWest;(18, 16);;(22, 9);1;2808
12;0.375;MoveSouthWest;(18, 16);;(22, 9);1;2809
12;0.375;MoveSouthWest;(18, 16);;(22, 9);1;2810
12;0.375;MoveSouthWest;(18, 16);;(22, 9);1;2811
12;0.375;MoveSouthWest;(18, 16);;(22, 9);1;2812
12;0.375;MoveSouthWest;(18, 16);;(22, 9);1;2813
12;0.375;MoveSouthWest;(18, 16);;(22, 9);1;2814
12;0.375;MoveSouthWest;(17, 17);;(22, 9);1;2815
12;0.375;MoveWest;(17, 17);;(22, 9);1;2816
12;0.375;MoveWest;(17, 17);;(22, 9);1;2817
12;0.375;MoveWest;(17, 17);;(22, 9);1;2818
12;0.375;MoveWest;(17, 17);;(22, 9);1;2819
12;0.375;MoveWest;(17, 17);;(22, 9);1;2820
12;0.375;MoveWest;(17, 17);;(22, 9);1;2821
12;0.375;MoveWest;(17, 17);;(22, 9);1;2822
12;0.375;MoveWest;(17, 17);;(22, 9);1;2823
12;0.375;MoveWest;(17, 17);;(22, 9);1;2824
12;0.375;MoveWest;(17, 17);;(22, 9);1;2825
12;0.375;MoveWest;(17, 17);;(22, 9);1;2826
12;0.375;MoveWest;(17, 17);;(22, 9);1;2827
12;0.375;MoveWest;(17, 17);;(22, 9);1;2828
12;0.375;MoveWest;(16, 17);;(22, 9);1;2829
12;0.375;MoveWest;(16, 17);;(22, 9);1;2830
12;0.375;MoveWest;(16, 17);;(22, 9);1;2831
12;0.375;MoveWest;(16, 17);;(22, 9);1;2832
12;0.375;MoveWest;(16, 17);;(22, 9);1;2833
12;0.375;MoveWest;(16, 17);;(22, 9);1;2834
12;0.375;MoveWest;(16, 17);;(22, 9);1;2835
12;0.375;MoveWest;(16, 17);;(22, 9);1;2836
12;0.375;MoveWest;(16, 17);;(22, 9);1;2837
12;0.375;MoveWest;(16, 17);;(22, 9);1;2838
12;0.375;MoveWest;(16, 17);;(22, 9);1;2839
12;0.375;MoveWest;(16, 17);;(22, 9);1;2840
12;0.375;MoveWest;(16, 17);;(22, 9);1;2841
12;0.375;MoveWest;(16, 17);;(22, 9);1;2842
12;0.375;MoveWest;(15, 17);;(22, 9);1;2843
12;0.375;MoveWest;(15, 17);;(22, 9);1;2844
12;0.375;MoveWest;(15, 17);;(22, 9);1;2845
12;0.375;MoveWest;(15, 17);;(22, 9);1;2846
12;0.375;MoveWest;(15, 17);;(22, 9);1;2847
12;0.375;MoveWest;(15, 17);;(22, 9);1;2848
12;0.375;MoveWest;(15, 17);;(22, 9);1;2849
12;0.375;MoveWest;(15, 17);;(22, 9);1;2850
12;0.375;MoveWest;(15, 17);;(22, 9);1;2851
12;0.375;MoveWest;(14, 17);;(22, 9);1;2852
12;0.375;MoveWest;(14, 17);;(22, 9);1;2853
12;0.375;MoveWest;(14, 17);;(22, 9);1;2854
12;0.375;MoveWest;(14, 17);;(22, 9);1;2855
12;0.375;MoveWest;(14, 17);;(22, 9);1;2856
12;0.375;MoveWest;(14, 17);;(22, 9);1;2857
12;0.375;MoveWest;(14, 17);;(22, 9);1;2858
12;0.375;MoveWest;(14, 17);;(22, 9);1;2859
12;0.375;MoveWest;(14, 17);;(22, 9);1;2860
12;0.375;MoveWest;(14, 17);;(22, 9);1;2861
12;0.375;MoveWest;(14, 17);;(22, 9);1;2862
12;0.375;MoveWest;(14, 17);;(22, 9);1;2863
12;0.375;MoveWest;(14, 17);;(22, 9);1;2864
12;0.375;MoveWest;(14, 17);;(22, 9);1;2865
12;0.375;MoveWest;(13, 17);;(22, 9);1;2866
12;0.375;MoveWest;(13, 17);;(22, 9);1;2867
12;0.375;MoveWest;(13, 17);;(22, 9);1;2868
12;0.375;MoveWest;(13, 17);;(22, 9);1;2869
12;0.375;MoveWest;(13, 17);;(22, 9);1;2870
12;0.375;MoveWest;(13, 17);;(22, 9);1;2871
12;0.375;MoveWest;(13, 17);;(22, 9);1;2872
12;0.375;MoveWest;(13, 17);;(22, 9);1;2873
12;0.375;MoveWest;(13, 17);;(22, 9);1;2874
12;0.375;MoveWest;(12, 17);;(22, 9);1;2875
12;0.375;MoveWest;(12, 17);;(22, 9);1;2876
12;0.375;MoveWest;(12, 17);;(22, 9);1;2877
12;0.375;MoveWest;(12, 17);;(22, 9);1;2878
12;0.375;MoveWest;(12, 17);;(22, 9);1;2879
12;0.375;MoveWest;(12, 17);;(22, 9);1;2880
12;0.375;MoveWest;(12, 17);;(22, 9);1;2881
12;0.375;MoveWest;(12, 17);;(22, 9);1;2882
12;0.375;MoveWest;(12, 17);;(22, 9);1;2883
12;0.375;MoveWest;(11, 17);;(22, 9);1;2884
12;0.375;MoveWest;(11, 17);;(22, 9);1;2885
12;0.375;MoveWest;(11, 17);;(22, 9);1;2886
12;0.375;MoveWest;(11, 17);;(22, 9);1;2887
12;0.375;MoveWest;(11, 17);;(22, 9);1;2888
12;0.375;MoveWest;(11, 17);;(22, 9);1;2889
12;0.375;MoveWest;(11, 17);;(22, 9);1;2890
12;0.375;MoveWest;(11, 17);;(22, 9);1;2891
12;0.375;MoveWest;(11, 17);;(22, 9);1;2892
12;0.375;MoveWest;(10, 17);;(22, 9);1;2893
12;0.375;MoveWest;(10, 17);;(22, 9);1;2894
12;0.375;MoveWest;(10, 17);;(22, 9);1;2895
12;0.375;MoveWest;(10, 17);;(22, 9);1;2896
12;0.375;MoveWest;(10, 17);;(22, 9);1;2897
12;0.375;MoveWest;(10, 17);;(22, 9);1;2898
12;0.375;MoveWest;(10, 17);;(22, 9);1;2899
12;0.375;MoveWest;(10, 17);;(22, 9);1;2900
12;0.375;MoveWest;(10, 17);;(22, 9);1;2901
12;0.375;MoveWest;(9, 17);;(22, 9);1;2902
12;0.375;MoveWest;(9, 17);;(22, 9);1;2903
12;0.375;MoveWest;(9, 17);;(22, 9);1;2904
12;0.375;MoveWest;(9, 17);;(22, 9);1;2905
12;0.375;MoveWest;(9, 17);;(22, 9);1;2906
12;0.375;MoveWest;(9, 17);;(22, 9);1;2907
12;0.375;MoveWest;(9, 17);;(22, 9);1;2908
12;0.375;MoveWest;(9, 17);;(22, 9);1;2909
12;0.375;MoveWest;(9, 17);;(22, 9);1;2910
12;0.375;MoveWest;(8, 17);;(22, 9);1;2911
12;0.375;MoveWest;(8, 17);;(22, 9);1;2912
12;0.375;MoveWest;(8, 17);;(22, 9);1;2913
12;0.375;MoveWest;(8, 17);;(22, 9);1;2914
12;0.375;MoveWest;(8, 17);;(22, 9);1;2915
12;0.375;MoveWest;(8, 17);;(22, 9);1;2916
12;0.375;MoveWest;(8, 17);;(22, 9);1;2917
12;0.375;MoveWest;(8, 17);;(22, 9);1;2918
12;0.375;MoveWest;(8, 17);;(22, 9);1;2919
12;0.375;MoveWest;(8, 17);;(22, 9);1;2920
12;0.375;MoveWest;(8, 17);;(22, 9);1;2921
12;0.375;MoveWest;(8, 17);;(22, 9);1;2922
12;0.375;MoveWest;(8, 17);;(22, 9);1;2923
12;0.375;MoveWest;(8, 17);;(22, 9);1;2924
12;0.375;MoveWest;(7, 17);;(22, 9);1;2925
12;0.375;MoveWest;(7, 17);;(22, 9);1;2926
12;0.375;MoveWest;(7, 17);;(22, 9);1;2927
12;0.375;MoveWest;(7, 17);;(22, 9);1;2928
12;0.375;MoveWest;(7, 17);;(22, 9);1;2929
12;0.375;MoveWest;(7, 17);;(22, 9);1;2930
12;0.375;MoveWest;(7, 17);;(22, 9);1;2931
12;0.375;MoveWest;(7, 17);;(22, 9);1;2932
12;0.375;MoveWest;(7, 17);;(22, 9);1;2933
12;0.375;MoveWest;(7, 17);;(22, 9);1;2934
12;0.375;MoveWest;(7, 17);;(22, 9);1;2935
12;0.375;MoveWest;(7, 17);;(22, 9);1;2936
12;0.375;MoveWest;(7, 17);;(22, 9);1;2937
12;0.375;MoveWest;(7, 17);;(22, 9);1;2938
12;0.375;MoveWest;(6, 17);;(22, 9);1;2939
12;0.375;MoveWest;(6, 17);;(22, 9);1;2940
12;0.375;MoveWest;(6, 17);;(22, 9);1;2941
12;0.375;MoveWest;(6, 17);;(22, 9);1;2942
12;0.375;MoveWest;(6, 17);;(22, 9);1;2943
12;0.375;MoveWest;(6, 17);;(22, 9);1;2944
12;0.375;MoveWest;(6, 17);;(22, 9);1;2945
12;0.375;MoveWest;(6, 17);;(22, 9);1;2946
12;0.375;MoveWest;(6, 17);;(22, 9);1;2947
12;0.375;MoveWest;(6, 17);;(22, 9);1;2948
12;0.375;MoveWest;(6, 17);;(22, 9);1;2949
12;0.375;MoveWest;(6, 17);;(22, 9);1;2950
12;0.375;MoveWest;(6, 17);;(22, 9);1;2951
12;0.375;MoveWest;(6, 17);;(22, 9);1;2952
12;0.375;MoveWest;(5, 17);;(22, 9);1;2953
12;0.375;MoveWest;(5, 17);;(22, 9);1;2954
12;0.375;MoveWest;(5, 17);;(22, 9);1;2955
12;0.375;MoveWest;(5, 17);;(22, 9);1;2956
12;0.375;MoveWest;(5, 17);;(22, 9);1;2957
12;0.375;MoveWest;(5, 17);;(22, 9);1;2958
12;0.375;MoveWest;(5, 17);;(22, 9);1;2959
12;0.375;MoveWest;(5, 17);;(22, 9);1;2960
12;0.375;MoveWest;(5, 17);;(22, 9);1;2961
12;0.375;MoveWest;(5, 17);;(22, 9);1;2962
12;0.375;MoveWest;(5, 17);;(22, 9);1;2963
12;0.375;MoveWest;(5, 17);;(22, 9);1;2964
12;0.375;MoveWest;(5, 17);;(22, 9);1;2965
12;0.375;MoveWest;(5, 17);;(22, 9);1;2966
12;0.375;MoveWest;(4, 17);;(22, 9);1;2967
12;0.375;MoveWest;(4, 17);;(22, 9);1;2968
12;0.375;MoveWest;(4, 17);;(22, 9);1;2969
12;0.375;MoveWest;(4, 17);;(22, 9);1;2970
12;0.375;MoveWest;(4, 17);;(22, 9);1;2971
12;0.375;MoveWest;(4, 17);;(22, 9);1;2972
12;0.375;MoveWest;(4, 17);;(22, 9);1;2973
12;0.375;MoveWest;(4, 17);;(22, 9);1;2974
12;0.375;MoveWest;(4, 17);;(22, 9);1;2975
12;0.375;MoveWest;(4, 17);;(22, 9);1;2976
12;0.375;MoveWest;(4, 17);;(22, 9);1;2977
12;0.375;MoveWest;(4, 17);;(22, 9);1;2978
12;0.375;MoveWest;(4, 17);;(22, 9);1;2979
12;0.375;MoveWest;(4, 17);;(22, 9);1;2980
12;0.375;MoveWest;(3, 17);;(22, 9);1;2981
12;0.375;;(3, 17);;(22, 9);1;2982
12;0.375;;(3, 17);;(22, 9);1;2983
12;0.375;;(3, 17);;(22, 9);1;2984
12;0.375;;(3, 17);;(22, 9);1;2985
12;0.375;;(3, 17);;(22, 9);1;2986
12;0.375;;(3, 17);;(22, 9);1;2987
12;0.375;;(3, 17);;(22, 9);1;2988
12;0.375;;(3, 17);;(22, 9);1;2989
12;0.375;;(3, 17);;(22, 9);1;2990
12;0.375;;(3, 17);;(22, 9);1;2991
12;0.375;;(3, 17);;(22, 9);1;2992
12;0.375;;(3, 17);;(22, 9);1;2993
12;0.375;;(3, 17);;(22, 9);1;2994
12;0.375;;(3, 17);;(22, 9);1;2995
12;0.375;;(3, 17);;(22, 9);1;2996
12;0.375;;(3, 17);;(22, 9);1;2997
12;0.375;;(3, 17);;(22, 9);1;2998
12;0.375;;(3, 17);;(22, 9);1;2999
12;0.375;;(3, 17);;(22, 9);1;3000
12;0.375;;(3, 17);;(22, 9);1;3001
12;0.375;;(3, 17);;(22, 9);1;3002
12;0.375;;(3, 17);;(22, 9);1;3003
12;0.375;;(3, 17);;(22, 9);1;3004
12;0.375;;(3, 17);;(22, 9);1;3005
12;0.375;;(3, 17);;(22, 9);1;3006
12;0.375;;(3, 17);;(22, 9);1;3007
12;0.375;;(3, 17);;(22, 9);1;3008
12;0.375;;(3, 17);;(22, 9);1;3009
12;0.375;;(3, 17);;(22, 9);1;3010
12;0.375;;(3, 17);;(22, 9);1;3011
12;0.375;;(3, 17);;(22, 9);1;3012
12;0.375;;(3, 17);;(22, 9);1;3013
12;0.375;;(3, 17);;(22, 9);1;3014
12;0.375;;(3, 17);;(22, 9);1;3015
12;0.375;;(3, 17);;(22, 9);1;3016
12;0.375;;(3, 17);;(22, 9);1;3017
12;0.375;;(3, 17);;(22, 9);1;3018
12;0.375;;(3, 17);;(22, 9);1;3019
12;0.375;;(3, 17);;(22, 9);1;3020
12;0.375;;(3, 17);;(22, 9);1;3021
12;0.375;;(3, 17);;(22, 9);1;3022
12;0.375;;(3, 17);;(22, 9);1;3023
12;0.375;;(3, 17);;(22, 9);1;3024
12;0.375;;(3, 17);;(22, 9);1;3025
12;0.375;;(3, 17);;(22, 9);1;3026
12;0.375;;(3, 17);;(22, 9);1;3027
12;0.375;;(3, 17);;(22, 9);1;3028
12;0.375;;(3, 17);;(22, 9);1;3029
12;0.375;;(3, 17);;(22, 9);1;3030
12;0.375;;(3, 17);;(22, 9);1;3031
12;0.375;;(3, 17);;(22, 9);1;3032
12;0.375;;(3, 17);;(22, 9);1;3033
12;0.375;;(3, 17);;(22, 9);1;3034
12;0.375;;(3, 17);;(22, 9);1;3035
12;0.375;;(3, 17);;(22, 9);1;3036
12;0.375;;(3, 17);;(22, 9);1;3037
12;0.375;;(3, 17);;(22, 9);1;3038
12;0.375;;(3, 17);;(22, 9);1;3039
12;0.375;;(3, 17);;(22, 9);1;3040
12;0.375;;(3, 17);;(22, 9);1;3041
12;0.375;;(3, 17);;(22, 9);1;3042
12;0.375;;(3, 17);;(22, 9);1;3043
12;0.375;;(3, 17);;(22, 9);1;3044
12;0.375;;(3, 17);;(22, 9);1;3045
12;0.375;;(3, 17);;(22, 9);1;3046
12;0.375;;(3, 17);;(22, 9);1;3047
12;0.375;;(3, 17);;(22, 9);1;3048
12;0.375;;(3, 17);;(22, 9);1;3049
12;0.375;;(3, 17);;(22, 9);1;3050
12;0.375;;(3, 17);;(22, 9);1;3051
12;0.375;;(3, 17);;(22, 9);1;3052
12;0.375;;(3, 17);;(22, 9);1;3053
12;0.375;;(3, 17);;(22, 9);1;3054
12;0.375;;(3, 17);;(22, 9);1;3055
12;0.375;;(3, 17);;(22, 9);1;3056
12;0.375;;(3, 17);;(22, 9);1;3057
12;0.375;;(3, 17);;(22, 9);1;3058
12;0.375;;(3, 17);;(22, 9);1;3059
12;0.375;;(3, 17);;(22, 9);1;3060
12;0.375;;(3, 17);;(22, 9);1;3061
12;0.375;;(3, 17);;(22, 9);1;3062
12;0.375;;(3, 17);;(22, 9);1;3063
12;0.375;;(3, 17);;(22, 9);1;3064
12;0.375;;(3, 17);;(22, 9);1;3065
12;0.375;;(3, 17);;(22, 9);1;3066
12;0.375;;(3, 17);;(22, 9);1;3067
12;0.375;;(3, 17);;(22, 9);1;3068
12;0.375;;(3, 17);MoveSouth;(22, 10);1;3069
12;0.375;;(3, 17);;(22, 10);1;3070
12;0.375;;(3, 17);MoveWest;(21, 10);1;3071
12;0.375;;(3, 17);;(21, 10);1;3072
12;0.375;;(3, 17);MoveWest;(20, 10);1;3073
12;0.375;;(3, 17);;(20, 10);1;3074
12;0.375;;(3, 17);MoveSouth;(20, 11);1;3075
12;0.375;;(3, 17);;(20, 11);1;3076
12;0.375;;(3, 17);;(20, 11);1;3077
12;0.375;;(3, 17);MoveSouth;(20, 12);1;3078
12;0.375;;(3, 17);MoveSouth;(20, 13);1;3079
12;0.375;;(3, 17);;(20, 13);1;3080
12;0.375;;(3, 17);MoveSouth;(20, 14);1;3081
12;0.375;;(3, 17);MoveSouth;(20, 15);1;3082
12;0.375;;(3, 17);MoveSouth;(20, 16);1;3083
12;0.375;;(3, 17);;(20, 16);1;3084
12;0.375;;(3, 17);MoveSouth;(20, 17);1;3085
12;0.375;;(3, 17);;(20, 17);1;3086
12;0.375;;(3, 17);;(20, 17);1;3087
12;0.375;;(3, 17);;(20, 17);1;3088
12;0.375;;(3, 17);MoveWest;(20, 17);1;3089
12;0.375;;(3, 17);MoveWest;(20, 17);1;3090
12;0.375;;(3, 17);MoveWest;(20, 17);1;3091
12;0.375;;(3, 17);MoveWest;(20, 17);1;3092
12;0.375;;(3, 17);MoveWest;(20, 17);1;3093
12;0.375;;(3, 17);MoveWest;(19, 17);1;3094
12;0.375;;(3, 17);;(19, 17);1;3095
12;0.375;;(3, 17);MoveSouth;(19, 17);1;3096
12;0.375;;(3, 17);MoveSouth;(19, 17);1;3097
12;0.375;;(3, 17);MoveSouth;(19, 17);1;3098
12;0.375;;(3, 17);MoveSouth;(19, 17);1;3099
12;0.375;;(3, 17);MoveSouth;(19, 17);1;3100
12;0.375;;(3, 17);MoveSouth;(19, 18);1;3101
12;0.375;;(3, 17);;(19, 18);1;3102
12;0.375;;(3, 17);MoveWest;(18, 18);1;3103
12;0.375;;(3, 17);;(18, 18);1;3104
12;0.375;;(3, 17);MoveWest;(17, 18);1;3105
12;0.375;;(3, 17);;(17, 18);1;3106
12;0.375;;(3, 17);MoveWest;(16, 18);1;3107
12;0.375;;(3, 17);;(16, 18);1;3108
12;0.375;;(3, 17);;(16, 18);1;3109
12;0.375;;(3, 17);MoveWest;(15, 18);1;3110
12;0.375;;(3, 17);;(15, 18);1;3111
12;0.375;;(3, 17);MoveWest;(14, 18);1;3112
12;0.375;;(3, 17);MoveWest;(14, 18);1;3113
12;0.375;;(3, 17);MoveWest;(14, 18);1;3114
12;0.375;;(3, 17);MoveWest;(14, 18);1;3115
12;0.375;;(3, 17);MoveWest;(14, 18);1;3116
12;0.375;;(3, 17);MoveWest;(14, 18);1;3117
12;0.375;;(3, 17);MoveWest;(13, 18);1;3118
12;0.375;;(3, 17);MoveWest;(13, 18);1;3119
12;0.375;;(3, 17);MoveWest;(13, 18);1;3120
12;0.375;;(3, 17);MoveWest;(13, 18);1;3121
12;0.375;;(3, 17);MoveWest;(13, 18);1;3122
12;0.375;;(3, 17);MoveWest;(13, 18);1;3123
12;0.375;;(3, 17);MoveWest;(12, 18);1;3124
12;0.375;;(3, 17);;(12, 18);1;3125
12;0.375;;(3, 17);MoveWest;(12, 18);1;3126
12;0.375;;(3, 17);MoveWest;(12, 18);1;3127
12;0.375;;(3, 17);MoveWest;(12, 18);1;3128
12;0.375;;(3, 17);MoveWest;(12, 18);1;3129
12;0.375;;(3, 17);MoveWest;(12, 18);1;3130
12;0.375;;(3, 17);MoveWest;(11, 18);1;3131
12;0.375;;(3, 17);MoveWest;(11, 18);1;3132
12;0.375;;(3, 17);MoveWest;(11, 18);1;3133
12;0.375;;(3, 17);MoveWest;(11, 18);1;3134
12;0.375;;(3, 17);MoveWest;(11, 18);1;3135
12;0.375;;(3, 17);MoveWest;(11, 18);1;3136
12;0.375;;(3, 17);MoveWest;(10, 18);1;3137
12;0.375;;(3, 17);MoveWest;(10, 18);1;3138
12;0.375;;(3, 17);MoveWest;(10, 18);1;3139
12;0.375;;(3, 17);MoveWest;(10, 18);1;3140
12;0.375;;(3, 17);MoveWest;(10, 18);1;3141
12;0.375;;(3, 17);MoveWest;(10, 18);1;3142
12;0.375;;(3, 17);MoveWest;(9, 18);1;3143
12;0.375;;(3, 17);MoveWest;(8, 18);1;3144
12;0.375;;(3, 17);MoveWest;(7, 18);1;3145
12;0.375;;(3, 17);MoveWest;(6, 18);1;3146
12;0.375;;(3, 17);MoveWest;(5, 18);1;3147
12;0.375;;(3, 17);MoveWest;(4, 18);1;3148
12;0.375;;(3, 17);MoveWest;(3, 18);1;3149
12;0.375;;(3, 17);MoveWest;(2, 18);1;3150
12;0.375;;(3, 17);MoveWest;(1, 18);1;3151
12;0.375;;(3, 17);MoveWest;(1, 18);1;3152
12;0.375;;(3, 17);MoveWest;(1, 18);1;3153
12;0.375;;(3, 17);MoveWest;(1, 18);1;3154
12;0.375;;(3, 17);MoveWest;(1, 18);1;3155
12;0.375;;(3, 17);MoveWest;(1, 18);1;3156
12;0.375;;(3, 17);MoveWest;(1, 18);1;3157
12;0.375;;(3, 17);MoveWest;(1, 18);1;3158
12;0.375;;(3, 17);MoveWest;(1, 18);1;3159
12;0.375;;(3, 17);MoveWest;(1, 18);1;3160
12;0.375;;(3, 17);MoveWest;(1, 18);1;3161
12;0.375;;(3, 17);MoveWest;(1, 18);1;3162
12;0.375;;(3, 17);MoveWest;(1, 18);1;3163
12;0.375;;(3, 17);MoveWest;(1, 18);1;3164
12;0.375;;(3, 17);MoveWest;(1, 18);1;3165
12;0.375;;(3, 17);MoveWest;(1, 18);1;3166
12;0.375;;(3, 17);MoveWest;(1, 18);1;3167
12;0.375;;(3, 17);MoveWest;(1, 18);1;3168
12;0.375;;(3, 17);MoveWest;(1, 18);1;3169
12;0.375;;(3, 17);MoveWest;(1, 18);1;3170
12;0.375;;(3, 17);MoveWest;(1, 18);1;3171
12;0.375;;(3, 17);MoveWest;(1, 18);1;3172
12;0.375;;(3, 17);MoveWest;(1, 18);1;3173
12;0.375;;(3, 17);MoveWest;(1, 18);1;3174
12;0.375;;(3, 17);MoveWest;(1, 18);1;3175
12;0.375;;(3, 17);MoveWest;(1, 18);1;3176
12;0.375;;(3, 17);;(1, 18);1;3177
12;0.375;;(3, 17);;(1, 18);1;3178
12;0.375;;(3, 17);;(1, 18);1;3179
12;0.375;;(3, 17);;(1, 18);1;3180
12;0.375;;(3, 17);;(1, 18);1;3181
12;0.375;;(3, 17);;(1, 18);1;3182
12;0.375;;(3, 17);;(1, 18);1;3183
12;0.375;;(3, 17);;(1, 18);1;3184
12;0.375;;(3, 17);;(1, 18);1;3185
12;0.375;;(3, 17);;(1, 18);1;3186
12;0.375;;(3, 17);;(1, 18);1;3187
12;0.375;;(3, 17);;(1, 18);1;3188
12;0.375;;(3, 17);MoveEast;(2, 18);1;3189
12;0.375;;(3, 17);;(2, 18);1;3190
12;0.375;;(3, 17);;(2, 18);1;3191
12;0.375;;(3, 17);;(2, 18);1;3192
12;0.375;;(3, 17);;(2, 18);1;3193
12;0.375;;(3, 17);;(2, 18);1;3194
12;0.375;;(3, 17);;(2, 18);1;3195
12;0.375;;(3, 17);;(2, 18);1;3196
12;0.375;;(3, 17);;(2, 18);1;3197
12;0.375;;(3, 17);;(2, 18);1;3198
12;0.375;;(3, 17);;(2, 18);1;3199
12;0.375;;(3, 17);;(2, 18);1;3200
12;0.375;;(3, 17);;(2, 18);1;3201
12;0.375;;(3, 17);MoveEast;(3, 18);1;3202
12;0.375;;(3, 17);;(3, 18);1;3203
12;0.375;;(3, 17);;(3, 18);1;3204
12;0.375;;(3, 17);;(3, 18);1;3205
12;0.375;;(3, 17);;(3, 18);1;3206
12;0.375;;(3, 17);;(3, 18);1;3207
12;0.375;;(3, 17);MoveNorth;(3, 17);1;3208
12;0.375;;(3, 17);;(3, 17);1;3209
12;0.375;;(3, 17);;(3, 17);1;3210
12;0.375;;(3, 17);;(3, 17);1;3211
12;0.375;;(3, 17);;(3, 17);1;3212
12;0.375;;(3, 17);;(3, 17);1;3213
12;0.375;;(3, 17);;(3, 17);1;3214
12;0.375;;(3, 17);;(3, 17);1;3215
12;0.375;;(3, 17);;(3, 17);1;3216
12;0.375;;(3, 17);;(3, 17);1;3217
12;0.375;;(3, 17);;(3, 17);1;3218
12;0.375;;(3, 17);;(3, 17);1;3219
12;0.375;;(3, 17);;(3, 17);1;3220
12;0.375;;(3, 17);;(3, 17);1;3221
12;0.375;;(3, 17);;(3, 17);1;3222
12;0.375;;(3, 17);;(3, 17);1;3223
12;0.375;;(3, 17);;(3, 17);1;3224
12;0.375;;(3, 17);;(3, 17);1;3225
12;0.375;;(3, 17);;(3, 17);1;3226
12;0.375;;(3, 17);;(3, 17);1;3227
12;0.375;;(3, 17);;(3, 17);1;3228
12;0.375;;(3, 17);;(3, 17);1;3229
12;0.375;;(3, 17);RemoveObjectTogether;(3, 17);1;3230
12;0.375;;(3, 17);RemoveObjectTogether;(3, 17);1;3231
12;0.375;;(3, 17);RemoveObjectTogether;(3, 17);1;3232
12;0.375;;(3, 17);RemoveObjectTogether;(3, 17);1;3233
12;0.375;;(3, 17);RemoveObjectTogether;(3, 17);1;3234
12;0.375;;(3, 17);RemoveObjectTogether;(3, 17);1;3235
12;0.375;;(3, 17);RemoveObjectTogether;(3, 17);1;3236
12;0.375;;(3, 17);RemoveObjectTogether;(3, 17);1;3237
12;0.375;;(3, 17);RemoveObjectTogether;(3, 17);1;3238
12;0.375;;(3, 17);RemoveObjectTogether;(3, 17);1;3239
12;0.375;;(3, 17);RemoveObjectTogether;(3, 17);1;3240
12;0.375;;(3, 17);RemoveObjectTogether;(3, 17);1;3241
12;0.375;;(3, 17);RemoveObjectTogether;(3, 17);1;3242
12;0.375;;(3, 17);RemoveObjectTogether;(3, 17);1;3243
12;0.375;;(3, 17);RemoveObjectTogether;(3, 17);1;3244
12;0.375;;(3, 17);RemoveObjectTogether;(3, 17);1;3245
12;0.375;;(3, 17);RemoveObjectTogether;(3, 17);1;3246
12;0.375;;(3, 17);RemoveObjectTogether;(3, 17);1;3247
12;0.375;;(3, 17);RemoveObjectTogether;(3, 17);1;3248
12;0.375;;(3, 17);RemoveObjectTogether;(3, 17);1;3249
12;0.375;;(3, 17);RemoveObjectTogether;(3, 17);1;3250
12;0.375;;(3, 17);RemoveObjectTogether;(3, 17);1;3251
12;0.375;;(3, 17);RemoveObjectTogether;(3, 17);1;3252
12;0.375;;(3, 17);RemoveObjectTogether;(3, 17);1;3253
12;0.375;;(3, 17);RemoveObjectTogether;(3, 17);1;3254
12;0.375;;(3, 17);RemoveObjectTogether;(3, 17);1;3255
12;0.375;;(3, 17);RemoveObjectTogether;(3, 17);1;3256
12;0.375;;(3, 17);RemoveObjectTogether;(3, 17);1;3257
12;0.375;;(3, 17);RemoveObjectTogether;(3, 17);1;3258
12;0.375;;(3, 17);RemoveObjectTogether;(3, 17);1;3259
12;0.375;;(3, 17);RemoveObjectTogether;(3, 17);1;3260
12;0.375;;(3, 17);RemoveObjectTogether;(3, 17);1;3261
12;0.375;;(3, 17);RemoveObjectTogether;(3, 17);1;3262
12;0.375;;(3, 17);RemoveObjectTogether;(3, 17);1;3263
12;0.375;;(3, 17);RemoveObjectTogether;(3, 17);1;3264
12;0.375;;(3, 17);RemoveObjectTogether;(3, 17);1;3265
12;0.375;;(3, 17);RemoveObjectTogether;(3, 17);1;3266
12;0.375;;(3, 17);RemoveObjectTogether;(3, 17);1;3267
12;0.375;;(3, 17);RemoveObjectTogether;(3, 17);1;3268
12;0.375;;(3, 17);RemoveObjectTogether;(3, 17);1;3269
12;0.375;;(3, 17);RemoveObjectTogether;(3, 17);1;3270
12;0.375;;(3, 17);RemoveObjectTogether;(3, 17);1;3271
12;0.375;;(3, 17);RemoveObjectTogether;(3, 17);1;3272
12;0.375;;(3, 17);RemoveObjectTogether;(3, 17);1;3273
12;0.375;;(3, 17);RemoveObjectTogether;(3, 17);1;3274
12;0.375;;(3, 17);RemoveObjectTogether;(3, 17);1;3275
12;0.375;;(3, 17);RemoveObjectTogether;(3, 17);1;3276
12;0.375;;(3, 17);RemoveObjectTogether;(3, 17);1;3277
12;0.375;;(3, 17);RemoveObjectTogether;(3, 17);1;3278
12;0.375;;(3, 17);RemoveObjectTogether;(3, 17);1;3279
12;0.375;;(3, 17);RemoveObjectTogether;(3, 17);1;3280
12;0.375;MoveNorth;(3, 17);RemoveObjectTogether;(3, 17);1;3281
12;0.375;MoveNorth;(3, 17);RemoveObjectTogether;(3, 17);1;3282
12;0.375;MoveNorth;(3, 17);RemoveObjectTogether;(3, 17);1;3283
12;0.375;MoveNorth;(3, 17);;(3, 17);1;3284
12;0.375;MoveNorth;(3, 17);RemoveObjectTogether;(3, 17);1;3285
12;0.375;MoveNorth;(3, 17);RemoveObjectTogether;(3, 17);1;3286
12;0.375;MoveNorth;(3, 17);RemoveObjectTogether;(3, 17);1;3287
12;0.375;MoveNorth;(3, 17);RemoveObjectTogether;(3, 17);1;3288
12;0.375;MoveNorth;(3, 16);RemoveObjectTogether;(3, 17);1;3289
12;0.375;MoveNorthWest;(3, 16);RemoveObjectTogether;(3, 17);1;3290
12;0.375;MoveNorthWest;(3, 16);RemoveObjectTogether;(3, 17);1;3291
12;0.375;MoveNorthWest;(3, 16);RemoveObjectTogether;(3, 17);1;3292
12;0.375;MoveNorthWest;(3, 16);RemoveObjectTogether;(3, 17);1;3293
12;0.375;MoveNorthWest;(3, 16);RemoveObjectTogether;(3, 17);1;3294
12;0.375;MoveNorthWest;(3, 16);RemoveObjectTogether;(3, 17);1;3295
12;0.375;MoveNorthWest;(3, 16);RemoveObjectTogether;(3, 17);1;3296
12;0.375;MoveNorthWest;(3, 16);RemoveObjectTogether;(3, 17);1;3297
12;0.375;MoveNorthWest;(2, 15);RemoveObjectTogether;(3, 17);1;3298
12;0.375;MoveNorth;(2, 15);RemoveObjectTogether;(3, 17);1;3299
12;0.375;MoveNorth;(2, 15);RemoveObjectTogether;(3, 17);1;3300
12;0.375;MoveNorth;(2, 15);RemoveObjectTogether;(3, 17);1;3301
12;0.375;MoveNorth;(2, 15);RemoveObjectTogether;(3, 17);1;3302
12;0.375;MoveNorth;(2, 15);RemoveObjectTogether;(3, 17);1;3303
12;0.375;MoveNorth;(2, 15);RemoveObjectTogether;(3, 17);1;3304
12;0.375;MoveNorth;(2, 15);RemoveObjectTogether;(3, 17);1;3305
12;0.375;MoveNorth;(2, 15);RemoveObjectTogether;(3, 17);1;3306
12;0.375;MoveNorth;(2, 14);RemoveObjectTogether;(3, 17);1;3307
12;0.375;MoveSouthEast;(2, 14);RemoveObjectTogether;(3, 17);1;3308
12;0.375;MoveSouthEast;(2, 14);RemoveObjectTogether;(3, 17);1;3309
12;0.375;MoveSouthEast;(2, 14);RemoveObjectTogether;(3, 17);1;3310
12;0.375;MoveSouthEast;(2, 14);RemoveObjectTogether;(3, 17);1;3311
12;0.375;MoveSouthEast;(2, 14);RemoveObjectTogether;(3, 17);1;3312
12;0.375;MoveSouthEast;(2, 14);RemoveObjectTogether;(3, 17);1;3313
12;0.375;MoveSouthEast;(2, 14);RemoveObjectTogether;(3, 17);1;3314
12;0.375;MoveSouthEast;(2, 14);RemoveObjectTogether;(3, 17);1;3315
12;0.375;MoveSouthEast;(3, 15);RemoveObjectTogether;(3, 17);1;3316
12;0.375;MoveNorthEast;(3, 15);RemoveObjectTogether;(3, 17);1;3317
12;0.375;MoveNorthEast;(3, 15);RemoveObjectTogether;(3, 17);1;3318
12;0.375;MoveNorthEast;(3, 15);RemoveObjectTogether;(3, 17);1;3319
12;0.375;MoveNorthEast;(3, 15);RemoveObjectTogether;(3, 17);1;3320
12;0.375;MoveNorthEast;(3, 15);RemoveObjectTogether;(3, 17);1;3321
12;0.375;MoveNorthEast;(3, 15);RemoveObjectTogether;(3, 17);1;3322
12;0.375;MoveNorthEast;(3, 15);RemoveObjectTogether;(3, 17);1;3323
12;0.375;MoveNorthEast;(3, 15);RemoveObjectTogether;(3, 17);1;3324
12;0.375;MoveNorthEast;(4, 14);RemoveObjectTogether;(3, 17);1;3325
12;0.375;;(4, 14);RemoveObjectTogether;(3, 17);1;3326
12;0.375;;(4, 14);RemoveObjectTogether;(3, 17);1;3327
12;0.375;;(4, 14);;(3, 17);1;3328
12;0.375;;(4, 14);;(3, 17);1;3329
12;0.375;;(4, 14);;(3, 17);1;3330
12;0.375;;(4, 14);;(3, 17);1;3331
12;0.375;;(4, 14);;(3, 17);1;3332
12;0.375;;(4, 14);;(3, 17);1;3333
12;0.375;;(4, 14);;(3, 17);1;3334
12;0.375;;(4, 14);;(3, 17);1;3335
12;0.375;;(4, 14);;(3, 17);1;3336
12;0.375;;(4, 14);;(3, 17);1;3337
12;0.375;;(4, 14);;(3, 17);1;3338
12;0.375;;(4, 14);;(3, 17);1;3339
12;0.375;;(4, 14);;(3, 17);1;3340
12;0.375;;(4, 14);;(3, 17);1;3341
12;0.375;;(4, 14);;(3, 17);1;3342
12;0.375;;(4, 14);;(3, 17);1;3343
12;0.375;;(4, 14);;(3, 17);1;3344
12;0.375;;(4, 14);;(3, 17);1;3345
12;0.375;;(4, 14);;(3, 17);1;3346
12;0.375;;(4, 14);;(3, 17);1;3347
12;0.375;;(4, 14);;(3, 17);1;3348
12;0.375;;(4, 14);;(3, 17);1;3349
12;0.375;;(4, 14);;(3, 17);1;3350
12;0.375;;(4, 14);;(3, 17);1;3351
12;0.375;;(4, 14);;(3, 17);1;3352
12;0.375;;(4, 14);;(3, 17);1;3353
12;0.375;;(4, 14);;(3, 17);1;3354
12;0.375;;(4, 14);;(3, 17);1;3355
12;0.375;;(4, 14);;(3, 17);1;3356
12;0.375;;(4, 14);;(3, 17);1;3357
12;0.375;;(4, 14);;(3, 17);1;3358
12;0.375;;(4, 14);;(3, 17);1;3359
12;0.375;;(4, 14);RemoveObjectTogether;(3, 17);1;3360
12;0.375;;(4, 14);RemoveObjectTogether;(3, 17);1;3361
12;0.375;;(4, 14);RemoveObjectTogether;(3, 17);1;3362
12;0.375;;(4, 14);RemoveObjectTogether;(3, 17);1;3363
12;0.375;;(4, 14);RemoveObjectTogether;(3, 17);1;3364
12;0.375;;(4, 14);RemoveObjectTogether;(3, 17);1;3365
12;0.375;;(4, 14);RemoveObjectTogether;(3, 17);1;3366
12;0.375;;(4, 14);RemoveObjectTogether;(3, 17);1;3367
12;0.375;;(4, 14);RemoveObjectTogether;(3, 17);1;3368
12;0.375;;(4, 14);RemoveObjectTogether;(3, 17);1;3369
12;0.375;;(4, 14);RemoveObjectTogether;(3, 17);1;3370
12;0.375;;(4, 14);RemoveObjectTogether;(3, 17);1;3371
12;0.375;;(4, 14);RemoveObjectTogether;(3, 17);1;3372
12;0.375;;(4, 14);RemoveObjectTogether;(3, 17);1;3373
12;0.375;;(4, 14);RemoveObjectTogether;(3, 17);1;3374
12;0.375;;(4, 14);RemoveObjectTogether;(3, 17);1;3375
12;0.375;;(4, 14);RemoveObjectTogether;(3, 17);1;3376
12;0.375;;(4, 14);RemoveObjectTogether;(3, 17);1;3377
12;0.375;;(4, 14);RemoveObjectTogether;(3, 17);1;3378
12;0.375;;(4, 14);RemoveObjectTogether;(3, 17);1;3379
12;0.375;;(4, 14);RemoveObjectTogether;(3, 17);1;3380
12;0.375;;(4, 14);RemoveObjectTogether;(3, 17);1;3381
12;0.375;;(4, 14);RemoveObjectTogether;(3, 17);1;3382
12;0.375;;(4, 14);RemoveObjectTogether;(3, 17);1;3383
12;0.375;;(4, 14);RemoveObjectTogether;(3, 17);1;3384
12;0.375;;(4, 14);;(3, 17);1;3385
12;0.375;;(4, 14);RemoveObjectTogether;(3, 17);1;3386
12;0.375;;(4, 14);RemoveObjectTogether;(3, 17);1;3387
12;0.375;;(4, 14);RemoveObjectTogether;(3, 17);1;3388
12;0.375;;(4, 14);RemoveObjectTogether;(3, 17);1;3389
12;0.375;;(4, 14);RemoveObjectTogether;(3, 17);1;3390
12;0.375;;(4, 14);RemoveObjectTogether;(3, 17);1;3391
12;0.375;;(4, 14);RemoveObjectTogether;(3, 17);1;3392
12;0.375;;(4, 14);MoveNorth;(3, 16);1;3393
12;0.375;;(4, 14);;(3, 16);1;3394
12;0.375;;(4, 14);;(3, 16);1;3395
12;0.375;;(4, 14);;(3, 16);1;3396
12;0.375;;(4, 14);;(3, 16);1;3397
12;0.375;;(4, 14);;(3, 16);1;3398
12;0.375;;(4, 14);;(3, 16);1;3399
12;0.375;;(4, 14);;(3, 16);1;3400
12;0.375;;(4, 14);;(3, 16);1;3401
12;0.375;;(4, 14);;(3, 16);1;3402
12;0.375;;(4, 14);;(3, 16);1;3403
12;0.375;;(4, 14);;(3, 16);1;3404
12;0.375;;(4, 14);;(3, 16);1;3405
12;0.375;;(4, 14);;(3, 16);1;3406
12;0.375;;(4, 14);;(3, 16);1;3407
12;0.375;;(4, 14);;(3, 16);1;3408
12;0.375;;(4, 14);;(3, 16);1;3409
12;0.375;;(4, 14);;(3, 16);1;3410
12;0.375;;(4, 14);;(3, 16);1;3411
12;0.375;;(4, 14);;(3, 16);1;3412
12;0.375;;(4, 14);;(3, 16);1;3413
12;0.375;;(4, 14);;(3, 16);1;3414
12;0.375;;(4, 14);;(3, 16);1;3415
12;0.375;;(4, 14);;(3, 16);1;3416
12;0.375;;(4, 14);;(3, 16);1;3417
12;0.375;;(4, 14);;(3, 16);1;3418
12;0.375;;(4, 14);;(3, 16);1;3419
12;0.375;;(4, 14);;(3, 16);1;3420
12;0.375;;(4, 14);;(3, 16);1;3421
12;0.375;;(4, 14);;(3, 16);1;3422
12;0.375;;(4, 14);;(3, 16);1;3423
12;0.375;;(4, 14);;(3, 16);1;3424
12;0.375;;(4, 14);;(3, 16);1;3425
12;0.375;;(4, 14);;(3, 16);1;3426
12;0.375;;(4, 14);;(3, 16);1;3427
12;0.375;;(4, 14);;(3, 16);1;3428
12;0.375;;(4, 14);;(3, 16);1;3429
12;0.375;;(4, 14);;(3, 16);1;3430
12;0.375;;(4, 14);;(3, 16);1;3431
12;0.375;;(4, 14);;(3, 16);1;3432
12;0.375;;(4, 14);;(3, 16);1;3433
12;0.375;;(4, 14);;(3, 16);1;3434
12;0.375;;(4, 14);;(3, 16);1;3435
12;0.375;;(4, 14);;(3, 16);1;3436
12;0.375;;(4, 14);;(3, 16);1;3437
12;0.375;;(4, 14);;(3, 16);1;3438
12;0.375;;(4, 14);;(3, 16);1;3439
12;0.375;;(4, 14);;(3, 16);1;3440
12;0.375;;(4, 14);;(3, 16);1;3441
12;0.375;;(4, 14);;(3, 16);1;3442
12;0.375;;(4, 14);;(3, 16);1;3443
12;0.375;;(4, 14);;(3, 16);1;3444
12;0.375;;(4, 14);;(3, 16);1;3445
12;0.375;;(4, 14);;(3, 16);1;3446
12;0.375;;(4, 14);;(3, 16);1;3447
12;0.375;;(4, 14);;(3, 16);1;3448
12;0.375;;(4, 14);;(3, 16);1;3449
12;0.375;;(4, 14);;(3, 16);1;3450
12;0.375;;(4, 14);;(3, 16);1;3451
12;0.375;;(4, 14);;(3, 16);1;3452
12;0.375;;(4, 14);;(3, 16);1;3453
12;0.375;;(4, 14);;(3, 16);1;3454
12;0.375;Idle;(4, 14);;(3, 16);1;3455
12;0.375;Idle;(4, 14);;(3, 16);1;3456
12;0.375;Idle;(4, 14);;(3, 16);1;3457
12;0.375;Idle;(4, 14);;(3, 16);1;3458
12;0.375;Idle;(4, 14);;(3, 16);1;3459
12;0.375;Idle;(4, 14);;(3, 16);1;3460
12;0.375;Idle;(4, 14);;(3, 16);1;3461
12;0.375;Idle;(4, 14);;(3, 16);1;3462
12;0.375;Idle;(4, 14);;(3, 16);1;3463
12;0.375;Idle;(4, 14);;(3, 16);1;3464
12;0.375;Idle;(4, 14);;(3, 16);1;3465
12;0.375;Idle;(4, 14);;(3, 16);1;3466
12;0.375;Idle;(4, 14);;(3, 16);1;3467
12;0.375;Idle;(4, 14);;(3, 16);1;3468
12;0.375;Idle;(4, 14);;(3, 16);1;3469
12;0.375;Idle;(4, 14);;(3, 16);1;3470
12;0.375;Idle;(4, 14);;(3, 16);1;3471
12;0.375;Idle;(4, 14);;(3, 16);1;3472
12;0.375;Idle;(4, 14);;(3, 16);1;3473
12;0.375;Idle;(4, 14);;(3, 16);1;3474
12;0.375;Idle;(4, 14);;(3, 16);1;3475
12;0.375;Idle;(4, 14);;(3, 16);1;3476
12;0.375;Idle;(4, 14);;(3, 16);1;3477
12;0.375;Idle;(4, 14);;(3, 16);1;3478
12;0.375;Idle;(4, 14);;(3, 16);1;3479
12;0.375;Idle;(4, 14);;(3, 16);1;3480
12;0.375;MoveSouth;(4, 14);;(3, 16);1;3481
12;0.375;MoveSouth;(4, 14);;(3, 16);1;3482
12;0.375;MoveSouth;(4, 14);;(3, 16);1;3483
12;0.375;MoveSouth;(4, 14);;(3, 16);1;3484
12;0.375;MoveSouth;(4, 14);;(3, 16);1;3485
12;0.375;MoveSouth;(4, 14);;(3, 16);1;3486
12;0.375;MoveSouth;(4, 14);;(3, 16);1;3487
12;0.375;MoveSouth;(4, 14);;(3, 16);1;3488
12;0.375;MoveSouth;(4, 15);;(3, 16);1;3489
12;0.375;MoveSouthWest;(4, 15);MoveNorth;(3, 15);1;3490
12;0.375;MoveSouthWest;(4, 15);;(3, 15);1;3491
12;0.375;MoveSouthWest;(4, 15);;(3, 15);1;3492
12;0.375;MoveSouthWest;(4, 15);;(3, 15);1;3493
12;0.375;MoveSouthWest;(4, 15);;(3, 15);1;3494
12;0.375;MoveSouthWest;(4, 15);;(3, 15);1;3495
12;0.375;MoveSouthWest;(4, 15);;(3, 15);1;3496
12;0.375;MoveSouthWest;(4, 15);;(3, 15);1;3497
12;0.375;MoveSouthWest;(3, 16);;(3, 15);1;3498
12;0.375;MoveSouth;(3, 16);MoveNorth;(3, 14);1;3499
12;0.375;MoveSouth;(3, 16);;(3, 14);1;3500
12;0.375;MoveSouth;(3, 16);;(3, 14);1;3501
12;0.375;MoveSouth;(3, 16);;(3, 14);1;3502
12;0.375;MoveSouth;(3, 16);;(3, 14);1;3503
12;0.375;MoveSouth;(3, 16);;(3, 14);1;3504
12;0.375;MoveSouth;(3, 16);;(3, 14);1;3505
12;0.375;MoveSouth;(3, 16);;(3, 14);1;3506
12;0.375;MoveSouth;(3, 17);MoveWest;(2, 14);1;3507
12;0.375;MoveSouth;(3, 17);;(2, 14);1;3508
12;0.375;MoveSouth;(3, 17);;(2, 14);1;3509
12;0.375;MoveSouth;(3, 17);;(2, 14);1;3510
12;0.375;MoveSouth;(3, 17);;(2, 14);1;3511
12;0.375;MoveSouth;(3, 17);;(2, 14);1;3512
12;0.375;MoveSouth;(3, 17);;(2, 14);1;3513
12;0.375;MoveSouth;(3, 17);;(2, 14);1;3514
12;0.375;MoveSouth;(3, 17);;(2, 14);1;3515
12;0.375;MoveSouth;(3, 18);MoveEast;(3, 14);1;3516
12;0.375;MoveSouth;(3, 18);;(3, 14);1;3517
12;0.375;MoveSouth;(3, 18);;(3, 14);1;3518
12;0.375;MoveSouth;(3, 18);;(3, 14);1;3519
12;0.375;MoveSouth;(3, 18);;(3, 14);1;3520
12;0.375;MoveSouth;(3, 18);;(3, 14);1;3521
12;0.375;MoveSouth;(3, 18);MoveSouth;(3, 15);1;3522
12;0.375;MoveSouth;(3, 18);;(3, 15);1;3523
12;0.375;MoveSouth;(3, 18);;(3, 15);1;3524
12;0.375;MoveSouth;(3, 19);;(3, 15);1;3525
12;0.375;MoveSouthWest;(3, 19);;(3, 15);1;3526
12;0.375;MoveSouthWest;(3, 19);;(3, 15);1;3527
12;0.375;MoveSouthWest;(3, 19);;(3, 15);1;3528
12;0.375;MoveSouthWest;(3, 19);;(3, 15);1;3529
12;0.375;MoveSouthWest;(3, 19);MoveEast;(4, 15);1;3530
12;0.375;MoveSouthWest;(3, 19);;(4, 15);1;3531
12;0.375;MoveSouthWest;(3, 19);;(4, 15);1;3532
12;0.375;MoveSouthWest;(3, 19);;(4, 15);1;3533
12;0.375;MoveSouthWest;(2, 20);;(4, 15);1;3534
12;0.375;MoveSouthEast;(2, 20);;(4, 15);1;3535
12;0.375;MoveSouthEast;(2, 20);;(4, 15);1;3536
12;0.375;MoveSouthEast;(2, 20);;(4, 15);1;3537
12;0.375;MoveSouthEast;(2, 20);;(4, 15);1;3538
12;0.375;MoveSouthEast;(2, 20);;(4, 15);1;3539
12;0.375;MoveSouthEast;(2, 20);;(4, 15);1;3540
12;0.375;MoveSouthEast;(2, 20);;(4, 15);1;3541
12;0.375;MoveSouthEast;(2, 20);;(4, 15);1;3542
12;0.375;MoveSouthEast;(3, 21);;(4, 15);1;3543
12;0.375;MoveNorthEast;(3, 21);;(4, 15);1;3544
12;0.375;MoveNorthEast;(3, 21);;(4, 15);1;3545
12;0.375;MoveNorthEast;(3, 21);;(4, 15);1;3546
12;0.375;MoveNorthEast;(3, 21);;(4, 15);1;3547
12;0.375;MoveNorthEast;(3, 21);;(4, 15);1;3548
12;0.375;MoveNorthEast;(3, 21);;(4, 15);1;3549
12;0.375;MoveNorthEast;(3, 21);;(4, 15);1;3550
12;0.375;MoveNorthEast;(3, 21);;(4, 15);1;3551
12;0.375;MoveNorthEast;(4, 20);;(4, 15);1;3552
12;0.375;MoveSouth;(4, 20);;(4, 15);1;3553
12;0.375;MoveSouth;(4, 20);;(4, 15);1;3554
12;0.375;MoveSouth;(4, 20);;(4, 15);1;3555
12;0.375;MoveSouth;(4, 20);;(4, 15);1;3556
12;0.375;MoveSouth;(4, 20);;(4, 15);1;3557
12;0.375;MoveSouth;(4, 20);;(4, 15);1;3558
12;0.375;MoveSouth;(4, 20);;(4, 15);1;3559
12;0.375;MoveSouth;(4, 20);;(4, 15);1;3560
12;0.375;MoveSouth;(4, 21);;(4, 15);1;3561
12;0.375;CarryObject;(4, 21);;(4, 15);1;3562
12;0.375;CarryObject;(4, 21);;(4, 15);1;3563
12;0.375;CarryObject;(4, 21);;(4, 15);1;3564
12;0.375;CarryObject;(4, 21);;(4, 15);1;3565
12;0.375;CarryObject;(4, 21);;(4, 15);1;3566
12;0.375;CarryObject;(4, 21);;(4, 15);1;3567
12;0.375;CarryObject;(4, 21);;(4, 15);1;3568
12;0.375;CarryObject;(4, 21);;(4, 15);1;3569
12;0.375;CarryObject;(4, 21);;(4, 15);1;3570
12;0.375;CarryObject;(4, 21);;(4, 15);1;3571
12;0.375;CarryObject;(4, 21);;(4, 15);1;3572
12;0.375;CarryObject;(4, 21);;(4, 15);1;3573
12;0.375;CarryObject;(4, 21);;(4, 15);1;3574
12;0.375;CarryObject;(4, 21);;(4, 15);1;3575
12;0.375;CarryObject;(4, 21);;(4, 15);1;3576
12;0.375;CarryObject;(4, 21);;(4, 15);1;3577
12;0.375;CarryObject;(4, 21);;(4, 15);1;3578
12;0.375;CarryObject;(4, 21);;(4, 15);1;3579
12;0.375;CarryObject;(4, 21);;(4, 15);1;3580
12;0.375;CarryObject;(4, 21);;(4, 15);1;3581
12;0.375;CarryObject;(4, 21);;(4, 15);1;3582
12;0.375;CarryObject;(4, 21);;(4, 15);1;3583
12;0.375;CarryObject;(4, 21);;(4, 15);1;3584
12;0.375;CarryObject;(4, 21);;(4, 15);1;3585
12;0.375;CarryObject;(4, 21);;(4, 15);1;3586
12;0.375;CarryObject;(4, 21);;(4, 15);1;3587
12;0.375;CarryObject;(4, 21);;(4, 15);1;3588
12;0.375;CarryObject;(4, 21);;(4, 15);1;3589
12;0.375;CarryObject;(4, 21);;(4, 15);1;3590
12;0.375;CarryObject;(4, 21);;(4, 15);1;3591
12;0.375;CarryObject;(4, 21);;(4, 15);1;3592
12;0.375;CarryObject;(4, 21);;(4, 15);1;3593
12;0.375;CarryObject;(4, 21);;(4, 15);1;3594
12;0.375;CarryObject;(4, 21);;(4, 15);1;3595
12;0.375;CarryObject;(4, 21);;(4, 15);1;3596
12;0.375;CarryObject;(4, 21);;(4, 15);1;3597
12;0.375;CarryObject;(4, 21);;(4, 15);1;3598
12;0.375;CarryObject;(4, 21);;(4, 15);1;3599
12;0.375;CarryObject;(4, 21);;(4, 15);1;3600
12;0.375;CarryObject;(4, 21);;(4, 15);1;3601
12;0.375;CarryObject;(4, 21);;(4, 15);1;3602
12;0.375;CarryObject;(4, 21);;(4, 15);1;3603
12;0.375;CarryObject;(4, 21);;(4, 15);1;3604
12;0.375;CarryObject;(4, 21);;(4, 15);1;3605
12;0.375;CarryObject;(4, 21);;(4, 15);1;3606
12;0.375;CarryObject;(4, 21);;(4, 15);1;3607
12;0.375;CarryObject;(4, 21);;(4, 15);1;3608
12;0.375;CarryObject;(4, 21);;(4, 15);1;3609
12;0.375;CarryObject;(4, 21);;(4, 15);1;3610
12;0.375;CarryObject;(4, 21);;(4, 15);1;3611
12;0.375;CarryObject;(4, 21);;(4, 15);1;3612
12;0.375;CarryObject;(4, 21);;(4, 15);1;3613
12;0.375;CarryObject;(4, 21);;(4, 15);1;3614
12;0.375;CarryObject;(4, 21);;(4, 15);1;3615
12;0.375;CarryObject;(4, 21);;(4, 15);1;3616
12;0.375;CarryObject;(4, 21);;(4, 15);1;3617
12;0.375;CarryObject;(4, 21);;(4, 15);1;3618
12;0.375;CarryObject;(4, 21);;(4, 15);1;3619
12;0.375;CarryObject;(4, 21);;(4, 15);1;3620
12;0.375;CarryObject;(4, 21);;(4, 15);1;3621
12;0.375;CarryObject;(4, 21);;(4, 15);1;3622
12;0.375;CarryObject;(4, 21);;(4, 15);1;3623
12;0.375;CarryObject;(4, 21);;(4, 15);1;3624
12;0.375;CarryObject;(4, 21);;(4, 15);1;3625
12;0.375;CarryObject;(4, 21);;(4, 15);1;3626
12;0.375;CarryObject;(4, 21);;(4, 15);1;3627
12;0.375;CarryObject;(4, 21);;(4, 15);1;3628
12;0.375;CarryObject;(4, 21);;(4, 15);1;3629
12;0.375;CarryObject;(4, 21);;(4, 15);1;3630
12;0.375;CarryObject;(4, 21);;(4, 15);1;3631
12;0.375;CarryObject;(4, 21);;(4, 15);1;3632
12;0.375;CarryObject;(4, 21);;(4, 15);1;3633
12;0.375;CarryObject;(4, 21);;(4, 15);1;3634
12;0.375;CarryObject;(4, 21);;(4, 15);1;3635
12;0.375;CarryObject;(4, 21);;(4, 15);1;3636
12;0.375;CarryObject;(4, 21);;(4, 15);1;3637
12;0.375;CarryObject;(4, 21);;(4, 15);1;3638
12;0.375;CarryObject;(4, 21);;(4, 15);1;3639
12;0.375;CarryObject;(4, 21);;(4, 15);1;3640
12;0.375;CarryObject;(4, 21);;(4, 15);1;3641
12;0.375;CarryObject;(4, 21);;(4, 15);1;3642
12;0.375;CarryObject;(4, 21);;(4, 15);1;3643
12;0.375;CarryObject;(4, 21);;(4, 15);1;3644
12;0.375;CarryObject;(4, 21);;(4, 15);1;3645
12;0.375;CarryObject;(4, 21);;(4, 15);1;3646
12;0.375;CarryObject;(4, 21);;(4, 15);1;3647
12;0.375;CarryObject;(4, 21);;(4, 15);1;3648
12;0.375;CarryObject;(4, 21);;(4, 15);1;3649
12;0.375;CarryObject;(4, 21);;(4, 15);1;3650
12;0.375;CarryObject;(4, 21);;(4, 15);1;3651
12;0.375;CarryObject;(4, 21);;(4, 15);1;3652
12;0.375;CarryObject;(4, 21);;(4, 15);1;3653
12;0.375;CarryObject;(4, 21);;(4, 15);1;3654
12;0.375;CarryObject;(4, 21);;(4, 15);1;3655
12;0.375;CarryObject;(4, 21);;(4, 15);1;3656
12;0.375;CarryObject;(4, 21);;(4, 15);1;3657
12;0.375;CarryObject;(4, 21);;(4, 15);1;3658
12;0.375;CarryObject;(4, 21);;(4, 15);1;3659
12;0.375;CarryObject;(4, 21);;(4, 15);1;3660
12;0.375;CarryObject;(4, 21);;(4, 15);1;3661
12;0.375;CarryObject;(4, 21);;(4, 15);1;3662
12;0.375;CarryObject;(4, 21);;(4, 15);1;3663
12;0.375;CarryObject;(4, 21);;(4, 15);1;3664
12;0.375;CarryObject;(4, 21);;(4, 15);1;3665
12;0.375;CarryObject;(4, 21);;(4, 15);1;3666
12;0.375;CarryObject;(4, 21);;(4, 15);1;3667
12;0.375;CarryObject;(4, 21);;(4, 15);1;3668
12;0.375;CarryObject;(4, 21);;(4, 15);1;3669
12;0.375;CarryObject;(4, 21);;(4, 15);1;3670
12;0.375;CarryObject;(4, 21);;(4, 15);1;3671
12;0.375;CarryObject;(4, 21);;(4, 15);1;3672
12;0.375;CarryObject;(4, 21);;(4, 15);1;3673
12;0.375;CarryObject;(4, 21);;(4, 15);1;3674
12;0.375;CarryObject;(4, 21);;(4, 15);1;3675
12;0.375;CarryObject;(4, 21);;(4, 15);1;3676
12;0.375;CarryObject;(4, 21);;(4, 15);1;3677
12;0.375;CarryObject;(4, 21);;(4, 15);1;3678
12;0.375;CarryObject;(4, 21);;(4, 15);1;3679
12;0.375;CarryObject;(4, 21);;(4, 15);1;3680
12;0.375;CarryObject;(4, 21);;(4, 15);1;3681
12;0.375;CarryObject;(4, 21);;(4, 15);1;3682
12;0.375;CarryObject;(4, 21);;(4, 15);1;3683
12;0.375;CarryObject;(4, 21);;(4, 15);1;3684
12;0.375;CarryObject;(4, 21);;(4, 15);1;3685
12;0.375;CarryObject;(4, 21);;(4, 15);1;3686
12;0.375;CarryObject;(4, 21);;(4, 15);1;3687
12;0.375;CarryObject;(4, 21);;(4, 15);1;3688
12;0.375;CarryObject;(4, 21);;(4, 15);1;3689
12;0.375;CarryObject;(4, 21);;(4, 15);1;3690
12;0.375;CarryObject;(4, 21);;(4, 15);1;3691
12;0.375;CarryObject;(4, 21);;(4, 15);1;3692
12;0.375;CarryObject;(4, 21);;(4, 15);1;3693
12;0.375;CarryObject;(4, 21);;(4, 15);1;3694
12;0.375;CarryObject;(4, 21);;(4, 15);1;3695
12;0.375;CarryObject;(4, 21);;(4, 15);1;3696
12;0.375;CarryObject;(4, 21);;(4, 15);1;3697
12;0.375;CarryObject;(4, 21);;(4, 15);1;3698
12;0.375;CarryObject;(4, 21);;(4, 15);1;3699
12;0.375;CarryObject;(4, 21);;(4, 15);1;3700
12;0.375;CarryObject;(4, 21);;(4, 15);1;3701
12;0.375;CarryObject;(4, 21);;(4, 15);1;3702
12;0.375;CarryObject;(4, 21);;(4, 15);1;3703
12;0.375;CarryObject;(4, 21);;(4, 15);1;3704
12;0.375;CarryObject;(4, 21);;(4, 15);1;3705
12;0.375;CarryObject;(4, 21);;(4, 15);1;3706
12;0.375;CarryObject;(4, 21);;(4, 15);1;3707
12;0.375;CarryObject;(4, 21);;(4, 15);1;3708
12;0.375;CarryObject;(4, 21);;(4, 15);1;3709
12;0.375;CarryObject;(4, 21);;(4, 15);1;3710
12;0.375;CarryObject;(4, 21);;(4, 15);1;3711
12;0.375;CarryObject;(4, 21);;(4, 15);1;3712
12;0.375;MoveNorth;(4, 21);;(4, 15);1;3713
12;0.375;MoveNorth;(4, 21);;(4, 15);1;3714
12;0.375;MoveNorth;(4, 21);;(4, 15);1;3715
12;0.375;MoveNorth;(4, 21);;(4, 15);1;3716
12;0.375;MoveNorth;(4, 21);;(4, 15);1;3717
12;0.375;MoveNorth;(4, 21);;(4, 15);1;3718
12;0.375;MoveNorth;(4, 21);;(4, 15);1;3719
12;0.375;MoveNorth;(4, 21);;(4, 15);1;3720
12;0.375;MoveNorth;(4, 20);;(4, 15);1;3721
12;0.375;MoveNorthWest;(4, 20);;(4, 15);1;3722
12;0.375;MoveNorthWest;(4, 20);;(4, 15);1;3723
12;0.375;MoveNorthWest;(4, 20);;(4, 15);1;3724
12;0.375;MoveNorthWest;(4, 20);;(4, 15);1;3725
12;0.375;MoveNorthWest;(4, 20);;(4, 15);1;3726
12;0.375;MoveNorthWest;(4, 20);;(4, 15);1;3727
12;0.375;MoveNorthWest;(4, 20);;(4, 15);1;3728
12;0.375;MoveNorthWest;(4, 20);;(4, 15);1;3729
12;0.375;MoveNorthWest;(3, 19);;(4, 15);1;3730
12;0.375;MoveNorthEast;(3, 19);;(4, 15);1;3731
12;0.375;MoveNorthEast;(3, 19);;(4, 15);1;3732
12;0.375;MoveNorthEast;(3, 19);;(4, 15);1;3733
12;0.375;MoveNorthEast;(3, 19);;(4, 15);1;3734
12;0.375;MoveNorthEast;(3, 19);;(4, 15);1;3735
12;0.375;MoveNorthEast;(3, 19);;(4, 15);1;3736
12;0.375;MoveNorthEast;(3, 19);;(4, 15);1;3737
12;0.375;MoveNorthEast;(3, 19);;(4, 15);1;3738
12;0.375;MoveNorthEast;(4, 18);;(4, 15);1;3739
12;0.375;MoveEast;(4, 18);;(4, 15);1;3740
12;0.375;MoveEast;(4, 18);;(4, 15);1;3741
12;0.375;MoveEast;(4, 18);;(4, 15);1;3742
12;0.375;MoveEast;(4, 18);;(4, 15);1;3743
12;0.375;MoveEast;(4, 18);;(4, 15);1;3744
12;0.375;MoveEast;(4, 18);;(4, 15);1;3745
12;0.375;MoveEast;(4, 18);;(4, 15);1;3746
12;0.375;MoveEast;(4, 18);;(4, 15);1;3747
12;0.375;MoveEast;(5, 18);;(4, 15);1;3748
12;0.375;MoveEast;(5, 18);;(4, 15);1;3749
12;0.375;MoveEast;(5, 18);;(4, 15);1;3750
12;0.375;MoveEast;(5, 18);;(4, 15);1;3751
12;0.375;MoveEast;(5, 18);;(4, 15);1;3752
12;0.375;MoveEast;(5, 18);;(4, 15);1;3753
12;0.375;MoveEast;(5, 18);;(4, 15);1;3754
12;0.375;MoveEast;(5, 18);;(4, 15);1;3755
12;0.375;MoveEast;(5, 18);;(4, 15);1;3756
12;0.375;MoveEast;(6, 18);;(4, 15);1;3757
12;0.375;MoveEast;(6, 18);;(4, 15);1;3758
12;0.375;MoveEast;(6, 18);;(4, 15);1;3759
12;0.375;MoveEast;(6, 18);;(4, 15);1;3760
12;0.375;MoveEast;(6, 18);;(4, 15);1;3761
12;0.375;MoveEast;(6, 18);;(4, 15);1;3762
12;0.375;MoveEast;(6, 18);;(4, 15);1;3763
12;0.375;MoveEast;(6, 18);;(4, 15);1;3764
12;0.375;MoveEast;(6, 18);;(4, 15);1;3765
12;0.375;MoveEast;(7, 18);;(4, 15);1;3766
12;0.375;MoveEast;(7, 18);;(4, 15);1;3767
12;0.375;MoveEast;(7, 18);;(4, 15);1;3768
12;0.375;MoveEast;(7, 18);;(4, 15);1;3769
12;0.375;MoveEast;(7, 18);;(4, 15);1;3770
12;0.375;MoveEast;(7, 18);;(4, 15);1;3771
12;0.375;MoveEast;(7, 18);;(4, 15);1;3772
12;0.375;MoveEast;(7, 18);;(4, 15);1;3773
12;0.375;MoveEast;(7, 18);;(4, 15);1;3774
12;0.375;MoveEast;(8, 18);;(4, 15);1;3775
12;0.375;MoveEast;(8, 18);;(4, 15);1;3776
12;0.375;MoveEast;(8, 18);;(4, 15);1;3777
12;0.375;MoveEast;(8, 18);;(4, 15);1;3778
12;0.375;MoveEast;(8, 18);;(4, 15);1;3779
12;0.375;MoveEast;(8, 18);;(4, 15);1;3780
12;0.375;MoveEast;(8, 18);;(4, 15);1;3781
12;0.375;MoveEast;(8, 18);;(4, 15);1;3782
12;0.375;MoveEast;(8, 18);;(4, 15);1;3783
12;0.375;MoveEast;(9, 18);;(4, 15);1;3784
12;0.375;MoveEast;(9, 18);;(4, 15);1;3785
12;0.375;MoveEast;(9, 18);;(4, 15);1;3786
12;0.375;MoveEast;(9, 18);;(4, 15);1;3787
12;0.375;MoveEast;(9, 18);;(4, 15);1;3788
12;0.375;MoveEast;(9, 18);;(4, 15);1;3789
12;0.375;MoveEast;(9, 18);;(4, 15);1;3790
12;0.375;MoveEast;(9, 18);;(4, 15);1;3791
12;0.375;MoveEast;(9, 18);;(4, 15);1;3792
12;0.375;MoveEast;(10, 18);;(4, 15);1;3793
12;0.375;MoveEast;(10, 18);;(4, 15);1;3794
12;0.375;MoveEast;(10, 18);;(4, 15);1;3795
12;0.375;MoveEast;(10, 18);;(4, 15);1;3796
12;0.375;MoveEast;(10, 18);;(4, 15);1;3797
12;0.375;MoveEast;(10, 18);;(4, 15);1;3798
12;0.375;MoveEast;(10, 18);;(4, 15);1;3799
12;0.375;MoveEast;(10, 18);;(4, 15);1;3800
12;0.375;MoveEast;(10, 18);;(4, 15);1;3801
12;0.375;MoveEast;(10, 18);;(4, 15);1;3802
12;0.375;MoveEast;(10, 18);;(4, 15);1;3803
12;0.375;MoveEast;(10, 18);;(4, 15);1;3804
12;0.375;MoveEast;(10, 18);;(4, 15);1;3805
12;0.375;MoveEast;(10, 18);;(4, 15);1;3806
12;0.375;MoveEast;(11, 18);;(4, 15);1;3807
12;0.375;MoveEast;(11, 18);;(4, 15);1;3808
12;0.375;MoveEast;(11, 18);;(4, 15);1;3809
12;0.375;MoveEast;(11, 18);;(4, 15);1;3810
12;0.375;MoveEast;(11, 18);;(4, 15);1;3811
12;0.375;MoveEast;(11, 18);;(4, 15);1;3812
12;0.375;MoveEast;(11, 18);;(4, 15);1;3813
12;0.375;MoveEast;(11, 18);;(4, 15);1;3814
12;0.375;MoveEast;(11, 18);;(4, 15);1;3815
12;0.375;MoveEast;(11, 18);;(4, 15);1;3816
12;0.375;MoveEast;(11, 18);;(4, 15);1;3817
12;0.375;MoveEast;(11, 18);;(4, 15);1;3818
12;0.375;MoveEast;(11, 18);;(4, 15);1;3819
12;0.375;MoveEast;(11, 18);;(4, 15);1;3820
12;0.375;MoveEast;(12, 18);;(4, 15);1;3821
12;0.375;MoveEast;(12, 18);;(4, 15);1;3822
12;0.375;MoveEast;(12, 18);;(4, 15);1;3823
12;0.375;MoveEast;(12, 18);;(4, 15);1;3824
12;0.375;MoveEast;(12, 18);;(4, 15);1;3825
12;0.375;MoveEast;(12, 18);;(4, 15);1;3826
12;0.375;MoveEast;(12, 18);;(4, 15);1;3827
12;0.375;MoveEast;(12, 18);;(4, 15);1;3828
12;0.375;MoveEast;(12, 18);;(4, 15);1;3829
12;0.375;MoveEast;(12, 18);;(4, 15);1;3830
12;0.375;MoveEast;(12, 18);;(4, 15);1;3831
12;0.375;MoveEast;(12, 18);;(4, 15);1;3832
12;0.375;MoveEast;(12, 18);;(4, 15);1;3833
12;0.375;MoveEast;(12, 18);;(4, 15);1;3834
12;0.375;MoveEast;(13, 18);;(4, 15);1;3835
12;0.375;MoveEast;(13, 18);;(4, 15);1;3836
12;0.375;MoveEast;(13, 18);;(4, 15);1;3837
12;0.375;MoveEast;(13, 18);;(4, 15);1;3838
12;0.375;MoveEast;(13, 18);;(4, 15);1;3839
12;0.375;MoveEast;(13, 18);;(4, 15);1;3840
12;0.375;MoveEast;(13, 18);;(4, 15);1;3841
12;0.375;MoveEast;(13, 18);;(4, 15);1;3842
12;0.375;MoveEast;(13, 18);;(4, 15);1;3843
12;0.375;MoveEast;(13, 18);;(4, 15);1;3844
12;0.375;MoveEast;(13, 18);;(4, 15);1;3845
12;0.375;MoveEast;(13, 18);;(4, 15);1;3846
12;0.375;MoveEast;(13, 18);;(4, 15);1;3847
12;0.375;MoveEast;(13, 18);;(4, 15);1;3848
12;0.375;MoveEast;(14, 18);;(4, 15);1;3849
12;0.375;MoveEast;(14, 18);;(4, 15);1;3850
12;0.375;MoveEast;(14, 18);;(4, 15);1;3851
12;0.375;MoveEast;(14, 18);;(4, 15);1;3852
12;0.375;MoveEast;(14, 18);;(4, 15);1;3853
12;0.375;MoveEast;(14, 18);;(4, 15);1;3854
12;0.375;MoveEast;(14, 18);;(4, 15);1;3855
12;0.375;MoveEast;(14, 18);;(4, 15);1;3856
12;0.375;MoveEast;(14, 18);;(4, 15);1;3857
12;0.375;MoveEast;(14, 18);;(4, 15);1;3858
12;0.375;MoveEast;(14, 18);;(4, 15);1;3859
12;0.375;MoveEast;(14, 18);;(4, 15);1;3860
12;0.375;MoveEast;(14, 18);;(4, 15);1;3861
12;0.375;MoveEast;(14, 18);;(4, 15);1;3862
12;0.375;MoveEast;(15, 18);;(4, 15);1;3863
12;0.375;MoveEast;(15, 18);;(4, 15);1;3864
12;0.375;MoveEast;(15, 18);;(4, 15);1;3865
12;0.375;MoveEast;(15, 18);;(4, 15);1;3866
12;0.375;MoveEast;(15, 18);;(4, 15);1;3867
12;0.375;MoveEast;(15, 18);;(4, 15);1;3868
12;0.375;MoveEast;(15, 18);;(4, 15);1;3869
12;0.375;MoveEast;(15, 18);;(4, 15);1;3870
12;0.375;MoveEast;(15, 18);;(4, 15);1;3871
12;0.375;MoveEast;(16, 18);;(4, 15);1;3872
12;0.375;MoveEast;(16, 18);;(4, 15);1;3873
12;0.375;MoveEast;(16, 18);;(4, 15);1;3874
12;0.375;MoveEast;(16, 18);;(4, 15);1;3875
12;0.375;MoveEast;(16, 18);;(4, 15);1;3876
12;0.375;MoveEast;(16, 18);;(4, 15);1;3877
12;0.375;MoveEast;(16, 18);;(4, 15);1;3878
12;0.375;MoveEast;(16, 18);;(4, 15);1;3879
12;0.375;MoveEast;(16, 18);;(4, 15);1;3880
12;0.375;MoveEast;(17, 18);;(4, 15);1;3881
12;0.375;MoveNorthEast;(17, 18);;(4, 15);1;3882
12;0.375;MoveNorthEast;(17, 18);;(4, 15);1;3883
12;0.375;MoveNorthEast;(17, 18);;(4, 15);1;3884
12;0.375;MoveNorthEast;(17, 18);;(4, 15);1;3885
12;0.375;MoveNorthEast;(17, 18);;(4, 15);1;3886
12;0.375;MoveNorthEast;(17, 18);;(4, 15);1;3887
12;0.375;MoveNorthEast;(17, 18);;(4, 15);1;3888
12;0.375;MoveNorthEast;(17, 18);;(4, 15);1;3889
12;0.375;MoveNorthEast;(18, 17);;(4, 15);1;3890
12;0.375;MoveEast;(18, 17);;(4, 15);1;3891
12;0.375;MoveEast;(18, 17);;(4, 15);1;3892
12;0.375;MoveEast;(18, 17);;(4, 15);1;3893
12;0.375;MoveEast;(18, 17);;(4, 15);1;3894
12;0.375;MoveEast;(18, 17);;(4, 15);1;3895
12;0.375;MoveEast;(18, 17);;(4, 15);1;3896
12;0.375;MoveEast;(18, 17);;(4, 15);1;3897
12;0.375;MoveEast;(18, 17);;(4, 15);1;3898
12;0.375;MoveEast;(18, 17);;(4, 15);1;3899
12;0.375;MoveEast;(18, 17);;(4, 15);1;3900
12;0.375;MoveEast;(18, 17);;(4, 15);1;3901
12;0.375;MoveEast;(18, 17);;(4, 15);1;3902
12;0.375;MoveEast;(18, 17);;(4, 15);1;3903
12;0.375;MoveEast;(19, 17);;(4, 15);1;3904
12;0.375;MoveNorthEast;(19, 17);;(4, 15);1;3905
12;0.375;MoveNorthEast;(19, 17);;(4, 15);1;3906
12;0.375;MoveNorthEast;(19, 17);;(4, 15);1;3907
12;0.375;MoveNorthEast;(19, 17);;(4, 15);1;3908
12;0.375;MoveNorthEast;(19, 17);;(4, 15);1;3909
12;0.375;MoveNorthEast;(19, 17);;(4, 15);1;3910
12;0.375;MoveNorthEast;(19, 17);;(4, 15);1;3911
12;0.375;MoveNorthEast;(19, 17);;(4, 15);1;3912
12;0.375;MoveNorthEast;(19, 17);;(4, 15);1;3913
12;0.375;MoveNorthEast;(19, 17);;(4, 15);1;3914
12;0.375;MoveNorthEast;(19, 17);;(4, 15);1;3915
12;0.375;MoveNorthEast;(19, 17);;(4, 15);1;3916
12;0.375;MoveNorthEast;(19, 17);;(4, 15);1;3917
12;0.375;MoveNorthEast;(20, 16);;(4, 15);1;3918
12;0.375;MoveNorthEast;(20, 16);;(4, 15);1;3919
12;0.375;MoveNorthEast;(20, 16);;(4, 15);1;3920
12;0.375;MoveNorthEast;(20, 16);;(4, 15);1;3921
12;0.375;MoveNorthEast;(20, 16);;(4, 15);1;3922
12;0.375;MoveNorthEast;(20, 16);;(4, 15);1;3923
12;0.375;MoveNorthEast;(20, 16);;(4, 15);1;3924
12;0.375;MoveNorthEast;(20, 16);;(4, 15);1;3925
12;0.375;MoveNorthEast;(20, 16);;(4, 15);1;3926
12;0.375;MoveNorthEast;(21, 15);;(4, 15);1;3927
12;0.375;MoveEast;(21, 15);;(4, 15);1;3928
12;0.375;MoveEast;(21, 15);;(4, 15);1;3929
12;0.375;MoveEast;(21, 15);;(4, 15);1;3930
12;0.375;MoveEast;(21, 15);;(4, 15);1;3931
12;0.375;MoveEast;(21, 15);;(4, 15);1;3932
12;0.375;MoveEast;(21, 15);;(4, 15);1;3933
12;0.375;MoveEast;(21, 15);;(4, 15);1;3934
12;0.375;MoveEast;(21, 15);;(4, 15);1;3935
12;0.375;MoveEast;(22, 15);;(4, 15);1;3936
12;0.375;MoveEast;(22, 15);;(4, 15);1;3937
12;0.375;MoveEast;(22, 15);;(4, 15);1;3938
12;0.375;MoveEast;(22, 15);;(4, 15);1;3939
12;0.375;MoveEast;(22, 15);;(4, 15);1;3940
12;0.375;MoveEast;(22, 15);;(4, 15);1;3941
12;0.375;MoveEast;(22, 15);;(4, 15);1;3942
12;0.375;MoveEast;(22, 15);;(4, 15);1;3943
12;0.375;MoveEast;(22, 15);;(4, 15);1;3944
12;0.375;MoveEast;(23, 15);;(4, 15);1;3945
12;0.375;Drop;(23, 15);;(4, 15);1;3946
12;0.375;Drop;(23, 15);;(4, 15);1;3947
12;0.375;Drop;(23, 15);;(4, 15);1;3948
12;0.375;Drop;(23, 15);;(4, 15);1;3949
12;0.375;Drop;(23, 15);;(4, 15);1;3950
12;0.375;Drop;(23, 15);;(4, 15);1;3951
12;0.375;Drop;(23, 15);;(4, 15);1;3952
12;0.375;Drop;(23, 15);;(4, 15);1;3953
15;0.5;Drop;(23, 15);;(4, 15);1;3954
15;0.5;MoveNorthWest;(23, 15);;(4, 15);1;3955
15;0.5;MoveNorthWest;(23, 15);;(4, 15);1;3956
15;0.5;MoveNorthWest;(23, 15);;(4, 15);1;3957
15;0.5;MoveNorthWest;(23, 15);;(4, 15);1;3958
15;0.5;MoveNorthWest;(23, 15);;(4, 15);1;3959
15;0.5;MoveNorthWest;(23, 15);;(4, 15);1;3960
15;0.5;MoveNorthWest;(23, 15);;(4, 15);1;3961
15;0.5;MoveNorthWest;(23, 15);;(4, 15);1;3962
15;0.5;MoveNorthWest;(22, 14);;(4, 15);1;3963
15;0.5;MoveNorthWest;(22, 14);;(4, 15);1;3964
15;0.5;MoveNorthWest;(22, 14);;(4, 15);1;3965
15;0.5;MoveNorthWest;(22, 14);;(4, 15);1;3966
15;0.5;MoveNorthWest;(22, 14);;(4, 15);1;3967
15;0.5;MoveNorthWest;(22, 14);;(4, 15);1;3968
15;0.5;MoveNorthWest;(22, 14);;(4, 15);1;3969
15;0.5;MoveNorthWest;(22, 14);;(4, 15);1;3970
15;0.5;MoveNorthWest;(22, 14);;(4, 15);1;3971
15;0.5;MoveNorthWest;(21, 13);;(4, 15);1;3972
15;0.5;MoveNorthWest;(21, 13);;(4, 15);1;3973
15;0.5;MoveNorthWest;(21, 13);;(4, 15);1;3974
15;0.5;MoveNorthWest;(21, 13);;(4, 15);1;3975
15;0.5;MoveNorthWest;(21, 13);;(4, 15);1;3976
15;0.5;MoveNorthWest;(21, 13);;(4, 15);1;3977
15;0.5;MoveNorthWest;(21, 13);;(4, 15);1;3978
15;0.5;MoveNorthWest;(21, 13);;(4, 15);1;3979
15;0.5;MoveNorthWest;(21, 13);;(4, 15);1;3980
15;0.5;MoveNorthWest;(20, 12);;(4, 15);1;3981
15;0.5;MoveNorthWest;(20, 12);;(4, 15);1;3982
15;0.5;MoveNorthWest;(20, 12);;(4, 15);1;3983
15;0.5;MoveNorthWest;(20, 12);;(4, 15);1;3984
15;0.5;MoveNorthWest;(20, 12);;(4, 15);1;3985
15;0.5;MoveNorthWest;(20, 12);;(4, 15);1;3986
15;0.5;MoveNorthWest;(20, 12);;(4, 15);1;3987
15;0.5;MoveNorthWest;(20, 12);;(4, 15);1;3988
15;0.5;MoveNorthWest;(20, 12);;(4, 15);1;3989
15;0.5;MoveNorthWest;(19, 11);;(4, 15);1;3990
15;0.5;MoveNorthWest;(19, 11);;(4, 15);1;3991
15;0.5;MoveNorthWest;(19, 11);;(4, 15);1;3992
15;0.5;MoveNorthWest;(19, 11);;(4, 15);1;3993
15;0.5;MoveNorthWest;(19, 11);;(4, 15);1;3994
15;0.5;MoveNorthWest;(19, 11);;(4, 15);1;3995
15;0.5;MoveNorthWest;(19, 11);;(4, 15);1;3996
15;0.5;MoveNorthWest;(19, 11);;(4, 15);1;3997
15;0.5;MoveNorthWest;(19, 11);;(4, 15);1;3998
15;0.5;MoveNorthWest;(18, 10);;(4, 15);1;3999
15;0.5;MoveNorth;(18, 10);;(4, 15);1;4000
15;0.5;MoveNorth;(18, 10);;(4, 15);1;4001
15;0.5;MoveNorth;(18, 10);;(4, 15);1;4002
15;0.5;MoveNorth;(18, 10);;(4, 15);1;4003
15;0.5;MoveNorth;(18, 10);;(4, 15);1;4004
15;0.5;MoveNorth;(18, 10);;(4, 15);1;4005
15;0.5;MoveNorth;(18, 10);;(4, 15);1;4006
15;0.5;MoveNorth;(18, 10);;(4, 15);1;4007
15;0.5;MoveNorth;(18, 10);;(4, 15);1;4008
15;0.5;MoveNorth;(18, 10);;(4, 15);1;4009
15;0.5;MoveNorth;(18, 10);;(4, 15);1;4010
15;0.5;MoveNorth;(18, 10);;(4, 15);1;4011
15;0.5;MoveNorth;(18, 10);;(4, 15);1;4012
15;0.5;MoveNorth;(18, 9);;(4, 15);1;4013
15;0.5;MoveNorth;(18, 9);;(4, 15);1;4014
15;0.5;MoveNorth;(18, 9);;(4, 15);1;4015
15;0.5;MoveNorth;(18, 9);;(4, 15);1;4016
15;0.5;MoveNorth;(18, 9);;(4, 15);1;4017
15;0.5;MoveNorth;(18, 9);;(4, 15);1;4018
15;0.5;MoveNorth;(18, 9);;(4, 15);1;4019
15;0.5;MoveNorth;(18, 9);;(4, 15);1;4020
15;0.5;MoveNorth;(18, 9);;(4, 15);1;4021
15;0.5;MoveNorth;(18, 9);;(4, 15);1;4022
15;0.5;MoveNorth;(18, 9);;(4, 15);1;4023
15;0.5;MoveNorth;(18, 9);;(4, 15);1;4024
15;0.5;MoveNorth;(18, 9);;(4, 15);1;4025
15;0.5;MoveNorth;(18, 9);;(4, 15);1;4026
15;0.5;MoveNorth;(18, 8);;(4, 15);1;4027
15;0.5;MoveNorth;(18, 8);;(4, 15);1;4028
15;0.5;MoveNorth;(18, 8);;(4, 15);1;4029
15;0.5;MoveNorth;(18, 8);;(4, 15);1;4030
15;0.5;MoveNorth;(18, 8);;(4, 15);1;4031
15;0.5;MoveNorth;(18, 8);;(4, 15);1;4032
15;0.5;MoveNorth;(18, 8);;(4, 15);1;4033
15;0.5;MoveNorth;(18, 8);;(4, 15);1;4034
15;0.5;MoveNorth;(18, 8);;(4, 15);1;4035
15;0.5;MoveNorth;(18, 7);;(4, 15);1;4036
15;0.5;MoveNorthWest;(18, 7);;(4, 15);1;4037
15;0.5;MoveNorthWest;(18, 7);;(4, 15);1;4038
15;0.5;MoveNorthWest;(18, 7);;(4, 15);1;4039
15;0.5;MoveNorthWest;(18, 7);;(4, 15);1;4040
15;0.5;MoveNorthWest;(18, 7);;(4, 15);1;4041
15;0.5;MoveNorthWest;(18, 7);;(4, 15);1;4042
15;0.5;MoveNorthWest;(18, 7);;(4, 15);1;4043
15;0.5;MoveNorthWest;(18, 7);;(4, 15);1;4044
15;0.5;MoveNorthWest;(17, 6);;(4, 15);1;4045
15;0.5;MoveWest;(17, 6);;(4, 15);1;4046
15;0.5;MoveWest;(17, 6);;(4, 15);1;4047
15;0.5;MoveWest;(17, 6);;(4, 15);1;4048
15;0.5;MoveWest;(17, 6);;(4, 15);1;4049
15;0.5;MoveWest;(17, 6);;(4, 15);1;4050
15;0.5;MoveWest;(17, 6);;(4, 15);1;4051
15;0.5;MoveWest;(17, 6);;(4, 15);1;4052
15;0.5;MoveWest;(17, 6);;(4, 15);1;4053
15;0.5;MoveWest;(16, 6);;(4, 15);1;4054
15;0.5;MoveWest;(16, 6);;(4, 15);1;4055
15;0.5;MoveWest;(16, 6);;(4, 15);1;4056
15;0.5;MoveWest;(16, 6);;(4, 15);1;4057
15;0.5;MoveWest;(16, 6);;(4, 15);1;4058
15;0.5;MoveWest;(16, 6);;(4, 15);1;4059
15;0.5;MoveWest;(16, 6);;(4, 15);1;4060
15;0.5;MoveWest;(16, 6);;(4, 15);1;4061
15;0.5;MoveWest;(16, 6);;(4, 15);1;4062
15;0.5;MoveWest;(15, 6);;(4, 15);1;4063
15;0.5;MoveSouth;(15, 6);;(4, 15);1;4064
15;0.5;MoveSouth;(15, 6);;(4, 15);1;4065
15;0.5;MoveSouth;(15, 6);;(4, 15);1;4066
15;0.5;MoveSouth;(15, 6);;(4, 15);1;4067
15;0.5;MoveSouth;(15, 6);;(4, 15);1;4068
15;0.5;MoveSouth;(15, 6);;(4, 15);1;4069
15;0.5;MoveSouth;(15, 6);;(4, 15);1;4070
15;0.5;MoveSouth;(15, 6);;(4, 15);1;4071
15;0.5;MoveSouth;(15, 7);;(4, 15);1;4072
15;0.5;MoveSouthWest;(15, 7);;(4, 15);1;4073
15;0.5;MoveSouthWest;(15, 7);;(4, 15);1;4074
15;0.5;MoveSouthWest;(15, 7);;(4, 15);1;4075
15;0.5;MoveSouthWest;(15, 7);;(4, 15);1;4076
15;0.5;MoveSouthWest;(15, 7);;(4, 15);1;4077
15;0.5;MoveSouthWest;(15, 7);;(4, 15);1;4078
15;0.5;MoveSouthWest;(15, 7);;(4, 15);1;4079
15;0.5;MoveSouthWest;(15, 7);;(4, 15);1;4080
15;0.5;MoveSouthWest;(14, 8);;(4, 15);1;4081
15;0.5;MoveSouthEast;(14, 8);;(4, 15);1;4082
15;0.5;MoveSouthEast;(14, 8);;(4, 15);1;4083
15;0.5;MoveSouthEast;(14, 8);;(4, 15);1;4084
15;0.5;MoveSouthEast;(14, 8);;(4, 15);1;4085
15;0.5;MoveSouthEast;(14, 8);;(4, 15);1;4086
15;0.5;MoveSouthEast;(14, 8);;(4, 15);1;4087
15;0.5;MoveSouthEast;(14, 8);;(4, 15);1;4088
15;0.5;MoveSouthEast;(14, 8);;(4, 15);1;4089
15;0.5;MoveSouthEast;(15, 9);;(4, 15);1;4090
15;0.5;MoveNorthEast;(15, 9);;(4, 15);1;4091
15;0.5;MoveNorthEast;(15, 9);;(4, 15);1;4092
15;0.5;MoveNorthEast;(15, 9);;(4, 15);1;4093
15;0.5;MoveNorthEast;(15, 9);;(4, 15);1;4094
15;0.5;MoveNorthEast;(15, 9);;(4, 15);1;4095
15;0.5;MoveNorthEast;(15, 9);;(4, 15);1;4096
15;0.5;MoveNorthEast;(15, 9);;(4, 15);1;4097
15;0.5;MoveNorthEast;(15, 9);;(4, 15);1;4098
15;0.5;MoveNorthEast;(16, 8);;(4, 15);1;4099
15;0.5;Idle;(16, 8);;(4, 15);1;4100
15;0.5;Idle;(16, 8);;(4, 15);1;4101
15;0.5;Idle;(16, 8);;(4, 15);1;4102
15;0.5;Idle;(16, 8);;(4, 15);1;4103
15;0.5;Idle;(16, 8);;(4, 15);1;4104
15;0.5;Idle;(16, 8);;(4, 15);1;4105
15;0.5;Idle;(16, 8);;(4, 15);1;4106
15;0.5;Idle;(16, 8);;(4, 15);1;4107
15;0.5;Idle;(16, 8);;(4, 15);1;4108
15;0.5;Idle;(16, 8);;(4, 15);1;4109
15;0.5;Idle;(16, 8);;(4, 15);1;4110
15;0.5;Idle;(16, 8);;(4, 15);1;4111
15;0.5;Idle;(16, 8);;(4, 15);1;4112
15;0.5;Idle;(16, 8);;(4, 15);1;4113
15;0.5;Idle;(16, 8);;(4, 15);1;4114
15;0.5;Idle;(16, 8);;(4, 15);1;4115
15;0.5;Idle;(16, 8);;(4, 15);1;4116
15;0.5;Idle;(16, 8);;(4, 15);1;4117
15;0.5;Idle;(16, 8);;(4, 15);1;4118
15;0.5;Idle;(16, 8);;(4, 15);1;4119
15;0.5;Idle;(16, 8);;(4, 15);1;4120
15;0.5;Idle;(16, 8);;(4, 15);1;4121
15;0.5;Idle;(16, 8);;(4, 15);1;4122
15;0.5;Idle;(16, 8);;(4, 15);1;4123
15;0.5;Idle;(16, 8);;(4, 15);1;4124
15;0.5;Idle;(16, 8);;(4, 15);1;4125
15;0.5;MoveNorthWest;(16, 8);;(4, 15);1;4126
15;0.5;MoveNorthWest;(16, 8);;(4, 15);1;4127
15;0.5;MoveNorthWest;(16, 8);;(4, 15);1;4128
15;0.5;MoveNorthWest;(16, 8);;(4, 15);1;4129
15;0.5;MoveNorthWest;(16, 8);;(4, 15);1;4130
15;0.5;MoveNorthWest;(16, 8);;(4, 15);1;4131
15;0.5;MoveNorthWest;(16, 8);;(4, 15);1;4132
15;0.5;MoveNorthWest;(16, 8);;(4, 15);1;4133
15;0.5;MoveNorthWest;(15, 7);;(4, 15);1;4134
15;0.5;MoveNorthWest;(15, 7);;(4, 15);1;4135
15;0.5;MoveNorthWest;(15, 7);;(4, 15);1;4136
15;0.5;MoveNorthWest;(15, 7);;(4, 15);1;4137
15;0.5;MoveNorthWest;(15, 7);;(4, 15);1;4138
15;0.5;MoveNorthWest;(15, 7);;(4, 15);1;4139
15;0.5;MoveNorthWest;(15, 7);;(4, 15);1;4140
15;0.5;MoveNorthWest;(15, 7);;(4, 15);1;4141
15;0.5;MoveNorthWest;(15, 7);;(4, 15);1;4142
15;0.5;MoveNorthWest;(14, 6);;(4, 15);1;4143
15;0.5;MoveWest;(14, 6);;(4, 15);1;4144
15;0.5;MoveWest;(14, 6);;(4, 15);1;4145
15;0.5;MoveWest;(14, 6);;(4, 15);1;4146
15;0.5;MoveWest;(14, 6);;(4, 15);1;4147
15;0.5;MoveWest;(14, 6);;(4, 15);1;4148
15;0.5;MoveWest;(14, 6);;(4, 15);1;4149
15;0.5;MoveWest;(14, 6);;(4, 15);1;4150
15;0.5;MoveWest;(14, 6);;(4, 15);1;4151
15;0.5;MoveWest;(13, 6);;(4, 15);1;4152
15;0.5;MoveWest;(13, 6);;(4, 15);1;4153
15;0.5;MoveWest;(13, 6);;(4, 15);1;4154
15;0.5;MoveWest;(13, 6);;(4, 15);1;4155
15;0.5;MoveWest;(13, 6);;(4, 15);1;4156
15;0.5;MoveWest;(13, 6);;(4, 15);1;4157
15;0.5;MoveWest;(13, 6);;(4, 15);1;4158
15;0.5;MoveWest;(13, 6);;(4, 15);1;4159
15;0.5;MoveWest;(13, 6);;(4, 15);1;4160
15;0.5;MoveWest;(12, 6);;(4, 15);1;4161
15;0.5;MoveWest;(12, 6);;(4, 15);1;4162
15;0.5;MoveWest;(12, 6);;(4, 15);1;4163
15;0.5;MoveWest;(12, 6);;(4, 15);1;4164
15;0.5;MoveWest;(12, 6);;(4, 15);1;4165
15;0.5;MoveWest;(12, 6);;(4, 15);1;4166
15;0.5;MoveWest;(12, 6);;(4, 15);1;4167
15;0.5;MoveWest;(12, 6);;(4, 15);1;4168
15;0.5;MoveWest;(12, 6);;(4, 15);1;4169
15;0.5;MoveWest;(12, 6);;(4, 15);1;4170
15;0.5;MoveWest;(12, 6);;(4, 15);1;4171
15;0.5;MoveWest;(12, 6);;(4, 15);1;4172
15;0.5;MoveWest;(12, 6);;(4, 15);1;4173
15;0.5;MoveWest;(12, 6);;(4, 15);1;4174
15;0.5;MoveWest;(11, 6);;(4, 15);1;4175
15;0.5;MoveWest;(11, 6);;(4, 15);1;4176
15;0.5;MoveWest;(11, 6);;(4, 15);1;4177
15;0.5;MoveWest;(11, 6);;(4, 15);1;4178
15;0.5;MoveWest;(11, 6);;(4, 15);1;4179
15;0.5;MoveWest;(11, 6);;(4, 15);1;4180
15;0.5;MoveWest;(11, 6);;(4, 15);1;4181
15;0.5;MoveWest;(11, 6);;(4, 15);1;4182
15;0.5;MoveWest;(11, 6);;(4, 15);1;4183
15;0.5;MoveWest;(11, 6);;(4, 15);1;4184
15;0.5;MoveWest;(11, 6);;(4, 15);1;4185
15;0.5;MoveWest;(11, 6);;(4, 15);1;4186
15;0.5;MoveWest;(11, 6);;(4, 15);1;4187
15;0.5;MoveWest;(11, 6);;(4, 15);1;4188
15;0.5;MoveWest;(10, 6);;(4, 15);1;4189
15;0.5;MoveWest;(10, 6);;(4, 15);1;4190
15;0.5;MoveWest;(10, 6);;(4, 15);1;4191
15;0.5;MoveWest;(10, 6);;(4, 15);1;4192
15;0.5;MoveWest;(10, 6);;(4, 15);1;4193
15;0.5;MoveWest;(10, 6);;(4, 15);1;4194
15;0.5;MoveWest;(10, 6);;(4, 15);1;4195
15;0.5;MoveWest;(10, 6);;(4, 15);1;4196
15;0.5;MoveWest;(10, 6);;(4, 15);1;4197
15;0.5;MoveWest;(10, 6);;(4, 15);1;4198
15;0.5;MoveWest;(10, 6);;(4, 15);1;4199
15;0.5;MoveWest;(10, 6);;(4, 15);1;4200
15;0.5;MoveWest;(10, 6);;(4, 15);1;4201
15;0.5;MoveWest;(10, 6);;(4, 15);1;4202
15;0.5;MoveWest;(9, 6);;(4, 15);1;4203
15;0.5;;(9, 6);;(4, 15);1;4204
15;0.5;;(9, 6);;(4, 15);1;4205
15;0.5;;(9, 6);;(4, 15);1;4206
15;0.5;;(9, 6);;(4, 15);1;4207
15;0.5;;(9, 6);;(4, 15);1;4208
15;0.5;;(9, 6);;(4, 15);1;4209
15;0.5;;(9, 6);;(4, 15);1;4210
15;0.5;;(9, 6);;(4, 15);1;4211
15;0.5;;(9, 6);;(4, 15);1;4212
15;0.5;;(9, 6);;(4, 15);1;4213
15;0.5;;(9, 6);;(4, 15);1;4214
15;0.5;;(9, 6);;(4, 15);1;4215
15;0.5;;(9, 6);;(4, 15);1;4216
15;0.5;;(9, 6);;(4, 15);1;4217
15;0.5;;(9, 6);;(4, 15);1;4218
15;0.5;;(9, 6);;(4, 15);1;4219
15;0.5;;(9, 6);;(4, 15);1;4220
15;0.5;;(9, 6);;(4, 15);1;4221
15;0.5;;(9, 6);;(4, 15);1;4222
15;0.5;;(9, 6);;(4, 15);1;4223
15;0.5;;(9, 6);;(4, 15);1;4224
15;0.5;;(9, 6);;(4, 15);1;4225
15;0.5;;(9, 6);;(4, 15);1;4226
15;0.5;;(9, 6);;(4, 15);1;4227
15;0.5;;(9, 6);;(4, 15);1;4228
15;0.5;;(9, 6);;(4, 15);1;4229
15;0.5;;(9, 6);;(4, 15);1;4230
15;0.5;;(9, 6);;(4, 15);1;4231
15;0.5;;(9, 6);;(4, 15);1;4232
15;0.5;;(9, 6);;(4, 15);1;4233
15;0.5;;(9, 6);;(4, 15);1;4234
15;0.5;;(9, 6);;(4, 15);1;4235
15;0.5;;(9, 6);;(4, 15);1;4236
15;0.5;;(9, 6);;(4, 15);1;4237
15;0.5;;(9, 6);;(4, 15);1;4238
15;0.5;;(9, 6);;(4, 15);1;4239
15;0.5;;(9, 6);;(4, 15);1;4240
15;0.5;;(9, 6);;(4, 15);1;4241
15;0.5;;(9, 6);;(4, 15);1;4242
15;0.5;;(9, 6);;(4, 15);1;4243
15;0.5;;(9, 6);;(4, 15);1;4244
15;0.5;;(9, 6);;(4, 15);1;4245
15;0.5;;(9, 6);;(4, 15);1;4246
15;0.5;;(9, 6);;(4, 15);1;4247
15;0.5;;(9, 6);;(4, 15);1;4248
15;0.5;;(9, 6);;(4, 15);1;4249
15;0.5;;(9, 6);;(4, 15);1;4250
15;0.5;;(9, 6);;(4, 15);1;4251
15;0.5;;(9, 6);;(4, 15);1;4252
15;0.5;;(9, 6);;(4, 15);1;4253
15;0.5;;(9, 6);;(4, 15);1;4254
15;0.5;;(9, 6);;(4, 15);1;4255
15;0.5;;(9, 6);;(4, 15);1;4256
15;0.5;;(9, 6);;(4, 15);1;4257
15;0.5;;(9, 6);;(4, 15);1;4258
15;0.5;;(9, 6);;(4, 15);1;4259
15;0.5;;(9, 6);;(4, 15);1;4260
15;0.5;;(9, 6);;(4, 15);1;4261
15;0.5;;(9, 6);;(4, 15);1;4262
15;0.5;;(9, 6);;(4, 15);1;4263
15;0.5;;(9, 6);;(4, 15);1;4264
15;0.5;;(9, 6);;(4, 15);1;4265
15;0.5;;(9, 6);;(4, 15);1;4266
15;0.5;;(9, 6);;(4, 15);1;4267
15;0.5;;(9, 6);;(4, 15);1;4268
15;0.5;;(9, 6);;(4, 15);1;4269
15;0.5;;(9, 6);;(4, 15);1;4270
15;0.5;;(9, 6);;(4, 15);1;4271
15;0.5;;(9, 6);;(4, 15);1;4272
15;0.5;;(9, 6);;(4, 15);1;4273
15;0.5;;(9, 6);;(4, 15);1;4274
15;0.5;;(9, 6);;(4, 15);1;4275
15;0.5;;(9, 6);;(4, 15);1;4276
15;0.5;;(9, 6);;(4, 15);1;4277
15;0.5;RemoveObject;(9, 6);;(4, 15);1;4278
15;0.5;RemoveObject;(9, 6);;(4, 15);1;4279
15;0.5;RemoveObject;(9, 6);;(4, 15);1;4280
15;0.5;RemoveObject;(9, 6);;(4, 15);1;4281
15;0.5;RemoveObject;(9, 6);;(4, 15);1;4282
15;0.5;RemoveObject;(9, 6);;(4, 15);1;4283
15;0.5;RemoveObject;(9, 6);;(4, 15);1;4284
15;0.5;RemoveObject;(9, 6);;(4, 15);1;4285
15;0.5;RemoveObject;(9, 6);;(4, 15);1;4286
15;0.5;RemoveObject;(9, 6);;(4, 15);1;4287
15;0.5;RemoveObject;(9, 6);;(4, 15);1;4288
15;0.5;RemoveObject;(9, 6);;(4, 15);1;4289
15;0.5;RemoveObject;(9, 6);;(4, 15);1;4290
15;0.5;RemoveObject;(9, 6);;(4, 15);1;4291
15;0.5;RemoveObject;(9, 6);;(4, 15);1;4292
15;0.5;RemoveObject;(9, 6);;(4, 15);1;4293
15;0.5;RemoveObject;(9, 6);;(4, 15);1;4294
15;0.5;RemoveObject;(9, 6);;(4, 15);1;4295
15;0.5;RemoveObject;(9, 6);;(4, 15);1;4296
15;0.5;RemoveObject;(9, 6);;(4, 15);1;4297
15;0.5;RemoveObject;(9, 6);;(4, 15);1;4298
15;0.5;RemoveObject;(9, 6);;(4, 15);1;4299
15;0.5;RemoveObject;(9, 6);;(4, 15);1;4300
15;0.5;RemoveObject;(9, 6);;(4, 15);1;4301
15;0.5;RemoveObject;(9, 6);;(4, 15);1;4302
15;0.5;RemoveObject;(9, 6);;(4, 15);1;4303
15;0.5;RemoveObject;(9, 6);;(4, 15);1;4304
15;0.5;RemoveObject;(9, 6);;(4, 15);1;4305
15;0.5;RemoveObject;(9, 6);;(4, 15);1;4306
15;0.5;RemoveObject;(9, 6);;(4, 15);1;4307
15;0.5;RemoveObject;(9, 6);;(4, 15);1;4308
15;0.5;RemoveObject;(9, 6);;(4, 15);1;4309
15;0.5;RemoveObject;(9, 6);;(4, 15);1;4310
15;0.5;RemoveObject;(9, 6);;(4, 15);1;4311
15;0.5;RemoveObject;(9, 6);;(4, 15);1;4312
15;0.5;RemoveObject;(9, 6);;(4, 15);1;4313
15;0.5;RemoveObject;(9, 6);;(4, 15);1;4314
15;0.5;RemoveObject;(9, 6);;(4, 15);1;4315
15;0.5;RemoveObject;(9, 6);;(4, 15);1;4316
15;0.5;RemoveObject;(9, 6);;(4, 15);1;4317
15;0.5;RemoveObject;(9, 6);;(4, 15);1;4318
15;0.5;RemoveObject;(9, 6);;(4, 15);1;4319
15;0.5;RemoveObject;(9, 6);;(4, 15);1;4320
15;0.5;RemoveObject;(9, 6);;(4, 15);1;4321
15;0.5;RemoveObject;(9, 6);;(4, 15);1;4322
15;0.5;RemoveObject;(9, 6);;(4, 15);1;4323
15;0.5;RemoveObject;(9, 6);;(4, 15);1;4324
15;0.5;RemoveObject;(9, 6);;(4, 15);1;4325
15;0.5;RemoveObject;(9, 6);;(4, 15);1;4326
15;0.5;RemoveObject;(9, 6);;(4, 15);1;4327
15;0.5;RemoveObject;(9, 6);;(4, 15);1;4328
15;0.5;RemoveObject;(9, 6);;(4, 15);1;4329
15;0.5;RemoveObject;(9, 6);;(4, 15);1;4330
15;0.5;RemoveObject;(9, 6);;(4, 15);1;4331
15;0.5;RemoveObject;(9, 6);;(4, 15);1;4332
15;0.5;RemoveObject;(9, 6);;(4, 15);1;4333
15;0.5;RemoveObject;(9, 6);;(4, 15);1;4334
15;0.5;RemoveObject;(9, 6);;(4, 15);1;4335
15;0.5;RemoveObject;(9, 6);;(4, 15);1;4336
15;0.5;RemoveObject;(9, 6);;(4, 15);1;4337
15;0.5;RemoveObject;(9, 6);;(4, 15);1;4338
15;0.5;RemoveObject;(9, 6);;(4, 15);1;4339
15;0.5;RemoveObject;(9, 6);;(4, 15);1;4340
15;0.5;RemoveObject;(9, 6);;(4, 15);1;4341
15;0.5;RemoveObject;(9, 6);;(4, 15);1;4342
15;0.5;RemoveObject;(9, 6);;(4, 15);1;4343
15;0.5;RemoveObject;(9, 6);;(4, 15);1;4344
15;0.5;RemoveObject;(9, 6);;(4, 15);1;4345
15;0.5;RemoveObject;(9, 6);;(4, 15);1;4346
15;0.5;RemoveObject;(9, 6);;(4, 15);1;4347
15;0.5;RemoveObject;(9, 6);;(4, 15);1;4348
15;0.5;RemoveObject;(9, 6);;(4, 15);1;4349
15;0.5;RemoveObject;(9, 6);;(4, 15);1;4350
15;0.5;RemoveObject;(9, 6);;(4, 15);1;4351
15;0.5;RemoveObject;(9, 6);;(4, 15);1;4352
15;0.5;RemoveObject;(9, 6);;(4, 15);1;4353
15;0.5;RemoveObject;(9, 6);;(4, 15);1;4354
15;0.5;RemoveObject;(9, 6);;(4, 15);1;4355
15;0.5;RemoveObject;(9, 6);;(4, 15);1;4356
15;0.5;RemoveObject;(9, 6);;(4, 15);1;4357
15;0.5;RemoveObject;(9, 6);;(4, 15);1;4358
15;0.5;RemoveObject;(9, 6);;(4, 15);1;4359
15;0.5;RemoveObject;(9, 6);;(4, 15);1;4360
15;0.5;RemoveObject;(9, 6);;(4, 15);1;4361
15;0.5;RemoveObject;(9, 6);;(4, 15);1;4362
15;0.5;RemoveObject;(9, 6);;(4, 15);1;4363
15;0.5;RemoveObject;(9, 6);;(4, 15);1;4364
15;0.5;RemoveObject;(9, 6);;(4, 15);1;4365
15;0.5;RemoveObject;(9, 6);;(4, 15);1;4366
15;0.5;RemoveObject;(9, 6);;(4, 15);1;4367
15;0.5;RemoveObject;(9, 6);;(4, 15);1;4368
15;0.5;RemoveObject;(9, 6);;(4, 15);1;4369
15;0.5;RemoveObject;(9, 6);;(4, 15);1;4370
15;0.5;RemoveObject;(9, 6);;(4, 15);1;4371
15;0.5;RemoveObject;(9, 6);;(4, 15);1;4372
15;0.5;RemoveObject;(9, 6);;(4, 15);1;4373
15;0.5;RemoveObject;(9, 6);;(4, 15);1;4374
15;0.5;RemoveObject;(9, 6);;(4, 15);1;4375
15;0.5;RemoveObject;(9, 6);;(4, 15);1;4376
15;0.5;RemoveObject;(9, 6);;(4, 15);1;4377
15;0.5;RemoveObject;(9, 6);;(4, 15);1;4378
15;0.5;RemoveObject;(9, 6);;(4, 15);1;4379
15;0.5;RemoveObject;(9, 6);;(4, 15);1;4380
15;0.5;RemoveObject;(9, 6);;(4, 15);1;4381
15;0.5;RemoveObject;(9, 6);;(4, 15);1;4382
15;0.5;RemoveObject;(9, 6);;(4, 15);1;4383
15;0.5;RemoveObject;(9, 6);;(4, 15);1;4384
15;0.5;RemoveObject;(9, 6);;(4, 15);1;4385
15;0.5;RemoveObject;(9, 6);;(4, 15);1;4386
15;0.5;RemoveObject;(9, 6);;(4, 15);1;4387
15;0.5;RemoveObject;(9, 6);;(4, 15);1;4388
15;0.5;RemoveObject;(9, 6);;(4, 15);1;4389
15;0.5;RemoveObject;(9, 6);;(4, 15);1;4390
15;0.5;RemoveObject;(9, 6);;(4, 15);1;4391
15;0.5;RemoveObject;(9, 6);;(4, 15);1;4392
15;0.5;RemoveObject;(9, 6);;(4, 15);1;4393
15;0.5;RemoveObject;(9, 6);;(4, 15);1;4394
15;0.5;RemoveObject;(9, 6);;(4, 15);1;4395
15;0.5;RemoveObject;(9, 6);;(4, 15);1;4396
15;0.5;RemoveObject;(9, 6);;(4, 15);1;4397
15;0.5;RemoveObject;(9, 6);;(4, 15);1;4398
15;0.5;RemoveObject;(9, 6);;(4, 15);1;4399
15;0.5;RemoveObject;(9, 6);;(4, 15);1;4400
15;0.5;RemoveObject;(9, 6);;(4, 15);1;4401
15;0.5;RemoveObject;(9, 6);;(4, 15);1;4402
15;0.5;RemoveObject;(9, 6);;(4, 15);1;4403
15;0.5;RemoveObject;(9, 6);;(4, 15);1;4404
15;0.5;RemoveObject;(9, 6);;(4, 15);1;4405
15;0.5;RemoveObject;(9, 6);;(4, 15);1;4406
15;0.5;RemoveObject;(9, 6);;(4, 15);1;4407
15;0.5;RemoveObject;(9, 6);;(4, 15);1;4408
15;0.5;RemoveObject;(9, 6);;(4, 15);1;4409
15;0.5;RemoveObject;(9, 6);;(4, 15);1;4410
15;0.5;RemoveObject;(9, 6);;(4, 15);1;4411
15;0.5;RemoveObject;(9, 6);;(4, 15);1;4412
15;0.5;RemoveObject;(9, 6);;(4, 15);1;4413
15;0.5;RemoveObject;(9, 6);;(4, 15);1;4414
15;0.5;RemoveObject;(9, 6);;(4, 15);1;4415
15;0.5;RemoveObject;(9, 6);;(4, 15);1;4416
15;0.5;RemoveObject;(9, 6);;(4, 15);1;4417
15;0.5;RemoveObject;(9, 6);;(4, 15);1;4418
15;0.5;RemoveObject;(9, 6);;(4, 15);1;4419
15;0.5;RemoveObject;(9, 6);;(4, 15);1;4420
15;0.5;RemoveObject;(9, 6);;(4, 15);1;4421
15;0.5;RemoveObject;(9, 6);;(4, 15);1;4422
15;0.5;RemoveObject;(9, 6);;(4, 15);1;4423
15;0.5;RemoveObject;(9, 6);;(4, 15);1;4424
15;0.5;RemoveObject;(9, 6);;(4, 15);1;4425
15;0.5;RemoveObject;(9, 6);;(4, 15);1;4426
15;0.5;RemoveObject;(9, 6);;(4, 15);1;4427
15;0.5;RemoveObject;(9, 6);;(4, 15);1;4428
15;0.5;RemoveObject;(9, 6);;(4, 15);1;4429
15;0.5;RemoveObject;(9, 6);;(4, 15);1;4430
15;0.5;RemoveObject;(9, 6);;(4, 15);1;4431
15;0.5;RemoveObject;(9, 6);;(4, 15);1;4432
15;0.5;RemoveObject;(9, 6);;(4, 15);1;4433
15;0.5;RemoveObject;(9, 6);;(4, 15);1;4434
15;0.5;RemoveObject;(9, 6);;(4, 15);1;4435
15;0.5;RemoveObject;(9, 6);;(4, 15);1;4436
15;0.5;RemoveObject;(9, 6);;(4, 15);1;4437
15;0.5;RemoveObject;(9, 6);;(4, 15);1;4438
15;0.5;RemoveObject;(9, 6);;(4, 15);1;4439
15;0.5;RemoveObject;(9, 6);;(4, 15);1;4440
15;0.5;RemoveObject;(9, 6);;(4, 15);1;4441
15;0.5;RemoveObject;(9, 6);;(4, 15);1;4442
15;0.5;RemoveObject;(9, 6);;(4, 15);1;4443
15;0.5;RemoveObject;(9, 6);;(4, 15);1;4444
15;0.5;RemoveObject;(9, 6);;(4, 15);1;4445
15;0.5;RemoveObject;(9, 6);;(4, 15);1;4446
15;0.5;RemoveObject;(9, 6);;(4, 15);1;4447
15;0.5;RemoveObject;(9, 6);;(4, 15);1;4448
15;0.5;RemoveObject;(9, 6);;(4, 15);1;4449
15;0.5;RemoveObject;(9, 6);;(4, 15);1;4450
15;0.5;RemoveObject;(9, 6);;(4, 15);1;4451
15;0.5;RemoveObject;(9, 6);;(4, 15);1;4452
15;0.5;RemoveObject;(9, 6);;(4, 15);1;4453
15;0.5;RemoveObject;(9, 6);;(4, 15);1;4454
15;0.5;RemoveObject;(9, 6);;(4, 15);1;4455
15;0.5;RemoveObject;(9, 6);;(4, 15);1;4456
15;0.5;RemoveObject;(9, 6);;(4, 15);1;4457
15;0.5;RemoveObject;(9, 6);;(4, 15);1;4458
15;0.5;RemoveObject;(9, 6);;(4, 15);1;4459
15;0.5;RemoveObject;(9, 6);;(4, 15);1;4460
15;0.5;RemoveObject;(9, 6);;(4, 15);1;4461
15;0.5;RemoveObject;(9, 6);;(4, 15);1;4462
15;0.5;RemoveObject;(9, 6);;(4, 15);1;4463
15;0.5;RemoveObject;(9, 6);;(4, 15);1;4464
15;0.5;RemoveObject;(9, 6);;(4, 15);1;4465
15;0.5;RemoveObject;(9, 6);;(4, 15);1;4466
15;0.5;RemoveObject;(9, 6);;(4, 15);1;4467
15;0.5;RemoveObject;(9, 6);;(4, 15);1;4468
15;0.5;RemoveObject;(9, 6);;(4, 15);1;4469
15;0.5;RemoveObject;(9, 6);;(4, 15);1;4470
15;0.5;RemoveObject;(9, 6);;(4, 15);1;4471
15;0.5;RemoveObject;(9, 6);;(4, 15);1;4472
15;0.5;RemoveObject;(9, 6);;(4, 15);1;4473
15;0.5;RemoveObject;(9, 6);;(4, 15);1;4474
15;0.5;RemoveObject;(9, 6);;(4, 15);1;4475
15;0.5;RemoveObject;(9, 6);;(4, 15);1;4476
15;0.5;RemoveObject;(9, 6);;(4, 15);1;4477
15;0.5;RemoveObject;(9, 6);;(4, 15);1;4478
15;0.5;MoveSouth;(9, 6);;(4, 15);1;4479
15;0.5;MoveSouth;(9, 6);;(4, 15);1;4480
15;0.5;MoveSouth;(9, 6);;(4, 15);1;4481
15;0.5;MoveSouth;(9, 6);;(4, 15);1;4482
15;0.5;MoveSouth;(9, 6);;(4, 15);1;4483
15;0.5;MoveSouth;(9, 6);;(4, 15);1;4484
15;0.5;MoveSouth;(9, 6);;(4, 15);1;4485
15;0.5;MoveSouth;(9, 6);;(4, 15);1;4486
15;0.5;MoveSouth;(9, 7);;(4, 15);1;4487
15;0.5;MoveSouthWest;(9, 7);;(4, 15);1;4488
15;0.5;MoveSouthWest;(9, 7);;(4, 15);1;4489
15;0.5;MoveSouthWest;(9, 7);;(4, 15);1;4490
15;0.5;MoveSouthWest;(9, 7);;(4, 15);1;4491
15;0.5;MoveSouthWest;(9, 7);;(4, 15);1;4492
15;0.5;MoveSouthWest;(9, 7);;(4, 15);1;4493
15;0.5;MoveSouthWest;(9, 7);;(4, 15);1;4494
15;0.5;MoveSouthWest;(9, 7);;(4, 15);1;4495
15;0.5;MoveSouthWest;(8, 8);;(4, 15);1;4496
15;0.5;MoveSouthEast;(8, 8);;(4, 15);1;4497
15;0.5;MoveSouthEast;(8, 8);;(4, 15);1;4498
15;0.5;MoveSouthEast;(8, 8);;(4, 15);1;4499
15;0.5;MoveSouthEast;(8, 8);;(4, 15);1;4500
15;0.5;MoveSouthEast;(8, 8);;(4, 15);1;4501
15;0.5;MoveSouthEast;(8, 8);;(4, 15);1;4502
15;0.5;MoveSouthEast;(8, 8);;(4, 15);1;4503
15;0.5;MoveSouthEast;(8, 8);;(4, 15);1;4504
15;0.5;MoveSouthEast;(9, 9);;(4, 15);1;4505
15;0.5;MoveNorthEast;(9, 9);;(4, 15);1;4506
15;0.5;MoveNorthEast;(9, 9);;(4, 15);1;4507
15;0.5;MoveNorthEast;(9, 9);;(4, 15);1;4508
15;0.5;MoveNorthEast;(9, 9);;(4, 15);1;4509
15;0.5;MoveNorthEast;(9, 9);;(4, 15);1;4510
15;0.5;MoveNorthEast;(9, 9);;(4, 15);1;4511
15;0.5;MoveNorthEast;(9, 9);;(4, 15);1;4512
15;0.5;MoveNorthEast;(9, 9);;(4, 15);1;4513
15;0.5;MoveNorthEast;(10, 8);;(4, 15);1;4514
15;0.5;;(10, 8);;(4, 15);1;4515
15;0.5;;(10, 8);;(4, 15);1;4516
15;0.5;;(10, 8);;(4, 15);1;4517
15;0.5;;(10, 8);;(4, 15);1;4518
15;0.5;;(10, 8);;(4, 15);1;4519
15;0.5;;(10, 8);;(4, 15);1;4520
15;0.5;;(10, 8);;(4, 15);1;4521
15;0.5;;(10, 8);;(4, 15);1;4522
15;0.5;;(10, 8);;(4, 15);1;4523
15;0.5;;(10, 8);;(4, 15);1;4524
15;0.5;;(10, 8);;(4, 15);1;4525
15;0.5;;(10, 8);;(4, 15);1;4526
15;0.5;;(10, 8);;(4, 15);1;4527
15;0.5;;(10, 8);;(4, 15);1;4528
15;0.5;;(10, 8);;(4, 15);1;4529
15;0.5;;(10, 8);;(4, 15);1;4530
15;0.5;;(10, 8);;(4, 15);1;4531
15;0.5;;(10, 8);;(4, 15);1;4532
15;0.5;;(10, 8);;(4, 15);1;4533
15;0.5;;(10, 8);;(4, 15);1;4534
15;0.5;;(10, 8);;(4, 15);1;4535
15;0.5;;(10, 8);;(4, 15);1;4536
15;0.5;;(10, 8);;(4, 15);1;4537
15;0.5;;(10, 8);;(4, 15);1;4538
15;0.5;;(10, 8);;(4, 15);1;4539
15;0.5;;(10, 8);;(4, 15);1;4540
15;0.5;;(10, 8);;(4, 15);1;4541
15;0.5;;(10, 8);;(4, 15);1;4542
15;0.5;;(10, 8);;(4, 15);1;4543
15;0.5;;(10, 8);;(4, 15);1;4544
15;0.5;;(10, 8);;(4, 15);1;4545
15;0.5;;(10, 8);;(4, 15);1;4546
15;0.5;;(10, 8);;(4, 15);1;4547
15;0.5;;(10, 8);;(4, 15);1;4548
15;0.5;;(10, 8);;(4, 15);1;4549
15;0.5;;(10, 8);;(4, 15);1;4550
15;0.5;;(10, 8);;(4, 15);1;4551
15;0.5;;(10, 8);;(4, 15);1;4552
15;0.5;;(10, 8);;(4, 15);1;4553
15;0.5;;(10, 8);;(4, 15);1;4554
15;0.5;;(10, 8);;(4, 15);1;4555
15;0.5;;(10, 8);;(4, 15);1;4556
15;0.5;;(10, 8);;(4, 15);1;4557
15;0.5;;(10, 8);;(4, 15);1;4558
15;0.5;;(10, 8);;(4, 15);1;4559
15;0.5;;(10, 8);;(4, 15);1;4560
15;0.5;;(10, 8);;(4, 15);1;4561
15;0.5;;(10, 8);;(4, 15);1;4562
15;0.5;;(10, 8);;(4, 15);1;4563
15;0.5;;(10, 8);;(4, 15);1;4564
15;0.5;;(10, 8);;(4, 15);1;4565
15;0.5;;(10, 8);;(4, 15);1;4566
15;0.5;;(10, 8);;(4, 15);1;4567
15;0.5;;(10, 8);;(4, 15);1;4568
15;0.5;;(10, 8);;(4, 15);1;4569
15;0.5;;(10, 8);;(4, 15);1;4570
15;0.5;;(10, 8);;(4, 15);1;4571
15;0.5;;(10, 8);;(4, 15);1;4572
15;0.5;;(10, 8);;(4, 15);1;4573
15;0.5;;(10, 8);;(4, 15);1;4574
15;0.5;;(10, 8);;(4, 15);1;4575
15;0.5;;(10, 8);;(4, 15);1;4576
15;0.5;;(10, 8);;(4, 15);1;4577
15;0.5;;(10, 8);;(4, 15);1;4578
15;0.5;Idle;(10, 8);;(4, 15);1;4579
15;0.5;Idle;(10, 8);;(4, 15);1;4580
15;0.5;Idle;(10, 8);;(4, 15);1;4581
15;0.5;Idle;(10, 8);;(4, 15);1;4582
15;0.5;Idle;(10, 8);;(4, 15);1;4583
15;0.5;Idle;(10, 8);;(4, 15);1;4584
15;0.5;Idle;(10, 8);;(4, 15);1;4585
15;0.5;Idle;(10, 8);;(4, 15);1;4586
15;0.5;Idle;(10, 8);;(4, 15);1;4587
15;0.5;Idle;(10, 8);;(4, 15);1;4588
15;0.5;Idle;(10, 8);;(4, 15);1;4589
15;0.5;Idle;(10, 8);;(4, 15);1;4590
15;0.5;Idle;(10, 8);;(4, 15);1;4591
15;0.5;Idle;(10, 8);;(4, 15);1;4592
15;0.5;Idle;(10, 8);;(4, 15);1;4593
15;0.5;Idle;(10, 8);;(4, 15);1;4594
15;0.5;Idle;(10, 8);;(4, 15);1;4595
15;0.5;Idle;(10, 8);;(4, 15);1;4596
15;0.5;Idle;(10, 8);;(4, 15);1;4597
15;0.5;Idle;(10, 8);;(4, 15);1;4598
15;0.5;Idle;(10, 8);;(4, 15);1;4599
15;0.5;Idle;(10, 8);;(4, 15);1;4600
15;0.5;Idle;(10, 8);;(4, 15);1;4601
15;0.5;Idle;(10, 8);;(4, 15);1;4602
15;0.5;Idle;(10, 8);;(4, 15);1;4603
15;0.5;Idle;(10, 8);;(4, 15);1;4604
15;0.5;MoveWest;(10, 8);MoveWest;(3, 15);1;4605
15;0.5;MoveWest;(10, 8);;(3, 15);1;4606
15;0.5;MoveWest;(10, 8);;(3, 15);1;4607
15;0.5;MoveWest;(10, 8);;(3, 15);1;4608
15;0.5;MoveWest;(10, 8);MoveSouth;(3, 16);1;4609
15;0.5;MoveWest;(10, 8);;(3, 16);1;4610
15;0.5;MoveWest;(10, 8);MoveSouth;(3, 17);1;4611
15;0.5;MoveWest;(10, 8);;(3, 17);1;4612
15;0.5;MoveWest;(9, 8);;(3, 17);1;4613
15;0.5;MoveSouthWest;(9, 8);MoveSouth;(3, 18);1;4614
15;0.5;MoveSouthWest;(9, 8);;(3, 18);1;4615
15;0.5;MoveSouthWest;(9, 8);;(3, 18);1;4616
15;0.5;MoveSouthWest;(9, 8);;(3, 18);1;4617
15;0.5;MoveSouthWest;(9, 8);MoveEast;(4, 18);1;4618
15;0.5;MoveSouthWest;(9, 8);;(4, 18);1;4619
15;0.5;MoveSouthWest;(9, 8);MoveEast;(5, 18);1;4620
15;0.5;MoveSouthWest;(9, 8);;(5, 18);1;4621
15;0.5;MoveSouthWest;(8, 9);;(5, 18);1;4622
15;0.5;;(8, 9);;(5, 18);1;4623
15;0.5;;(8, 9);;(5, 18);1;4624
15;0.5;;(8, 9);;(5, 18);1;4625
15;0.5;;(8, 9);;(5, 18);1;4626
15;0.5;;(8, 9);;(5, 18);1;4627
15;0.5;;(8, 9);;(5, 18);1;4628
15;0.5;;(8, 9);MoveEast;(6, 18);1;4629
15;0.5;;(8, 9);;(6, 18);1;4630
15;0.5;;(8, 9);;(6, 18);1;4631
15;0.5;;(8, 9);;(6, 18);1;4632
15;0.5;;(8, 9);MoveNorth;(6, 17);1;4633
15;0.5;;(8, 9);;(6, 17);1;4634
15;0.5;;(8, 9);;(6, 17);1;4635
15;0.5;;(8, 9);MoveNorth;(6, 17);1;4636
15;0.5;;(8, 9);MoveNorth;(6, 17);1;4637
15;0.5;;(8, 9);MoveNorth;(6, 17);1;4638
15;0.5;;(8, 9);MoveNorth;(6, 17);1;4639
15;0.5;;(8, 9);MoveNorth;(6, 17);1;4640
15;0.5;;(8, 9);MoveNorth;(6, 16);1;4641
15;0.5;;(8, 9);MoveNorth;(6, 16);1;4642
15;0.5;;(8, 9);MoveNorth;(6, 16);1;4643
15;0.5;;(8, 9);MoveNorth;(6, 16);1;4644
15;0.5;;(8, 9);MoveNorth;(6, 16);1;4645
15;0.5;;(8, 9);MoveNorth;(6, 16);1;4646
15;0.5;;(8, 9);MoveNorth;(6, 15);1;4647
15;0.5;;(8, 9);MoveNorth;(6, 15);1;4648
15;0.5;;(8, 9);MoveNorth;(6, 15);1;4649
15;0.5;;(8, 9);MoveNorth;(6, 15);1;4650
15;0.5;;(8, 9);MoveNorth;(6, 15);1;4651
15;0.5;;(8, 9);MoveNorth;(6, 15);1;4652
15;0.5;;(8, 9);MoveNorth;(6, 14);1;4653
15;0.5;;(8, 9);MoveNorth;(6, 14);1;4654
15;0.5;;(8, 9);MoveNorth;(6, 14);1;4655
15;0.5;;(8, 9);MoveNorth;(6, 14);1;4656
15;0.5;;(8, 9);MoveNorth;(6, 14);1;4657
15;0.5;;(8, 9);MoveNorth;(6, 14);1;4658
15;0.5;;(8, 9);MoveNorth;(6, 13);1;4659
15;0.5;;(8, 9);MoveNorth;(6, 13);1;4660
15;0.5;;(8, 9);MoveNorth;(6, 13);1;4661
15;0.5;;(8, 9);MoveNorth;(6, 13);1;4662
15;0.5;;(8, 9);MoveNorth;(6, 13);1;4663
15;0.5;;(8, 9);MoveNorth;(6, 13);1;4664
15;0.5;;(8, 9);MoveNorth;(6, 12);1;4665
15;0.5;;(8, 9);MoveNorth;(6, 12);1;4666
15;0.5;;(8, 9);MoveNorth;(6, 12);1;4667
15;0.5;;(8, 9);MoveNorth;(6, 12);1;4668
15;0.5;;(8, 9);MoveNorth;(6, 12);1;4669
15;0.5;;(8, 9);MoveNorth;(6, 12);1;4670
15;0.5;;(8, 9);MoveNorth;(6, 11);1;4671
15;0.5;;(8, 9);MoveNorth;(6, 10);1;4672
15;0.5;;(8, 9);MoveNorth;(6, 9);1;4673
15;0.5;;(8, 9);;(6, 9);1;4674
15;0.5;;(8, 9);MoveNorth;(6, 8);1;4675
15;0.5;;(8, 9);MoveNorth;(6, 7);1;4676
15;0.5;;(8, 9);;(6, 7);1;4677
15;0.5;;(8, 9);;(6, 7);1;4678
15;0.5;;(8, 9);MoveNorth;(6, 6);1;4679
15;0.5;;(8, 9);;(6, 6);1;4680
15;0.5;;(8, 9);MoveNorth;(6, 5);1;4681
15;0.5;;(8, 9);;(6, 5);1;4682
15;0.5;;(8, 9);;(6, 5);1;4683
15;0.5;;(8, 9);;(6, 5);1;4684
15;0.5;;(8, 9);;(6, 5);1;4685
15;0.5;;(8, 9);;(6, 5);1;4686
15;0.5;;(8, 9);;(6, 5);1;4687
15;0.5;;(8, 9);;(6, 5);1;4688
15;0.5;;(8, 9);;(6, 5);1;4689
15;0.5;;(8, 9);MoveEast;(6, 5);1;4690
15;0.5;;(8, 9);MoveEast;(6, 5);1;4691
15;0.5;;(8, 9);MoveEast;(6, 5);1;4692
15;0.5;;(8, 9);MoveEast;(6, 5);1;4693
15;0.5;;(8, 9);MoveEast;(6, 5);1;4694
15;0.5;;(8, 9);MoveEast;(7, 5);1;4695
15;0.5;;(8, 9);MoveEast;(7, 5);1;4696
15;0.5;;(8, 9);MoveEast;(7, 5);1;4697
15;0.5;;(8, 9);MoveEast;(7, 5);1;4698
15;0.5;;(8, 9);MoveEast;(7, 5);1;4699
15;0.5;;(8, 9);MoveEast;(7, 5);1;4700
15;0.5;;(8, 9);MoveEast;(8, 5);1;4701
15;0.5;;(8, 9);;(8, 5);1;4702
15;0.5;;(8, 9);;(8, 5);1;4703
15;0.5;;(8, 9);;(8, 5);1;4704
15;0.5;;(8, 9);;(8, 5);1;4705
15;0.5;;(8, 9);;(8, 5);1;4706
15;0.5;;(8, 9);;(8, 5);1;4707
15;0.5;;(8, 9);;(8, 5);1;4708
15;0.5;;(8, 9);;(8, 5);1;4709
15;0.5;;(8, 9);;(8, 5);1;4710
15;0.5;;(8, 9);;(8, 5);1;4711
15;0.5;;(8, 9);;(8, 5);1;4712
15;0.5;;(8, 9);;(8, 5);1;4713
15;0.5;;(8, 9);;(8, 5);1;4714
15;0.5;;(8, 9);;(8, 5);1;4715
15;0.5;;(8, 9);;(8, 5);1;4716
15;0.5;;(8, 9);MoveEast;(8, 5);1;4717
15;0.5;;(8, 9);MoveEast;(8, 5);1;4718
15;0.5;;(8, 9);MoveEast;(8, 5);1;4719
15;0.5;;(8, 9);MoveEast;(8, 5);1;4720
15;0.5;;(8, 9);MoveEast;(8, 5);1;4721
15;0.5;;(8, 9);MoveEast;(9, 5);1;4722
15;0.5;;(8, 9);MoveSouth;(9, 6);1;4723
15;0.5;;(8, 9);;(9, 6);1;4724
15;0.5;;(8, 9);;(9, 6);1;4725
15;0.5;;(8, 9);;(9, 6);1;4726
15;0.5;;(8, 9);;(9, 6);1;4727
15;0.5;;(8, 9);;(9, 6);1;4728
15;0.5;;(8, 9);;(9, 6);1;4729
15;0.5;;(8, 9);;(9, 6);1;4730
15;0.5;;(8, 9);MoveSouth;(9, 7);1;4731
15;0.5;;(8, 9);;(9, 7);1;4732
15;0.5;;(8, 9);;(9, 7);1;4733
15;0.5;;(8, 9);;(9, 7);1;4734
15;0.5;;(8, 9);MoveSouth;(9, 8);1;4735
15;0.5;;(8, 9);;(9, 8);1;4736
15;0.5;;(8, 9);;(9, 8);1;4737
15;0.5;;(8, 9);;(9, 8);1;4738
15;0.5;;(8, 9);;(9, 8);1;4739
15;0.5;;(8, 9);;(9, 8);1;4740
15;0.5;;(8, 9);MoveSouth;(9, 9);1;4741
15;0.5;;(8, 9);;(9, 9);1;4742
15;0.5;;(8, 9);;(9, 9);1;4743
15;0.5;;(8, 9);;(9, 9);1;4744
15;0.5;;(8, 9);;(9, 9);1;4745
15;0.5;;(8, 9);;(9, 9);1;4746
15;0.5;;(8, 9);;(9, 9);1;4747
15;0.5;;(8, 9);MoveWest;(8, 9);1;4748
15;0.5;;(8, 9);;(8, 9);1;4749
15;0.5;;(8, 9);;(8, 9);1;4750
15;0.5;;(8, 9);;(8, 9);1;4751
15;0.5;;(8, 9);;(8, 9);1;4752
15;0.5;;(8, 9);;(8, 9);1;4753
15;0.5;;(8, 9);;(8, 9);1;4754
15;0.5;;(8, 9);;(8, 9);1;4755
15;0.5;;(8, 9);;(8, 9);1;4756
15;0.5;;(8, 9);;(8, 9);1;4757
15;0.5;;(8, 9);;(8, 9);1;4758
15;0.5;;(8, 9);;(8, 9);1;4759
15;0.5;;(8, 9);;(8, 9);1;4760
15;0.5;;(8, 9);;(8, 9);1;4761
15;0.5;;(8, 9);;(8, 9);1;4762
15;0.5;;(8, 9);;(8, 9);1;4763
15;0.5;;(8, 9);;(8, 9);1;4764
15;0.5;;(8, 9);;(8, 9);1;4765
15;0.5;;(8, 9);;(8, 9);1;4766
15;0.5;;(8, 9);;(8, 9);1;4767
15;0.5;;(8, 9);;(8, 9);1;4768
15;0.5;;(8, 9);;(8, 9);1;4769
15;0.5;;(8, 9);;(8, 9);1;4770
15;0.5;;(8, 9);;(8, 9);1;4771
15;0.5;;(8, 9);;(8, 9);1;4772
15;0.5;;(8, 9);;(8, 9);1;4773
15;0.5;;(8, 9);;(8, 9);1;4774
15;0.5;;(8, 9);;(8, 9);1;4775
15;0.5;;(8, 9);;(8, 9);1;4776
15;0.5;;(8, 9);CarryObjectTogether;(8, 9);1;4777
15;0.5;;(8, 9);;(8, 9);1;4778
15;0.5;;(8, 9);;(8, 9);1;4779
15;0.5;;(8, 9);;(8, 9);1;4780
15;0.5;;(8, 9);;(8, 9);1;4781
15;0.5;;(8, 9);;(8, 9);1;4782
15;0.5;;(8, 9);;(8, 9);1;4783
15;0.5;;(8, 9);;(8, 9);1;4784
15;0.5;;(8, 9);;(8, 9);1;4785
15;0.5;;(8, 9);;(8, 9);1;4786
15;0.5;;(8, 9);;(8, 9);1;4787
15;0.5;;(8, 9);;(8, 9);1;4788
15;0.5;;(8, 9);MoveEast;(9, 9);1;4789
15;0.5;;(8, 9);;(9, 9);1;4790
15;0.5;;(8, 9);;(9, 9);1;4791
15;0.5;;(8, 9);;(9, 9);1;4792
15;0.5;;(8, 9);;(9, 9);1;4793
15;0.5;;(8, 9);;(9, 9);1;4794
15;0.5;;(8, 9);;(9, 9);1;4795
15;0.5;;(8, 9);;(9, 9);1;4796
15;0.5;;(8, 9);MoveNorth;(9, 8);1;4797
15;0.5;;(8, 9);MoveNorth;(9, 7);1;4798
15;0.5;;(8, 9);;(9, 7);1;4799
15;0.5;;(8, 9);MoveNorth;(9, 6);1;4800
15;0.5;;(8, 9);;(9, 6);1;4801
15;0.5;;(8, 9);;(9, 6);1;4802
15;0.5;;(8, 9);;(9, 6);1;4803
15;0.5;;(8, 9);;(9, 6);1;4804
15;0.5;;(8, 9);;(9, 6);1;4805
15;0.5;;(8, 9);;(9, 6);1;4806
15;0.5;;(8, 9);;(9, 6);1;4807
15;0.5;;(8, 9);MoveEast;(10, 6);1;4808
15;0.5;;(8, 9);;(10, 6);1;4809
15;0.5;;(8, 9);MoveEast;(10, 6);1;4810
15;0.5;;(8, 9);MoveEast;(10, 6);1;4811
15;0.5;;(8, 9);MoveEast;(10, 6);1;4812
15;0.5;;(8, 9);MoveEast;(10, 6);1;4813
15;0.5;;(8, 9);MoveEast;(10, 6);1;4814
15;0.5;;(8, 9);MoveEast;(11, 6);1;4815
15;0.5;;(8, 9);MoveEast;(11, 6);1;4816
15;0.5;;(8, 9);MoveEast;(11, 6);1;4817
15;0.5;;(8, 9);MoveEast;(11, 6);1;4818
15;0.5;;(8, 9);MoveEast;(11, 6);1;4819
15;0.5;;(8, 9);MoveEast;(11, 6);1;4820
15;0.5;;(8, 9);MoveEast;(12, 6);1;4821
15;0.5;;(8, 9);MoveEast;(12, 6);1;4822
15;0.5;;(8, 9);MoveEast;(12, 6);1;4823
15;0.5;;(8, 9);MoveEast;(12, 6);1;4824
15;0.5;;(8, 9);MoveEast;(12, 6);1;4825
15;0.5;;(8, 9);MoveEast;(12, 6);1;4826
15;0.5;;(8, 9);MoveEast;(13, 6);1;4827
15;0.5;;(8, 9);MoveEast;(14, 6);1;4828
15;0.5;;(8, 9);MoveEast;(15, 6);1;4829
15;0.5;;(8, 9);MoveEast;(16, 6);1;4830
15;0.5;;(8, 9);;(16, 6);1;4831
15;0.5;;(8, 9);;(16, 6);1;4832
15;0.5;;(8, 9);;(16, 6);1;4833
15;0.5;;(8, 9);;(16, 6);1;4834
15;0.5;;(8, 9);;(16, 6);1;4835
15;0.5;;(8, 9);MoveEast;(17, 6);1;4836
15;0.5;;(8, 9);MoveEast;(18, 6);1;4837
15;0.5;;(8, 9);MoveEast;(19, 6);1;4838
15;0.5;;(8, 9);MoveEast;(19, 6);1;4839
15;0.5;;(8, 9);MoveEast;(19, 6);1;4840
15;0.5;;(8, 9);MoveEast;(19, 6);1;4841
15;0.5;;(8, 9);MoveEast;(19, 6);1;4842
15;0.5;;(8, 9);MoveEast;(19, 6);1;4843
15;0.5;;(8, 9);MoveEast;(20, 6);1;4844
15;0.5;;(8, 9);;(20, 6);1;4845
15;0.5;;(8, 9);;(20, 6);1;4846
15;0.5;;(8, 9);;(20, 6);1;4847
15;0.5;;(8, 9);MoveSouth;(20, 7);1;4848
15;0.5;;(8, 9);;(20, 7);1;4849
15;0.5;;(8, 9);MoveSouth;(20, 8);1;4850
15;0.5;;(8, 9);;(20, 8);1;4851
15;0.5;;(8, 9);MoveSouth;(20, 9);1;4852
15;0.5;;(8, 9);;(20, 9);1;4853
15;0.5;;(8, 9);MoveSouth;(20, 10);1;4854
15;0.5;;(8, 9);MoveSouth;(20, 11);1;4855
15;0.5;;(8, 9);;(20, 11);1;4856
15;0.5;;(8, 9);;(20, 11);1;4857
15;0.5;;(8, 9);;(20, 11);1;4858
15;0.5;;(8, 9);;(20, 11);1;4859
15;0.5;;(8, 9);MoveEast;(21, 11);1;4860
15;0.5;;(8, 9);;(21, 11);1;4861
15;0.5;;(8, 9);;(21, 11);1;4862
15;0.5;;(8, 9);;(21, 11);1;4863
15;0.5;;(8, 9);;(21, 11);1;4864
15;0.5;;(8, 9);;(21, 11);1;4865
15;0.5;;(8, 9);MoveEast;(22, 11);1;4866
15;0.5;;(8, 9);;(22, 11);1;4867
15;0.5;;(8, 9);;(22, 11);1;4868
15;0.5;;(8, 9);;(22, 11);1;4869
15;0.5;;(8, 9);;(22, 11);1;4870
15;0.5;;(8, 9);;(22, 11);1;4871
15;0.5;;(8, 9);;(22, 11);1;4872
15;0.5;;(8, 9);;(22, 11);1;4873
15;0.5;;(8, 9);;(22, 11);1;4874
15;0.5;;(8, 9);;(22, 11);1;4875
15;0.5;;(8, 9);;(22, 11);1;4876
15;0.5;;(8, 9);;(22, 11);1;4877
15;0.5;;(8, 9);;(22, 11);1;4878
15;0.5;;(8, 9);;(22, 11);1;4879
15;0.5;;(8, 9);MoveEast;(23, 11);1;4880
15;0.5;;(8, 9);;(23, 11);1;4881
15;0.5;;(8, 9);;(23, 11);1;4882
15;0.5;;(8, 9);;(23, 11);1;4883
15;0.5;;(8, 9);;(23, 11);1;4884
15;0.5;;(8, 9);;(23, 11);1;4885
15;0.5;;(8, 9);;(23, 11);1;4886
15;0.5;;(8, 9);;(23, 11);1;4887
15;0.5;;(8, 9);;(23, 11);1;4888
15;0.5;;(8, 9);;(23, 11);1;4889
15;0.5;;(8, 9);;(23, 11);1;4890
15;0.5;;(8, 9);;(23, 11);1;4891
15;0.5;;(8, 9);;(23, 11);1;4892
15;0.5;;(8, 9);;(23, 11);1;4893
21;0.625;;(23, 11);DropObjectTogether;(23, 11);1;4894
21;0.625;MoveWest;(23, 11);;(23, 11);1;4895
21;0.625;MoveWest;(23, 11);;(23, 11);1;4896
21;0.625;MoveWest;(23, 11);;(23, 11);1;4897
21;0.625;MoveWest;(23, 11);;(23, 11);1;4898
21;0.625;MoveWest;(23, 11);;(23, 11);1;4899
21;0.625;MoveWest;(23, 11);;(23, 11);1;4900
21;0.625;MoveWest;(23, 11);;(23, 11);1;4901
21;0.625;MoveWest;(23, 11);;(23, 11);1;4902
21;0.625;MoveWest;(22, 11);;(23, 11);1;4903
21;0.625;MoveNorthWest;(22, 11);;(23, 11);1;4904
21;0.625;MoveNorthWest;(22, 11);;(23, 11);1;4905
21;0.625;MoveNorthWest;(22, 11);;(23, 11);1;4906
21;0.625;MoveNorthWest;(22, 11);;(23, 11);1;4907
21;0.625;MoveNorthWest;(22, 11);;(23, 11);1;4908
21;0.625;MoveNorthWest;(22, 11);;(23, 11);1;4909
21;0.625;MoveNorthWest;(22, 11);;(23, 11);1;4910
21;0.625;MoveNorthWest;(22, 11);;(23, 11);1;4911
21;0.625;MoveNorthWest;(21, 10);;(23, 11);1;4912
21;0.625;MoveNorthWest;(21, 10);;(23, 11);1;4913
21;0.625;MoveNorthWest;(21, 10);;(23, 11);1;4914
21;0.625;MoveNorthWest;(21, 10);;(23, 11);1;4915
21;0.625;MoveNorthWest;(21, 10);;(23, 11);1;4916
21;0.625;MoveNorthWest;(21, 10);;(23, 11);1;4917
21;0.625;MoveNorthWest;(21, 10);;(23, 11);1;4918
21;0.625;MoveNorthWest;(21, 10);;(23, 11);1;4919
21;0.625;MoveNorthWest;(21, 10);;(23, 11);1;4920
21;0.625;MoveNorthWest;(20, 9);;(23, 11);1;4921
21;0.625;MoveNorthWest;(20, 9);;(23, 11);1;4922
21;0.625;MoveNorthWest;(20, 9);;(23, 11);1;4923
21;0.625;MoveNorthWest;(20, 9);;(23, 11);1;4924
21;0.625;MoveNorthWest;(20, 9);;(23, 11);1;4925
21;0.625;MoveNorthWest;(20, 9);;(23, 11);1;4926
21;0.625;MoveNorthWest;(20, 9);;(23, 11);1;4927
21;0.625;MoveNorthWest;(20, 9);;(23, 11);1;4928
21;0.625;MoveNorthWest;(20, 9);;(23, 11);1;4929
21;0.625;MoveNorthWest;(19, 8);;(23, 11);1;4930
21;0.625;MoveNorthWest;(19, 8);;(23, 11);1;4931
21;0.625;MoveNorthWest;(19, 8);;(23, 11);1;4932
21;0.625;MoveNorthWest;(19, 8);;(23, 11);1;4933
21;0.625;MoveNorthWest;(19, 8);;(23, 11);1;4934
21;0.625;MoveNorthWest;(19, 8);;(23, 11);1;4935
21;0.625;MoveNorthWest;(19, 8);;(23, 11);1;4936
21;0.625;MoveNorthWest;(19, 8);;(23, 11);1;4937
21;0.625;MoveNorthWest;(19, 8);;(23, 11);1;4938
21;0.625;MoveNorthWest;(19, 8);;(23, 11);1;4939
21;0.625;MoveNorthWest;(19, 8);;(23, 11);1;4940
21;0.625;MoveNorthWest;(19, 8);;(23, 11);1;4941
21;0.625;MoveNorthWest;(19, 8);;(23, 11);1;4942
21;0.625;MoveNorthWest;(19, 8);;(23, 11);1;4943
21;0.625;MoveNorthWest;(18, 7);;(23, 11);1;4944
21;0.625;MoveNorthWest;(18, 7);;(23, 11);1;4945
21;0.625;MoveNorthWest;(18, 7);;(23, 11);1;4946
21;0.625;MoveNorthWest;(18, 7);;(23, 11);1;4947
21;0.625;MoveNorthWest;(18, 7);;(23, 11);1;4948
21;0.625;MoveNorthWest;(18, 7);;(23, 11);1;4949
21;0.625;MoveNorthWest;(18, 7);;(23, 11);1;4950
21;0.625;MoveNorthWest;(18, 7);;(23, 11);1;4951
21;0.625;MoveNorthWest;(18, 7);;(23, 11);1;4952
21;0.625;MoveNorthWest;(17, 6);;(23, 11);1;4953
21;0.625;MoveWest;(17, 6);;(23, 11);1;4954
21;0.625;MoveWest;(17, 6);;(23, 11);1;4955
21;0.625;MoveWest;(17, 6);;(23, 11);1;4956
21;0.625;MoveWest;(17, 6);;(23, 11);1;4957
21;0.625;MoveWest;(17, 6);;(23, 11);1;4958
21;0.625;MoveWest;(17, 6);;(23, 11);1;4959
21;0.625;MoveWest;(17, 6);;(23, 11);1;4960
21;0.625;MoveWest;(17, 6);;(23, 11);1;4961
21;0.625;MoveWest;(16, 6);;(23, 11);1;4962
21;0.625;MoveWest;(16, 6);;(23, 11);1;4963
21;0.625;MoveWest;(16, 6);;(23, 11);1;4964
21;0.625;MoveWest;(16, 6);;(23, 11);1;4965
21;0.625;MoveWest;(16, 6);;(23, 11);1;4966
21;0.625;MoveWest;(16, 6);;(23, 11);1;4967
21;0.625;MoveWest;(16, 6);;(23, 11);1;4968
21;0.625;MoveWest;(16, 6);;(23, 11);1;4969
21;0.625;MoveWest;(16, 6);;(23, 11);1;4970
21;0.625;MoveWest;(15, 6);;(23, 11);1;4971
21;0.625;MoveWest;(15, 6);;(23, 11);1;4972
21;0.625;MoveWest;(15, 6);;(23, 11);1;4973
21;0.625;MoveWest;(15, 6);;(23, 11);1;4974
21;0.625;MoveWest;(15, 6);;(23, 11);1;4975
21;0.625;MoveWest;(15, 6);;(23, 11);1;4976
21;0.625;MoveWest;(15, 6);;(23, 11);1;4977
21;0.625;MoveWest;(15, 6);;(23, 11);1;4978
21;0.625;MoveWest;(15, 6);;(23, 11);1;4979
21;0.625;MoveWest;(14, 6);;(23, 11);1;4980
21;0.625;MoveWest;(14, 6);;(23, 11);1;4981
21;0.625;MoveWest;(14, 6);;(23, 11);1;4982
21;0.625;MoveWest;(14, 6);;(23, 11);1;4983
21;0.625;MoveWest;(14, 6);;(23, 11);1;4984
21;0.625;MoveWest;(14, 6);;(23, 11);1;4985
21;0.625;MoveWest;(14, 6);;(23, 11);1;4986
21;0.625;MoveWest;(14, 6);;(23, 11);1;4987
21;0.625;MoveWest;(14, 6);;(23, 11);1;4988
21;0.625;MoveWest;(13, 6);;(23, 11);1;4989
21;0.625;MoveWest;(13, 6);;(23, 11);1;4990
21;0.625;MoveWest;(13, 6);;(23, 11);1;4991
21;0.625;MoveWest;(13, 6);;(23, 11);1;4992
21;0.625;MoveWest;(13, 6);;(23, 11);1;4993
21;0.625;MoveWest;(13, 6);;(23, 11);1;4994
21;0.625;MoveWest;(13, 6);;(23, 11);1;4995
21;0.625;MoveWest;(13, 6);;(23, 11);1;4996
21;0.625;MoveWest;(13, 6);;(23, 11);1;4997
21;0.625;MoveWest;(12, 6);;(23, 11);1;4998
21;0.625;MoveWest;(12, 6);;(23, 11);1;4999
21;0.625;MoveWest;(12, 6);;(23, 11);1;5000
21;0.625;MoveWest;(12, 6);;(23, 11);1;5001
21;0.625;MoveWest;(12, 6);;(23, 11);1;5002
21;0.625;MoveWest;(12, 6);;(23, 11);1;5003
21;0.625;MoveWest;(12, 6);;(23, 11);1;5004
21;0.625;MoveWest;(12, 6);;(23, 11);1;5005
21;0.625;MoveWest;(12, 6);;(23, 11);1;5006
21;0.625;MoveWest;(12, 6);;(23, 11);1;5007
21;0.625;MoveWest;(12, 6);;(23, 11);1;5008
21;0.625;MoveWest;(12, 6);;(23, 11);1;5009
21;0.625;MoveWest;(12, 6);;(23, 11);1;5010
21;0.625;MoveWest;(12, 6);;(23, 11);1;5011
21;0.625;MoveWest;(11, 6);;(23, 11);1;5012
21;0.625;MoveNorthWest;(11, 6);;(23, 11);1;5013
21;0.625;MoveNorthWest;(11, 6);;(23, 11);1;5014
21;0.625;MoveNorthWest;(11, 6);;(23, 11);1;5015
21;0.625;MoveNorthWest;(11, 6);;(23, 11);1;5016
21;0.625;MoveNorthWest;(11, 6);;(23, 11);1;5017
21;0.625;MoveNorthWest;(11, 6);;(23, 11);1;5018
21;0.625;MoveNorthWest;(11, 6);;(23, 11);1;5019
21;0.625;MoveNorthWest;(11, 6);;(23, 11);1;5020
21;0.625;MoveNorthWest;(11, 6);;(23, 11);1;5021
21;0.625;MoveNorthWest;(11, 6);;(23, 11);1;5022
21;0.625;MoveNorthWest;(11, 6);;(23, 11);1;5023
21;0.625;MoveNorthWest;(11, 6);;(23, 11);1;5024
21;0.625;MoveNorthWest;(11, 6);;(23, 11);1;5025
21;0.625;MoveNorthWest;(10, 5);;(23, 11);1;5026
21;0.625;MoveWest;(10, 5);;(23, 11);1;5027
21;0.625;MoveWest;(10, 5);;(23, 11);1;5028
21;0.625;MoveWest;(10, 5);;(23, 11);1;5029
21;0.625;MoveWest;(10, 5);;(23, 11);1;5030
21;0.625;MoveWest;(10, 5);;(23, 11);1;5031
21;0.625;MoveWest;(10, 5);;(23, 11);1;5032
21;0.625;MoveWest;(10, 5);;(23, 11);1;5033
21;0.625;MoveWest;(10, 5);;(23, 11);1;5034
21;0.625;MoveWest;(10, 5);;(23, 11);1;5035
21;0.625;MoveWest;(10, 5);;(23, 11);1;5036
21;0.625;MoveWest;(10, 5);;(23, 11);1;5037
21;0.625;MoveWest;(10, 5);;(23, 11);1;5038
21;0.625;MoveWest;(10, 5);;(23, 11);1;5039
21;0.625;MoveWest;(9, 5);;(23, 11);1;5040
21;0.625;;(9, 5);;(23, 11);1;5041
21;0.625;;(9, 5);;(23, 11);1;5042
21;0.625;;(9, 5);;(23, 11);1;5043
21;0.625;;(9, 5);;(23, 11);1;5044
21;0.625;;(9, 5);;(23, 11);1;5045
21;0.625;;(9, 5);;(23, 11);1;5046
21;0.625;;(9, 5);;(23, 11);1;5047
21;0.625;;(9, 5);;(23, 11);1;5048
21;0.625;;(9, 5);;(23, 11);1;5049
21;0.625;;(9, 5);;(23, 11);1;5050
21;0.625;;(9, 5);;(23, 11);1;5051
21;0.625;;(9, 5);;(23, 11);1;5052
21;0.625;;(9, 5);;(23, 11);1;5053
21;0.625;;(9, 5);;(23, 11);1;5054
21;0.625;;(9, 5);;(23, 11);1;5055
21;0.625;;(9, 5);;(23, 11);1;5056
21;0.625;;(9, 5);;(23, 11);1;5057
21;0.625;;(9, 5);;(23, 11);1;5058
21;0.625;;(9, 5);;(23, 11);1;5059
21;0.625;;(9, 5);;(23, 11);1;5060
21;0.625;;(9, 5);;(23, 11);1;5061
21;0.625;;(9, 5);;(23, 11);1;5062
21;0.625;;(9, 5);;(23, 11);1;5063
21;0.625;;(9, 5);;(23, 11);1;5064
21;0.625;;(9, 5);;(23, 11);1;5065
21;0.625;;(9, 5);;(23, 11);1;5066
21;0.625;;(9, 5);;(23, 11);1;5067
21;0.625;;(9, 5);;(23, 11);1;5068
21;0.625;;(9, 5);;(23, 11);1;5069
21;0.625;;(9, 5);;(23, 11);1;5070
21;0.625;;(9, 5);;(23, 11);1;5071
21;0.625;;(9, 5);;(23, 11);1;5072
21;0.625;;(9, 5);;(23, 11);1;5073
21;0.625;RemoveObject;(9, 5);;(23, 11);1;5074
21;0.625;RemoveObject;(9, 5);;(23, 11);1;5075
21;0.625;RemoveObject;(9, 5);;(23, 11);1;5076
21;0.625;RemoveObject;(9, 5);;(23, 11);1;5077
21;0.625;RemoveObject;(9, 5);;(23, 11);1;5078
21;0.625;RemoveObject;(9, 5);;(23, 11);1;5079
21;0.625;RemoveObject;(9, 5);;(23, 11);1;5080
21;0.625;RemoveObject;(9, 5);;(23, 11);1;5081
21;0.625;RemoveObject;(9, 5);;(23, 11);1;5082
21;0.625;RemoveObject;(9, 5);;(23, 11);1;5083
21;0.625;RemoveObject;(9, 5);;(23, 11);1;5084
21;0.625;RemoveObject;(9, 5);;(23, 11);1;5085
21;0.625;RemoveObject;(9, 5);;(23, 11);1;5086
21;0.625;RemoveObject;(9, 5);;(23, 11);1;5087
21;0.625;RemoveObject;(9, 5);;(23, 11);1;5088
21;0.625;RemoveObject;(9, 5);;(23, 11);1;5089
21;0.625;RemoveObject;(9, 5);;(23, 11);1;5090
21;0.625;RemoveObject;(9, 5);;(23, 11);1;5091
21;0.625;RemoveObject;(9, 5);;(23, 11);1;5092
21;0.625;RemoveObject;(9, 5);;(23, 11);1;5093
21;0.625;RemoveObject;(9, 5);;(23, 11);1;5094
21;0.625;RemoveObject;(9, 5);;(23, 11);1;5095
21;0.625;RemoveObject;(9, 5);;(23, 11);1;5096
21;0.625;RemoveObject;(9, 5);;(23, 11);1;5097
21;0.625;RemoveObject;(9, 5);;(23, 11);1;5098
21;0.625;RemoveObject;(9, 5);;(23, 11);1;5099
21;0.625;RemoveObject;(9, 5);;(23, 11);1;5100
21;0.625;RemoveObject;(9, 5);;(23, 11);1;5101
21;0.625;RemoveObject;(9, 5);;(23, 11);1;5102
21;0.625;RemoveObject;(9, 5);;(23, 11);1;5103
21;0.625;RemoveObject;(9, 5);;(23, 11);1;5104
21;0.625;RemoveObject;(9, 5);;(23, 11);1;5105
21;0.625;RemoveObject;(9, 5);;(23, 11);1;5106
21;0.625;RemoveObject;(9, 5);;(23, 11);1;5107
21;0.625;RemoveObject;(9, 5);;(23, 11);1;5108
21;0.625;RemoveObject;(9, 5);;(23, 11);1;5109
21;0.625;RemoveObject;(9, 5);;(23, 11);1;5110
21;0.625;RemoveObject;(9, 5);;(23, 11);1;5111
21;0.625;RemoveObject;(9, 5);;(23, 11);1;5112
21;0.625;RemoveObject;(9, 5);;(23, 11);1;5113
21;0.625;RemoveObject;(9, 5);;(23, 11);1;5114
21;0.625;RemoveObject;(9, 5);;(23, 11);1;5115
21;0.625;RemoveObject;(9, 5);;(23, 11);1;5116
21;0.625;RemoveObject;(9, 5);;(23, 11);1;5117
21;0.625;RemoveObject;(9, 5);;(23, 11);1;5118
21;0.625;RemoveObject;(9, 5);;(23, 11);1;5119
21;0.625;RemoveObject;(9, 5);;(23, 11);1;5120
21;0.625;RemoveObject;(9, 5);;(23, 11);1;5121
21;0.625;RemoveObject;(9, 5);;(23, 11);1;5122
21;0.625;RemoveObject;(9, 5);;(23, 11);1;5123
21;0.625;RemoveObject;(9, 5);;(23, 11);1;5124
21;0.625;RemoveObject;(9, 5);;(23, 11);1;5125
21;0.625;RemoveObject;(9, 5);;(23, 11);1;5126
21;0.625;RemoveObject;(9, 5);;(23, 11);1;5127
21;0.625;RemoveObject;(9, 5);;(23, 11);1;5128
21;0.625;RemoveObject;(9, 5);;(23, 11);1;5129
21;0.625;RemoveObject;(9, 5);;(23, 11);1;5130
21;0.625;RemoveObject;(9, 5);;(23, 11);1;5131
21;0.625;RemoveObject;(9, 5);;(23, 11);1;5132
21;0.625;RemoveObject;(9, 5);;(23, 11);1;5133
21;0.625;RemoveObject;(9, 5);;(23, 11);1;5134
21;0.625;RemoveObject;(9, 5);;(23, 11);1;5135
21;0.625;RemoveObject;(9, 5);;(23, 11);1;5136
21;0.625;RemoveObject;(9, 5);;(23, 11);1;5137
21;0.625;RemoveObject;(9, 5);;(23, 11);1;5138
21;0.625;RemoveObject;(9, 5);MoveNorth;(23, 10);1;5139
21;0.625;RemoveObject;(9, 5);;(23, 10);1;5140
21;0.625;RemoveObject;(9, 5);MoveWest;(22, 10);1;5141
21;0.625;RemoveObject;(9, 5);;(22, 10);1;5142
21;0.625;RemoveObject;(9, 5);MoveWest;(21, 10);1;5143
21;0.625;RemoveObject;(9, 5);;(21, 10);1;5144
21;0.625;RemoveObject;(9, 5);MoveWest;(20, 10);1;5145
21;0.625;RemoveObject;(9, 5);;(20, 10);1;5146
21;0.625;RemoveObject;(9, 5);;(20, 10);1;5147
21;0.625;RemoveObject;(9, 5);MoveWest;(19, 10);1;5148
21;0.625;RemoveObject;(9, 5);;(19, 10);1;5149
21;0.625;RemoveObject;(9, 5);MoveWest;(18, 10);1;5150
21;0.625;RemoveObject;(9, 5);;(18, 10);1;5151
21;0.625;RemoveObject;(9, 5);;(18, 10);1;5152
21;0.625;RemoveObject;(9, 5);MoveNorth;(18, 10);1;5153
21;0.625;RemoveObject;(9, 5);MoveNorth;(18, 10);1;5154
21;0.625;RemoveObject;(9, 5);MoveNorth;(18, 10);1;5155
21;0.625;RemoveObject;(9, 5);MoveNorth;(18, 10);1;5156
21;0.625;RemoveObject;(9, 5);MoveNorth;(18, 10);1;5157
21;0.625;RemoveObject;(9, 5);MoveNorth;(18, 9);1;5158
21;0.625;RemoveObject;(9, 5);MoveNorth;(18, 9);1;5159
21;0.625;RemoveObject;(9, 5);MoveNorth;(18, 9);1;5160
21;0.625;RemoveObject;(9, 5);MoveNorth;(18, 9);1;5161
21;0.625;RemoveObject;(9, 5);MoveNorth;(18, 9);1;5162
21;0.625;RemoveObject;(9, 5);MoveNorth;(18, 9);1;5163
21;0.625;RemoveObject;(9, 5);MoveNorth;(18, 8);1;5164
21;0.625;RemoveObject;(9, 5);;(18, 8);1;5165
21;0.625;RemoveObject;(9, 5);;(18, 8);1;5166
21;0.625;RemoveObject;(9, 5);;(18, 8);1;5167
21;0.625;RemoveObject;(9, 5);;(18, 8);1;5168
21;0.625;RemoveObject;(9, 5);;(18, 8);1;5169
21;0.625;RemoveObject;(9, 5);MoveNorth;(18, 7);1;5170
21;0.625;RemoveObject;(9, 5);;(18, 7);1;5171
21;0.625;RemoveObject;(9, 5);;(18, 7);1;5172
21;0.625;RemoveObject;(9, 5);;(18, 7);1;5173
21;0.625;RemoveObject;(9, 5);;(18, 7);1;5174
21;0.625;RemoveObject;(9, 5);;(18, 7);1;5175
21;0.625;RemoveObject;(9, 5);;(18, 7);1;5176
21;0.625;RemoveObject;(9, 5);;(18, 7);1;5177
21;0.625;RemoveObject;(9, 5);;(18, 7);1;5178
21;0.625;RemoveObject;(9, 5);;(18, 7);1;5179
21;0.625;RemoveObject;(9, 5);;(18, 7);1;5180
21;0.625;RemoveObject;(9, 5);;(18, 7);1;5181
21;0.625;RemoveObject;(9, 5);;(18, 7);1;5182
21;0.625;RemoveObject;(9, 5);;(18, 7);1;5183
21;0.625;RemoveObject;(9, 5);;(18, 7);1;5184
21;0.625;RemoveObject;(9, 5);;(18, 7);1;5185
21;0.625;RemoveObject;(9, 5);;(18, 7);1;5186
21;0.625;RemoveObject;(9, 5);MoveNorth;(18, 6);1;5187
21;0.625;RemoveObject;(9, 5);;(18, 6);1;5188
21;0.625;RemoveObject;(9, 5);MoveWest;(17, 6);1;5189
21;0.625;RemoveObject;(9, 5);;(17, 6);1;5190
21;0.625;RemoveObject;(9, 5);;(17, 6);1;5191
21;0.625;RemoveObject;(9, 5);MoveWest;(16, 6);1;5192
21;0.625;RemoveObject;(9, 5);;(16, 6);1;5193
21;0.625;RemoveObject;(9, 5);MoveWest;(15, 6);1;5194
21;0.625;RemoveObject;(9, 5);;(15, 6);1;5195
21;0.625;RemoveObject;(9, 5);MoveWest;(14, 6);1;5196
21;0.625;RemoveObject;(9, 5);MoveWest;(13, 6);1;5197
21;0.625;RemoveObject;(9, 5);MoveWest;(12, 6);1;5198
21;0.625;RemoveObject;(9, 5);;(12, 6);1;5199
21;0.625;RemoveObject;(9, 5);MoveWest;(12, 6);1;5200
21;0.625;RemoveObject;(9, 5);MoveWest;(12, 6);1;5201
21;0.625;RemoveObject;(9, 5);MoveWest;(12, 6);1;5202
21;0.625;RemoveObject;(9, 5);MoveWest;(12, 6);1;5203
21;0.625;RemoveObject;(9, 5);MoveWest;(12, 6);1;5204
21;0.625;RemoveObject;(9, 5);MoveWest;(11, 6);1;5205
21;0.625;RemoveObject;(9, 5);MoveWest;(11, 6);1;5206
21;0.625;RemoveObject;(9, 5);MoveWest;(11, 6);1;5207
21;0.625;RemoveObject;(9, 5);MoveWest;(11, 6);1;5208
21;0.625;RemoveObject;(9, 5);MoveWest;(11, 6);1;5209
21;0.625;RemoveObject;(9, 5);MoveWest;(11, 6);1;5210
21;0.625;RemoveObject;(9, 5);MoveWest;(10, 6);1;5211
21;0.625;RemoveObject;(9, 5);MoveWest;(10, 6);1;5212
21;0.625;RemoveObject;(9, 5);MoveWest;(10, 6);1;5213
21;0.625;RemoveObject;(9, 5);MoveWest;(10, 6);1;5214
21;0.625;RemoveObject;(9, 5);MoveWest;(10, 6);1;5215
21;0.625;RemoveObject;(9, 5);MoveWest;(10, 6);1;5216
21;0.625;RemoveObject;(9, 5);MoveWest;(9, 6);1;5217
21;0.625;RemoveObject;(9, 5);;(9, 6);1;5218
21;0.625;RemoveObject;(9, 5);;(9, 6);1;5219
21;0.625;RemoveObject;(9, 5);;(9, 6);1;5220
21;0.625;RemoveObject;(9, 5);;(9, 6);1;5221
21;0.625;RemoveObject;(9, 5);MoveWest;(8, 6);1;5222
21;0.625;RemoveObject;(9, 5);;(8, 6);1;5223
21;0.625;RemoveObject;(9, 5);;(8, 6);1;5224
21;0.625;RemoveObject;(9, 5);;(8, 6);1;5225
21;0.625;RemoveObject;(9, 5);;(8, 6);1;5226
21;0.625;RemoveObject;(9, 5);;(8, 6);1;5227
21;0.625;RemoveObject;(9, 5);;(8, 6);1;5228
21;0.625;RemoveObject;(9, 5);MoveEast;(9, 6);1;5229
21;0.625;RemoveObject;(9, 5);;(9, 6);1;5230
21;0.625;RemoveObject;(9, 5);;(9, 6);1;5231
21;0.625;RemoveObject;(9, 5);;(9, 6);1;5232
21;0.625;RemoveObject;(9, 5);;(9, 6);1;5233
21;0.625;RemoveObject;(9, 5);;(9, 6);1;5234
21;0.625;RemoveObject;(9, 5);;(9, 6);1;5235
21;0.625;RemoveObject;(9, 5);;(9, 6);1;5236
21;0.625;RemoveObject;(9, 5);;(9, 6);1;5237
21;0.625;RemoveObject;(9, 5);;(9, 6);1;5238
21;0.625;RemoveObject;(9, 5);;(9, 6);1;5239
21;0.625;RemoveObject;(9, 5);;(9, 6);1;5240
21;0.625;RemoveObject;(9, 5);;(9, 6);1;5241
21;0.625;RemoveObject;(9, 5);;(9, 6);1;5242
21;0.625;RemoveObject;(9, 5);;(9, 6);1;5243
21;0.625;RemoveObject;(9, 5);;(9, 6);1;5244
21;0.625;RemoveObject;(9, 5);;(9, 6);1;5245
21;0.625;RemoveObject;(9, 5);;(9, 6);1;5246
21;0.625;RemoveObject;(9, 5);;(9, 6);1;5247
21;0.625;RemoveObject;(9, 5);;(9, 6);1;5248
21;0.625;RemoveObject;(9, 5);;(9, 6);1;5249
21;0.625;RemoveObject;(9, 5);;(9, 6);1;5250
21;0.625;RemoveObject;(9, 5);;(9, 6);1;5251
21;0.625;RemoveObject;(9, 5);;(9, 6);1;5252
21;0.625;RemoveObject;(9, 5);;(9, 6);1;5253
21;0.625;RemoveObject;(9, 5);;(9, 6);1;5254
21;0.625;RemoveObject;(9, 5);;(9, 6);1;5255
21;0.625;RemoveObject;(9, 5);;(9, 6);1;5256
21;0.625;RemoveObject;(9, 5);;(9, 6);1;5257
21;0.625;RemoveObject;(9, 5);;(9, 6);1;5258
21;0.625;RemoveObject;(9, 5);;(9, 6);1;5259
21;0.625;RemoveObject;(9, 5);;(9, 6);1;5260
21;0.625;RemoveObject;(9, 5);;(9, 6);1;5261
21;0.625;RemoveObject;(9, 5);;(9, 6);1;5262
21;0.625;RemoveObject;(9, 5);;(9, 6);1;5263
21;0.625;RemoveObject;(9, 5);;(9, 6);1;5264
21;0.625;RemoveObject;(9, 5);;(9, 6);1;5265
21;0.625;RemoveObject;(9, 5);;(9, 6);1;5266
21;0.625;RemoveObject;(9, 5);;(9, 6);1;5267
21;0.625;RemoveObject;(9, 5);;(9, 6);1;5268
21;0.625;RemoveObject;(9, 5);;(9, 6);1;5269
21;0.625;RemoveObject;(9, 5);;(9, 6);1;5270
21;0.625;RemoveObject;(9, 5);;(9, 6);1;5271
21;0.625;RemoveObject;(9, 5);;(9, 6);1;5272
21;0.625;RemoveObject;(9, 5);;(9, 6);1;5273
21;0.625;RemoveObject;(9, 5);;(9, 6);1;5274
21;0.625;MoveNorth;(9, 5);;(9, 6);1;5275
21;0.625;MoveNorth;(9, 5);;(9, 6);1;5276
21;0.625;MoveNorth;(9, 5);;(9, 6);1;5277
21;0.625;MoveNorth;(9, 5);;(9, 6);1;5278
21;0.625;MoveNorth;(9, 5);;(9, 6);1;5279
21;0.625;MoveNorth;(9, 5);;(9, 6);1;5280
21;0.625;MoveNorth;(9, 5);;(9, 6);1;5281
21;0.625;MoveNorth;(9, 5);;(9, 6);1;5282
21;0.625;MoveNorth;(9, 4);;(9, 6);1;5283
21;0.625;MoveNorthWest;(9, 4);;(9, 6);1;5284
21;0.625;MoveNorthWest;(9, 4);;(9, 6);1;5285
21;0.625;MoveNorthWest;(9, 4);;(9, 6);1;5286
21;0.625;MoveNorthWest;(9, 4);;(9, 6);1;5287
21;0.625;MoveNorthWest;(9, 4);;(9, 6);1;5288
21;0.625;MoveNorthWest;(9, 4);;(9, 6);1;5289
21;0.625;MoveNorthWest;(9, 4);;(9, 6);1;5290
21;0.625;MoveNorthWest;(9, 4);;(9, 6);1;5291
21;0.625;MoveNorthWest;(8, 3);;(9, 6);1;5292
21;0.625;MoveNorth;(8, 3);;(9, 6);1;5293
21;0.625;MoveNorth;(8, 3);;(9, 6);1;5294
21;0.625;MoveNorth;(8, 3);;(9, 6);1;5295
21;0.625;MoveNorth;(8, 3);;(9, 6);1;5296
21;0.625;MoveNorth;(8, 3);;(9, 6);1;5297
21;0.625;MoveNorth;(8, 3);;(9, 6);1;5298
21;0.625;MoveNorth;(8, 3);;(9, 6);1;5299
21;0.625;MoveNorth;(8, 3);;(9, 6);1;5300
21;0.625;MoveNorth;(8, 2);;(9, 6);1;5301
21;0.625;MoveSouthEast;(8, 2);;(9, 6);1;5302
21;0.625;MoveSouthEast;(8, 2);;(9, 6);1;5303
21;0.625;MoveSouthEast;(8, 2);;(9, 6);1;5304
21;0.625;MoveSouthEast;(8, 2);;(9, 6);1;5305
21;0.625;MoveSouthEast;(8, 2);;(9, 6);1;5306
21;0.625;MoveSouthEast;(8, 2);;(9, 6);1;5307
21;0.625;MoveSouthEast;(8, 2);;(9, 6);1;5308
21;0.625;MoveSouthEast;(8, 2);;(9, 6);1;5309
21;0.625;MoveSouthEast;(9, 3);;(9, 6);1;5310
21;0.625;MoveNorthEast;(9, 3);;(9, 6);1;5311
21;0.625;MoveNorthEast;(9, 3);;(9, 6);1;5312
21;0.625;MoveNorthEast;(9, 3);MoveNorth;(9, 5);1;5313
21;0.625;MoveNorthEast;(9, 3);;(9, 5);1;5314
21;0.625;MoveNorthEast;(9, 3);;(9, 5);1;5315
21;0.625;MoveNorthEast;(9, 3);;(9, 5);1;5316
21;0.625;MoveNorthEast;(9, 3);;(9, 5);1;5317
21;0.625;MoveNorthEast;(9, 3);;(9, 5);1;5318
21;0.625;MoveNorthEast;(10, 2);;(9, 5);1;5319
21;0.625;;(10, 2);;(9, 5);1;5320
21;0.625;;(10, 2);;(9, 5);1;5321
21;0.625;;(10, 2);;(9, 5);1;5322
21;0.625;;(10, 2);;(9, 5);1;5323
21;0.625;;(10, 2);;(9, 5);1;5324
21;0.625;;(10, 2);;(9, 5);1;5325
21;0.625;;(10, 2);;(9, 5);1;5326
21;0.625;;(10, 2);;(9, 5);1;5327
21;0.625;;(10, 2);;(9, 5);1;5328
21;0.625;;(10, 2);;(9, 5);1;5329
21;0.625;;(10, 2);;(9, 5);1;5330
21;0.625;;(10, 2);;(9, 5);1;5331
21;0.625;;(10, 2);;(9, 5);1;5332
21;0.625;;(10, 2);;(9, 5);1;5333
21;0.625;;(10, 2);;(9, 5);1;5334
21;0.625;;(10, 2);;(9, 5);1;5335
21;0.625;;(10, 2);;(9, 5);1;5336
21;0.625;;(10, 2);;(9, 5);1;5337
21;0.625;;(10, 2);;(9, 5);1;5338
21;0.625;;(10, 2);;(9, 5);1;5339
21;0.625;;(10, 2);;(9, 5);1;5340
21;0.625;;(10, 2);;(9, 5);1;5341
21;0.625;;(10, 2);;(9, 5);1;5342
21;0.625;;(10, 2);;(9, 5);1;5343
21;0.625;;(10, 2);;(9, 5);1;5344
21;0.625;;(10, 2);;(9, 5);1;5345
21;0.625;;(10, 2);;(9, 5);1;5346
21;0.625;;(10, 2);;(9, 5);1;5347
21;0.625;;(10, 2);;(9, 5);1;5348
21;0.625;;(10, 2);;(9, 5);1;5349
21;0.625;;(10, 2);;(9, 5);1;5350
21;0.625;;(10, 2);;(9, 5);1;5351
21;0.625;Idle;(10, 2);;(9, 5);1;5352
21;0.625;Idle;(10, 2);;(9, 5);1;5353
21;0.625;Idle;(10, 2);;(9, 5);1;5354
21;0.625;Idle;(10, 2);;(9, 5);1;5355
21;0.625;Idle;(10, 2);;(9, 5);1;5356
21;0.625;Idle;(10, 2);;(9, 5);1;5357
21;0.625;Idle;(10, 2);;(9, 5);1;5358
21;0.625;Idle;(10, 2);;(9, 5);1;5359
21;0.625;Idle;(10, 2);MoveNorth;(9, 4);1;5360
21;0.625;Idle;(10, 2);;(9, 4);1;5361
21;0.625;Idle;(10, 2);MoveNorth;(9, 3);1;5362
21;0.625;Idle;(10, 2);;(9, 3);1;5363
21;0.625;Idle;(10, 2);;(9, 3);1;5364
21;0.625;Idle;(10, 2);;(9, 3);1;5365
21;0.625;Idle;(10, 2);;(9, 3);1;5366
21;0.625;Idle;(10, 2);;(9, 3);1;5367
21;0.625;Idle;(10, 2);;(9, 3);1;5368
21;0.625;Idle;(10, 2);;(9, 3);1;5369
21;0.625;Idle;(10, 2);MoveNorth;(9, 2);1;5370
21;0.625;Idle;(10, 2);;(9, 2);1;5371
21;0.625;Idle;(10, 2);;(9, 2);1;5372
21;0.625;Idle;(10, 2);;(9, 2);1;5373
21;0.625;Idle;(10, 2);;(9, 2);1;5374
21;0.625;Idle;(10, 2);MoveEast;(10, 2);1;5375
21;0.625;Idle;(10, 2);;(10, 2);1;5376
21;0.625;Idle;(10, 2);;(10, 2);1;5377
21;0.625;MoveSouth;(10, 2);;(10, 2);1;5378
21;0.625;MoveSouth;(10, 2);;(10, 2);1;5379
21;0.625;MoveSouth;(10, 2);MoveSouth;(10, 3);1;5380
21;0.625;MoveSouth;(10, 2);;(10, 3);1;5381
21;0.625;MoveSouth;(10, 2);;(10, 3);1;5382
21;0.625;MoveSouth;(10, 2);;(10, 3);1;5383
21;0.625;MoveSouth;(10, 2);;(10, 3);1;5384
21;0.625;MoveSouth;(10, 2);;(10, 3);1;5385
21;0.625;MoveSouth;(10, 3);;(10, 3);1;5386
21;0.625;;(10, 3);;(10, 3);1;5387
21;0.625;;(10, 3);;(10, 3);1;5388
21;0.625;;(10, 3);;(10, 3);1;5389
21;0.625;;(10, 3);;(10, 3);1;5390
21;0.625;;(10, 3);;(10, 3);1;5391
21;0.625;;(10, 3);;(10, 3);1;5392
21;0.625;;(10, 3);;(10, 3);1;5393
21;0.625;;(10, 3);;(10, 3);1;5394
21;0.625;;(10, 3);;(10, 3);1;5395
21;0.625;;(10, 3);;(10, 3);1;5396
21;0.625;;(10, 3);;(10, 3);1;5397
21;0.625;;(10, 3);;(10, 3);1;5398
21;0.625;;(10, 3);;(10, 3);1;5399
21;0.625;;(10, 3);;(10, 3);1;5400
21;0.625;;(10, 3);;(10, 3);1;5401
21;0.625;;(10, 3);;(10, 3);1;5402
21;0.625;;(10, 3);;(10, 3);1;5403
21;0.625;;(10, 3);;(10, 3);1;5404
21;0.625;;(10, 3);CarryObjectTogether;(10, 3);1;5405
21;0.625;;(10, 3);;(10, 3);1;5406
21;0.625;;(10, 3);;(10, 3);1;5407
21;0.625;;(10, 3);;(10, 3);1;5408
21;0.625;;(10, 3);;(10, 3);1;5409
21;0.625;;(10, 3);;(10, 3);1;5410
21;0.625;;(10, 3);;(10, 3);1;5411
21;0.625;;(10, 3);;(10, 3);1;5412
21;0.625;;(10, 3);;(10, 3);1;5413
21;0.625;;(10, 3);;(10, 3);1;5414
21;0.625;;(10, 3);MoveWest;(9, 3);1;5415
21;0.625;;(10, 3);;(9, 3);1;5416
21;0.625;;(10, 3);MoveSouth;(9, 4);1;5417
21;0.625;;(10, 3);MoveSouth;(9, 5);1;5418
21;0.625;;(10, 3);;(9, 5);1;5419
21;0.625;;(10, 3);;(9, 5);1;5420
21;0.625;;(10, 3);MoveSouth;(9, 6);1;5421
21;0.625;;(10, 3);;(9, 6);1;5422
21;0.625;;(10, 3);;(9, 6);1;5423
21;0.625;;(10, 3);;(9, 6);1;5424
21;0.625;;(10, 3);;(9, 6);1;5425
21;0.625;;(10, 3);;(9, 6);1;5426
21;0.625;;(10, 3);;(9, 6);1;5427
21;0.625;;(10, 3);;(9, 6);1;5428
21;0.625;;(10, 3);;(9, 6);1;5429
21;0.625;;(10, 3);;(9, 6);1;5430
21;0.625;;(10, 3);MoveEast;(10, 6);1;5431
21;0.625;;(10, 3);MoveEast;(10, 6);1;5432
21;0.625;;(10, 3);MoveEast;(10, 6);1;5433
21;0.625;;(10, 3);MoveEast;(10, 6);1;5434
21;0.625;;(10, 3);MoveEast;(10, 6);1;5435
21;0.625;;(10, 3);MoveEast;(10, 6);1;5436
21;0.625;;(10, 3);MoveEast;(11, 6);1;5437
21;0.625;;(10, 3);MoveEast;(11, 6);1;5438
21;0.625;;(10, 3);MoveEast;(11, 6);1;5439
21;0.625;;(10, 3);MoveEast;(11, 6);1;5440
21;0.625;;(10, 3);MoveEast;(11, 6);1;5441
21;0.625;;(10, 3);MoveEast;(11, 6);1;5442
21;0.625;;(10, 3);MoveEast;(12, 6);1;5443
21;0.625;;(10, 3);MoveEast;(12, 6);1;5444
21;0.625;;(10, 3);MoveEast;(12, 6);1;5445
21;0.625;;(10, 3);MoveEast;(12, 6);1;5446
21;0.625;;(10, 3);MoveEast;(12, 6);1;5447
21;0.625;;(10, 3);MoveEast;(12, 6);1;5448
21;0.625;;(10, 3);MoveEast;(13, 6);1;5449
21;0.625;;(10, 3);MoveEast;(14, 6);1;5450
21;0.625;;(10, 3);MoveEast;(15, 6);1;5451
21;0.625;;(10, 3);;(15, 6);1;5452
21;0.625;;(10, 3);MoveEast;(16, 6);1;5453
21;0.625;;(10, 3);;(16, 6);1;5454
21;0.625;;(10, 3);MoveEast;(17, 6);1;5455
21;0.625;;(10, 3);;(17, 6);1;5456
21;0.625;;(10, 3);MoveEast;(18, 6);1;5457
21;0.625;;(10, 3);;(18, 6);1;5458
21;0.625;;(10, 3);MoveEast;(19, 6);1;5459
21;0.625;;(10, 3);MoveEast;(19, 6);1;5460
21;0.625;;(10, 3);MoveEast;(19, 6);1;5461
21;0.625;;(10, 3);MoveEast;(19, 6);1;5462
21;0.625;;(10, 3);MoveEast;(19, 6);1;5463
21;0.625;;(10, 3);MoveEast;(19, 6);1;5464
21;0.625;;(10, 3);MoveEast;(20, 6);1;5465
21;0.625;;(10, 3);MoveEast;(21, 6);1;5466
21;0.625;;(10, 3);;(21, 6);1;5467
21;0.625;;(10, 3);;(21, 6);1;5468
21;0.625;;(10, 3);;(21, 6);1;5469
21;0.625;;(10, 3);;(21, 6);1;5470
21;0.625;;(10, 3);;(21, 6);1;5471
21;0.625;;(10, 3);MoveSouth;(21, 6);1;5472
21;0.625;;(10, 3);;(21, 6);1;5473
21;0.625;;(10, 3);MoveSouth;(21, 6);1;5474
21;0.625;;(10, 3);;(21, 6);1;5475
21;0.625;;(10, 3);MoveSouth;(21, 6);1;5476
21;0.625;;(10, 3);;(21, 6);1;5477
21;0.625;;(10, 3);;(21, 6);1;5478
21;0.625;;(10, 3);;(21, 6);1;5479
21;0.625;;(10, 3);;(21, 6);1;5480
21;0.625;;(10, 3);;(21, 6);1;5481
21;0.625;;(10, 3);;(21, 6);1;5482
21;0.625;;(10, 3);;(21, 6);1;5483
21;0.625;;(10, 3);;(21, 6);1;5484
21;0.625;;(10, 3);;(21, 6);1;5485
21;0.625;;(10, 3);;(21, 6);1;5486
21;0.625;;(10, 3);;(21, 6);1;5487
21;0.625;;(10, 3);;(21, 6);1;5488
21;0.625;;(10, 3);;(21, 6);1;5489
21;0.625;;(10, 3);;(21, 6);1;5490
21;0.625;;(10, 3);;(21, 6);1;5491
21;0.625;;(10, 3);MoveSouth;(21, 6);1;5492
21;0.625;;(10, 3);;(21, 6);1;5493
21;0.625;;(10, 3);;(21, 6);1;5494
21;0.625;;(10, 3);;(21, 6);1;5495
21;0.625;;(10, 3);;(21, 6);1;5496
21;0.625;;(10, 3);;(21, 6);1;5497
21;0.625;;(10, 3);;(21, 6);1;5498
21;0.625;;(10, 3);MoveEast;(22, 6);1;5499
21;0.625;;(10, 3);;(22, 6);1;5500
21;0.625;;(10, 3);;(22, 6);1;5501
21;0.625;;(10, 3);;(22, 6);1;5502
21;0.625;;(10, 3);MoveSouth;(22, 7);1;5503
21;0.625;;(10, 3);;(22, 7);1;5504
21;0.625;;(10, 3);;(22, 7);1;5505
21;0.625;;(10, 3);;(22, 7);1;5506
21;0.625;;(10, 3);;(22, 7);1;5507
21;0.625;;(10, 3);;(22, 7);1;5508
21;0.625;;(10, 3);MoveSouth;(22, 8);1;5509
21;0.625;;(10, 3);;(22, 8);1;5510
21;0.625;;(10, 3);;(22, 8);1;5511
21;0.625;;(10, 3);;(22, 8);1;5512
21;0.625;;(10, 3);;(22, 8);1;5513
21;0.625;;(10, 3);;(22, 8);1;5514
21;0.625;;(10, 3);;(22, 8);1;5515
21;0.625;;(10, 3);MoveEast;(23, 8);1;5516
21;0.625;;(10, 3);;(23, 8);1;5517
21;0.625;;(10, 3);;(23, 8);1;5518
21;0.625;;(10, 3);;(23, 8);1;5519
21;0.625;;(10, 3);;(23, 8);1;5520
21;0.625;;(10, 3);;(23, 8);1;5521
21;0.625;;(10, 3);;(23, 8);1;5522
21;0.625;;(10, 3);;(23, 8);1;5523
21;0.625;;(10, 3);;(23, 8);1;5524
21;0.625;;(10, 3);;(23, 8);1;5525
21;0.625;;(10, 3);;(23, 8);1;5526
21;0.625;;(10, 3);;(23, 8);1;5527
21;0.625;;(10, 3);;(23, 8);1;5528
27;0.75;;(23, 8);DropObjectTogether;(23, 8);1;5529
27;0.75;MoveWest;(23, 8);;(23, 8);1;5530
27;0.75;MoveWest;(23, 8);;(23, 8);1;5531
27;0.75;MoveWest;(23, 8);;(23, 8);1;5532
27;0.75;MoveWest;(23, 8);;(23, 8);1;5533
27;0.75;MoveWest;(23, 8);;(23, 8);1;5534
27;0.75;MoveWest;(23, 8);;(23, 8);1;5535
27;0.75;MoveWest;(23, 8);;(23, 8);1;5536
27;0.75;MoveWest;(23, 8);;(23, 8);1;5537
27;0.75;MoveWest;(22, 8);;(23, 8);1;5538
27;0.75;MoveWest;(22, 8);;(23, 8);1;5539
27;0.75;MoveWest;(22, 8);;(23, 8);1;5540
27;0.75;MoveWest;(22, 8);;(23, 8);1;5541
27;0.75;MoveWest;(22, 8);;(23, 8);1;5542
27;0.75;MoveWest;(22, 8);;(23, 8);1;5543
27;0.75;MoveWest;(22, 8);;(23, 8);1;5544
27;0.75;MoveWest;(22, 8);;(23, 8);1;5545
27;0.75;MoveWest;(22, 8);;(23, 8);1;5546
27;0.75;MoveWest;(21, 8);;(23, 8);1;5547
27;0.75;MoveWest;(21, 8);;(23, 8);1;5548
27;0.75;MoveWest;(21, 8);;(23, 8);1;5549
27;0.75;MoveWest;(21, 8);;(23, 8);1;5550
27;0.75;MoveWest;(21, 8);;(23, 8);1;5551
27;0.75;MoveWest;(21, 8);;(23, 8);1;5552
27;0.75;MoveWest;(21, 8);;(23, 8);1;5553
27;0.75;MoveWest;(21, 8);;(23, 8);1;5554
27;0.75;MoveWest;(21, 8);;(23, 8);1;5555
27;0.75;MoveWest;(20, 8);;(23, 8);1;5556
27;0.75;MoveWest;(20, 8);;(23, 8);1;5557
27;0.75;MoveWest;(20, 8);;(23, 8);1;5558
27;0.75;MoveWest;(20, 8);;(23, 8);1;5559
27;0.75;MoveWest;(20, 8);;(23, 8);1;5560
27;0.75;MoveWest;(20, 8);;(23, 8);1;5561
27;0.75;MoveWest;(20, 8);;(23, 8);1;5562
27;0.75;MoveWest;(20, 8);;(23, 8);1;5563
27;0.75;MoveWest;(20, 8);;(23, 8);1;5564
27;0.75;MoveWest;(19, 8);;(23, 8);1;5565
27;0.75;MoveNorthWest;(19, 8);;(23, 8);1;5566
27;0.75;MoveNorthWest;(19, 8);;(23, 8);1;5567
27;0.75;MoveNorthWest;(19, 8);;(23, 8);1;5568
27;0.75;MoveNorthWest;(19, 8);;(23, 8);1;5569
27;0.75;MoveNorthWest;(19, 8);;(23, 8);1;5570
27;0.75;MoveNorthWest;(19, 8);;(23, 8);1;5571
27;0.75;MoveNorthWest;(19, 8);;(23, 8);1;5572
27;0.75;MoveNorthWest;(19, 8);;(23, 8);1;5573
27;0.75;MoveNorthWest;(19, 8);;(23, 8);1;5574
27;0.75;MoveNorthWest;(19, 8);;(23, 8);1;5575
27;0.75;MoveNorthWest;(19, 8);;(23, 8);1;5576
27;0.75;MoveNorthWest;(19, 8);;(23, 8);1;5577
27;0.75;MoveNorthWest;(19, 8);;(23, 8);1;5578
27;0.75;MoveNorthWest;(18, 7);;(23, 8);1;5579
27;0.75;MoveNorthWest;(18, 7);;(23, 8);1;5580
27;0.75;MoveNorthWest;(18, 7);;(23, 8);1;5581
27;0.75;MoveNorthWest;(18, 7);;(23, 8);1;5582
27;0.75;MoveNorthWest;(18, 7);;(23, 8);1;5583
27;0.75;MoveNorthWest;(18, 7);;(23, 8);1;5584
27;0.75;MoveNorthWest;(18, 7);;(23, 8);1;5585
27;0.75;MoveNorthWest;(18, 7);;(23, 8);1;5586
27;0.75;MoveNorthWest;(18, 7);;(23, 8);1;5587
27;0.75;MoveNorthWest;(17, 6);;(23, 8);1;5588
27;0.75;MoveWest;(17, 6);;(23, 8);1;5589
27;0.75;MoveWest;(17, 6);;(23, 8);1;5590
27;0.75;MoveWest;(17, 6);;(23, 8);1;5591
27;0.75;MoveWest;(17, 6);;(23, 8);1;5592
27;0.75;MoveWest;(17, 6);;(23, 8);1;5593
27;0.75;MoveWest;(17, 6);;(23, 8);1;5594
27;0.75;MoveWest;(17, 6);;(23, 8);1;5595
27;0.75;MoveWest;(17, 6);;(23, 8);1;5596
27;0.75;MoveWest;(16, 6);;(23, 8);1;5597
27;0.75;MoveWest;(16, 6);;(23, 8);1;5598
27;0.75;MoveWest;(16, 6);;(23, 8);1;5599
27;0.75;MoveWest;(16, 6);;(23, 8);1;5600
27;0.75;MoveWest;(16, 6);;(23, 8);1;5601
27;0.75;MoveWest;(16, 6);;(23, 8);1;5602
27;0.75;MoveWest;(16, 6);;(23, 8);1;5603
27;0.75;MoveWest;(16, 6);;(23, 8);1;5604
27;0.75;MoveWest;(16, 6);;(23, 8);1;5605
27;0.75;MoveWest;(15, 6);;(23, 8);1;5606
27;0.75;MoveWest;(15, 6);;(23, 8);1;5607
27;0.75;MoveWest;(15, 6);;(23, 8);1;5608
27;0.75;MoveWest;(15, 6);;(23, 8);1;5609
27;0.75;MoveWest;(15, 6);;(23, 8);1;5610
27;0.75;MoveWest;(15, 6);;(23, 8);1;5611
27;0.75;MoveWest;(15, 6);;(23, 8);1;5612
27;0.75;MoveWest;(15, 6);;(23, 8);1;5613
27;0.75;MoveWest;(15, 6);;(23, 8);1;5614
27;0.75;MoveWest;(14, 6);;(23, 8);1;5615
27;0.75;MoveWest;(14, 6);;(23, 8);1;5616
27;0.75;MoveWest;(14, 6);;(23, 8);1;5617
27;0.75;MoveWest;(14, 6);;(23, 8);1;5618
27;0.75;MoveWest;(14, 6);;(23, 8);1;5619
27;0.75;MoveWest;(14, 6);;(23, 8);1;5620
27;0.75;MoveWest;(14, 6);;(23, 8);1;5621
27;0.75;MoveWest;(14, 6);;(23, 8);1;5622
27;0.75;MoveWest;(14, 6);;(23, 8);1;5623
27;0.75;MoveWest;(13, 6);;(23, 8);1;5624
27;0.75;MoveWest;(13, 6);;(23, 8);1;5625
27;0.75;MoveWest;(13, 6);;(23, 8);1;5626
27;0.75;MoveWest;(13, 6);;(23, 8);1;5627
27;0.75;MoveWest;(13, 6);;(23, 8);1;5628
27;0.75;MoveWest;(13, 6);;(23, 8);1;5629
27;0.75;MoveWest;(13, 6);;(23, 8);1;5630
27;0.75;MoveWest;(13, 6);;(23, 8);1;5631
27;0.75;MoveWest;(13, 6);;(23, 8);1;5632
27;0.75;MoveWest;(12, 6);;(23, 8);1;5633
27;0.75;MoveWest;(12, 6);;(23, 8);1;5634
27;0.75;MoveWest;(12, 6);;(23, 8);1;5635
27;0.75;MoveWest;(12, 6);;(23, 8);1;5636
27;0.75;MoveWest;(12, 6);;(23, 8);1;5637
27;0.75;MoveWest;(12, 6);;(23, 8);1;5638
27;0.75;MoveWest;(12, 6);;(23, 8);1;5639
27;0.75;MoveWest;(12, 6);;(23, 8);1;5640
27;0.75;MoveWest;(12, 6);;(23, 8);1;5641
27;0.75;MoveWest;(12, 6);;(23, 8);1;5642
27;0.75;MoveWest;(12, 6);;(23, 8);1;5643
27;0.75;MoveWest;(12, 6);;(23, 8);1;5644
27;0.75;MoveWest;(12, 6);;(23, 8);1;5645
27;0.75;MoveWest;(12, 6);;(23, 8);1;5646
27;0.75;MoveWest;(11, 6);;(23, 8);1;5647
27;0.75;MoveWest;(11, 6);;(23, 8);1;5648
27;0.75;MoveWest;(11, 6);;(23, 8);1;5649
27;0.75;MoveWest;(11, 6);;(23, 8);1;5650
27;0.75;MoveWest;(11, 6);;(23, 8);1;5651
27;0.75;MoveWest;(11, 6);;(23, 8);1;5652
27;0.75;MoveWest;(11, 6);;(23, 8);1;5653
27;0.75;MoveWest;(11, 6);;(23, 8);1;5654
27;0.75;MoveWest;(11, 6);;(23, 8);1;5655
27;0.75;MoveWest;(11, 6);;(23, 8);1;5656
27;0.75;MoveWest;(11, 6);;(23, 8);1;5657
27;0.75;MoveWest;(11, 6);;(23, 8);1;5658
27;0.75;MoveWest;(11, 6);;(23, 8);1;5659
27;0.75;MoveWest;(11, 6);;(23, 8);1;5660
27;0.75;MoveWest;(10, 6);;(23, 8);1;5661
27;0.75;MoveWest;(10, 6);;(23, 8);1;5662
27;0.75;MoveWest;(10, 6);;(23, 8);1;5663
27;0.75;MoveWest;(10, 6);;(23, 8);1;5664
27;0.75;MoveWest;(10, 6);;(23, 8);1;5665
27;0.75;MoveWest;(10, 6);;(23, 8);1;5666
27;0.75;MoveWest;(10, 6);;(23, 8);1;5667
27;0.75;MoveWest;(10, 6);;(23, 8);1;5668
27;0.75;MoveWest;(10, 6);;(23, 8);1;5669
27;0.75;MoveWest;(10, 6);;(23, 8);1;5670
27;0.75;MoveWest;(10, 6);;(23, 8);1;5671
27;0.75;MoveWest;(10, 6);;(23, 8);1;5672
27;0.75;MoveWest;(10, 6);;(23, 8);1;5673
27;0.75;MoveWest;(10, 6);;(23, 8);1;5674
27;0.75;MoveWest;(9, 6);;(23, 8);1;5675
27;0.75;MoveWest;(9, 6);;(23, 8);1;5676
27;0.75;MoveWest;(9, 6);;(23, 8);1;5677
27;0.75;MoveWest;(9, 6);;(23, 8);1;5678
27;0.75;MoveWest;(9, 6);;(23, 8);1;5679
27;0.75;MoveWest;(9, 6);;(23, 8);1;5680
27;0.75;MoveWest;(9, 6);;(23, 8);1;5681
27;0.75;MoveWest;(9, 6);;(23, 8);1;5682
27;0.75;MoveWest;(9, 6);;(23, 8);1;5683
27;0.75;MoveWest;(8, 6);;(23, 8);1;5684
27;0.75;MoveWest;(8, 6);;(23, 8);1;5685
27;0.75;MoveWest;(8, 6);;(23, 8);1;5686
27;0.75;MoveWest;(8, 6);;(23, 8);1;5687
27;0.75;MoveWest;(8, 6);;(23, 8);1;5688
27;0.75;MoveWest;(8, 6);;(23, 8);1;5689
27;0.75;MoveWest;(8, 6);;(23, 8);1;5690
27;0.75;MoveWest;(8, 6);;(23, 8);1;5691
27;0.75;MoveWest;(8, 6);;(23, 8);1;5692
27;0.75;MoveWest;(7, 6);;(23, 8);1;5693
27;0.75;MoveWest;(7, 6);;(23, 8);1;5694
27;0.75;MoveWest;(7, 6);;(23, 8);1;5695
27;0.75;MoveWest;(7, 6);;(23, 8);1;5696
27;0.75;MoveWest;(7, 6);;(23, 8);1;5697
27;0.75;MoveWest;(7, 6);;(23, 8);1;5698
27;0.75;MoveWest;(7, 6);;(23, 8);1;5699
27;0.75;MoveWest;(7, 6);;(23, 8);1;5700
27;0.75;MoveWest;(7, 6);;(23, 8);1;5701
27;0.75;MoveWest;(6, 6);;(23, 8);1;5702
27;0.75;MoveWest;(6, 6);;(23, 8);1;5703
27;0.75;MoveWest;(6, 6);;(23, 8);1;5704
27;0.75;MoveWest;(6, 6);;(23, 8);1;5705
27;0.75;MoveWest;(6, 6);;(23, 8);1;5706
27;0.75;MoveWest;(6, 6);;(23, 8);1;5707
27;0.75;MoveWest;(6, 6);;(23, 8);1;5708
27;0.75;MoveWest;(6, 6);;(23, 8);1;5709
27;0.75;MoveWest;(6, 6);;(23, 8);1;5710
27;0.75;MoveWest;(5, 6);;(23, 8);1;5711
27;0.75;MoveNorthWest;(5, 6);;(23, 8);1;5712
27;0.75;MoveNorthWest;(5, 6);;(23, 8);1;5713
27;0.75;MoveNorthWest;(5, 6);;(23, 8);1;5714
27;0.75;MoveNorthWest;(5, 6);;(23, 8);1;5715
27;0.75;MoveNorthWest;(5, 6);;(23, 8);1;5716
27;0.75;MoveNorthWest;(5, 6);;(23, 8);1;5717
27;0.75;MoveNorthWest;(5, 6);;(23, 8);1;5718
27;0.75;MoveNorthWest;(5, 6);;(23, 8);1;5719
27;0.75;MoveNorthWest;(4, 5);;(23, 8);1;5720
27;0.75;MoveWest;(4, 5);;(23, 8);1;5721
27;0.75;MoveWest;(4, 5);;(23, 8);1;5722
27;0.75;MoveWest;(4, 5);;(23, 8);1;5723
27;0.75;MoveWest;(4, 5);;(23, 8);1;5724
27;0.75;MoveWest;(4, 5);;(23, 8);1;5725
27;0.75;MoveWest;(4, 5);;(23, 8);1;5726
27;0.75;MoveWest;(4, 5);;(23, 8);1;5727
27;0.75;MoveWest;(4, 5);;(23, 8);1;5728
27;0.75;MoveWest;(3, 5);;(23, 8);1;5729
27;0.75;;(3, 5);;(23, 8);1;5730
27;0.75;;(3, 5);;(23, 8);1;5731
27;0.75;;(3, 5);;(23, 8);1;5732
27;0.75;;(3, 5);;(23, 8);1;5733
27;0.75;;(3, 5);;(23, 8);1;5734
27;0.75;;(3, 5);;(23, 8);1;5735
27;0.75;;(3, 5);;(23, 8);1;5736
27;0.75;;(3, 5);;(23, 8);1;5737
27;0.75;;(3, 5);;(23, 8);1;5738
27;0.75;;(3, 5);;(23, 8);1;5739
27;0.75;;(3, 5);;(23, 8);1;5740
27;0.75;;(3, 5);;(23, 8);1;5741
27;0.75;;(3, 5);;(23, 8);1;5742
27;0.75;;(3, 5);;(23, 8);1;5743
27;0.75;;(3, 5);;(23, 8);1;5744
27;0.75;;(3, 5);;(23, 8);1;5745
27;0.75;;(3, 5);;(23, 8);1;5746
27;0.75;;(3, 5);;(23, 8);1;5747
27;0.75;;(3, 5);;(23, 8);1;5748
27;0.75;;(3, 5);;(23, 8);1;5749
27;0.75;;(3, 5);;(23, 8);1;5750
27;0.75;;(3, 5);;(23, 8);1;5751
27;0.75;;(3, 5);;(23, 8);1;5752
27;0.75;;(3, 5);;(23, 8);1;5753
27;0.75;;(3, 5);;(23, 8);1;5754
27;0.75;;(3, 5);;(23, 8);1;5755
27;0.75;;(3, 5);;(23, 8);1;5756
27;0.75;;(3, 5);;(23, 8);1;5757
27;0.75;;(3, 5);;(23, 8);1;5758
27;0.75;;(3, 5);;(23, 8);1;5759
27;0.75;;(3, 5);;(23, 8);1;5760
27;0.75;;(3, 5);;(23, 8);1;5761
27;0.75;;(3, 5);;(23, 8);1;5762
27;0.75;;(3, 5);;(23, 8);1;5763
27;0.75;;(3, 5);;(23, 8);1;5764
27;0.75;;(3, 5);;(23, 8);1;5765
27;0.75;;(3, 5);;(23, 8);1;5766
27;0.75;;(3, 5);;(23, 8);1;5767
27;0.75;;(3, 5);;(23, 8);1;5768
27;0.75;;(3, 5);;(23, 8);1;5769
27;0.75;;(3, 5);;(23, 8);1;5770
27;0.75;;(3, 5);;(23, 8);1;5771
27;0.75;;(3, 5);;(23, 8);1;5772
27;0.75;;(3, 5);;(23, 8);1;5773
27;0.75;;(3, 5);;(23, 8);1;5774
27;0.75;;(3, 5);;(23, 8);1;5775
27;0.75;;(3, 5);;(23, 8);1;5776
27;0.75;;(3, 5);;(23, 8);1;5777
27;0.75;;(3, 5);;(23, 8);1;5778
27;0.75;;(3, 5);;(23, 8);1;5779
27;0.75;;(3, 5);;(23, 8);1;5780
27;0.75;;(3, 5);;(23, 8);1;5781
27;0.75;;(3, 5);;(23, 8);1;5782
27;0.75;;(3, 5);;(23, 8);1;5783
27;0.75;;(3, 5);;(23, 8);1;5784
27;0.75;;(3, 5);;(23, 8);1;5785
27;0.75;;(3, 5);;(23, 8);1;5786
27;0.75;;(3, 5);;(23, 8);1;5787
27;0.75;;(3, 5);;(23, 8);1;5788
27;0.75;;(3, 5);;(23, 8);1;5789
27;0.75;;(3, 5);;(23, 8);1;5790
27;0.75;;(3, 5);;(23, 8);1;5791
27;0.75;;(3, 5);;(23, 8);1;5792
27;0.75;;(3, 5);;(23, 8);1;5793
27;0.75;;(3, 5);;(23, 8);1;5794
27;0.75;;(3, 5);;(23, 8);1;5795
27;0.75;;(3, 5);;(23, 8);1;5796
27;0.75;;(3, 5);;(23, 8);1;5797
27;0.75;;(3, 5);;(23, 8);1;5798
27;0.75;;(3, 5);;(23, 8);1;5799
27;0.75;;(3, 5);;(23, 8);1;5800
27;0.75;MoveSouth;(3, 5);;(23, 8);1;5801
27;0.75;MoveSouth;(3, 5);;(23, 8);1;5802
27;0.75;MoveSouth;(3, 5);;(23, 8);1;5803
27;0.75;MoveSouth;(3, 5);;(23, 8);1;5804
27;0.75;MoveSouth;(3, 5);;(23, 8);1;5805
27;0.75;MoveSouth;(3, 5);;(23, 8);1;5806
27;0.75;MoveSouth;(3, 5);;(23, 8);1;5807
27;0.75;MoveSouth;(3, 5);;(23, 8);1;5808
27;0.75;MoveSouth;(3, 6);;(23, 8);1;5809
27;0.75;MoveSouth;(3, 6);;(23, 8);1;5810
27;0.75;MoveSouth;(3, 6);;(23, 8);1;5811
27;0.75;MoveSouth;(3, 6);;(23, 8);1;5812
27;0.75;MoveSouth;(3, 6);;(23, 8);1;5813
27;0.75;MoveSouth;(3, 6);;(23, 8);1;5814
27;0.75;MoveSouth;(3, 6);;(23, 8);1;5815
27;0.75;MoveSouth;(3, 6);;(23, 8);1;5816
27;0.75;MoveSouth;(3, 6);;(23, 8);1;5817
27;0.75;MoveSouth;(3, 7);;(23, 8);1;5818
27;0.75;MoveSouthWest;(3, 7);;(23, 8);1;5819
27;0.75;MoveSouthWest;(3, 7);;(23, 8);1;5820
27;0.75;MoveSouthWest;(3, 7);;(23, 8);1;5821
27;0.75;MoveSouthWest;(3, 7);;(23, 8);1;5822
27;0.75;MoveSouthWest;(3, 7);;(23, 8);1;5823
27;0.75;MoveSouthWest;(3, 7);;(23, 8);1;5824
27;0.75;MoveSouthWest;(3, 7);;(23, 8);1;5825
27;0.75;MoveSouthWest;(3, 7);;(23, 8);1;5826
27;0.75;MoveSouthWest;(2, 8);;(23, 8);1;5827
27;0.75;MoveSouthEast;(2, 8);;(23, 8);1;5828
27;0.75;MoveSouthEast;(2, 8);;(23, 8);1;5829
27;0.75;MoveSouthEast;(2, 8);;(23, 8);1;5830
27;0.75;MoveSouthEast;(2, 8);;(23, 8);1;5831
27;0.75;MoveSouthEast;(2, 8);;(23, 8);1;5832
27;0.75;MoveSouthEast;(2, 8);;(23, 8);1;5833
27;0.75;MoveSouthEast;(2, 8);;(23, 8);1;5834
27;0.75;MoveSouthEast;(2, 8);;(23, 8);1;5835
27;0.75;MoveSouthEast;(3, 9);;(23, 8);1;5836
27;0.75;MoveNorthEast;(3, 9);;(23, 8);1;5837
27;0.75;MoveNorthEast;(3, 9);;(23, 8);1;5838
27;0.75;MoveNorthEast;(3, 9);;(23, 8);1;5839
27;0.75;MoveNorthEast;(3, 9);;(23, 8);1;5840
27;0.75;MoveNorthEast;(3, 9);;(23, 8);1;5841
27;0.75;MoveNorthEast;(3, 9);;(23, 8);1;5842
27;0.75;MoveNorthEast;(3, 9);;(23, 8);1;5843
27;0.75;MoveNorthEast;(3, 9);;(23, 8);1;5844
27;0.75;MoveNorthEast;(4, 8);;(23, 8);1;5845
27;0.75;Idle;(4, 8);;(23, 8);1;5846
27;0.75;Idle;(4, 8);;(23, 8);1;5847
27;0.75;Idle;(4, 8);;(23, 8);1;5848
27;0.75;Idle;(4, 8);;(23, 8);1;5849
27;0.75;Idle;(4, 8);;(23, 8);1;5850
27;0.75;Idle;(4, 8);;(23, 8);1;5851
27;0.75;Idle;(4, 8);;(23, 8);1;5852
27;0.75;Idle;(4, 8);;(23, 8);1;5853
27;0.75;Idle;(4, 8);;(23, 8);1;5854
27;0.75;Idle;(4, 8);;(23, 8);1;5855
27;0.75;Idle;(4, 8);;(23, 8);1;5856
27;0.75;Idle;(4, 8);;(23, 8);1;5857
27;0.75;Idle;(4, 8);;(23, 8);1;5858
27;0.75;Idle;(4, 8);;(23, 8);1;5859
27;0.75;Idle;(4, 8);;(23, 8);1;5860
27;0.75;Idle;(4, 8);;(23, 8);1;5861
27;0.75;Idle;(4, 8);;(23, 8);1;5862
27;0.75;Idle;(4, 8);;(23, 8);1;5863
27;0.75;Idle;(4, 8);;(23, 8);1;5864
27;0.75;Idle;(4, 8);;(23, 8);1;5865
27;0.75;Idle;(4, 8);;(23, 8);1;5866
27;0.75;Idle;(4, 8);;(23, 8);1;5867
27;0.75;Idle;(4, 8);;(23, 8);1;5868
27;0.75;Idle;(4, 8);;(23, 8);1;5869
27;0.75;Idle;(4, 8);;(23, 8);1;5870
27;0.75;Idle;(4, 8);;(23, 8);1;5871
27;0.75;MoveNorthWest;(4, 8);;(23, 8);1;5872
27;0.75;MoveNorthWest;(4, 8);;(23, 8);1;5873
27;0.75;MoveNorthWest;(4, 8);;(23, 8);1;5874
27;0.75;MoveNorthWest;(4, 8);;(23, 8);1;5875
27;0.75;MoveNorthWest;(4, 8);;(23, 8);1;5876
27;0.75;MoveNorthWest;(4, 8);;(23, 8);1;5877
27;0.75;MoveNorthWest;(4, 8);;(23, 8);1;5878
27;0.75;MoveNorthWest;(4, 8);;(23, 8);1;5879
27;0.75;MoveNorthWest;(3, 7);;(23, 8);1;5880
27;0.75;MoveNorthEast;(3, 7);;(23, 8);1;5881
27;0.75;MoveNorthEast;(3, 7);;(23, 8);1;5882
27;0.75;MoveNorthEast;(3, 7);;(23, 8);1;5883
27;0.75;MoveNorthEast;(3, 7);;(23, 8);1;5884
27;0.75;MoveNorthEast;(3, 7);;(23, 8);1;5885
27;0.75;MoveNorthEast;(3, 7);;(23, 8);1;5886
27;0.75;MoveNorthEast;(3, 7);;(23, 8);1;5887
27;0.75;MoveNorthEast;(3, 7);;(23, 8);1;5888
27;0.75;MoveNorthEast;(4, 6);;(23, 8);1;5889
27;0.75;MoveEast;(4, 6);;(23, 8);1;5890
27;0.75;MoveEast;(4, 6);;(23, 8);1;5891
27;0.75;MoveEast;(4, 6);;(23, 8);1;5892
27;0.75;MoveEast;(4, 6);;(23, 8);1;5893
27;0.75;MoveEast;(4, 6);;(23, 8);1;5894
27;0.75;MoveEast;(4, 6);;(23, 8);1;5895
27;0.75;MoveEast;(4, 6);;(23, 8);1;5896
27;0.75;MoveEast;(4, 6);;(23, 8);1;5897
27;0.75;MoveEast;(5, 6);;(23, 8);1;5898
27;0.75;MoveSouthEast;(5, 6);;(23, 8);1;5899
27;0.75;MoveSouthEast;(5, 6);;(23, 8);1;5900
27;0.75;MoveSouthEast;(5, 6);;(23, 8);1;5901
27;0.75;MoveSouthEast;(5, 6);;(23, 8);1;5902
27;0.75;MoveSouthEast;(5, 6);;(23, 8);1;5903
27;0.75;MoveSouthEast;(5, 6);;(23, 8);1;5904
27;0.75;MoveSouthEast;(5, 6);;(23, 8);1;5905
27;0.75;MoveSouthEast;(5, 6);;(23, 8);1;5906
27;0.75;MoveSouthEast;(6, 7);;(23, 8);1;5907
27;0.75;MoveSouth;(6, 7);;(23, 8);1;5908
27;0.75;MoveSouth;(6, 7);;(23, 8);1;5909
27;0.75;MoveSouth;(6, 7);;(23, 8);1;5910
27;0.75;MoveSouth;(6, 7);;(23, 8);1;5911
27;0.75;MoveSouth;(6, 7);;(23, 8);1;5912
27;0.75;MoveSouth;(6, 7);;(23, 8);1;5913
27;0.75;MoveSouth;(6, 7);;(23, 8);1;5914
27;0.75;MoveSouth;(6, 7);;(23, 8);1;5915
27;0.75;MoveSouth;(6, 8);;(23, 8);1;5916
27;0.75;MoveSouth;(6, 8);;(23, 8);1;5917
27;0.75;MoveSouth;(6, 8);;(23, 8);1;5918
27;0.75;MoveSouth;(6, 8);;(23, 8);1;5919
27;0.75;MoveSouth;(6, 8);;(23, 8);1;5920
27;0.75;MoveSouth;(6, 8);;(23, 8);1;5921
27;0.75;MoveSouth;(6, 8);;(23, 8);1;5922
27;0.75;MoveSouth;(6, 8);;(23, 8);1;5923
27;0.75;MoveSouth;(6, 8);;(23, 8);1;5924
27;0.75;MoveSouth;(6, 9);;(23, 8);1;5925
27;0.75;MoveSouth;(6, 9);;(23, 8);1;5926
27;0.75;MoveSouth;(6, 9);;(23, 8);1;5927
27;0.75;MoveSouth;(6, 9);;(23, 8);1;5928
27;0.75;MoveSouth;(6, 9);;(23, 8);1;5929
27;0.75;MoveSouth;(6, 9);;(23, 8);1;5930
27;0.75;MoveSouth;(6, 9);;(23, 8);1;5931
27;0.75;MoveSouth;(6, 9);;(23, 8);1;5932
27;0.75;MoveSouth;(6, 9);;(23, 8);1;5933
27;0.75;MoveSouth;(6, 10);;(23, 8);1;5934
27;0.75;MoveSouth;(6, 10);;(23, 8);1;5935
27;0.75;MoveSouth;(6, 10);;(23, 8);1;5936
27;0.75;MoveSouth;(6, 10);;(23, 8);1;5937
27;0.75;MoveSouth;(6, 10);;(23, 8);1;5938
27;0.75;MoveSouth;(6, 10);;(23, 8);1;5939
27;0.75;MoveSouth;(6, 10);;(23, 8);1;5940
27;0.75;MoveSouth;(6, 10);;(23, 8);1;5941
27;0.75;MoveSouth;(6, 10);;(23, 8);1;5942
27;0.75;MoveSouth;(6, 11);;(23, 8);1;5943
27;0.75;MoveSouth;(6, 11);;(23, 8);1;5944
27;0.75;MoveSouth;(6, 11);;(23, 8);1;5945
27;0.75;MoveSouth;(6, 11);;(23, 8);1;5946
27;0.75;MoveSouth;(6, 11);;(23, 8);1;5947
27;0.75;MoveSouth;(6, 11);;(23, 8);1;5948
27;0.75;MoveSouth;(6, 11);;(23, 8);1;5949
27;0.75;MoveSouth;(6, 11);;(23, 8);1;5950
27;0.75;MoveSouth;(6, 11);;(23, 8);1;5951
27;0.75;MoveSouth;(6, 12);;(23, 8);1;5952
27;0.75;MoveSouth;(6, 12);;(23, 8);1;5953
27;0.75;MoveSouth;(6, 12);;(23, 8);1;5954
27;0.75;MoveSouth;(6, 12);;(23, 8);1;5955
27;0.75;MoveSouth;(6, 12);;(23, 8);1;5956
27;0.75;MoveSouth;(6, 12);;(23, 8);1;5957
27;0.75;MoveSouth;(6, 12);;(23, 8);1;5958
27;0.75;MoveSouth;(6, 12);;(23, 8);1;5959
27;0.75;MoveSouth;(6, 12);;(23, 8);1;5960
27;0.75;MoveSouth;(6, 12);;(23, 8);1;5961
27;0.75;MoveSouth;(6, 12);;(23, 8);1;5962
27;0.75;MoveSouth;(6, 12);;(23, 8);1;5963
27;0.75;MoveSouth;(6, 12);;(23, 8);1;5964
27;0.75;MoveSouth;(6, 12);;(23, 8);1;5965
27;0.75;MoveSouth;(6, 13);;(23, 8);1;5966
27;0.75;MoveSouth;(6, 13);;(23, 8);1;5967
27;0.75;MoveSouth;(6, 13);;(23, 8);1;5968
27;0.75;MoveSouth;(6, 13);;(23, 8);1;5969
27;0.75;MoveSouth;(6, 13);;(23, 8);1;5970
27;0.75;MoveSouth;(6, 13);;(23, 8);1;5971
27;0.75;MoveSouth;(6, 13);;(23, 8);1;5972
27;0.75;MoveSouth;(6, 13);;(23, 8);1;5973
27;0.75;MoveSouth;(6, 13);;(23, 8);1;5974
27;0.75;MoveSouth;(6, 13);;(23, 8);1;5975
27;0.75;MoveSouth;(6, 13);;(23, 8);1;5976
27;0.75;MoveSouth;(6, 13);;(23, 8);1;5977
27;0.75;MoveSouth;(6, 13);;(23, 8);1;5978
27;0.75;MoveSouth;(6, 13);;(23, 8);1;5979
27;0.75;MoveSouth;(6, 14);;(23, 8);1;5980
27;0.75;MoveSouth;(6, 14);;(23, 8);1;5981
27;0.75;MoveSouth;(6, 14);;(23, 8);1;5982
27;0.75;MoveSouth;(6, 14);;(23, 8);1;5983
27;0.75;MoveSouth;(6, 14);;(23, 8);1;5984
27;0.75;MoveSouth;(6, 14);;(23, 8);1;5985
27;0.75;MoveSouth;(6, 14);;(23, 8);1;5986
27;0.75;MoveSouth;(6, 14);;(23, 8);1;5987
27;0.75;MoveSouth;(6, 14);;(23, 8);1;5988
27;0.75;MoveSouth;(6, 14);;(23, 8);1;5989
27;0.75;MoveSouth;(6, 14);;(23, 8);1;5990
27;0.75;MoveSouth;(6, 14);;(23, 8);1;5991
27;0.75;MoveSouth;(6, 14);;(23, 8);1;5992
27;0.75;MoveSouth;(6, 14);;(23, 8);1;5993
27;0.75;MoveSouth;(6, 15);;(23, 8);1;5994
27;0.75;MoveSouth;(6, 15);;(23, 8);1;5995
27;0.75;MoveSouth;(6, 15);;(23, 8);1;5996
27;0.75;MoveSouth;(6, 15);;(23, 8);1;5997
27;0.75;MoveSouth;(6, 15);;(23, 8);1;5998
27;0.75;MoveSouth;(6, 15);;(23, 8);1;5999
27;0.75;MoveSouth;(6, 15);;(23, 8);1;6000
27;0.75;MoveSouth;(6, 15);;(23, 8);1;6001
27;0.75;MoveSouth;(6, 15);;(23, 8);1;6002
27;0.75;MoveSouth;(6, 15);;(23, 8);1;6003
27;0.75;MoveSouth;(6, 15);;(23, 8);1;6004
27;0.75;MoveSouth;(6, 15);;(23, 8);1;6005
27;0.75;MoveSouth;(6, 15);;(23, 8);1;6006
27;0.75;MoveSouth;(6, 15);;(23, 8);1;6007
27;0.75;MoveSouth;(6, 16);;(23, 8);1;6008
27;0.75;MoveSouthWest;(6, 16);;(23, 8);1;6009
27;0.75;MoveSouthWest;(6, 16);;(23, 8);1;6010
27;0.75;MoveSouthWest;(6, 16);;(23, 8);1;6011
27;0.75;MoveSouthWest;(6, 16);;(23, 8);1;6012
27;0.75;MoveSouthWest;(6, 16);;(23, 8);1;6013
27;0.75;MoveSouthWest;(6, 16);;(23, 8);1;6014
27;0.75;MoveSouthWest;(6, 16);;(23, 8);1;6015
27;0.75;MoveSouthWest;(6, 16);;(23, 8);1;6016
27;0.75;MoveSouthWest;(6, 16);;(23, 8);1;6017
27;0.75;MoveSouthWest;(6, 16);;(23, 8);1;6018
27;0.75;MoveSouthWest;(6, 16);;(23, 8);1;6019
27;0.75;MoveSouthWest;(6, 16);;(23, 8);1;6020
27;0.75;MoveSouthWest;(6, 16);;(23, 8);1;6021
27;0.75;MoveSouthWest;(5, 17);;(23, 8);1;6022
27;0.75;MoveWest;(5, 17);;(23, 8);1;6023
27;0.75;MoveWest;(5, 17);;(23, 8);1;6024
27;0.75;MoveWest;(5, 17);;(23, 8);1;6025
27;0.75;MoveWest;(5, 17);;(23, 8);1;6026
27;0.75;MoveWest;(5, 17);;(23, 8);1;6027
27;0.75;MoveWest;(5, 17);;(23, 8);1;6028
27;0.75;MoveWest;(5, 17);;(23, 8);1;6029
27;0.75;MoveWest;(5, 17);;(23, 8);1;6030
27;0.75;MoveWest;(5, 17);;(23, 8);1;6031
27;0.75;MoveWest;(5, 17);;(23, 8);1;6032
27;0.75;MoveWest;(5, 17);;(23, 8);1;6033
27;0.75;MoveWest;(5, 17);;(23, 8);1;6034
27;0.75;MoveWest;(5, 17);;(23, 8);1;6035
27;0.75;MoveWest;(4, 17);;(23, 8);1;6036
27;0.75;MoveSouthWest;(4, 17);;(23, 8);1;6037
27;0.75;MoveSouthWest;(4, 17);;(23, 8);1;6038
27;0.75;MoveSouthWest;(4, 17);;(23, 8);1;6039
27;0.75;MoveSouthWest;(4, 17);;(23, 8);1;6040
27;0.75;MoveSouthWest;(4, 17);;(23, 8);1;6041
27;0.75;MoveSouthWest;(4, 17);;(23, 8);1;6042
27;0.75;MoveSouthWest;(4, 17);;(23, 8);1;6043
27;0.75;MoveSouthWest;(4, 17);;(23, 8);1;6044
27;0.75;MoveSouthWest;(4, 17);;(23, 8);1;6045
27;0.75;MoveSouthWest;(4, 17);;(23, 8);1;6046
27;0.75;MoveSouthWest;(4, 17);;(23, 8);1;6047
27;0.75;MoveSouthWest;(4, 17);;(23, 8);1;6048
27;0.75;MoveSouthWest;(4, 17);;(23, 8);1;6049
27;0.75;MoveSouthWest;(3, 18);;(23, 8);1;6050
27;0.75;MoveSouth;(3, 18);;(23, 8);1;6051
27;0.75;MoveSouth;(3, 18);;(23, 8);1;6052
27;0.75;MoveSouth;(3, 18);;(23, 8);1;6053
27;0.75;MoveSouth;(3, 18);;(23, 8);1;6054
27;0.75;MoveSouth;(3, 18);;(23, 8);1;6055
27;0.75;MoveSouth;(3, 18);;(23, 8);1;6056
27;0.75;MoveSouth;(3, 18);;(23, 8);1;6057
27;0.75;MoveSouth;(3, 18);;(23, 8);1;6058
27;0.75;MoveSouth;(3, 19);;(23, 8);1;6059
27;0.75;MoveSouthWest;(3, 19);;(23, 8);1;6060
27;0.75;MoveSouthWest;(3, 19);;(23, 8);1;6061
27;0.75;MoveSouthWest;(3, 19);;(23, 8);1;6062
27;0.75;MoveSouthWest;(3, 19);;(23, 8);1;6063
27;0.75;MoveSouthWest;(3, 19);;(23, 8);1;6064
27;0.75;MoveSouthWest;(3, 19);;(23, 8);1;6065
27;0.75;MoveSouthWest;(3, 19);;(23, 8);1;6066
27;0.75;MoveSouthWest;(3, 19);;(23, 8);1;6067
27;0.75;MoveSouthWest;(2, 20);;(23, 8);1;6068
27;0.75;MoveSouthEast;(2, 20);;(23, 8);1;6069
27;0.75;MoveSouthEast;(2, 20);;(23, 8);1;6070
27;0.75;MoveSouthEast;(2, 20);;(23, 8);1;6071
27;0.75;MoveSouthEast;(2, 20);;(23, 8);1;6072
27;0.75;MoveSouthEast;(2, 20);;(23, 8);1;6073
27;0.75;MoveSouthEast;(2, 20);;(23, 8);1;6074
27;0.75;MoveSouthEast;(2, 20);;(23, 8);1;6075
27;0.75;MoveSouthEast;(2, 20);;(23, 8);1;6076
27;0.75;MoveSouthEast;(3, 21);;(23, 8);1;6077
27;0.75;MoveNorthEast;(3, 21);;(23, 8);1;6078
27;0.75;MoveNorthEast;(3, 21);;(23, 8);1;6079
27;0.75;MoveNorthEast;(3, 21);;(23, 8);1;6080
27;0.75;MoveNorthEast;(3, 21);;(23, 8);1;6081
27;0.75;MoveNorthEast;(3, 21);;(23, 8);1;6082
27;0.75;MoveNorthEast;(3, 21);;(23, 8);1;6083
27;0.75;MoveNorthEast;(3, 21);;(23, 8);1;6084
27;0.75;MoveNorthEast;(3, 21);;(23, 8);1;6085
27;0.75;MoveNorthEast;(4, 20);;(23, 8);1;6086
27;0.75;Idle;(4, 20);;(23, 8);1;6087
27;0.75;Idle;(4, 20);;(23, 8);1;6088
27;0.75;Idle;(4, 20);;(23, 8);1;6089
27;0.75;Idle;(4, 20);;(23, 8);1;6090
27;0.75;Idle;(4, 20);;(23, 8);1;6091
27;0.75;Idle;(4, 20);;(23, 8);1;6092
27;0.75;Idle;(4, 20);;(23, 8);1;6093
27;0.75;Idle;(4, 20);;(23, 8);1;6094
27;0.75;Idle;(4, 20);;(23, 8);1;6095
27;0.75;Idle;(4, 20);;(23, 8);1;6096
27;0.75;Idle;(4, 20);;(23, 8);1;6097
27;0.75;Idle;(4, 20);;(23, 8);1;6098
27;0.75;Idle;(4, 20);;(23, 8);1;6099
27;0.75;Idle;(4, 20);;(23, 8);1;6100
27;0.75;Idle;(4, 20);;(23, 8);1;6101
27;0.75;Idle;(4, 20);;(23, 8);1;6102
27;0.75;Idle;(4, 20);;(23, 8);1;6103
27;0.75;Idle;(4, 20);;(23, 8);1;6104
27;0.75;Idle;(4, 20);;(23, 8);1;6105
27;0.75;Idle;(4, 20);;(23, 8);1;6106
27;0.75;Idle;(4, 20);;(23, 8);1;6107
27;0.75;Idle;(4, 20);;(23, 8);1;6108
27;0.75;Idle;(4, 20);;(23, 8);1;6109
27;0.75;Idle;(4, 20);;(23, 8);1;6110
27;0.75;Idle;(4, 20);;(23, 8);1;6111
27;0.75;Idle;(4, 20);;(23, 8);1;6112
27;0.75;Idle;(4, 20);;(23, 8);1;6113
27;0.75;Idle;(4, 20);;(23, 8);1;6114
27;0.75;Idle;(4, 20);;(23, 8);1;6115
27;0.75;Idle;(4, 20);;(23, 8);1;6116
27;0.75;Idle;(4, 20);;(23, 8);1;6117
27;0.75;Idle;(4, 20);;(23, 8);1;6118
27;0.75;Idle;(4, 20);;(23, 8);1;6119
27;0.75;Idle;(4, 20);;(23, 8);1;6120
27;0.75;Idle;(4, 20);;(23, 8);1;6121
27;0.75;Idle;(4, 20);;(23, 8);1;6122
27;0.75;Idle;(4, 20);;(23, 8);1;6123
27;0.75;Idle;(4, 20);;(23, 8);1;6124
27;0.75;Idle;(4, 20);;(23, 8);1;6125
27;0.75;Idle;(4, 20);;(23, 8);1;6126
27;0.75;Idle;(4, 20);;(23, 8);1;6127
27;0.75;Idle;(4, 20);;(23, 8);1;6128
27;0.75;Idle;(4, 20);;(23, 8);1;6129
27;0.75;Idle;(4, 20);;(23, 8);1;6130
27;0.75;Idle;(4, 20);;(23, 8);1;6131
27;0.75;Idle;(4, 20);;(23, 8);1;6132
27;0.75;Idle;(4, 20);;(23, 8);1;6133
27;0.75;Idle;(4, 20);;(23, 8);1;6134
27;0.75;Idle;(4, 20);;(23, 8);1;6135
27;0.75;Idle;(4, 20);;(23, 8);1;6136
27;0.75;Idle;(4, 20);;(23, 8);1;6137
27;0.75;Idle;(4, 20);;(23, 8);1;6138
27;0.75;MoveNorthWest;(4, 20);;(23, 8);1;6139
27;0.75;MoveNorthWest;(4, 20);;(23, 8);1;6140
27;0.75;MoveNorthWest;(4, 20);;(23, 8);1;6141
27;0.75;MoveNorthWest;(4, 20);;(23, 8);1;6142
27;0.75;MoveNorthWest;(4, 20);;(23, 8);1;6143
27;0.75;MoveNorthWest;(4, 20);;(23, 8);1;6144
27;0.75;MoveNorthWest;(4, 20);;(23, 8);1;6145
27;0.75;MoveNorthWest;(4, 20);;(23, 8);1;6146
27;0.75;MoveNorthWest;(3, 19);;(23, 8);1;6147
27;0.75;MoveNorth;(3, 19);;(23, 8);1;6148
27;0.75;MoveNorth;(3, 19);;(23, 8);1;6149
27;0.75;MoveNorth;(3, 19);;(23, 8);1;6150
27;0.75;MoveNorth;(3, 19);;(23, 8);1;6151
27;0.75;MoveNorth;(3, 19);;(23, 8);1;6152
27;0.75;MoveNorth;(3, 19);;(23, 8);1;6153
27;0.75;MoveNorth;(3, 19);;(23, 8);1;6154
27;0.75;MoveNorth;(3, 19);;(23, 8);1;6155
27;0.75;MoveNorth;(3, 18);;(23, 8);1;6156
27;0.75;MoveNorth;(3, 18);;(23, 8);1;6157
27;0.75;MoveNorth;(3, 18);;(23, 8);1;6158
27;0.75;MoveNorth;(3, 18);;(23, 8);1;6159
27;0.75;MoveNorth;(3, 18);;(23, 8);1;6160
27;0.75;MoveNorth;(3, 18);;(23, 8);1;6161
27;0.75;MoveNorth;(3, 18);;(23, 8);1;6162
27;0.75;MoveNorth;(3, 18);;(23, 8);1;6163
27;0.75;MoveNorth;(3, 18);;(23, 8);1;6164
27;0.75;MoveNorth;(3, 17);;(23, 8);1;6165
27;0.75;MoveNorth;(3, 17);;(23, 8);1;6166
27;0.75;MoveNorth;(3, 17);;(23, 8);1;6167
27;0.75;MoveNorth;(3, 17);;(23, 8);1;6168
27;0.75;MoveNorth;(3, 17);;(23, 8);1;6169
27;0.75;MoveNorth;(3, 17);;(23, 8);1;6170
27;0.75;MoveNorth;(3, 17);;(23, 8);1;6171
27;0.75;MoveNorth;(3, 17);;(23, 8);1;6172
27;0.75;MoveNorth;(3, 17);;(23, 8);1;6173
27;0.75;MoveNorth;(3, 16);;(23, 8);1;6174
27;0.75;MoveNorthEast;(3, 16);;(23, 8);1;6175
27;0.75;MoveNorthEast;(3, 16);;(23, 8);1;6176
27;0.75;MoveNorthEast;(3, 16);;(23, 8);1;6177
27;0.75;MoveNorthEast;(3, 16);;(23, 8);1;6178
27;0.75;MoveNorthEast;(3, 16);;(23, 8);1;6179
27;0.75;MoveNorthEast;(3, 16);;(23, 8);1;6180
27;0.75;MoveNorthEast;(3, 16);;(23, 8);1;6181
27;0.75;MoveNorthEast;(3, 16);;(23, 8);1;6182
27;0.75;MoveNorthEast;(4, 15);;(23, 8);1;6183
27;0.75;;(4, 15);;(23, 8);1;6184
27;0.75;;(4, 15);;(23, 8);1;6185
27;0.75;;(4, 15);;(23, 8);1;6186
27;0.75;;(4, 15);;(23, 8);1;6187
27;0.75;;(4, 15);;(23, 8);1;6188
27;0.75;;(4, 15);;(23, 8);1;6189
27;0.75;;(4, 15);;(23, 8);1;6190
27;0.75;;(4, 15);;(23, 8);1;6191
27;0.75;;(4, 15);;(23, 8);1;6192
27;0.75;;(4, 15);;(23, 8);1;6193
27;0.75;;(4, 15);;(23, 8);1;6194
27;0.75;;(4, 15);;(23, 8);1;6195
27;0.75;;(4, 15);;(23, 8);1;6196
27;0.75;;(4, 15);;(23, 8);1;6197
27;0.75;;(4, 15);;(23, 8);1;6198
27;0.75;;(4, 15);;(23, 8);1;6199
27;0.75;;(4, 15);;(23, 8);1;6200
27;0.75;;(4, 15);;(23, 8);1;6201
27;0.75;;(4, 15);;(23, 8);1;6202
27;0.75;;(4, 15);;(23, 8);1;6203
27;0.75;;(4, 15);;(23, 8);1;6204
27;0.75;;(4, 15);;(23, 8);1;6205
27;0.75;;(4, 15);;(23, 8);1;6206
27;0.75;;(4, 15);;(23, 8);1;6207
27;0.75;;(4, 15);;(23, 8);1;6208
27;0.75;;(4, 15);;(23, 8);1;6209
27;0.75;;(4, 15);;(23, 8);1;6210
27;0.75;;(4, 15);;(23, 8);1;6211
27;0.75;;(4, 15);;(23, 8);1;6212
27;0.75;;(4, 15);;(23, 8);1;6213
27;0.75;;(4, 15);;(23, 8);1;6214
27;0.75;;(4, 15);;(23, 8);1;6215
27;0.75;;(4, 15);;(23, 8);1;6216
27;0.75;;(4, 15);;(23, 8);1;6217
27;0.75;;(4, 15);MoveSouth;(23, 9);1;6218
27;0.75;;(4, 15);;(23, 9);1;6219
27;0.75;;(4, 15);;(23, 9);1;6220
27;0.75;;(4, 15);;(23, 9);1;6221
27;0.75;;(4, 15);;(23, 9);1;6222
27;0.75;;(4, 15);;(23, 9);1;6223
27;0.75;;(4, 15);;(23, 9);1;6224
27;0.75;;(4, 15);;(23, 9);1;6225
27;0.75;;(4, 15);;(23, 9);1;6226
27;0.75;;(4, 15);MoveSouth;(23, 10);1;6227
27;0.75;;(4, 15);;(23, 10);1;6228
27;0.75;;(4, 15);MoveWest;(22, 10);1;6229
27;0.75;;(4, 15);;(22, 10);1;6230
27;0.75;;(4, 15);;(22, 10);1;6231
27;0.75;;(4, 15);MoveSouth;(22, 11);1;6232
27;0.75;;(4, 15);MoveSouth;(22, 12);1;6233
27;0.75;;(4, 15);MoveSouth;(22, 13);1;6234
27;0.75;;(4, 15);;(22, 13);1;6235
27;0.75;;(4, 15);MoveSouth;(22, 14);1;6236
27;0.75;;(4, 15);;(22, 14);1;6237
27;0.75;;(4, 15);MoveSouth;(22, 15);1;6238
27;0.75;;(4, 15);;(22, 15);1;6239
27;0.75;;(4, 15);;(22, 15);1;6240
27;0.75;;(4, 15);MoveSouth;(22, 16);1;6241
27;0.75;;(4, 15);;(22, 16);1;6242
27;0.75;;(4, 15);MoveSouth;(22, 17);1;6243
27;0.75;;(4, 15);MoveWest;(21, 17);1;6244
27;0.75;;(4, 15);;(21, 17);1;6245
27;0.75;;(4, 15);;(21, 17);1;6246
27;0.75;;(4, 15);;(21, 17);1;6247
27;0.75;;(4, 15);;(21, 17);1;6248
27;0.75;;(4, 15);;(21, 17);1;6249
27;0.75;;(4, 15);;(21, 17);1;6250
27;0.75;;(4, 15);MoveWest;(20, 17);1;6251
27;0.75;;(4, 15);;(20, 17);1;6252
27;0.75;;(4, 15);MoveWest;(20, 17);1;6253
27;0.75;;(4, 15);MoveWest;(20, 17);1;6254
27;0.75;;(4, 15);MoveWest;(20, 17);1;6255
27;0.75;;(4, 15);MoveWest;(20, 17);1;6256
27;0.75;;(4, 15);MoveWest;(20, 17);1;6257
27;0.75;;(4, 15);MoveWest;(19, 17);1;6258
27;0.75;;(4, 15);MoveSouth;(19, 17);1;6259
27;0.75;;(4, 15);MoveSouth;(19, 17);1;6260
27;0.75;;(4, 15);MoveSouth;(19, 17);1;6261
27;0.75;;(4, 15);MoveSouth;(19, 17);1;6262
27;0.75;;(4, 15);MoveSouth;(19, 17);1;6263
27;0.75;;(4, 15);MoveSouth;(19, 18);1;6264
27;0.75;;(4, 15);MoveWest;(18, 18);1;6265
27;0.75;;(4, 15);;(18, 18);1;6266
27;0.75;;(4, 15);;(18, 18);1;6267
27;0.75;;(4, 15);;(18, 18);1;6268
27;0.75;;(4, 15);MoveWest;(17, 18);1;6269
27;0.75;;(4, 15);;(17, 18);1;6270
27;0.75;;(4, 15);MoveWest;(16, 18);1;6271
27;0.75;;(4, 15);;(16, 18);1;6272
27;0.75;;(4, 15);;(16, 18);1;6273
27;0.75;;(4, 15);;(16, 18);1;6274
27;0.75;;(4, 15);MoveWest;(15, 18);1;6275
27;0.75;;(4, 15);MoveWest;(14, 18);1;6276
27;0.75;;(4, 15);;(14, 18);1;6277
27;0.75;;(4, 15);MoveWest;(14, 18);1;6278
27;0.75;;(4, 15);MoveWest;(14, 18);1;6279
27;0.75;;(4, 15);MoveWest;(14, 18);1;6280
27;0.75;;(4, 15);MoveWest;(14, 18);1;6281
27;0.75;;(4, 15);MoveWest;(14, 18);1;6282
27;0.75;;(4, 15);MoveWest;(13, 18);1;6283
27;0.75;;(4, 15);MoveWest;(13, 18);1;6284
27;0.75;;(4, 15);MoveWest;(13, 18);1;6285
27;0.75;;(4, 15);MoveWest;(13, 18);1;6286
27;0.75;;(4, 15);MoveWest;(13, 18);1;6287
27;0.75;;(4, 15);MoveWest;(13, 18);1;6288
27;0.75;;(4, 15);MoveWest;(12, 18);1;6289
27;0.75;;(4, 15);MoveWest;(12, 18);1;6290
27;0.75;;(4, 15);MoveWest;(12, 18);1;6291
27;0.75;;(4, 15);MoveWest;(12, 18);1;6292
27;0.75;;(4, 15);MoveWest;(12, 18);1;6293
27;0.75;;(4, 15);MoveWest;(12, 18);1;6294
27;0.75;;(4, 15);MoveWest;(11, 18);1;6295
27;0.75;;(4, 15);MoveWest;(11, 18);1;6296
27;0.75;;(4, 15);MoveWest;(11, 18);1;6297
27;0.75;;(4, 15);MoveWest;(11, 18);1;6298
27;0.75;;(4, 15);MoveWest;(11, 18);1;6299
27;0.75;;(4, 15);MoveWest;(11, 18);1;6300
27;0.75;;(4, 15);MoveWest;(10, 18);1;6301
27;0.75;;(4, 15);MoveWest;(10, 18);1;6302
27;0.75;;(4, 15);MoveWest;(10, 18);1;6303
27;0.75;;(4, 15);MoveWest;(10, 18);1;6304
27;0.75;;(4, 15);MoveWest;(10, 18);1;6305
27;0.75;;(4, 15);MoveWest;(10, 18);1;6306
27;0.75;;(4, 15);MoveWest;(9, 18);1;6307
27;0.75;;(4, 15);MoveWest;(8, 18);1;6308
27;0.75;;(4, 15);;(8, 18);1;6309
27;0.75;;(4, 15);MoveWest;(7, 18);1;6310
27;0.75;;(4, 15);MoveWest;(6, 18);1;6311
27;0.75;;(4, 15);MoveWest;(5, 18);1;6312
27;0.75;;(4, 15);;(5, 18);1;6313
27;0.75;;(4, 15);;(5, 18);1;6314
27;0.75;;(4, 15);MoveWest;(4, 18);1;6315
27;0.75;;(4, 15);MoveWest;(3, 18);1;6316
27;0.75;;(4, 15);;(3, 18);1;6317
27;0.75;;(4, 15);;(3, 18);1;6318
27;0.75;;(4, 15);;(3, 18);1;6319
27;0.75;;(4, 15);;(3, 18);1;6320
27;0.75;;(4, 15);;(3, 18);1;6321
27;0.75;;(4, 15);;(3, 18);1;6322
27;0.75;;(4, 15);MoveWest;(2, 18);1;6323
27;0.75;;(4, 15);;(2, 18);1;6324
27;0.75;;(4, 15);;(2, 18);1;6325
27;0.75;;(4, 15);;(2, 18);1;6326
27;0.75;;(4, 15);;(2, 18);1;6327
27;0.75;;(4, 15);;(2, 18);1;6328
27;0.75;;(4, 15);;(2, 18);1;6329
27;0.75;;(4, 15);;(2, 18);1;6330
27;0.75;;(4, 15);;(2, 18);1;6331
27;0.75;;(4, 15);MoveEast;(3, 18);1;6332
27;0.75;;(4, 15);;(3, 18);1;6333
27;0.75;;(4, 15);;(3, 18);1;6334
27;0.75;;(4, 15);;(3, 18);1;6335
27;0.75;;(4, 15);MoveNorth;(3, 17);1;6336
27;0.75;;(4, 15);;(3, 17);1;6337
27;0.75;;(4, 15);MoveNorth;(3, 16);1;6338
27;0.75;;(4, 15);;(3, 16);1;6339
27;0.75;;(4, 15);;(3, 16);1;6340
27;0.75;;(4, 15);;(3, 16);1;6341
27;0.75;;(4, 15);;(3, 16);1;6342
27;0.75;;(4, 15);MoveNorth;(3, 15);1;6343
27;0.75;;(4, 15);;(3, 15);1;6344
27;0.75;;(4, 15);;(3, 15);1;6345
27;0.75;;(4, 15);;(3, 15);1;6346
27;0.75;;(4, 15);;(3, 15);1;6347
27;0.75;;(4, 15);;(3, 15);1;6348
27;0.75;;(4, 15);;(3, 15);1;6349
27;0.75;;(4, 15);MoveEast;(4, 15);1;6350
27;0.75;;(4, 15);;(4, 15);1;6351
27;0.75;;(4, 15);;(4, 15);1;6352
27;0.75;;(4, 15);;(4, 15);1;6353
27;0.75;;(4, 15);;(4, 15);1;6354
27;0.75;;(4, 15);;(4, 15);1;6355
27;0.75;;(4, 15);;(4, 15);1;6356
27;0.75;;(4, 15);;(4, 15);1;6357
27;0.75;;(4, 15);;(4, 15);1;6358
27;0.75;;(4, 15);;(4, 15);1;6359
27;0.75;;(4, 15);;(4, 15);1;6360
27;0.75;;(4, 15);;(4, 15);1;6361
27;0.75;;(4, 15);;(4, 15);1;6362
27;0.75;;(4, 15);;(4, 15);1;6363
27;0.75;;(4, 15);;(4, 15);1;6364
27;0.75;;(4, 15);;(4, 15);1;6365
27;0.75;;(4, 15);CarryObjectTogether;(4, 15);1;6366
27;0.75;;(4, 15);;(4, 15);1;6367
27;0.75;;(4, 15);;(4, 15);1;6368
27;0.75;;(4, 15);;(4, 15);1;6369
27;0.75;;(4, 15);;(4, 15);1;6370
27;0.75;;(4, 15);;(4, 15);1;6371
27;0.75;;(4, 15);;(4, 15);1;6372
27;0.75;;(4, 15);;(4, 15);1;6373
27;0.75;;(4, 15);;(4, 15);1;6374
27;0.75;;(4, 15);MoveWest;(3, 15);1;6375
27;0.75;;(4, 15);;(3, 15);1;6376
27;0.75;;(4, 15);;(3, 15);1;6377
27;0.75;;(4, 15);MoveSouth;(3, 16);1;6378
27;0.75;;(4, 15);;(3, 16);1;6379
27;0.75;;(4, 15);MoveSouth;(3, 17);1;6380
27;0.75;;(4, 15);MoveSouth;(3, 18);1;6381
27;0.75;;(4, 15);;(3, 18);1;6382
27;0.75;;(4, 15);;(3, 18);1;6383
27;0.75;;(4, 15);MoveSouth;(3, 19);1;6384
27;0.75;;(4, 15);;(3, 19);1;6385
27;0.75;;(4, 15);;(3, 19);1;6386
27;0.75;;(4, 15);;(3, 19);1;6387
27;0.75;;(4, 15);;(3, 19);1;6388
27;0.75;;(4, 15);MoveEast;(3, 19);1;6389
27;0.75;;(4, 15);;(3, 19);1;6390
27;0.75;;(4, 15);;(3, 19);1;6391
27;0.75;;(4, 15);;(3, 19);1;6392
27;0.75;;(4, 15);;(3, 19);1;6393
27;0.75;;(4, 15);MoveEast;(3, 19);1;6394
27;0.75;;(4, 15);MoveEast;(3, 19);1;6395
27;0.75;;(4, 15);MoveNorth;(3, 18);1;6396
27;0.75;;(4, 15);;(3, 18);1;6397
27;0.75;;(4, 15);MoveEast;(4, 18);1;6398
27;0.75;;(4, 15);;(4, 18);1;6399
27;0.75;;(4, 15);;(4, 18);1;6400
27;0.75;;(4, 15);;(4, 18);1;6401
27;0.75;;(4, 15);;(4, 18);1;6402
27;0.75;;(4, 15);;(4, 18);1;6403
27;0.75;;(4, 15);MoveEast;(5, 18);1;6404
27;0.75;;(4, 15);MoveEast;(6, 18);1;6405
27;0.75;;(4, 15);MoveEast;(7, 18);1;6406
27;0.75;;(4, 15);;(7, 18);1;6407
27;0.75;;(4, 15);MoveEast;(8, 18);1;6408
27;0.75;;(4, 15);MoveEast;(9, 18);1;6409
27;0.75;;(4, 15);MoveEast;(10, 18);1;6410
27;0.75;;(4, 15);MoveEast;(10, 18);1;6411
27;0.75;;(4, 15);MoveEast;(10, 18);1;6412
27;0.75;;(4, 15);MoveEast;(10, 18);1;6413
27;0.75;;(4, 15);MoveEast;(10, 18);1;6414
27;0.75;;(4, 15);MoveEast;(10, 18);1;6415
27;0.75;;(4, 15);MoveEast;(11, 18);1;6416
27;0.75;;(4, 15);MoveEast;(11, 18);1;6417
27;0.75;;(4, 15);MoveEast;(11, 18);1;6418
27;0.75;;(4, 15);MoveEast;(11, 18);1;6419
27;0.75;;(4, 15);MoveEast;(11, 18);1;6420
27;0.75;;(4, 15);MoveEast;(11, 18);1;6421
27;0.75;;(4, 15);MoveEast;(12, 18);1;6422
27;0.75;;(4, 15);MoveEast;(12, 18);1;6423
27;0.75;;(4, 15);MoveEast;(12, 18);1;6424
27;0.75;;(4, 15);MoveEast;(12, 18);1;6425
27;0.75;;(4, 15);MoveEast;(12, 18);1;6426
27;0.75;;(4, 15);MoveEast;(12, 18);1;6427
27;0.75;;(4, 15);MoveEast;(13, 18);1;6428
27;0.75;;(4, 15);MoveEast;(13, 18);1;6429
27;0.75;;(4, 15);MoveEast;(13, 18);1;6430
27;0.75;;(4, 15);MoveEast;(13, 18);1;6431
27;0.75;;(4, 15);MoveEast;(13, 18);1;6432
27;0.75;;(4, 15);MoveEast;(13, 18);1;6433
27;0.75;;(4, 15);MoveEast;(14, 18);1;6434
27;0.75;;(4, 15);MoveEast;(14, 18);1;6435
27;0.75;;(4, 15);MoveEast;(14, 18);1;6436
27;0.75;;(4, 15);MoveEast;(14, 18);1;6437
27;0.75;;(4, 15);MoveEast;(14, 18);1;6438
27;0.75;;(4, 15);MoveEast;(14, 18);1;6439
27;0.75;;(4, 15);MoveEast;(15, 18);1;6440
27;0.75;;(4, 15);;(15, 18);1;6441
27;0.75;;(4, 15);;(15, 18);1;6442
27;0.75;;(4, 15);;(15, 18);1;6443
27;0.75;;(4, 15);;(15, 18);1;6444
27;0.75;;(4, 15);;(15, 18);1;6445
27;0.75;;(4, 15);MoveEast;(16, 18);1;6446
27;0.75;;(4, 15);MoveEast;(17, 18);1;6447
27;0.75;;(4, 15);;(17, 18);1;6448
27;0.75;;(4, 15);MoveEast;(18, 18);1;6449
27;0.75;;(4, 15);MoveEast;(19, 18);1;6450
27;0.75;;(4, 15);MoveEast;(20, 18);1;6451
27;0.75;;(4, 15);MoveEast;(20, 18);1;6452
27;0.75;;(4, 15);MoveEast;(20, 18);1;6453
27;0.75;;(4, 15);MoveEast;(20, 18);1;6454
27;0.75;;(4, 15);MoveEast;(20, 18);1;6455
27;0.75;;(4, 15);MoveEast;(20, 18);1;6456
27;0.75;;(4, 15);MoveEast;(21, 18);1;6457
27;0.75;;(4, 15);MoveEast;(22, 18);1;6458
27;0.75;;(4, 15);MoveEast;(23, 18);1;6459
27;0.75;;(4, 15);MoveEast;(23, 18);1;6460
27;0.75;;(4, 15);MoveEast;(23, 18);1;6461
27;0.75;;(4, 15);;(23, 18);1;6462
27;0.75;;(4, 15);;(23, 18);1;6463
27;0.75;;(4, 15);;(23, 18);1;6464
27;0.75;;(4, 15);;(23, 18);1;6465
27;0.75;;(4, 15);;(23, 18);1;6466
27;0.75;;(4, 15);;(23, 18);1;6467
27;0.75;;(4, 15);;(23, 18);1;6468
27;0.75;;(4, 15);;(23, 18);1;6469
27;0.75;;(4, 15);;(23, 18);1;6470
27;0.75;;(4, 15);MoveNorth;(23, 17);1;6471
27;0.75;;(4, 15);MoveNorth;(23, 16);1;6472
27;0.75;;(4, 15);;(23, 16);1;6473
27;0.75;;(4, 15);;(23, 16);1;6474
27;0.75;;(4, 15);MoveNorth;(23, 15);1;6475
27;0.75;;(4, 15);;(23, 15);1;6476
27;0.75;;(4, 15);;(23, 15);1;6477
27;0.75;;(4, 15);;(23, 15);1;6478
27;0.75;;(4, 15);;(23, 15);1;6479
27;0.75;;(4, 15);;(23, 15);1;6480
27;0.75;;(4, 15);;(23, 15);1;6481
27;0.75;;(4, 15);MoveNorth;(23, 14);1;6482
27;0.75;;(4, 15);;(23, 14);1;6483
27;0.75;;(4, 15);MoveNorth;(23, 13);1;6484
27;0.75;;(4, 15);MoveNorth;(23, 12);1;6485
27;0.75;;(4, 15);;(23, 12);1;6486
27;0.75;;(4, 15);;(23, 12);1;6487
27;0.75;;(4, 15);;(23, 12);1;6488
27;0.75;;(4, 15);;(23, 12);1;6489
27;0.75;;(4, 15);MoveNorth;(23, 11);1;6490
27;0.75;;(4, 15);;(23, 11);1;6491
27;0.75;;(4, 15);;(23, 11);1;6492
27;0.75;;(4, 15);;(23, 11);1;6493
27;0.75;;(4, 15);;(23, 11);1;6494
27;0.75;;(4, 15);;(23, 11);1;6495
27;0.75;;(4, 15);MoveNorth;(23, 10);1;6496
27;0.75;;(4, 15);;(23, 10);1;6497
27;0.75;;(4, 15);;(23, 10);1;6498
27;0.75;;(4, 15);;(23, 10);1;6499
27;0.75;;(4, 15);;(23, 10);1;6500
27;0.75;;(4, 15);;(23, 10);1;6501
27;0.75;;(4, 15);;(23, 10);1;6502
27;0.75;;(4, 15);;(23, 10);1;6503
27;0.75;;(4, 15);;(23, 10);1;6504
27;0.75;;(4, 15);;(23, 10);1;6505
27;0.75;;(4, 15);;(23, 10);1;6506
27;0.75;;(4, 15);;(23, 10);1;6507
27;0.75;;(4, 15);;(23, 10);1;6508
27;0.75;;(4, 15);;(23, 10);1;6509
27;0.75;;(4, 15);;(23, 10);1;6510
27;0.75;;(4, 15);;(23, 10);1;6511
27;0.75;;(4, 15);;(23, 10);1;6512
27;0.75;;(4, 15);;(23, 10);1;6513
27;0.75;;(4, 15);;(23, 10);1;6514
27;0.75;;(4, 15);;(23, 10);1;6515
33;0.875;;(23, 10);DropObjectTogether;(23, 10);1;6516
33;0.875;MoveSouthWest;(23, 10);;(23, 10);1;6517
33;0.875;MoveSouthWest;(23, 10);;(23, 10);1;6518
33;0.875;MoveSouthWest;(23, 10);;(23, 10);1;6519
33;0.875;MoveSouthWest;(23, 10);;(23, 10);1;6520
33;0.875;MoveSouthWest;(23, 10);;(23, 10);1;6521
33;0.875;MoveSouthWest;(23, 10);;(23, 10);1;6522
33;0.875;MoveSouthWest;(23, 10);;(23, 10);1;6523
33;0.875;MoveSouthWest;(23, 10);;(23, 10);1;6524
33;0.875;MoveSouthWest;(22, 11);MoveWest;(22, 10);1;6525
33;0.875;MoveSouthWest;(22, 11);;(22, 10);1;6526
33;0.875;MoveSouthWest;(22, 11);;(22, 10);1;6527
33;0.875;MoveSouthWest;(22, 11);;(22, 10);1;6528
33;0.875;MoveSouthWest;(22, 11);;(22, 10);1;6529
33;0.875;MoveSouthWest;(22, 11);;(22, 10);1;6530
33;0.875;MoveSouthWest;(22, 11);;(22, 10);1;6531
33;0.875;MoveSouthWest;(22, 11);;(22, 10);1;6532
33;0.875;MoveSouthWest;(22, 11);;(22, 10);1;6533
33;0.875;MoveSouthWest;(21, 12);;(22, 10);1;6534
33;0.875;MoveSouthWest;(21, 12);;(22, 10);1;6535
33;0.875;MoveSouthWest;(21, 12);;(22, 10);1;6536
33;0.875;MoveSouthWest;(21, 12);;(22, 10);1;6537
33;0.875;MoveSouthWest;(21, 12);;(22, 10);1;6538
33;0.875;MoveSouthWest;(21, 12);;(22, 10);1;6539
33;0.875;MoveSouthWest;(21, 12);;(22, 10);1;6540
33;0.875;MoveSouthWest;(21, 12);;(22, 10);1;6541
33;0.875;MoveSouthWest;(21, 12);;(22, 10);1;6542
33;0.875;MoveSouthWest;(20, 13);;(22, 10);1;6543
33;0.875;MoveSouthWest;(20, 13);;(22, 10);1;6544
33;0.875;MoveSouthWest;(20, 13);;(22, 10);1;6545
33;0.875;MoveSouthWest;(20, 13);;(22, 10);1;6546
33;0.875;MoveSouthWest;(20, 13);;(22, 10);1;6547
33;0.875;MoveSouthWest;(20, 13);;(22, 10);1;6548
33;0.875;MoveSouthWest;(20, 13);;(22, 10);1;6549
33;0.875;MoveSouthWest;(20, 13);;(22, 10);1;6550
33;0.875;MoveSouthWest;(20, 13);;(22, 10);1;6551
33;0.875;MoveSouthWest;(19, 14);;(22, 10);1;6552
33;0.875;MoveSouthWest;(19, 14);;(22, 10);1;6553
33;0.875;MoveSouthWest;(19, 14);;(22, 10);1;6554
33;0.875;MoveSouthWest;(19, 14);;(22, 10);1;6555
33;0.875;MoveSouthWest;(19, 14);;(22, 10);1;6556
33;0.875;MoveSouthWest;(19, 14);;(22, 10);1;6557
33;0.875;MoveSouthWest;(19, 14);;(22, 10);1;6558
33;0.875;MoveSouthWest;(19, 14);;(22, 10);1;6559
33;0.875;MoveSouthWest;(19, 14);;(22, 10);1;6560
33;0.875;MoveSouthWest;(18, 15);;(22, 10);1;6561
33;0.875;MoveSouth;(18, 15);;(22, 10);1;6562
33;0.875;MoveSouth;(18, 15);;(22, 10);1;6563
33;0.875;MoveSouth;(18, 15);;(22, 10);1;6564
33;0.875;MoveSouth;(18, 15);;(22, 10);1;6565
33;0.875;MoveSouth;(18, 15);;(22, 10);1;6566
33;0.875;MoveSouth;(18, 15);;(22, 10);1;6567
33;0.875;MoveSouth;(18, 15);;(22, 10);1;6568
33;0.875;MoveSouth;(18, 15);;(22, 10);1;6569
33;0.875;MoveSouth;(18, 15);;(22, 10);1;6570
33;0.875;MoveSouth;(18, 15);;(22, 10);1;6571
33;0.875;MoveSouth;(18, 15);;(22, 10);1;6572
33;0.875;MoveSouth;(18, 15);;(22, 10);1;6573
33;0.875;MoveSouth;(18, 15);;(22, 10);1;6574
33;0.875;MoveSouth;(18, 16);;(22, 10);1;6575
33;0.875;MoveSouthWest;(18, 16);;(22, 10);1;6576
33;0.875;MoveSouthWest;(18, 16);;(22, 10);1;6577
33;0.875;MoveSouthWest;(18, 16);;(22, 10);1;6578
33;0.875;MoveSouthWest;(18, 16);;(22, 10);1;6579
33;0.875;MoveSouthWest;(18, 16);;(22, 10);1;6580
33;0.875;MoveSouthWest;(18, 16);;(22, 10);1;6581
33;0.875;MoveSouthWest;(18, 16);;(22, 10);1;6582
33;0.875;MoveSouthWest;(18, 16);;(22, 10);1;6583
33;0.875;MoveSouthWest;(18, 16);;(22, 10);1;6584
33;0.875;MoveSouthWest;(18, 16);;(22, 10);1;6585
33;0.875;MoveSouthWest;(18, 16);;(22, 10);1;6586
33;0.875;MoveSouthWest;(18, 16);;(22, 10);1;6587
33;0.875;MoveSouthWest;(18, 16);;(22, 10);1;6588
33;0.875;MoveSouthWest;(17, 17);;(22, 10);1;6589
33;0.875;MoveWest;(17, 17);;(22, 10);1;6590
33;0.875;MoveWest;(17, 17);;(22, 10);1;6591
33;0.875;MoveWest;(17, 17);;(22, 10);1;6592
33;0.875;MoveWest;(17, 17);;(22, 10);1;6593
33;0.875;MoveWest;(17, 17);;(22, 10);1;6594
33;0.875;MoveWest;(17, 17);;(22, 10);1;6595
33;0.875;MoveWest;(17, 17);;(22, 10);1;6596
33;0.875;MoveWest;(17, 17);;(22, 10);1;6597
33;0.875;MoveWest;(17, 17);;(22, 10);1;6598
33;0.875;MoveWest;(17, 17);;(22, 10);1;6599
33;0.875;MoveWest;(17, 17);;(22, 10);1;6600
33;0.875;MoveWest;(17, 17);;(22, 10);1;6601
33;0.875;MoveWest;(17, 17);;(22, 10);1;6602
33;0.875;MoveWest;(16, 17);;(22, 10);1;6603
33;0.875;MoveWest;(16, 17);;(22, 10);1;6604
33;0.875;MoveWest;(16, 17);;(22, 10);1;6605
33;0.875;MoveWest;(16, 17);;(22, 10);1;6606
33;0.875;MoveWest;(16, 17);;(22, 10);1;6607
33;0.875;MoveWest;(16, 17);;(22, 10);1;6608
33;0.875;MoveWest;(16, 17);;(22, 10);1;6609
33;0.875;MoveWest;(16, 17);;(22, 10);1;6610
33;0.875;MoveWest;(16, 17);;(22, 10);1;6611
33;0.875;MoveWest;(16, 17);;(22, 10);1;6612
33;0.875;MoveWest;(16, 17);;(22, 10);1;6613
33;0.875;MoveWest;(16, 17);;(22, 10);1;6614
33;0.875;MoveWest;(16, 17);;(22, 10);1;6615
33;0.875;MoveWest;(16, 17);;(22, 10);1;6616
33;0.875;MoveWest;(15, 17);;(22, 10);1;6617
33;0.875;MoveWest;(15, 17);;(22, 10);1;6618
33;0.875;MoveWest;(15, 17);;(22, 10);1;6619
33;0.875;MoveWest;(15, 17);;(22, 10);1;6620
33;0.875;MoveWest;(15, 17);;(22, 10);1;6621
33;0.875;MoveWest;(15, 17);;(22, 10);1;6622
33;0.875;MoveWest;(15, 17);;(22, 10);1;6623
33;0.875;MoveWest;(15, 17);;(22, 10);1;6624
33;0.875;MoveWest;(15, 17);;(22, 10);1;6625
33;0.875;MoveWest;(14, 17);;(22, 10);1;6626
33;0.875;MoveWest;(14, 17);;(22, 10);1;6627
33;0.875;MoveWest;(14, 17);;(22, 10);1;6628
33;0.875;MoveWest;(14, 17);;(22, 10);1;6629
33;0.875;MoveWest;(14, 17);;(22, 10);1;6630
33;0.875;MoveWest;(14, 17);;(22, 10);1;6631
33;0.875;MoveWest;(14, 17);;(22, 10);1;6632
33;0.875;MoveWest;(14, 17);;(22, 10);1;6633
33;0.875;MoveWest;(14, 17);;(22, 10);1;6634
33;0.875;MoveWest;(14, 17);;(22, 10);1;6635
33;0.875;MoveWest;(14, 17);;(22, 10);1;6636
33;0.875;MoveWest;(14, 17);;(22, 10);1;6637
33;0.875;MoveWest;(14, 17);;(22, 10);1;6638
33;0.875;MoveWest;(14, 17);;(22, 10);1;6639
33;0.875;MoveWest;(13, 17);;(22, 10);1;6640
33;0.875;MoveWest;(13, 17);;(22, 10);1;6641
33;0.875;MoveWest;(13, 17);;(22, 10);1;6642
33;0.875;MoveWest;(13, 17);;(22, 10);1;6643
33;0.875;MoveWest;(13, 17);;(22, 10);1;6644
33;0.875;MoveWest;(13, 17);;(22, 10);1;6645
33;0.875;MoveWest;(13, 17);;(22, 10);1;6646
33;0.875;MoveWest;(13, 17);;(22, 10);1;6647
33;0.875;MoveWest;(13, 17);;(22, 10);1;6648
33;0.875;MoveWest;(12, 17);;(22, 10);1;6649
33;0.875;MoveWest;(12, 17);;(22, 10);1;6650
33;0.875;MoveWest;(12, 17);;(22, 10);1;6651
33;0.875;MoveWest;(12, 17);;(22, 10);1;6652
33;0.875;MoveWest;(12, 17);;(22, 10);1;6653
33;0.875;MoveWest;(12, 17);;(22, 10);1;6654
33;0.875;MoveWest;(12, 17);;(22, 10);1;6655
33;0.875;MoveWest;(12, 17);;(22, 10);1;6656
33;0.875;MoveWest;(12, 17);;(22, 10);1;6657
33;0.875;MoveWest;(11, 17);;(22, 10);1;6658
33;0.875;MoveWest;(11, 17);;(22, 10);1;6659
33;0.875;MoveWest;(11, 17);;(22, 10);1;6660
33;0.875;MoveWest;(11, 17);;(22, 10);1;6661
33;0.875;MoveWest;(11, 17);;(22, 10);1;6662
33;0.875;MoveWest;(11, 17);;(22, 10);1;6663
33;0.875;MoveWest;(11, 17);MoveNorth;(22, 9);1;6664
33;0.875;MoveWest;(11, 17);;(22, 9);1;6665
33;0.875;MoveWest;(11, 17);MoveNorth;(22, 8);1;6666
33;0.875;MoveWest;(10, 17);;(22, 8);1;6667
33;0.875;MoveWest;(10, 17);;(22, 8);1;6668
33;0.875;MoveWest;(10, 17);;(22, 8);1;6669
33;0.875;MoveWest;(10, 17);;(22, 8);1;6670
33;0.875;MoveWest;(10, 17);;(22, 8);1;6671
33;0.875;MoveWest;(10, 17);;(22, 8);1;6672
33;0.875;MoveWest;(10, 17);;(22, 8);1;6673
33;0.875;MoveWest;(10, 17);;(22, 8);1;6674
33;0.875;MoveWest;(10, 17);;(22, 8);1;6675
33;0.875;MoveWest;(9, 17);;(22, 8);1;6676
33;0.875;MoveWest;(9, 17);;(22, 8);1;6677
33;0.875;MoveWest;(9, 17);;(22, 8);1;6678
33;0.875;MoveWest;(9, 17);;(22, 8);1;6679
33;0.875;MoveWest;(9, 17);MoveNorth;(22, 7);1;6680
33;0.875;MoveWest;(9, 17);;(22, 7);1;6681
33;0.875;MoveWest;(9, 17);;(22, 7);1;6682
33;0.875;MoveWest;(9, 17);;(22, 7);1;6683
33;0.875;MoveWest;(9, 17);MoveNorth;(22, 6);1;6684
33;0.875;MoveWest;(8, 17);;(22, 6);1;6685
33;0.875;MoveWest;(8, 17);;(22, 6);1;6686
33;0.875;MoveWest;(8, 17);;(22, 6);1;6687
33;0.875;MoveWest;(8, 17);MoveWest;(21, 6);1;6688
33;0.875;MoveWest;(8, 17);;(21, 6);1;6689
33;0.875;MoveWest;(8, 17);;(21, 6);1;6690
33;0.875;MoveWest;(8, 17);;(21, 6);1;6691
33;0.875;MoveWest;(8, 17);;(21, 6);1;6692
33;0.875;MoveWest;(8, 17);;(21, 6);1;6693
33;0.875;MoveWest;(8, 17);MoveWest;(20, 6);1;6694
33;0.875;MoveWest;(8, 17);MoveWest;(19, 6);1;6695
33;0.875;MoveWest;(8, 17);MoveWest;(19, 6);1;6696
33;0.875;MoveWest;(8, 17);MoveWest;(19, 6);1;6697
33;0.875;MoveWest;(8, 17);MoveWest;(19, 6);1;6698
33;0.875;MoveWest;(7, 17);MoveWest;(19, 6);1;6699
33;0.875;MoveWest;(7, 17);MoveWest;(19, 6);1;6700
33;0.875;MoveWest;(7, 17);MoveWest;(18, 6);1;6701
33;0.875;MoveWest;(7, 17);MoveWest;(17, 6);1;6702
33;0.875;MoveWest;(7, 17);MoveWest;(16, 6);1;6703
33;0.875;MoveWest;(7, 17);MoveWest;(15, 6);1;6704
33;0.875;MoveWest;(7, 17);;(15, 6);1;6705
33;0.875;MoveWest;(7, 17);MoveWest;(14, 6);1;6706
33;0.875;MoveWest;(7, 17);MoveWest;(13, 6);1;6707
33;0.875;MoveWest;(7, 17);;(13, 6);1;6708
33;0.875;MoveWest;(7, 17);MoveWest;(12, 6);1;6709
33;0.875;MoveWest;(7, 17);MoveWest;(12, 6);1;6710
33;0.875;MoveWest;(7, 17);MoveWest;(12, 6);1;6711
33;0.875;MoveWest;(7, 17);MoveWest;(12, 6);1;6712
33;0.875;MoveWest;(6, 17);MoveWest;(12, 6);1;6713
33;0.875;MoveWest;(6, 17);MoveWest;(12, 6);1;6714
33;0.875;MoveWest;(6, 17);MoveWest;(11, 6);1;6715
33;0.875;MoveWest;(6, 17);MoveWest;(11, 6);1;6716
33;0.875;MoveWest;(6, 17);MoveWest;(11, 6);1;6717
33;0.875;MoveWest;(6, 17);MoveWest;(11, 6);1;6718
33;0.875;MoveWest;(6, 17);MoveWest;(11, 6);1;6719
33;0.875;MoveWest;(6, 17);MoveWest;(11, 6);1;6720
33;0.875;MoveWest;(6, 17);MoveWest;(10, 6);1;6721
33;0.875;MoveWest;(6, 17);MoveWest;(10, 6);1;6722
33;0.875;MoveWest;(6, 17);MoveWest;(10, 6);1;6723
33;0.875;MoveWest;(6, 17);MoveWest;(10, 6);1;6724
33;0.875;MoveWest;(6, 17);MoveWest;(10, 6);1;6725
33;0.875;MoveWest;(6, 17);MoveWest;(10, 6);1;6726
33;0.875;MoveWest;(5, 17);MoveWest;(9, 6);1;6727
33;0.875;MoveWest;(5, 17);;(9, 6);1;6728
33;0.875;MoveWest;(5, 17);;(9, 6);1;6729
33;0.875;MoveWest;(5, 17);;(9, 6);1;6730
33;0.875;MoveWest;(5, 17);;(9, 6);1;6731
33;0.875;MoveWest;(5, 17);;(9, 6);1;6732
33;0.875;MoveWest;(5, 17);;(9, 6);1;6733
33;0.875;MoveWest;(5, 17);;(9, 6);1;6734
33;0.875;MoveWest;(5, 17);;(9, 6);1;6735
33;0.875;MoveWest;(5, 17);;(9, 6);1;6736
33;0.875;MoveWest;(5, 17);MoveWest;(8, 6);1;6737
33;0.875;MoveWest;(5, 17);MoveWest;(7, 6);1;6738
33;0.875;MoveWest;(5, 17);MoveWest;(6, 6);1;6739
33;0.875;MoveWest;(5, 17);MoveWest;(5, 6);1;6740
33;0.875;MoveWest;(4, 17);MoveWest;(4, 6);1;6741
33;0.875;MoveSouthWest;(4, 17);MoveWest;(3, 6);1;6742
33;0.875;MoveSouthWest;(4, 17);MoveWest;(2, 6);1;6743
33;0.875;MoveSouthWest;(4, 17);MoveWest;(1, 6);1;6744
33;0.875;MoveSouthWest;(4, 17);MoveWest;(1, 6);1;6745
33;0.875;MoveSouthWest;(4, 17);MoveWest;(1, 6);1;6746
33;0.875;MoveSouthWest;(4, 17);MoveWest;(1, 6);1;6747
33;0.875;MoveSouthWest;(4, 17);MoveWest;(1, 6);1;6748
33;0.875;MoveSouthWest;(4, 17);MoveWest;(1, 6);1;6749
33;0.875;MoveSouthWest;(4, 17);MoveWest;(1, 6);1;6750
33;0.875;MoveSouthWest;(4, 17);MoveWest;(1, 6);1;6751
33;0.875;MoveSouthWest;(4, 17);MoveWest;(1, 6);1;6752
33;0.875;MoveSouthWest;(4, 17);MoveWest;(1, 6);1;6753
33;0.875;MoveSouthWest;(4, 17);MoveWest;(1, 6);1;6754
33;0.875;MoveSouthWest;(3, 18);MoveWest;(1, 6);1;6755
33;0.875;MoveSouth;(3, 18);;(1, 6);1;6756
33;0.875;MoveSouth;(3, 18);;(1, 6);1;6757
33;0.875;MoveSouth;(3, 18);;(1, 6);1;6758
33;0.875;MoveSouth;(3, 18);;(1, 6);1;6759
33;0.875;MoveSouth;(3, 18);;(1, 6);1;6760
33;0.875;MoveSouth;(3, 18);;(1, 6);1;6761
33;0.875;MoveSouth;(3, 18);;(1, 6);1;6762
33;0.875;MoveSouth;(3, 18);;(1, 6);1;6763
33;0.875;MoveSouth;(3, 19);MoveEast;(2, 6);1;6764
33;0.875;MoveSouthWest;(3, 19);MoveEast;(3, 6);1;6765
33;0.875;MoveSouthWest;(3, 19);;(3, 6);1;6766
33;0.875;MoveSouthWest;(3, 19);;(3, 6);1;6767
33;0.875;MoveSouthWest;(3, 19);;(3, 6);1;6768
33;0.875;MoveSouthWest;(3, 19);;(3, 6);1;6769
33;0.875;MoveSouthWest;(3, 19);;(3, 6);1;6770
33;0.875;MoveSouthWest;(3, 19);;(3, 6);1;6771
33;0.875;MoveSouthWest;(3, 19);MoveNorth;(3, 5);1;6772
33;0.875;MoveSouthWest;(2, 20);;(3, 5);1;6773
33;0.875;MoveSouthEast;(2, 20);;(3, 5);1;6774
33;0.875;MoveSouthEast;(2, 20);;(3, 5);1;6775
33;0.875;MoveSouthEast;(2, 20);;(3, 5);1;6776
33;0.875;MoveSouthEast;(2, 20);;(3, 5);1;6777
33;0.875;MoveSouthEast;(2, 20);;(3, 5);1;6778
33;0.875;MoveSouthEast;(2, 20);;(3, 5);1;6779
33;0.875;MoveSouthEast;(2, 20);;(3, 5);1;6780
33;0.875;MoveSouthEast;(2, 20);;(3, 5);1;6781
33;0.875;MoveSouthEast;(3, 21);;(3, 5);1;6782
33;0.875;MoveNorthEast;(3, 21);;(3, 5);1;6783
33;0.875;MoveNorthEast;(3, 21);;(3, 5);1;6784
33;0.875;MoveNorthEast;(3, 21);;(3, 5);1;6785
33;0.875;MoveNorthEast;(3, 21);;(3, 5);1;6786
33;0.875;MoveNorthEast;(3, 21);;(3, 5);1;6787
33;0.875;MoveNorthEast;(3, 21);;(3, 5);1;6788
33;0.875;MoveNorthEast;(3, 21);;(3, 5);1;6789
33;0.875;MoveNorthEast;(3, 21);;(3, 5);1;6790
33;0.875;MoveNorthEast;(4, 20);;(3, 5);1;6791
33;0.875;Idle;(4, 20);;(3, 5);1;6792
33;0.875;Idle;(4, 20);;(3, 5);1;6793
33;0.875;Idle;(4, 20);;(3, 5);1;6794
33;0.875;Idle;(4, 20);;(3, 5);1;6795
33;0.875;Idle;(4, 20);;(3, 5);1;6796
33;0.875;Idle;(4, 20);;(3, 5);1;6797
33;0.875;Idle;(4, 20);;(3, 5);1;6798
33;0.875;Idle;(4, 20);;(3, 5);1;6799
33;0.875;Idle;(4, 20);;(3, 5);1;6800
33;0.875;Idle;(4, 20);;(3, 5);1;6801
33;0.875;Idle;(4, 20);;(3, 5);1;6802
33;0.875;Idle;(4, 20);;(3, 5);1;6803
33;0.875;Idle;(4, 20);;(3, 5);1;6804
33;0.875;Idle;(4, 20);;(3, 5);1;6805
33;0.875;Idle;(4, 20);;(3, 5);1;6806
33;0.875;Idle;(4, 20);;(3, 5);1;6807
33;0.875;Idle;(4, 20);;(3, 5);1;6808
33;0.875;Idle;(4, 20);;(3, 5);1;6809
33;0.875;Idle;(4, 20);;(3, 5);1;6810
33;0.875;Idle;(4, 20);;(3, 5);1;6811
33;0.875;Idle;(4, 20);;(3, 5);1;6812
33;0.875;Idle;(4, 20);;(3, 5);1;6813
33;0.875;Idle;(4, 20);;(3, 5);1;6814
33;0.875;Idle;(4, 20);;(3, 5);1;6815
33;0.875;Idle;(4, 20);;(3, 5);1;6816
33;0.875;Idle;(4, 20);;(3, 5);1;6817
33;0.875;MoveNorthWest;(4, 20);;(3, 5);1;6818
33;0.875;MoveNorthWest;(4, 20);;(3, 5);1;6819
33;0.875;MoveNorthWest;(4, 20);;(3, 5);1;6820
33;0.875;MoveNorthWest;(4, 20);;(3, 5);1;6821
33;0.875;MoveNorthWest;(4, 20);;(3, 5);1;6822
33;0.875;MoveNorthWest;(4, 20);;(3, 5);1;6823
33;0.875;MoveNorthWest;(4, 20);;(3, 5);1;6824
33;0.875;MoveNorthWest;(4, 20);;(3, 5);1;6825
33;0.875;MoveNorthWest;(3, 19);;(3, 5);1;6826
33;0.875;MoveNorth;(3, 19);;(3, 5);1;6827
33;0.875;MoveNorth;(3, 19);;(3, 5);1;6828
33;0.875;MoveNorth;(3, 19);;(3, 5);1;6829
33;0.875;MoveNorth;(3, 19);;(3, 5);1;6830
33;0.875;MoveNorth;(3, 19);;(3, 5);1;6831
33;0.875;MoveNorth;(3, 19);;(3, 5);1;6832
33;0.875;MoveNorth;(3, 19);;(3, 5);1;6833
33;0.875;MoveNorth;(3, 19);;(3, 5);1;6834
33;0.875;MoveNorth;(3, 18);;(3, 5);1;6835
33;0.875;MoveNorth;(3, 18);;(3, 5);1;6836
33;0.875;MoveNorth;(3, 18);;(3, 5);1;6837
33;0.875;MoveNorth;(3, 18);;(3, 5);1;6838
33;0.875;MoveNorth;(3, 18);;(3, 5);1;6839
33;0.875;MoveNorth;(3, 18);;(3, 5);1;6840
33;0.875;MoveNorth;(3, 18);;(3, 5);1;6841
33;0.875;MoveNorth;(3, 18);;(3, 5);1;6842
33;0.875;MoveNorth;(3, 18);;(3, 5);1;6843
33;0.875;MoveNorth;(3, 17);;(3, 5);1;6844
33;0.875;MoveNorth;(3, 17);;(3, 5);1;6845
33;0.875;MoveNorth;(3, 17);;(3, 5);1;6846
33;0.875;MoveNorth;(3, 17);;(3, 5);1;6847
33;0.875;MoveNorth;(3, 17);;(3, 5);1;6848
33;0.875;MoveNorth;(3, 17);;(3, 5);1;6849
33;0.875;MoveNorth;(3, 17);;(3, 5);1;6850
33;0.875;MoveNorth;(3, 17);;(3, 5);1;6851
33;0.875;MoveNorth;(3, 17);;(3, 5);1;6852
33;0.875;MoveNorth;(3, 16);;(3, 5);1;6853
33;0.875;MoveNorthWest;(3, 16);;(3, 5);1;6854
33;0.875;MoveNorthWest;(3, 16);;(3, 5);1;6855
33;0.875;MoveNorthWest;(3, 16);;(3, 5);1;6856
33;0.875;MoveNorthWest;(3, 16);;(3, 5);1;6857
33;0.875;MoveNorthWest;(3, 16);;(3, 5);1;6858
33;0.875;MoveNorthWest;(3, 16);;(3, 5);1;6859
33;0.875;MoveNorthWest;(3, 16);;(3, 5);1;6860
33;0.875;MoveNorthWest;(3, 16);;(3, 5);1;6861
33;0.875;MoveNorthWest;(2, 15);;(3, 5);1;6862
33;0.875;MoveNorth;(2, 15);;(3, 5);1;6863
33;0.875;MoveNorth;(2, 15);;(3, 5);1;6864
33;0.875;MoveNorth;(2, 15);;(3, 5);1;6865
33;0.875;MoveNorth;(2, 15);;(3, 5);1;6866
33;0.875;MoveNorth;(2, 15);;(3, 5);1;6867
33;0.875;MoveNorth;(2, 15);;(3, 5);1;6868
33;0.875;MoveNorth;(2, 15);;(3, 5);1;6869
33;0.875;MoveNorth;(2, 15);;(3, 5);1;6870
33;0.875;MoveNorth;(2, 14);;(3, 5);1;6871
33;0.875;MoveSouthEast;(2, 14);;(3, 5);1;6872
33;0.875;MoveSouthEast;(2, 14);;(3, 5);1;6873
33;0.875;MoveSouthEast;(2, 14);;(3, 5);1;6874
33;0.875;MoveSouthEast;(2, 14);;(3, 5);1;6875
33;0.875;MoveSouthEast;(2, 14);;(3, 5);1;6876
33;0.875;MoveSouthEast;(2, 14);;(3, 5);1;6877
33;0.875;MoveSouthEast;(2, 14);;(3, 5);1;6878
33;0.875;MoveSouthEast;(2, 14);;(3, 5);1;6879
33;0.875;MoveSouthEast;(3, 15);;(3, 5);1;6880
33;0.875;MoveNorthEast;(3, 15);;(3, 5);1;6881
33;0.875;MoveNorthEast;(3, 15);;(3, 5);1;6882
33;0.875;MoveNorthEast;(3, 15);;(3, 5);1;6883
33;0.875;MoveNorthEast;(3, 15);;(3, 5);1;6884
33;0.875;MoveNorthEast;(3, 15);;(3, 5);1;6885
33;0.875;MoveNorthEast;(3, 15);;(3, 5);1;6886
33;0.875;MoveNorthEast;(3, 15);;(3, 5);1;6887
33;0.875;MoveNorthEast;(3, 15);;(3, 5);1;6888
33;0.875;MoveNorthEast;(4, 14);;(3, 5);1;6889
33;0.875;Idle;(4, 14);;(3, 5);1;6890
33;0.875;Idle;(4, 14);;(3, 5);1;6891
33;0.875;Idle;(4, 14);;(3, 5);1;6892
33;0.875;Idle;(4, 14);;(3, 5);1;6893
33;0.875;Idle;(4, 14);;(3, 5);1;6894
33;0.875;Idle;(4, 14);;(3, 5);1;6895
33;0.875;Idle;(4, 14);;(3, 5);1;6896
33;0.875;Idle;(4, 14);;(3, 5);1;6897
33;0.875;Idle;(4, 14);;(3, 5);1;6898
33;0.875;Idle;(4, 14);;(3, 5);1;6899
33;0.875;Idle;(4, 14);;(3, 5);1;6900
33;0.875;Idle;(4, 14);;(3, 5);1;6901
33;0.875;Idle;(4, 14);;(3, 5);1;6902
33;0.875;Idle;(4, 14);;(3, 5);1;6903
33;0.875;Idle;(4, 14);;(3, 5);1;6904
33;0.875;Idle;(4, 14);;(3, 5);1;6905
33;0.875;Idle;(4, 14);;(3, 5);1;6906
33;0.875;Idle;(4, 14);;(3, 5);1;6907
33;0.875;Idle;(4, 14);;(3, 5);1;6908
33;0.875;Idle;(4, 14);;(3, 5);1;6909
33;0.875;Idle;(4, 14);;(3, 5);1;6910
33;0.875;Idle;(4, 14);;(3, 5);1;6911
33;0.875;Idle;(4, 14);;(3, 5);1;6912
33;0.875;Idle;(4, 14);;(3, 5);1;6913
33;0.875;Idle;(4, 14);;(3, 5);1;6914
33;0.875;Idle;(4, 14);;(3, 5);1;6915
33;0.875;MoveSouth;(4, 14);;(3, 5);1;6916
33;0.875;MoveSouth;(4, 14);;(3, 5);1;6917
33;0.875;MoveSouth;(4, 14);;(3, 5);1;6918
33;0.875;MoveSouth;(4, 14);;(3, 5);1;6919
33;0.875;MoveSouth;(4, 14);;(3, 5);1;6920
33;0.875;MoveSouth;(4, 14);;(3, 5);1;6921
33;0.875;MoveSouth;(4, 14);;(3, 5);1;6922
33;0.875;MoveSouth;(4, 14);;(3, 5);1;6923
33;0.875;MoveSouth;(4, 15);;(3, 5);1;6924
33;0.875;MoveSouthWest;(4, 15);;(3, 5);1;6925
33;0.875;MoveSouthWest;(4, 15);;(3, 5);1;6926
33;0.875;MoveSouthWest;(4, 15);;(3, 5);1;6927
33;0.875;MoveSouthWest;(4, 15);;(3, 5);1;6928
33;0.875;MoveSouthWest;(4, 15);;(3, 5);1;6929
33;0.875;MoveSouthWest;(4, 15);;(3, 5);1;6930
33;0.875;MoveSouthWest;(4, 15);;(3, 5);1;6931
33;0.875;MoveSouthWest;(4, 15);;(3, 5);1;6932
33;0.875;MoveSouthWest;(3, 16);;(3, 5);1;6933
33;0.875;MoveSouthEast;(3, 16);;(3, 5);1;6934
33;0.875;MoveSouthEast;(3, 16);;(3, 5);1;6935
33;0.875;MoveSouthEast;(3, 16);;(3, 5);1;6936
33;0.875;MoveSouthEast;(3, 16);;(3, 5);1;6937
33;0.875;MoveSouthEast;(3, 16);;(3, 5);1;6938
33;0.875;MoveSouthEast;(3, 16);;(3, 5);1;6939
33;0.875;MoveSouthEast;(3, 16);;(3, 5);1;6940
33;0.875;MoveSouthEast;(3, 16);;(3, 5);1;6941
33;0.875;MoveSouthEast;(4, 17);;(3, 5);1;6942
33;0.875;MoveEast;(4, 17);;(3, 5);1;6943
33;0.875;MoveEast;(4, 17);;(3, 5);1;6944
33;0.875;MoveEast;(4, 17);;(3, 5);1;6945
33;0.875;MoveEast;(4, 17);;(3, 5);1;6946
33;0.875;MoveEast;(4, 17);;(3, 5);1;6947
33;0.875;MoveEast;(4, 17);;(3, 5);1;6948
33;0.875;MoveEast;(4, 17);;(3, 5);1;6949
33;0.875;MoveEast;(4, 17);;(3, 5);1;6950
33;0.875;MoveEast;(4, 17);;(3, 5);1;6951
33;0.875;MoveEast;(4, 17);;(3, 5);1;6952
33;0.875;MoveEast;(4, 17);;(3, 5);1;6953
33;0.875;MoveEast;(4, 17);;(3, 5);1;6954
33;0.875;MoveEast;(4, 17);;(3, 5);1;6955
33;0.875;MoveEast;(5, 17);;(3, 5);1;6956
33;0.875;MoveEast;(5, 17);;(3, 5);1;6957
33;0.875;MoveEast;(5, 17);;(3, 5);1;6958
33;0.875;MoveEast;(5, 17);;(3, 5);1;6959
33;0.875;MoveEast;(5, 17);;(3, 5);1;6960
33;0.875;MoveEast;(5, 17);;(3, 5);1;6961
33;0.875;MoveEast;(5, 17);;(3, 5);1;6962
33;0.875;MoveEast;(5, 17);;(3, 5);1;6963
33;0.875;MoveEast;(5, 17);;(3, 5);1;6964
33;0.875;MoveEast;(5, 17);;(3, 5);1;6965
33;0.875;MoveEast;(5, 17);;(3, 5);1;6966
33;0.875;MoveEast;(5, 17);;(3, 5);1;6967
33;0.875;MoveEast;(5, 17);;(3, 5);1;6968
33;0.875;MoveEast;(5, 17);;(3, 5);1;6969
33;0.875;MoveEast;(6, 17);;(3, 5);1;6970
33;0.875;MoveEast;(6, 17);;(3, 5);1;6971
33;0.875;MoveEast;(6, 17);;(3, 5);1;6972
33;0.875;MoveEast;(6, 17);;(3, 5);1;6973
33;0.875;MoveEast;(6, 17);;(3, 5);1;6974
33;0.875;MoveEast;(6, 17);;(3, 5);1;6975
33;0.875;MoveEast;(6, 17);;(3, 5);1;6976
33;0.875;MoveEast;(6, 17);;(3, 5);1;6977
33;0.875;MoveEast;(6, 17);;(3, 5);1;6978
33;0.875;MoveEast;(6, 17);;(3, 5);1;6979
33;0.875;MoveEast;(6, 17);;(3, 5);1;6980
33;0.875;MoveEast;(6, 17);;(3, 5);1;6981
33;0.875;MoveEast;(6, 17);;(3, 5);1;6982
33;0.875;MoveEast;(6, 17);;(3, 5);1;6983
33;0.875;MoveEast;(7, 17);;(3, 5);1;6984
33;0.875;MoveEast;(7, 17);;(3, 5);1;6985
33;0.875;MoveEast;(7, 17);;(3, 5);1;6986
33;0.875;MoveEast;(7, 17);;(3, 5);1;6987
33;0.875;MoveEast;(7, 17);;(3, 5);1;6988
33;0.875;MoveEast;(7, 17);;(3, 5);1;6989
33;0.875;MoveEast;(7, 17);;(3, 5);1;6990
33;0.875;MoveEast;(7, 17);;(3, 5);1;6991
33;0.875;MoveEast;(7, 17);;(3, 5);1;6992
33;0.875;MoveEast;(7, 17);;(3, 5);1;6993
33;0.875;MoveEast;(7, 17);;(3, 5);1;6994
33;0.875;MoveEast;(7, 17);;(3, 5);1;6995
33;0.875;MoveEast;(7, 17);;(3, 5);1;6996
33;0.875;MoveEast;(7, 17);;(3, 5);1;6997
33;0.875;MoveEast;(8, 17);;(3, 5);1;6998
33;0.875;MoveEast;(8, 17);;(3, 5);1;6999
33;0.875;MoveEast;(8, 17);;(3, 5);1;7000
33;0.875;MoveEast;(8, 17);;(3, 5);1;7001
33;0.875;MoveEast;(8, 17);;(3, 5);1;7002
33;0.875;MoveEast;(8, 17);;(3, 5);1;7003
33;0.875;MoveEast;(8, 17);;(3, 5);1;7004
33;0.875;MoveEast;(8, 17);;(3, 5);1;7005
33;0.875;MoveEast;(8, 17);;(3, 5);1;7006
33;0.875;MoveEast;(8, 17);;(3, 5);1;7007
33;0.875;MoveEast;(8, 17);;(3, 5);1;7008
33;0.875;MoveEast;(8, 17);;(3, 5);1;7009
33;0.875;MoveEast;(8, 17);;(3, 5);1;7010
33;0.875;MoveEast;(8, 17);;(3, 5);1;7011
33;0.875;MoveEast;(9, 17);;(3, 5);1;7012
33;0.875;MoveNorth;(9, 17);;(3, 5);1;7013
33;0.875;MoveNorth;(9, 17);;(3, 5);1;7014
33;0.875;MoveNorth;(9, 17);;(3, 5);1;7015
33;0.875;MoveNorth;(9, 17);;(3, 5);1;7016
33;0.875;MoveNorth;(9, 17);;(3, 5);1;7017
33;0.875;MoveNorth;(9, 17);;(3, 5);1;7018
33;0.875;MoveNorth;(9, 17);;(3, 5);1;7019
33;0.875;MoveNorth;(9, 17);;(3, 5);1;7020
33;0.875;MoveNorth;(9, 16);;(3, 5);1;7021
33;0.875;MoveNorthWest;(9, 16);;(3, 5);1;7022
33;0.875;MoveNorthWest;(9, 16);;(3, 5);1;7023
33;0.875;MoveNorthWest;(9, 16);;(3, 5);1;7024
33;0.875;MoveNorthWest;(9, 16);;(3, 5);1;7025
33;0.875;MoveNorthWest;(9, 16);;(3, 5);1;7026
33;0.875;MoveNorthWest;(9, 16);;(3, 5);1;7027
33;0.875;MoveNorthWest;(9, 16);;(3, 5);1;7028
33;0.875;MoveNorthWest;(9, 16);;(3, 5);1;7029
33;0.875;MoveNorthWest;(8, 15);;(3, 5);1;7030
33;0.875;MoveNorth;(8, 15);;(3, 5);1;7031
33;0.875;MoveNorth;(8, 15);;(3, 5);1;7032
33;0.875;MoveNorth;(8, 15);;(3, 5);1;7033
33;0.875;MoveNorth;(8, 15);;(3, 5);1;7034
33;0.875;MoveNorth;(8, 15);;(3, 5);1;7035
33;0.875;MoveNorth;(8, 15);;(3, 5);1;7036
33;0.875;MoveNorth;(8, 15);;(3, 5);1;7037
33;0.875;MoveNorth;(8, 15);;(3, 5);1;7038
33;0.875;MoveNorth;(8, 14);;(3, 5);1;7039
33;0.875;MoveSouthEast;(8, 14);;(3, 5);1;7040
33;0.875;MoveSouthEast;(8, 14);;(3, 5);1;7041
33;0.875;MoveSouthEast;(8, 14);;(3, 5);1;7042
33;0.875;MoveSouthEast;(8, 14);;(3, 5);1;7043
33;0.875;MoveSouthEast;(8, 14);;(3, 5);1;7044
33;0.875;MoveSouthEast;(8, 14);;(3, 5);1;7045
33;0.875;MoveSouthEast;(8, 14);;(3, 5);1;7046
33;0.875;MoveSouthEast;(8, 14);;(3, 5);1;7047
33;0.875;MoveSouthEast;(9, 15);;(3, 5);1;7048
33;0.875;MoveNorthEast;(9, 15);;(3, 5);1;7049
33;0.875;MoveNorthEast;(9, 15);;(3, 5);1;7050
33;0.875;MoveNorthEast;(9, 15);;(3, 5);1;7051
33;0.875;MoveNorthEast;(9, 15);;(3, 5);1;7052
33;0.875;MoveNorthEast;(9, 15);;(3, 5);1;7053
33;0.875;MoveNorthEast;(9, 15);;(3, 5);1;7054
33;0.875;MoveNorthEast;(9, 15);;(3, 5);1;7055
33;0.875;MoveNorthEast;(9, 15);;(3, 5);1;7056
33;0.875;MoveNorthEast;(10, 14);;(3, 5);1;7057
33;0.875;Idle;(10, 14);;(3, 5);1;7058
33;0.875;Idle;(10, 14);;(3, 5);1;7059
33;0.875;Idle;(10, 14);;(3, 5);1;7060
33;0.875;Idle;(10, 14);;(3, 5);1;7061
33;0.875;Idle;(10, 14);;(3, 5);1;7062
33;0.875;Idle;(10, 14);;(3, 5);1;7063
33;0.875;Idle;(10, 14);;(3, 5);1;7064
33;0.875;Idle;(10, 14);;(3, 5);1;7065
33;0.875;Idle;(10, 14);;(3, 5);1;7066
33;0.875;Idle;(10, 14);;(3, 5);1;7067
33;0.875;Idle;(10, 14);;(3, 5);1;7068
33;0.875;Idle;(10, 14);;(3, 5);1;7069
33;0.875;Idle;(10, 14);;(3, 5);1;7070
33;0.875;Idle;(10, 14);;(3, 5);1;7071
33;0.875;Idle;(10, 14);;(3, 5);1;7072
33;0.875;Idle;(10, 14);;(3, 5);1;7073
33;0.875;Idle;(10, 14);;(3, 5);1;7074
33;0.875;Idle;(10, 14);;(3, 5);1;7075
33;0.875;Idle;(10, 14);;(3, 5);1;7076
33;0.875;Idle;(10, 14);;(3, 5);1;7077
33;0.875;Idle;(10, 14);;(3, 5);1;7078
33;0.875;Idle;(10, 14);;(3, 5);1;7079
33;0.875;Idle;(10, 14);;(3, 5);1;7080
33;0.875;Idle;(10, 14);;(3, 5);1;7081
33;0.875;Idle;(10, 14);;(3, 5);1;7082
33;0.875;Idle;(10, 14);;(3, 5);1;7083
33;0.875;MoveSouth;(10, 14);;(3, 5);1;7084
33;0.875;MoveSouth;(10, 14);;(3, 5);1;7085
33;0.875;MoveSouth;(10, 14);;(3, 5);1;7086
33;0.875;MoveSouth;(10, 14);;(3, 5);1;7087
33;0.875;MoveSouth;(10, 14);;(3, 5);1;7088
33;0.875;MoveSouth;(10, 14);;(3, 5);1;7089
33;0.875;MoveSouth;(10, 14);;(3, 5);1;7090
33;0.875;MoveSouth;(10, 14);;(3, 5);1;7091
33;0.875;MoveSouth;(10, 15);;(3, 5);1;7092
33;0.875;MoveSouthWest;(10, 15);;(3, 5);1;7093
33;0.875;MoveSouthWest;(10, 15);;(3, 5);1;7094
33;0.875;MoveSouthWest;(10, 15);;(3, 5);1;7095
33;0.875;MoveSouthWest;(10, 15);;(3, 5);1;7096
33;0.875;MoveSouthWest;(10, 15);;(3, 5);1;7097
33;0.875;MoveSouthWest;(10, 15);;(3, 5);1;7098
33;0.875;MoveSouthWest;(10, 15);;(3, 5);1;7099
33;0.875;MoveSouthWest;(10, 15);;(3, 5);1;7100
33;0.875;MoveSouthWest;(9, 16);;(3, 5);1;7101
33;0.875;MoveSouth;(9, 16);;(3, 5);1;7102
33;0.875;MoveSouth;(9, 16);;(3, 5);1;7103
33;0.875;MoveSouth;(9, 16);;(3, 5);1;7104
33;0.875;MoveSouth;(9, 16);;(3, 5);1;7105
33;0.875;MoveSouth;(9, 16);;(3, 5);1;7106
33;0.875;MoveSouth;(9, 16);;(3, 5);1;7107
33;0.875;MoveSouth;(9, 16);;(3, 5);1;7108
33;0.875;MoveSouth;(9, 16);;(3, 5);1;7109
33;0.875;MoveSouth;(9, 17);;(3, 5);1;7110
33;0.875;MoveSouth;(9, 17);;(3, 5);1;7111
33;0.875;MoveSouth;(9, 17);;(3, 5);1;7112
33;0.875;MoveSouth;(9, 17);;(3, 5);1;7113
33;0.875;MoveSouth;(9, 17);;(3, 5);1;7114
33;0.875;MoveSouth;(9, 17);;(3, 5);1;7115
33;0.875;MoveSouth;(9, 17);;(3, 5);1;7116
33;0.875;MoveSouth;(9, 17);;(3, 5);1;7117
33;0.875;MoveSouth;(9, 17);;(3, 5);1;7118
33;0.875;MoveSouth;(9, 18);;(3, 5);1;7119
33;0.875;;(9, 18);;(3, 5);1;7120
33;0.875;;(9, 18);;(3, 5);1;7121
33;0.875;;(9, 18);;(3, 5);1;7122
33;0.875;;(9, 18);;(3, 5);1;7123
33;0.875;;(9, 18);;(3, 5);1;7124
33;0.875;;(9, 18);;(3, 5);1;7125
33;0.875;;(9, 18);;(3, 5);1;7126
33;0.875;;(9, 18);;(3, 5);1;7127
33;0.875;;(9, 18);;(3, 5);1;7128
33;0.875;;(9, 18);;(3, 5);1;7129
33;0.875;;(9, 18);;(3, 5);1;7130
33;0.875;;(9, 18);;(3, 5);1;7131
33;0.875;;(9, 18);;(3, 5);1;7132
33;0.875;;(9, 18);;(3, 5);1;7133
33;0.875;;(9, 18);;(3, 5);1;7134
33;0.875;;(9, 18);;(3, 5);1;7135
33;0.875;;(9, 18);;(3, 5);1;7136
33;0.875;;(9, 18);;(3, 5);1;7137
33;0.875;;(9, 18);;(3, 5);1;7138
33;0.875;;(9, 18);;(3, 5);1;7139
33;0.875;;(9, 18);;(3, 5);1;7140
33;0.875;;(9, 18);;(3, 5);1;7141
33;0.875;;(9, 18);;(3, 5);1;7142
33;0.875;;(9, 18);;(3, 5);1;7143
33;0.875;;(9, 18);;(3, 5);1;7144
33;0.875;;(9, 18);;(3, 5);1;7145
33;0.875;;(9, 18);;(3, 5);1;7146
33;0.875;;(9, 18);;(3, 5);1;7147
33;0.875;;(9, 18);;(3, 5);1;7148
33;0.875;;(9, 18);;(3, 5);1;7149
33;0.875;;(9, 18);;(3, 5);1;7150
33;0.875;;(9, 18);;(3, 5);1;7151
33;0.875;;(9, 18);;(3, 5);1;7152
33;0.875;;(9, 18);;(3, 5);1;7153
33;0.875;;(9, 18);;(3, 5);1;7154
33;0.875;;(9, 18);;(3, 5);1;7155
33;0.875;;(9, 18);;(3, 5);1;7156
33;0.875;;(9, 18);;(3, 5);1;7157
33;0.875;;(9, 18);;(3, 5);1;7158
33;0.875;;(9, 18);;(3, 5);1;7159
33;0.875;;(9, 18);;(3, 5);1;7160
33;0.875;;(9, 18);;(3, 5);1;7161
33;0.875;;(9, 18);;(3, 5);1;7162
33;0.875;;(9, 18);;(3, 5);1;7163
33;0.875;;(9, 18);;(3, 5);1;7164
33;0.875;;(9, 18);;(3, 5);1;7165
33;0.875;;(9, 18);;(3, 5);1;7166
33;0.875;;(9, 18);;(3, 5);1;7167
33;0.875;;(9, 18);;(3, 5);1;7168
33;0.875;;(9, 18);;(3, 5);1;7169
33;0.875;;(9, 18);;(3, 5);1;7170
33;0.875;;(9, 18);;(3, 5);1;7171
33;0.875;;(9, 18);;(3, 5);1;7172
33;0.875;;(9, 18);;(3, 5);1;7173
33;0.875;;(9, 18);;(3, 5);1;7174
33;0.875;;(9, 18);;(3, 5);1;7175
33;0.875;;(9, 18);;(3, 5);1;7176
33;0.875;;(9, 18);;(3, 5);1;7177
33;0.875;;(9, 18);;(3, 5);1;7178
33;0.875;;(9, 18);;(3, 5);1;7179
33;0.875;;(9, 18);;(3, 5);1;7180
33;0.875;;(9, 18);;(3, 5);1;7181
33;0.875;;(9, 18);;(3, 5);1;7182
33;0.875;;(9, 18);;(3, 5);1;7183
33;0.875;;(9, 18);;(3, 5);1;7184
33;0.875;;(9, 18);;(3, 5);1;7185
33;0.875;;(9, 18);;(3, 5);1;7186
33;0.875;;(9, 18);;(3, 5);1;7187
33;0.875;;(9, 18);;(3, 5);1;7188
33;0.875;;(9, 18);;(3, 5);1;7189
33;0.875;;(9, 18);;(3, 5);1;7190
33;0.875;;(9, 18);;(3, 5);1;7191
33;0.875;;(9, 18);;(3, 5);1;7192
33;0.875;;(9, 18);;(3, 5);1;7193
33;0.875;;(9, 18);;(3, 5);1;7194
33;0.875;;(9, 18);;(3, 5);1;7195
33;0.875;;(9, 18);;(3, 5);1;7196
33;0.875;;(9, 18);;(3, 5);1;7197
33;0.875;;(9, 18);;(3, 5);1;7198
33;0.875;;(9, 18);;(3, 5);1;7199
33;0.875;;(9, 18);;(3, 5);1;7200
33;0.875;;(9, 18);;(3, 5);1;7201
33;0.875;;(9, 18);;(3, 5);1;7202
33;0.875;;(9, 18);;(3, 5);1;7203
33;0.875;;(9, 18);;(3, 5);1;7204
33;0.875;;(9, 18);;(3, 5);1;7205
33;0.875;;(9, 18);;(3, 5);1;7206
33;0.875;;(9, 18);;(3, 5);1;7207
33;0.875;;(9, 18);;(3, 5);1;7208
33;0.875;;(9, 18);;(3, 5);1;7209
33;0.875;;(9, 18);;(3, 5);1;7210
33;0.875;;(9, 18);;(3, 5);1;7211
33;0.875;;(9, 18);;(3, 5);1;7212
33;0.875;;(9, 18);;(3, 5);1;7213
33;0.875;;(9, 18);;(3, 5);1;7214
33;0.875;;(9, 18);;(3, 5);1;7215
33;0.875;;(9, 18);;(3, 5);1;7216
33;0.875;;(9, 18);;(3, 5);1;7217
33;0.875;;(9, 18);;(3, 5);1;7218
33;0.875;;(9, 18);;(3, 5);1;7219
33;0.875;;(9, 18);;(3, 5);1;7220
33;0.875;;(9, 18);;(3, 5);1;7221
33;0.875;;(9, 18);;(3, 5);1;7222
33;0.875;;(9, 18);;(3, 5);1;7223
33;0.875;;(9, 18);;(3, 5);1;7224
33;0.875;;(9, 18);;(3, 5);1;7225
33;0.875;;(9, 18);;(3, 5);1;7226
33;0.875;;(9, 18);;(3, 5);1;7227
33;0.875;;(9, 18);;(3, 5);1;7228
33;0.875;;(9, 18);;(3, 5);1;7229
33;0.875;;(9, 18);;(3, 5);1;7230
33;0.875;;(9, 18);;(3, 5);1;7231
33;0.875;;(9, 18);;(3, 5);1;7232
33;0.875;;(9, 18);;(3, 5);1;7233
33;0.875;;(9, 18);;(3, 5);1;7234
33;0.875;;(9, 18);;(3, 5);1;7235
33;0.875;;(9, 18);;(3, 5);1;7236
33;0.875;;(9, 18);;(3, 5);1;7237
33;0.875;;(9, 18);;(3, 5);1;7238
33;0.875;;(9, 18);;(3, 5);1;7239
33;0.875;;(9, 18);;(3, 5);1;7240
33;0.875;;(9, 18);;(3, 5);1;7241
33;0.875;;(9, 18);;(3, 5);1;7242
33;0.875;;(9, 18);;(3, 5);1;7243
33;0.875;;(9, 18);;(3, 5);1;7244
33;0.875;;(9, 18);;(3, 5);1;7245
33;0.875;;(9, 18);;(3, 5);1;7246
33;0.875;;(9, 18);;(3, 5);1;7247
33;0.875;;(9, 18);;(3, 5);1;7248
33;0.875;;(9, 18);;(3, 5);1;7249
33;0.875;;(9, 18);;(3, 5);1;7250
33;0.875;;(9, 18);;(3, 5);1;7251
33;0.875;;(9, 18);;(3, 5);1;7252
33;0.875;;(9, 18);;(3, 5);1;7253
33;0.875;;(9, 18);;(3, 5);1;7254
33;0.875;;(9, 18);;(3, 5);1;7255
33;0.875;;(9, 18);;(3, 5);1;7256
33;0.875;;(9, 18);;(3, 5);1;7257
33;0.875;;(9, 18);;(3, 5);1;7258
33;0.875;;(9, 18);;(3, 5);1;7259
33;0.875;;(9, 18);;(3, 5);1;7260
33;0.875;;(9, 18);;(3, 5);1;7261
33;0.875;;(9, 18);;(3, 5);1;7262
33;0.875;;(9, 18);;(3, 5);1;7263
33;0.875;;(9, 18);;(3, 5);1;7264
33;0.875;;(9, 18);;(3, 5);1;7265
33;0.875;;(9, 18);;(3, 5);1;7266
33;0.875;;(9, 18);;(3, 5);1;7267
33;0.875;;(9, 18);;(3, 5);1;7268
33;0.875;;(9, 18);;(3, 5);1;7269
33;0.875;;(9, 18);;(3, 5);1;7270
33;0.875;;(9, 18);;(3, 5);1;7271
33;0.875;;(9, 18);;(3, 5);1;7272
33;0.875;;(9, 18);;(3, 5);1;7273
33;0.875;;(9, 18);;(3, 5);1;7274
33;0.875;;(9, 18);;(3, 5);1;7275
33;0.875;;(9, 18);;(3, 5);1;7276
33;0.875;;(9, 18);;(3, 5);1;7277
33;0.875;;(9, 18);;(3, 5);1;7278
33;0.875;;(9, 18);;(3, 5);1;7279
33;0.875;;(9, 18);;(3, 5);1;7280
33;0.875;;(9, 18);;(3, 5);1;7281
33;0.875;;(9, 18);;(3, 5);1;7282
33;0.875;;(9, 18);;(3, 5);1;7283
33;0.875;;(9, 18);;(3, 5);1;7284
33;0.875;;(9, 18);;(3, 5);1;7285
33;0.875;;(9, 18);;(3, 5);1;7286
33;0.875;;(9, 18);;(3, 5);1;7287
33;0.875;;(9, 18);;(3, 5);1;7288
33;0.875;;(9, 18);;(3, 5);1;7289
33;0.875;;(9, 18);;(3, 5);1;7290
33;0.875;;(9, 18);;(3, 5);1;7291
33;0.875;;(9, 18);;(3, 5);1;7292
33;0.875;;(9, 18);;(3, 5);1;7293
33;0.875;;(9, 18);;(3, 5);1;7294
33;0.875;;(9, 18);;(3, 5);1;7295
33;0.875;;(9, 18);;(3, 5);1;7296
33;0.875;;(9, 18);;(3, 5);1;7297
33;0.875;;(9, 18);;(3, 5);1;7298
33;0.875;;(9, 18);;(3, 5);1;7299
33;0.875;;(9, 18);;(3, 5);1;7300
33;0.875;;(9, 18);;(3, 5);1;7301
33;0.875;;(9, 18);;(3, 5);1;7302
33;0.875;;(9, 18);;(3, 5);1;7303
33;0.875;;(9, 18);;(3, 5);1;7304
33;0.875;;(9, 18);;(3, 5);1;7305
33;0.875;;(9, 18);;(3, 5);1;7306
33;0.875;;(9, 18);;(3, 5);1;7307
33;0.875;;(9, 18);;(3, 5);1;7308
33;0.875;;(9, 18);;(3, 5);1;7309
33;0.875;;(9, 18);;(3, 5);1;7310
33;0.875;;(9, 18);;(3, 5);1;7311
33;0.875;;(9, 18);;(3, 5);1;7312
33;0.875;;(9, 18);;(3, 5);1;7313
33;0.875;;(9, 18);;(3, 5);1;7314
33;0.875;;(9, 18);;(3, 5);1;7315
33;0.875;;(9, 18);;(3, 5);1;7316
33;0.875;;(9, 18);;(3, 5);1;7317
33;0.875;;(9, 18);;(3, 5);1;7318
33;0.875;;(9, 18);;(3, 5);1;7319
33;0.875;;(9, 18);;(3, 5);1;7320
33;0.875;;(9, 18);;(3, 5);1;7321
33;0.875;;(9, 18);;(3, 5);1;7322
33;0.875;;(9, 18);;(3, 5);1;7323
33;0.875;;(9, 18);;(3, 5);1;7324
33;0.875;;(9, 18);;(3, 5);1;7325
33;0.875;;(9, 18);;(3, 5);1;7326
33;0.875;;(9, 18);;(3, 5);1;7327
33;0.875;;(9, 18);;(3, 5);1;7328
33;0.875;;(9, 18);;(3, 5);1;7329
33;0.875;;(9, 18);;(3, 5);1;7330
33;0.875;;(9, 18);;(3, 5);1;7331
33;0.875;;(9, 18);;(3, 5);1;7332
33;0.875;;(9, 18);;(3, 5);1;7333
33;0.875;;(9, 18);;(3, 5);1;7334
33;0.875;;(9, 18);;(3, 5);1;7335
33;0.875;;(9, 18);;(3, 5);1;7336
33;0.875;;(9, 18);;(3, 5);1;7337
33;0.875;;(9, 18);;(3, 5);1;7338
33;0.875;;(9, 18);;(3, 5);1;7339
33;0.875;;(9, 18);;(3, 5);1;7340
33;0.875;;(9, 18);;(3, 5);1;7341
33;0.875;;(9, 18);;(3, 5);1;7342
33;0.875;;(9, 18);;(3, 5);1;7343
33;0.875;;(9, 18);;(3, 5);1;7344
33;0.875;;(9, 18);;(3, 5);1;7345
33;0.875;;(9, 18);;(3, 5);1;7346
33;0.875;;(9, 18);;(3, 5);1;7347
33;0.875;;(9, 18);;(3, 5);1;7348
33;0.875;;(9, 18);;(3, 5);1;7349
33;0.875;;(9, 18);;(3, 5);1;7350
33;0.875;;(9, 18);;(3, 5);1;7351
33;0.875;;(9, 18);;(3, 5);1;7352
33;0.875;;(9, 18);;(3, 5);1;7353
33;0.875;;(9, 18);;(3, 5);1;7354
33;0.875;;(9, 18);;(3, 5);1;7355
33;0.875;;(9, 18);;(3, 5);1;7356
33;0.875;;(9, 18);;(3, 5);1;7357
33;0.875;;(9, 18);;(3, 5);1;7358
33;0.875;;(9, 18);;(3, 5);1;7359
33;0.875;;(9, 18);;(3, 5);1;7360
33;0.875;;(9, 18);;(3, 5);1;7361
33;0.875;;(9, 18);;(3, 5);1;7362
33;0.875;;(9, 18);;(3, 5);1;7363
33;0.875;;(9, 18);;(3, 5);1;7364
33;0.875;;(9, 18);;(3, 5);1;7365
33;0.875;;(9, 18);;(3, 5);1;7366
33;0.875;;(9, 18);;(3, 5);1;7367
33;0.875;;(9, 18);;(3, 5);1;7368
33;0.875;;(9, 18);;(3, 5);1;7369
33;0.875;;(9, 18);;(3, 5);1;7370
33;0.875;;(9, 18);;(3, 5);1;7371
33;0.875;;(9, 18);;(3, 5);1;7372
33;0.875;;(9, 18);;(3, 5);1;7373
33;0.875;;(9, 18);;(3, 5);1;7374
33;0.875;;(9, 18);;(3, 5);1;7375
33;0.875;;(9, 18);;(3, 5);1;7376
33;0.875;;(9, 18);;(3, 5);1;7377
33;0.875;;(9, 18);;(3, 5);1;7378
33;0.875;;(9, 18);;(3, 5);1;7379
33;0.875;;(9, 18);;(3, 5);1;7380
33;0.875;;(9, 18);;(3, 5);1;7381
33;0.875;;(9, 18);;(3, 5);1;7382
33;0.875;;(9, 18);;(3, 5);1;7383
33;0.875;;(9, 18);;(3, 5);1;7384
33;0.875;;(9, 18);;(3, 5);1;7385
33;0.875;;(9, 18);;(3, 5);1;7386
33;0.875;;(9, 18);;(3, 5);1;7387
33;0.875;;(9, 18);;(3, 5);1;7388
33;0.875;;(9, 18);;(3, 5);1;7389
33;0.875;MoveEast;(9, 18);;(3, 5);1;7390
33;0.875;MoveEast;(9, 18);;(3, 5);1;7391
33;0.875;MoveEast;(9, 18);;(3, 5);1;7392
33;0.875;MoveEast;(9, 18);;(3, 5);1;7393
33;0.875;MoveEast;(9, 18);;(3, 5);1;7394
33;0.875;MoveEast;(9, 18);;(3, 5);1;7395
33;0.875;MoveEast;(9, 18);;(3, 5);1;7396
33;0.875;MoveEast;(9, 18);;(3, 5);1;7397
33;0.875;MoveEast;(10, 18);;(3, 5);1;7398
33;0.875;MoveEast;(10, 18);;(3, 5);1;7399
33;0.875;MoveEast;(10, 18);;(3, 5);1;7400
33;0.875;MoveEast;(10, 18);;(3, 5);1;7401
33;0.875;MoveEast;(10, 18);;(3, 5);1;7402
33;0.875;MoveEast;(10, 18);;(3, 5);1;7403
33;0.875;MoveEast;(10, 18);;(3, 5);1;7404
33;0.875;MoveEast;(10, 18);;(3, 5);1;7405
33;0.875;MoveEast;(10, 18);;(3, 5);1;7406
33;0.875;MoveEast;(10, 18);;(3, 5);1;7407
33;0.875;MoveEast;(10, 18);;(3, 5);1;7408
33;0.875;MoveEast;(10, 18);;(3, 5);1;7409
33;0.875;MoveEast;(10, 18);;(3, 5);1;7410
33;0.875;MoveEast;(10, 18);;(3, 5);1;7411
33;0.875;MoveEast;(11, 18);;(3, 5);1;7412
33;0.875;MoveEast;(11, 18);;(3, 5);1;7413
33;0.875;MoveEast;(11, 18);;(3, 5);1;7414
33;0.875;MoveEast;(11, 18);;(3, 5);1;7415
33;0.875;MoveEast;(11, 18);;(3, 5);1;7416
33;0.875;MoveEast;(11, 18);;(3, 5);1;7417
33;0.875;MoveEast;(11, 18);;(3, 5);1;7418
33;0.875;MoveEast;(11, 18);;(3, 5);1;7419
33;0.875;MoveEast;(11, 18);;(3, 5);1;7420
33;0.875;MoveEast;(11, 18);;(3, 5);1;7421
33;0.875;MoveEast;(11, 18);;(3, 5);1;7422
33;0.875;MoveEast;(11, 18);;(3, 5);1;7423
33;0.875;MoveEast;(11, 18);;(3, 5);1;7424
33;0.875;MoveEast;(11, 18);;(3, 5);1;7425
33;0.875;MoveEast;(12, 18);;(3, 5);1;7426
33;0.875;MoveEast;(12, 18);;(3, 5);1;7427
33;0.875;MoveEast;(12, 18);;(3, 5);1;7428
33;0.875;MoveEast;(12, 18);;(3, 5);1;7429
33;0.875;MoveEast;(12, 18);;(3, 5);1;7430
33;0.875;MoveEast;(12, 18);;(3, 5);1;7431
33;0.875;MoveEast;(12, 18);;(3, 5);1;7432
33;0.875;MoveEast;(12, 18);;(3, 5);1;7433
33;0.875;MoveEast;(12, 18);;(3, 5);1;7434
33;0.875;MoveEast;(12, 18);;(3, 5);1;7435
33;0.875;MoveEast;(12, 18);;(3, 5);1;7436
33;0.875;MoveEast;(12, 18);;(3, 5);1;7437
33;0.875;MoveEast;(12, 18);;(3, 5);1;7438
33;0.875;MoveEast;(12, 18);;(3, 5);1;7439
33;0.875;MoveEast;(13, 18);;(3, 5);1;7440
33;0.875;MoveEast;(13, 18);;(3, 5);1;7441
33;0.875;MoveEast;(13, 18);;(3, 5);1;7442
33;0.875;MoveEast;(13, 18);;(3, 5);1;7443
33;0.875;MoveEast;(13, 18);;(3, 5);1;7444
33;0.875;MoveEast;(13, 18);;(3, 5);1;7445
33;0.875;MoveEast;(13, 18);;(3, 5);1;7446
33;0.875;MoveEast;(13, 18);;(3, 5);1;7447
33;0.875;MoveEast;(13, 18);;(3, 5);1;7448
33;0.875;MoveEast;(13, 18);;(3, 5);1;7449
33;0.875;MoveEast;(13, 18);;(3, 5);1;7450
33;0.875;MoveEast;(13, 18);;(3, 5);1;7451
33;0.875;MoveEast;(13, 18);;(3, 5);1;7452
33;0.875;MoveEast;(13, 18);;(3, 5);1;7453
33;0.875;MoveEast;(14, 18);;(3, 5);1;7454
33;0.875;MoveEast;(14, 18);;(3, 5);1;7455
33;0.875;MoveEast;(14, 18);;(3, 5);1;7456
33;0.875;MoveEast;(14, 18);;(3, 5);1;7457
33;0.875;MoveEast;(14, 18);;(3, 5);1;7458
33;0.875;MoveEast;(14, 18);;(3, 5);1;7459
33;0.875;MoveEast;(14, 18);;(3, 5);1;7460
33;0.875;MoveEast;(14, 18);;(3, 5);1;7461
33;0.875;MoveEast;(14, 18);;(3, 5);1;7462
33;0.875;MoveEast;(14, 18);;(3, 5);1;7463
33;0.875;MoveEast;(14, 18);;(3, 5);1;7464
33;0.875;MoveEast;(14, 18);;(3, 5);1;7465
33;0.875;MoveEast;(14, 18);;(3, 5);1;7466
33;0.875;MoveEast;(14, 18);;(3, 5);1;7467
33;0.875;MoveEast;(15, 18);;(3, 5);1;7468
33;0.875;MoveSouth;(15, 18);;(3, 5);1;7469
33;0.875;MoveSouth;(15, 18);;(3, 5);1;7470
33;0.875;MoveSouth;(15, 18);;(3, 5);1;7471
33;0.875;MoveSouth;(15, 18);;(3, 5);1;7472
33;0.875;MoveSouth;(15, 18);;(3, 5);1;7473
33;0.875;MoveSouth;(15, 18);;(3, 5);1;7474
33;0.875;MoveSouth;(15, 18);;(3, 5);1;7475
33;0.875;MoveSouth;(15, 18);;(3, 5);1;7476
33;0.875;MoveSouth;(15, 19);;(3, 5);1;7477
33;0.875;MoveSouthWest;(15, 19);;(3, 5);1;7478
33;0.875;MoveSouthWest;(15, 19);;(3, 5);1;7479
33;0.875;MoveSouthWest;(15, 19);;(3, 5);1;7480
33;0.875;MoveSouthWest;(15, 19);;(3, 5);1;7481
33;0.875;MoveSouthWest;(15, 19);;(3, 5);1;7482
33;0.875;MoveSouthWest;(15, 19);;(3, 5);1;7483
33;0.875;MoveSouthWest;(15, 19);;(3, 5);1;7484
33;0.875;MoveSouthWest;(15, 19);;(3, 5);1;7485
33;0.875;MoveSouthWest;(14, 20);;(3, 5);1;7486
33;0.875;MoveSouthEast;(14, 20);;(3, 5);1;7487
33;0.875;MoveSouthEast;(14, 20);;(3, 5);1;7488
33;0.875;MoveSouthEast;(14, 20);;(3, 5);1;7489
33;0.875;MoveSouthEast;(14, 20);;(3, 5);1;7490
33;0.875;MoveSouthEast;(14, 20);;(3, 5);1;7491
33;0.875;MoveSouthEast;(14, 20);;(3, 5);1;7492
33;0.875;MoveSouthEast;(14, 20);;(3, 5);1;7493
33;0.875;MoveSouthEast;(14, 20);;(3, 5);1;7494
33;0.875;MoveSouthEast;(15, 21);;(3, 5);1;7495
33;0.875;MoveNorthEast;(15, 21);;(3, 5);1;7496
33;0.875;MoveNorthEast;(15, 21);;(3, 5);1;7497
33;0.875;MoveNorthEast;(15, 21);;(3, 5);1;7498
33;0.875;MoveNorthEast;(15, 21);;(3, 5);1;7499
33;0.875;MoveNorthEast;(15, 21);;(3, 5);1;7500
33;0.875;MoveNorthEast;(15, 21);;(3, 5);1;7501
33;0.875;MoveNorthEast;(15, 21);;(3, 5);1;7502
33;0.875;MoveNorthEast;(15, 21);;(3, 5);1;7503
33;0.875;MoveNorthEast;(16, 20);;(3, 5);1;7504
33;0.875;Idle;(16, 20);;(3, 5);1;7505
33;0.875;Idle;(16, 20);;(3, 5);1;7506
33;0.875;Idle;(16, 20);;(3, 5);1;7507
33;0.875;Idle;(16, 20);;(3, 5);1;7508
33;0.875;Idle;(16, 20);;(3, 5);1;7509
33;0.875;Idle;(16, 20);;(3, 5);1;7510
33;0.875;Idle;(16, 20);;(3, 5);1;7511
33;0.875;Idle;(16, 20);;(3, 5);1;7512
33;0.875;Idle;(16, 20);;(3, 5);1;7513
33;0.875;Idle;(16, 20);;(3, 5);1;7514
33;0.875;Idle;(16, 20);;(3, 5);1;7515
33;0.875;Idle;(16, 20);;(3, 5);1;7516
33;0.875;Idle;(16, 20);;(3, 5);1;7517
33;0.875;Idle;(16, 20);;(3, 5);1;7518
33;0.875;Idle;(16, 20);;(3, 5);1;7519
33;0.875;Idle;(16, 20);;(3, 5);1;7520
33;0.875;Idle;(16, 20);;(3, 5);1;7521
33;0.875;Idle;(16, 20);;(3, 5);1;7522
33;0.875;Idle;(16, 20);;(3, 5);1;7523
33;0.875;Idle;(16, 20);;(3, 5);1;7524
33;0.875;Idle;(16, 20);;(3, 5);1;7525
33;0.875;Idle;(16, 20);;(3, 5);1;7526
33;0.875;Idle;(16, 20);;(3, 5);1;7527
33;0.875;Idle;(16, 20);;(3, 5);1;7528
33;0.875;Idle;(16, 20);;(3, 5);1;7529
33;0.875;Idle;(16, 20);;(3, 5);1;7530
33;0.875;MoveNorthWest;(16, 20);;(3, 5);1;7531
33;0.875;MoveNorthWest;(16, 20);;(3, 5);1;7532
33;0.875;MoveNorthWest;(16, 20);;(3, 5);1;7533
33;0.875;MoveNorthWest;(16, 20);;(3, 5);1;7534
33;0.875;MoveNorthWest;(16, 20);;(3, 5);1;7535
33;0.875;MoveNorthWest;(16, 20);;(3, 5);1;7536
33;0.875;MoveNorthWest;(16, 20);;(3, 5);1;7537
33;0.875;MoveNorthWest;(16, 20);;(3, 5);1;7538
33;0.875;MoveNorthWest;(15, 19);;(3, 5);1;7539
33;0.875;MoveNorth;(15, 19);;(3, 5);1;7540
33;0.875;MoveNorth;(15, 19);;(3, 5);1;7541
33;0.875;MoveNorth;(15, 19);;(3, 5);1;7542
33;0.875;MoveNorth;(15, 19);;(3, 5);1;7543
33;0.875;MoveNorth;(15, 19);;(3, 5);1;7544
33;0.875;MoveNorth;(15, 19);;(3, 5);1;7545
33;0.875;MoveNorth;(15, 19);;(3, 5);1;7546
33;0.875;MoveNorth;(15, 19);;(3, 5);1;7547
33;0.875;MoveNorth;(15, 18);;(3, 5);1;7548
33;0.875;MoveNorth;(15, 18);;(3, 5);1;7549
33;0.875;MoveNorth;(15, 18);;(3, 5);1;7550
33;0.875;MoveNorth;(15, 18);;(3, 5);1;7551
33;0.875;MoveNorth;(15, 18);;(3, 5);1;7552
33;0.875;MoveNorth;(15, 18);;(3, 5);1;7553
33;0.875;MoveNorth;(15, 18);;(3, 5);1;7554
33;0.875;MoveNorth;(15, 18);;(3, 5);1;7555
33;0.875;MoveNorth;(15, 18);;(3, 5);1;7556
33;0.875;MoveNorth;(15, 17);;(3, 5);1;7557
33;0.875;MoveNorth;(15, 17);;(3, 5);1;7558
33;0.875;MoveNorth;(15, 17);;(3, 5);1;7559
33;0.875;MoveNorth;(15, 17);;(3, 5);1;7560
33;0.875;MoveNorth;(15, 17);;(3, 5);1;7561
33;0.875;MoveNorth;(15, 17);;(3, 5);1;7562
33;0.875;MoveNorth;(15, 17);;(3, 5);1;7563
33;0.875;MoveNorth;(15, 17);;(3, 5);1;7564
33;0.875;MoveNorth;(15, 17);;(3, 5);1;7565
33;0.875;MoveNorth;(15, 16);;(3, 5);1;7566
33;0.875;MoveNorthWest;(15, 16);;(3, 5);1;7567
33;0.875;MoveNorthWest;(15, 16);;(3, 5);1;7568
33;0.875;MoveNorthWest;(15, 16);;(3, 5);1;7569
33;0.875;MoveNorthWest;(15, 16);;(3, 5);1;7570
33;0.875;MoveNorthWest;(15, 16);;(3, 5);1;7571
33;0.875;MoveNorthWest;(15, 16);;(3, 5);1;7572
33;0.875;MoveNorthWest;(15, 16);;(3, 5);1;7573
33;0.875;MoveNorthWest;(15, 16);;(3, 5);1;7574
33;0.875;MoveNorthWest;(14, 15);;(3, 5);1;7575
33;0.875;MoveNorth;(14, 15);;(3, 5);1;7576
33;0.875;MoveNorth;(14, 15);;(3, 5);1;7577
33;0.875;MoveNorth;(14, 15);;(3, 5);1;7578
33;0.875;MoveNorth;(14, 15);;(3, 5);1;7579
33;0.875;MoveNorth;(14, 15);;(3, 5);1;7580
33;0.875;MoveNorth;(14, 15);;(3, 5);1;7581
33;0.875;MoveNorth;(14, 15);;(3, 5);1;7582
33;0.875;MoveNorth;(14, 15);;(3, 5);1;7583
33;0.875;MoveNorth;(14, 14);;(3, 5);1;7584
33;0.875;MoveSouthEast;(14, 14);;(3, 5);1;7585
33;0.875;MoveSouthEast;(14, 14);;(3, 5);1;7586
33;0.875;MoveSouthEast;(14, 14);;(3, 5);1;7587
33;0.875;MoveSouthEast;(14, 14);;(3, 5);1;7588
33;0.875;MoveSouthEast;(14, 14);;(3, 5);1;7589
33;0.875;MoveSouthEast;(14, 14);;(3, 5);1;7590
33;0.875;MoveSouthEast;(14, 14);;(3, 5);1;7591
33;0.875;MoveSouthEast;(14, 14);;(3, 5);1;7592
33;0.875;MoveSouthEast;(15, 15);;(3, 5);1;7593
33;0.875;MoveNorthEast;(15, 15);;(3, 5);1;7594
33;0.875;MoveNorthEast;(15, 15);;(3, 5);1;7595
33;0.875;MoveNorthEast;(15, 15);;(3, 5);1;7596
33;0.875;MoveNorthEast;(15, 15);;(3, 5);1;7597
33;0.875;MoveNorthEast;(15, 15);;(3, 5);1;7598
33;0.875;MoveNorthEast;(15, 15);;(3, 5);1;7599
33;0.875;MoveNorthEast;(15, 15);;(3, 5);1;7600
33;0.875;MoveNorthEast;(15, 15);;(3, 5);1;7601
33;0.875;MoveNorthEast;(16, 14);;(3, 5);1;7602
33;0.875;Idle;(16, 14);;(3, 5);1;7603
33;0.875;Idle;(16, 14);;(3, 5);1;7604
33;0.875;Idle;(16, 14);;(3, 5);1;7605
33;0.875;Idle;(16, 14);;(3, 5);1;7606
33;0.875;Idle;(16, 14);;(3, 5);1;7607
33;0.875;Idle;(16, 14);;(3, 5);1;7608
33;0.875;Idle;(16, 14);;(3, 5);1;7609
33;0.875;Idle;(16, 14);;(3, 5);1;7610
33;0.875;Idle;(16, 14);;(3, 5);1;7611
33;0.875;Idle;(16, 14);;(3, 5);1;7612
33;0.875;Idle;(16, 14);;(3, 5);1;7613
33;0.875;Idle;(16, 14);;(3, 5);1;7614
33;0.875;Idle;(16, 14);;(3, 5);1;7615
33;0.875;Idle;(16, 14);;(3, 5);1;7616
33;0.875;Idle;(16, 14);;(3, 5);1;7617
33;0.875;Idle;(16, 14);;(3, 5);1;7618
33;0.875;Idle;(16, 14);;(3, 5);1;7619
33;0.875;Idle;(16, 14);;(3, 5);1;7620
33;0.875;Idle;(16, 14);;(3, 5);1;7621
33;0.875;Idle;(16, 14);;(3, 5);1;7622
33;0.875;Idle;(16, 14);;(3, 5);1;7623
33;0.875;Idle;(16, 14);;(3, 5);1;7624
33;0.875;Idle;(16, 14);;(3, 5);1;7625
33;0.875;Idle;(16, 14);;(3, 5);1;7626
33;0.875;Idle;(16, 14);;(3, 5);1;7627
33;0.875;Idle;(16, 14);;(3, 5);1;7628
33;0.875;MoveSouth;(16, 14);;(3, 5);1;7629
33;0.875;MoveSouth;(16, 14);;(3, 5);1;7630
33;0.875;MoveSouth;(16, 14);;(3, 5);1;7631
33;0.875;MoveSouth;(16, 14);;(3, 5);1;7632
33;0.875;MoveSouth;(16, 14);;(3, 5);1;7633
33;0.875;MoveSouth;(16, 14);;(3, 5);1;7634
33;0.875;MoveSouth;(16, 14);;(3, 5);1;7635
33;0.875;MoveSouth;(16, 14);;(3, 5);1;7636
33;0.875;MoveSouth;(16, 15);;(3, 5);1;7637
33;0.875;MoveSouthWest;(16, 15);;(3, 5);1;7638
33;0.875;MoveSouthWest;(16, 15);;(3, 5);1;7639
33;0.875;MoveSouthWest;(16, 15);;(3, 5);1;7640
33;0.875;MoveSouthWest;(16, 15);;(3, 5);1;7641
33;0.875;MoveSouthWest;(16, 15);;(3, 5);1;7642
33;0.875;MoveSouthWest;(16, 15);;(3, 5);1;7643
33;0.875;MoveSouthWest;(16, 15);;(3, 5);1;7644
33;0.875;MoveSouthWest;(16, 15);;(3, 5);1;7645
33;0.875;MoveSouthWest;(15, 16);;(3, 5);1;7646
33;0.875;MoveSouthEast;(15, 16);;(3, 5);1;7647
33;0.875;MoveSouthEast;(15, 16);;(3, 5);1;7648
33;0.875;MoveSouthEast;(15, 16);;(3, 5);1;7649
33;0.875;MoveSouthEast;(15, 16);;(3, 5);1;7650
33;0.875;MoveSouthEast;(15, 16);;(3, 5);1;7651
33;0.875;MoveSouthEast;(15, 16);;(3, 5);1;7652
33;0.875;MoveSouthEast;(15, 16);;(3, 5);1;7653
33;0.875;MoveSouthEast;(15, 16);;(3, 5);1;7654
33;0.875;MoveSouthEast;(16, 17);;(3, 5);1;7655
33;0.875;MoveEast;(16, 17);;(3, 5);1;7656
33;0.875;MoveEast;(16, 17);;(3, 5);1;7657
33;0.875;MoveEast;(16, 17);;(3, 5);1;7658
33;0.875;MoveEast;(16, 17);;(3, 5);1;7659
33;0.875;MoveEast;(16, 17);;(3, 5);1;7660
33;0.875;MoveEast;(16, 17);;(3, 5);1;7661
33;0.875;MoveEast;(16, 17);;(3, 5);1;7662
33;0.875;MoveEast;(16, 17);;(3, 5);1;7663
33;0.875;MoveEast;(16, 17);;(3, 5);1;7664
33;0.875;MoveEast;(16, 17);;(3, 5);1;7665
33;0.875;MoveEast;(16, 17);;(3, 5);1;7666
33;0.875;MoveEast;(16, 17);;(3, 5);1;7667
33;0.875;MoveEast;(16, 17);;(3, 5);1;7668
33;0.875;MoveEast;(17, 17);;(3, 5);1;7669
33;0.875;MoveEast;(17, 17);;(3, 5);1;7670
33;0.875;MoveEast;(17, 17);;(3, 5);1;7671
33;0.875;MoveEast;(17, 17);;(3, 5);1;7672
33;0.875;MoveEast;(17, 17);;(3, 5);1;7673
33;0.875;MoveEast;(17, 17);;(3, 5);1;7674
33;0.875;MoveEast;(17, 17);;(3, 5);1;7675
33;0.875;MoveEast;(17, 17);;(3, 5);1;7676
33;0.875;MoveEast;(17, 17);;(3, 5);1;7677
33;0.875;MoveEast;(17, 17);;(3, 5);1;7678
33;0.875;MoveEast;(17, 17);;(3, 5);1;7679
33;0.875;MoveEast;(17, 17);;(3, 5);1;7680
33;0.875;MoveEast;(17, 17);;(3, 5);1;7681
33;0.875;MoveEast;(17, 17);;(3, 5);1;7682
33;0.875;MoveEast;(18, 17);;(3, 5);1;7683
33;0.875;MoveEast;(18, 17);;(3, 5);1;7684
33;0.875;MoveEast;(18, 17);;(3, 5);1;7685
33;0.875;MoveEast;(18, 17);;(3, 5);1;7686
33;0.875;MoveEast;(18, 17);;(3, 5);1;7687
33;0.875;MoveEast;(18, 17);;(3, 5);1;7688
33;0.875;MoveEast;(18, 17);;(3, 5);1;7689
33;0.875;MoveEast;(18, 17);;(3, 5);1;7690
33;0.875;MoveEast;(18, 17);;(3, 5);1;7691
33;0.875;MoveEast;(18, 17);;(3, 5);1;7692
33;0.875;MoveEast;(18, 17);;(3, 5);1;7693
33;0.875;MoveEast;(18, 17);;(3, 5);1;7694
33;0.875;MoveEast;(18, 17);;(3, 5);1;7695
33;0.875;MoveEast;(18, 17);;(3, 5);1;7696
33;0.875;MoveEast;(19, 17);;(3, 5);1;7697
33;0.875;MoveEast;(19, 17);;(3, 5);1;7698
33;0.875;MoveEast;(19, 17);;(3, 5);1;7699
33;0.875;MoveEast;(19, 17);;(3, 5);1;7700
33;0.875;MoveEast;(19, 17);;(3, 5);1;7701
33;0.875;MoveEast;(19, 17);;(3, 5);1;7702
33;0.875;MoveEast;(19, 17);;(3, 5);1;7703
33;0.875;MoveEast;(19, 17);;(3, 5);1;7704
33;0.875;MoveEast;(19, 17);;(3, 5);1;7705
33;0.875;MoveEast;(19, 17);;(3, 5);1;7706
33;0.875;MoveEast;(19, 17);;(3, 5);1;7707
33;0.875;MoveEast;(19, 17);;(3, 5);1;7708
33;0.875;MoveEast;(19, 17);;(3, 5);1;7709
33;0.875;MoveEast;(19, 17);;(3, 5);1;7710
33;0.875;MoveEast;(20, 17);;(3, 5);1;7711
33;0.875;MoveSouthEast;(20, 17);;(3, 5);1;7712
33;0.875;MoveSouthEast;(20, 17);;(3, 5);1;7713
33;0.875;MoveSouthEast;(20, 17);;(3, 5);1;7714
33;0.875;MoveSouthEast;(20, 17);;(3, 5);1;7715
33;0.875;MoveSouthEast;(20, 17);;(3, 5);1;7716
33;0.875;MoveSouthEast;(20, 17);;(3, 5);1;7717
33;0.875;MoveSouthEast;(20, 17);;(3, 5);1;7718
33;0.875;MoveSouthEast;(20, 17);;(3, 5);1;7719
33;0.875;MoveSouthEast;(20, 17);;(3, 5);1;7720
33;0.875;MoveSouthEast;(20, 17);;(3, 5);1;7721
33;0.875;MoveSouthEast;(20, 17);;(3, 5);1;7722
33;0.875;MoveSouthEast;(20, 17);;(3, 5);1;7723
33;0.875;MoveSouthEast;(20, 17);;(3, 5);1;7724
33;0.875;MoveSouthEast;(21, 18);;(3, 5);1;7725
33;0.875;;(21, 18);;(3, 5);1;7726
33;0.875;;(21, 18);;(3, 5);1;7727
33;0.875;;(21, 18);;(3, 5);1;7728
33;0.875;;(21, 18);;(3, 5);1;7729
33;0.875;;(21, 18);;(3, 5);1;7730
33;0.875;;(21, 18);;(3, 5);1;7731
33;0.875;;(21, 18);;(3, 5);1;7732
33;0.875;;(21, 18);;(3, 5);1;7733
33;0.875;;(21, 18);;(3, 5);1;7734
33;0.875;;(21, 18);;(3, 5);1;7735
33;0.875;;(21, 18);;(3, 5);1;7736
33;0.875;;(21, 18);;(3, 5);1;7737
33;0.875;;(21, 18);;(3, 5);1;7738
33;0.875;;(21, 18);;(3, 5);1;7739
33;0.875;;(21, 18);;(3, 5);1;7740
33;0.875;;(21, 18);;(3, 5);1;7741
33;0.875;;(21, 18);;(3, 5);1;7742
33;0.875;;(21, 18);;(3, 5);1;7743
33;0.875;;(21, 18);;(3, 5);1;7744
33;0.875;;(21, 18);;(3, 5);1;7745
33;0.875;;(21, 18);;(3, 5);1;7746
33;0.875;;(21, 18);;(3, 5);1;7747
33;0.875;;(21, 18);;(3, 5);1;7748
33;0.875;;(21, 18);;(3, 5);1;7749
33;0.875;;(21, 18);;(3, 5);1;7750
33;0.875;;(21, 18);;(3, 5);1;7751
33;0.875;;(21, 18);;(3, 5);1;7752
33;0.875;;(21, 18);;(3, 5);1;7753
33;0.875;;(21, 18);;(3, 5);1;7754
33;0.875;;(21, 18);;(3, 5);1;7755
33;0.875;;(21, 18);;(3, 5);1;7756
33;0.875;;(21, 18);;(3, 5);1;7757
33;0.875;;(21, 18);;(3, 5);1;7758
33;0.875;;(21, 18);;(3, 5);1;7759
33;0.875;;(21, 18);;(3, 5);1;7760
33;0.875;;(21, 18);;(3, 5);1;7761
33;0.875;;(21, 18);;(3, 5);1;7762
33;0.875;;(21, 18);;(3, 5);1;7763
33;0.875;;(21, 18);;(3, 5);1;7764
33;0.875;;(21, 18);;(3, 5);1;7765
33;0.875;;(21, 18);;(3, 5);1;7766
33;0.875;;(21, 18);;(3, 5);1;7767
33;0.875;;(21, 18);;(3, 5);1;7768
33;0.875;;(21, 18);;(3, 5);1;7769
33;0.875;;(21, 18);;(3, 5);1;7770
33;0.875;;(21, 18);;(3, 5);1;7771
33;0.875;;(21, 18);;(3, 5);1;7772
33;0.875;;(21, 18);;(3, 5);1;7773
33;0.875;;(21, 18);;(3, 5);1;7774
33;0.875;;(21, 18);;(3, 5);1;7775
33;0.875;;(21, 18);;(3, 5);1;7776
33;0.875;;(21, 18);;(3, 5);1;7777
33;0.875;;(21, 18);;(3, 5);1;7778
33;0.875;;(21, 18);;(3, 5);1;7779
33;0.875;;(21, 18);;(3, 5);1;7780
33;0.875;;(21, 18);;(3, 5);1;7781
33;0.875;;(21, 18);;(3, 5);1;7782
33;0.875;;(21, 18);;(3, 5);1;7783
33;0.875;;(21, 18);;(3, 5);1;7784
33;0.875;;(21, 18);;(3, 5);1;7785
33;0.875;;(21, 18);;(3, 5);1;7786
33;0.875;;(21, 18);;(3, 5);1;7787
33;0.875;;(21, 18);;(3, 5);1;7788
33;0.875;;(21, 18);;(3, 5);1;7789
33;0.875;;(21, 18);;(3, 5);1;7790
33;0.875;;(21, 18);;(3, 5);1;7791
33;0.875;;(21, 18);;(3, 5);1;7792
33;0.875;;(21, 18);;(3, 5);1;7793
33;0.875;;(21, 18);;(3, 5);1;7794
33;0.875;;(21, 18);;(3, 5);1;7795
33;0.875;;(21, 18);;(3, 5);1;7796
33;0.875;;(21, 18);;(3, 5);1;7797
33;0.875;MoveNorthWest;(21, 18);;(3, 5);1;7798
33;0.875;MoveNorthWest;(21, 18);;(3, 5);1;7799
33;0.875;MoveNorthWest;(21, 18);;(3, 5);1;7800
33;0.875;MoveNorthWest;(21, 18);;(3, 5);1;7801
33;0.875;MoveNorthWest;(21, 18);;(3, 5);1;7802
33;0.875;MoveNorthWest;(21, 18);;(3, 5);1;7803
33;0.875;MoveNorthWest;(21, 18);;(3, 5);1;7804
33;0.875;MoveNorthWest;(21, 18);;(3, 5);1;7805
33;0.875;MoveNorthWest;(20, 17);;(3, 5);1;7806
33;0.875;MoveNorth;(20, 17);;(3, 5);1;7807
33;0.875;MoveNorth;(20, 17);;(3, 5);1;7808
33;0.875;MoveNorth;(20, 17);;(3, 5);1;7809
33;0.875;MoveNorth;(20, 17);;(3, 5);1;7810
33;0.875;MoveNorth;(20, 17);;(3, 5);1;7811
33;0.875;MoveNorth;(20, 17);;(3, 5);1;7812
33;0.875;MoveNorth;(20, 17);;(3, 5);1;7813
33;0.875;MoveNorth;(20, 17);;(3, 5);1;7814
33;0.875;MoveNorth;(20, 17);;(3, 5);1;7815
33;0.875;MoveNorth;(20, 17);;(3, 5);1;7816
33;0.875;MoveNorth;(20, 17);;(3, 5);1;7817
33;0.875;MoveNorth;(20, 17);;(3, 5);1;7818
33;0.875;MoveNorth;(20, 17);;(3, 5);1;7819
33;0.875;MoveNorth;(20, 16);;(3, 5);1;7820
33;0.875;MoveNorthWest;(20, 16);;(3, 5);1;7821
33;0.875;MoveNorthWest;(20, 16);;(3, 5);1;7822
33;0.875;MoveNorthWest;(20, 16);;(3, 5);1;7823
33;0.875;MoveNorthWest;(20, 16);;(3, 5);1;7824
33;0.875;MoveNorthWest;(20, 16);;(3, 5);1;7825
33;0.875;MoveNorthWest;(20, 16);;(3, 5);1;7826
33;0.875;MoveNorthWest;(20, 16);;(3, 5);1;7827
33;0.875;MoveNorthWest;(20, 16);;(3, 5);1;7828
33;0.875;MoveNorthWest;(19, 15);;(3, 5);1;7829
33;0.875;MoveNorth;(19, 15);;(3, 5);1;7830
33;0.875;MoveNorth;(19, 15);;(3, 5);1;7831
33;0.875;MoveNorth;(19, 15);;(3, 5);1;7832
33;0.875;MoveNorth;(19, 15);;(3, 5);1;7833
33;0.875;MoveNorth;(19, 15);;(3, 5);1;7834
33;0.875;MoveNorth;(19, 15);;(3, 5);1;7835
33;0.875;MoveNorth;(19, 15);;(3, 5);1;7836
33;0.875;MoveNorth;(19, 15);;(3, 5);1;7837
33;0.875;MoveNorth;(19, 14);;(3, 5);1;7838
33;0.875;MoveNorthWest;(19, 14);;(3, 5);1;7839
33;0.875;MoveNorthWest;(19, 14);;(3, 5);1;7840
33;0.875;MoveNorthWest;(19, 14);;(3, 5);1;7841
33;0.875;MoveNorthWest;(19, 14);;(3, 5);1;7842
33;0.875;MoveNorthWest;(19, 14);;(3, 5);1;7843
33;0.875;MoveNorthWest;(19, 14);;(3, 5);1;7844
33;0.875;MoveNorthWest;(19, 14);;(3, 5);1;7845
33;0.875;MoveNorthWest;(19, 14);;(3, 5);1;7846
33;0.875;MoveNorthWest;(18, 13);;(3, 5);1;7847
33;0.875;MoveNorth;(18, 13);;(3, 5);1;7848
33;0.875;MoveNorth;(18, 13);;(3, 5);1;7849
33;0.875;MoveNorth;(18, 13);;(3, 5);1;7850
33;0.875;MoveNorth;(18, 13);;(3, 5);1;7851
33;0.875;MoveNorth;(18, 13);;(3, 5);1;7852
33;0.875;MoveNorth;(18, 13);;(3, 5);1;7853
33;0.875;MoveNorth;(18, 13);;(3, 5);1;7854
33;0.875;MoveNorth;(18, 13);;(3, 5);1;7855
33;0.875;MoveNorth;(18, 13);;(3, 5);1;7856
33;0.875;MoveNorth;(18, 13);;(3, 5);1;7857
33;0.875;MoveNorth;(18, 13);;(3, 5);1;7858
33;0.875;MoveNorth;(18, 13);;(3, 5);1;7859
33;0.875;MoveNorth;(18, 13);;(3, 5);1;7860
33;0.875;MoveNorth;(18, 12);;(3, 5);1;7861
33;0.875;MoveNorth;(18, 12);;(3, 5);1;7862
33;0.875;MoveNorth;(18, 12);;(3, 5);1;7863
33;0.875;MoveNorth;(18, 12);;(3, 5);1;7864
33;0.875;MoveNorth;(18, 12);;(3, 5);1;7865
33;0.875;MoveNorth;(18, 12);;(3, 5);1;7866
33;0.875;MoveNorth;(18, 12);;(3, 5);1;7867
33;0.875;MoveNorth;(18, 12);;(3, 5);1;7868
33;0.875;MoveNorth;(18, 12);;(3, 5);1;7869
33;0.875;MoveNorth;(18, 12);;(3, 5);1;7870
33;0.875;MoveNorth;(18, 12);;(3, 5);1;7871
33;0.875;MoveNorth;(18, 12);;(3, 5);1;7872
33;0.875;MoveNorth;(18, 12);;(3, 5);1;7873
33;0.875;MoveNorth;(18, 12);;(3, 5);1;7874
33;0.875;MoveNorth;(18, 11);;(3, 5);1;7875
33;0.875;MoveNorth;(18, 11);;(3, 5);1;7876
33;0.875;MoveNorth;(18, 11);;(3, 5);1;7877
33;0.875;MoveNorth;(18, 11);;(3, 5);1;7878
33;0.875;MoveNorth;(18, 11);;(3, 5);1;7879
33;0.875;MoveNorth;(18, 11);;(3, 5);1;7880
33;0.875;MoveNorth;(18, 11);;(3, 5);1;7881
33;0.875;MoveNorth;(18, 11);;(3, 5);1;7882
33;0.875;MoveNorth;(18, 11);;(3, 5);1;7883
33;0.875;MoveNorth;(18, 11);;(3, 5);1;7884
33;0.875;MoveNorth;(18, 11);;(3, 5);1;7885
33;0.875;MoveNorth;(18, 11);;(3, 5);1;7886
33;0.875;MoveNorth;(18, 11);;(3, 5);1;7887
33;0.875;MoveNorth;(18, 11);;(3, 5);1;7888
33;0.875;MoveNorth;(18, 10);;(3, 5);1;7889
33;0.875;MoveNorth;(18, 10);;(3, 5);1;7890
33;0.875;MoveNorth;(18, 10);;(3, 5);1;7891
33;0.875;MoveNorth;(18, 10);;(3, 5);1;7892
33;0.875;MoveNorth;(18, 10);;(3, 5);1;7893
33;0.875;MoveNorth;(18, 10);;(3, 5);1;7894
33;0.875;MoveNorth;(18, 10);;(3, 5);1;7895
33;0.875;MoveNorth;(18, 10);;(3, 5);1;7896
33;0.875;MoveNorth;(18, 10);;(3, 5);1;7897
33;0.875;MoveNorth;(18, 10);;(3, 5);1;7898
33;0.875;MoveNorth;(18, 10);;(3, 5);1;7899
33;0.875;MoveNorth;(18, 10);;(3, 5);1;7900
33;0.875;MoveNorth;(18, 10);;(3, 5);1;7901
33;0.875;MoveNorth;(18, 10);;(3, 5);1;7902
33;0.875;MoveNorth;(18, 9);;(3, 5);1;7903
33;0.875;MoveNorth;(18, 9);;(3, 5);1;7904
33;0.875;MoveNorth;(18, 9);;(3, 5);1;7905
33;0.875;MoveNorth;(18, 9);;(3, 5);1;7906
33;0.875;MoveNorth;(18, 9);;(3, 5);1;7907
33;0.875;MoveNorth;(18, 9);;(3, 5);1;7908
33;0.875;MoveNorth;(18, 9);;(3, 5);1;7909
33;0.875;MoveNorth;(18, 9);;(3, 5);1;7910
33;0.875;MoveNorth;(18, 9);;(3, 5);1;7911
33;0.875;MoveNorth;(18, 9);;(3, 5);1;7912
33;0.875;MoveNorth;(18, 9);;(3, 5);1;7913
33;0.875;MoveNorth;(18, 9);;(3, 5);1;7914
33;0.875;MoveNorth;(18, 9);;(3, 5);1;7915
33;0.875;MoveNorth;(18, 9);;(3, 5);1;7916
33;0.875;MoveNorth;(18, 8);;(3, 5);1;7917
33;0.875;MoveNorth;(18, 8);;(3, 5);1;7918
33;0.875;MoveNorth;(18, 8);;(3, 5);1;7919
33;0.875;MoveNorth;(18, 8);;(3, 5);1;7920
33;0.875;MoveNorth;(18, 8);;(3, 5);1;7921
33;0.875;MoveNorth;(18, 8);;(3, 5);1;7922
33;0.875;MoveNorth;(18, 8);;(3, 5);1;7923
33;0.875;MoveNorth;(18, 8);;(3, 5);1;7924
33;0.875;MoveNorth;(18, 8);;(3, 5);1;7925
33;0.875;MoveNorth;(18, 7);;(3, 5);1;7926
33;0.875;MoveNorthWest;(18, 7);;(3, 5);1;7927
33;0.875;MoveNorthWest;(18, 7);;(3, 5);1;7928
33;0.875;MoveNorthWest;(18, 7);;(3, 5);1;7929
33;0.875;MoveNorthWest;(18, 7);;(3, 5);1;7930
33;0.875;MoveNorthWest;(18, 7);;(3, 5);1;7931
33;0.875;MoveNorthWest;(18, 7);;(3, 5);1;7932
33;0.875;MoveNorthWest;(18, 7);;(3, 5);1;7933
33;0.875;MoveNorthWest;(18, 7);;(3, 5);1;7934
33;0.875;MoveNorthWest;(17, 6);;(3, 5);1;7935
33;0.875;MoveWest;(17, 6);;(3, 5);1;7936
33;0.875;MoveWest;(17, 6);;(3, 5);1;7937
33;0.875;MoveWest;(17, 6);;(3, 5);1;7938
33;0.875;MoveWest;(17, 6);;(3, 5);1;7939
33;0.875;MoveWest;(17, 6);;(3, 5);1;7940
33;0.875;MoveWest;(17, 6);;(3, 5);1;7941
33;0.875;MoveWest;(17, 6);;(3, 5);1;7942
33;0.875;MoveWest;(17, 6);;(3, 5);1;7943
33;0.875;MoveWest;(16, 6);;(3, 5);1;7944
33;0.875;MoveWest;(16, 6);;(3, 5);1;7945
33;0.875;MoveWest;(16, 6);;(3, 5);1;7946
33;0.875;MoveWest;(16, 6);;(3, 5);1;7947
33;0.875;MoveWest;(16, 6);;(3, 5);1;7948
33;0.875;MoveWest;(16, 6);;(3, 5);1;7949
33;0.875;MoveWest;(16, 6);;(3, 5);1;7950
33;0.875;MoveWest;(16, 6);;(3, 5);1;7951
33;0.875;MoveWest;(16, 6);;(3, 5);1;7952
33;0.875;MoveWest;(15, 6);;(3, 5);1;7953
33;0.875;MoveSouth;(15, 6);;(3, 5);1;7954
33;0.875;MoveSouth;(15, 6);;(3, 5);1;7955
33;0.875;MoveSouth;(15, 6);;(3, 5);1;7956
33;0.875;MoveSouth;(15, 6);;(3, 5);1;7957
33;0.875;MoveSouth;(15, 6);;(3, 5);1;7958
33;0.875;MoveSouth;(15, 6);;(3, 5);1;7959
33;0.875;MoveSouth;(15, 6);;(3, 5);1;7960
33;0.875;MoveSouth;(15, 6);;(3, 5);1;7961
33;0.875;MoveSouth;(15, 7);;(3, 5);1;7962
33;0.875;MoveSouthWest;(15, 7);;(3, 5);1;7963
33;0.875;MoveSouthWest;(15, 7);;(3, 5);1;7964
33;0.875;MoveSouthWest;(15, 7);;(3, 5);1;7965
33;0.875;MoveSouthWest;(15, 7);;(3, 5);1;7966
33;0.875;MoveSouthWest;(15, 7);;(3, 5);1;7967
33;0.875;MoveSouthWest;(15, 7);;(3, 5);1;7968
33;0.875;MoveSouthWest;(15, 7);;(3, 5);1;7969
33;0.875;MoveSouthWest;(15, 7);;(3, 5);1;7970
33;0.875;MoveSouthWest;(14, 8);;(3, 5);1;7971
33;0.875;MoveSouthEast;(14, 8);;(3, 5);1;7972
33;0.875;MoveSouthEast;(14, 8);;(3, 5);1;7973
33;0.875;MoveSouthEast;(14, 8);;(3, 5);1;7974
33;0.875;MoveSouthEast;(14, 8);;(3, 5);1;7975
33;0.875;MoveSouthEast;(14, 8);;(3, 5);1;7976
33;0.875;MoveSouthEast;(14, 8);;(3, 5);1;7977
33;0.875;MoveSouthEast;(14, 8);;(3, 5);1;7978
33;0.875;MoveSouthEast;(14, 8);;(3, 5);1;7979
33;0.875;MoveSouthEast;(15, 9);;(3, 5);1;7980
33;0.875;MoveNorthEast;(15, 9);;(3, 5);1;7981
33;0.875;MoveNorthEast;(15, 9);;(3, 5);1;7982
33;0.875;MoveNorthEast;(15, 9);;(3, 5);1;7983
33;0.875;MoveNorthEast;(15, 9);;(3, 5);1;7984
33;0.875;MoveNorthEast;(15, 9);;(3, 5);1;7985
33;0.875;MoveNorthEast;(15, 9);;(3, 5);1;7986
33;0.875;MoveNorthEast;(15, 9);;(3, 5);1;7987
33;0.875;MoveNorthEast;(15, 9);;(3, 5);1;7988
33;0.875;MoveNorthEast;(16, 8);;(3, 5);1;7989
33;0.875;Idle;(16, 8);;(3, 5);1;7990
33;0.875;Idle;(16, 8);;(3, 5);1;7991
33;0.875;Idle;(16, 8);;(3, 5);1;7992
33;0.875;Idle;(16, 8);;(3, 5);1;7993
33;0.875;Idle;(16, 8);;(3, 5);1;7994
33;0.875;Idle;(16, 8);;(3, 5);1;7995
33;0.875;Idle;(16, 8);;(3, 5);1;7996
33;0.875;Idle;(16, 8);;(3, 5);1;7997
33;0.875;Idle;(16, 8);;(3, 5);1;7998
33;0.875;Idle;(16, 8);;(3, 5);1;7999
33;0.875;Idle;(16, 8);;(3, 5);1;8000
33;0.875;Idle;(16, 8);;(3, 5);1;8001
33;0.875;Idle;(16, 8);;(3, 5);1;8002
33;0.875;Idle;(16, 8);;(3, 5);1;8003
33;0.875;Idle;(16, 8);;(3, 5);1;8004
33;0.875;Idle;(16, 8);;(3, 5);1;8005
33;0.875;Idle;(16, 8);;(3, 5);1;8006
33;0.875;Idle;(16, 8);;(3, 5);1;8007
33;0.875;Idle;(16, 8);;(3, 5);1;8008
33;0.875;Idle;(16, 8);;(3, 5);1;8009
33;0.875;Idle;(16, 8);;(3, 5);1;8010
33;0.875;Idle;(16, 8);;(3, 5);1;8011
33;0.875;Idle;(16, 8);;(3, 5);1;8012
33;0.875;Idle;(16, 8);;(3, 5);1;8013
33;0.875;Idle;(16, 8);;(3, 5);1;8014
33;0.875;Idle;(16, 8);;(3, 5);1;8015
33;0.875;MoveNorthWest;(16, 8);;(3, 5);1;8016
33;0.875;MoveNorthWest;(16, 8);;(3, 5);1;8017
33;0.875;MoveNorthWest;(16, 8);;(3, 5);1;8018
33;0.875;MoveNorthWest;(16, 8);;(3, 5);1;8019
33;0.875;MoveNorthWest;(16, 8);;(3, 5);1;8020
33;0.875;MoveNorthWest;(16, 8);;(3, 5);1;8021
33;0.875;MoveNorthWest;(16, 8);;(3, 5);1;8022
33;0.875;MoveNorthWest;(16, 8);;(3, 5);1;8023
33;0.875;MoveNorthWest;(15, 7);;(3, 5);1;8024
33;0.875;MoveNorth;(15, 7);;(3, 5);1;8025
33;0.875;MoveNorth;(15, 7);;(3, 5);1;8026
33;0.875;MoveNorth;(15, 7);;(3, 5);1;8027
33;0.875;MoveNorth;(15, 7);;(3, 5);1;8028
33;0.875;MoveNorth;(15, 7);;(3, 5);1;8029
33;0.875;MoveNorth;(15, 7);;(3, 5);1;8030
33;0.875;MoveNorth;(15, 7);;(3, 5);1;8031
33;0.875;MoveNorth;(15, 7);;(3, 5);1;8032
33;0.875;MoveNorth;(15, 6);;(3, 5);1;8033
33;0.875;MoveNorth;(15, 6);;(3, 5);1;8034
33;0.875;MoveNorth;(15, 6);;(3, 5);1;8035
33;0.875;MoveNorth;(15, 6);;(3, 5);1;8036
33;0.875;MoveNorth;(15, 6);;(3, 5);1;8037
33;0.875;MoveNorth;(15, 6);;(3, 5);1;8038
33;0.875;MoveNorth;(15, 6);;(3, 5);1;8039
33;0.875;MoveNorth;(15, 6);;(3, 5);1;8040
33;0.875;MoveNorth;(15, 6);;(3, 5);1;8041
33;0.875;MoveNorth;(15, 5);;(3, 5);1;8042
33;0.875;;(15, 5);;(3, 5);1;8043
33;0.875;;(15, 5);;(3, 5);1;8044
33;0.875;;(15, 5);;(3, 5);1;8045
33;0.875;;(15, 5);;(3, 5);1;8046
33;0.875;;(15, 5);;(3, 5);1;8047
33;0.875;;(15, 5);;(3, 5);1;8048
33;0.875;;(15, 5);;(3, 5);1;8049
33;0.875;;(15, 5);;(3, 5);1;8050
33;0.875;;(15, 5);;(3, 5);1;8051
33;0.875;;(15, 5);;(3, 5);1;8052
33;0.875;;(15, 5);;(3, 5);1;8053
33;0.875;;(15, 5);;(3, 5);1;8054
33;0.875;;(15, 5);;(3, 5);1;8055
33;0.875;;(15, 5);;(3, 5);1;8056
33;0.875;;(15, 5);;(3, 5);1;8057
33;0.875;;(15, 5);;(3, 5);1;8058
33;0.875;;(15, 5);;(3, 5);1;8059
33;0.875;;(15, 5);;(3, 5);1;8060
33;0.875;;(15, 5);;(3, 5);1;8061
33;0.875;;(15, 5);;(3, 5);1;8062
33;0.875;;(15, 5);;(3, 5);1;8063
33;0.875;;(15, 5);;(3, 5);1;8064
33;0.875;;(15, 5);;(3, 5);1;8065
33;0.875;;(15, 5);;(3, 5);1;8066
33;0.875;;(15, 5);;(3, 5);1;8067
33;0.875;;(15, 5);;(3, 5);1;8068
33;0.875;;(15, 5);;(3, 5);1;8069
33;0.875;;(15, 5);;(3, 5);1;8070
33;0.875;;(15, 5);;(3, 5);1;8071
33;0.875;;(15, 5);;(3, 5);1;8072
33;0.875;;(15, 5);;(3, 5);1;8073
33;0.875;;(15, 5);;(3, 5);1;8074
33;0.875;;(15, 5);;(3, 5);1;8075
33;0.875;;(15, 5);;(3, 5);1;8076
33;0.875;;(15, 5);;(3, 5);1;8077
33;0.875;;(15, 5);;(3, 5);1;8078
33;0.875;;(15, 5);;(3, 5);1;8079
33;0.875;;(15, 5);;(3, 5);1;8080
33;0.875;;(15, 5);;(3, 5);1;8081
33;0.875;;(15, 5);;(3, 5);1;8082
33;0.875;;(15, 5);;(3, 5);1;8083
33;0.875;;(15, 5);;(3, 5);1;8084
33;0.875;;(15, 5);;(3, 5);1;8085
33;0.875;;(15, 5);;(3, 5);1;8086
33;0.875;;(15, 5);;(3, 5);1;8087
33;0.875;;(15, 5);;(3, 5);1;8088
33;0.875;;(15, 5);;(3, 5);1;8089
33;0.875;;(15, 5);;(3, 5);1;8090
33;0.875;;(15, 5);;(3, 5);1;8091
33;0.875;;(15, 5);;(3, 5);1;8092
33;0.875;;(15, 5);;(3, 5);1;8093
33;0.875;;(15, 5);;(3, 5);1;8094
33;0.875;;(15, 5);;(3, 5);1;8095
33;0.875;;(15, 5);;(3, 5);1;8096
33;0.875;;(15, 5);;(3, 5);1;8097
33;0.875;;(15, 5);;(3, 5);1;8098
33;0.875;;(15, 5);;(3, 5);1;8099
33;0.875;;(15, 5);;(3, 5);1;8100
33;0.875;;(15, 5);;(3, 5);1;8101
33;0.875;;(15, 5);;(3, 5);1;8102
33;0.875;;(15, 5);;(3, 5);1;8103
33;0.875;;(15, 5);;(3, 5);1;8104
33;0.875;;(15, 5);;(3, 5);1;8105
33;0.875;;(15, 5);;(3, 5);1;8106
33;0.875;;(15, 5);;(3, 5);1;8107
33;0.875;;(15, 5);;(3, 5);1;8108
33;0.875;;(15, 5);;(3, 5);1;8109
33;0.875;;(15, 5);;(3, 5);1;8110
33;0.875;;(15, 5);;(3, 5);1;8111
33;0.875;;(15, 5);;(3, 5);1;8112
33;0.875;;(15, 5);;(3, 5);1;8113
33;0.875;;(15, 5);;(3, 5);1;8114
33;0.875;;(15, 5);;(3, 5);1;8115
33;0.875;;(15, 5);;(3, 5);1;8116
33;0.875;;(15, 5);;(3, 5);1;8117
33;0.875;;(15, 5);;(3, 5);1;8118
33;0.875;;(15, 5);;(3, 5);1;8119
33;0.875;;(15, 5);;(3, 5);1;8120
33;0.875;;(15, 5);;(3, 5);1;8121
33;0.875;;(15, 5);;(3, 5);1;8122
33;0.875;;(15, 5);;(3, 5);1;8123
33;0.875;;(15, 5);;(3, 5);1;8124
33;0.875;;(15, 5);;(3, 5);1;8125
33;0.875;;(15, 5);;(3, 5);1;8126
33;0.875;;(15, 5);;(3, 5);1;8127
33;0.875;;(15, 5);;(3, 5);1;8128
33;0.875;;(15, 5);;(3, 5);1;8129
33;0.875;;(15, 5);;(3, 5);1;8130
33;0.875;;(15, 5);;(3, 5);1;8131
33;0.875;;(15, 5);;(3, 5);1;8132
33;0.875;;(15, 5);;(3, 5);1;8133
33;0.875;;(15, 5);;(3, 5);1;8134
33;0.875;;(15, 5);;(3, 5);1;8135
33;0.875;;(15, 5);;(3, 5);1;8136
33;0.875;;(15, 5);;(3, 5);1;8137
33;0.875;;(15, 5);;(3, 5);1;8138
33;0.875;;(15, 5);;(3, 5);1;8139
33;0.875;;(15, 5);;(3, 5);1;8140
33;0.875;;(15, 5);;(3, 5);1;8141
33;0.875;;(15, 5);;(3, 5);1;8142
33;0.875;;(15, 5);;(3, 5);1;8143
33;0.875;;(15, 5);;(3, 5);1;8144
33;0.875;;(15, 5);;(3, 5);1;8145
33;0.875;;(15, 5);;(3, 5);1;8146
33;0.875;;(15, 5);;(3, 5);1;8147
33;0.875;;(15, 5);;(3, 5);1;8148
33;0.875;;(15, 5);;(3, 5);1;8149
33;0.875;;(15, 5);;(3, 5);1;8150
33;0.875;;(15, 5);;(3, 5);1;8151
33;0.875;;(15, 5);;(3, 5);1;8152
33;0.875;;(15, 5);;(3, 5);1;8153
33;0.875;;(15, 5);;(3, 5);1;8154
33;0.875;;(15, 5);;(3, 5);1;8155
33;0.875;;(15, 5);;(3, 5);1;8156
33;0.875;;(15, 5);;(3, 5);1;8157
33;0.875;;(15, 5);;(3, 5);1;8158
33;0.875;;(15, 5);;(3, 5);1;8159
33;0.875;;(15, 5);;(3, 5);1;8160
33;0.875;;(15, 5);;(3, 5);1;8161
33;0.875;;(15, 5);;(3, 5);1;8162
33;0.875;;(15, 5);;(3, 5);1;8163
33;0.875;;(15, 5);;(3, 5);1;8164
33;0.875;;(15, 5);;(3, 5);1;8165
33;0.875;;(15, 5);;(3, 5);1;8166
33;0.875;;(15, 5);;(3, 5);1;8167
33;0.875;;(15, 5);;(3, 5);1;8168
33;0.875;;(15, 5);;(3, 5);1;8169
33;0.875;;(15, 5);;(3, 5);1;8170
33;0.875;;(15, 5);;(3, 5);1;8171
33;0.875;;(15, 5);;(3, 5);1;8172
33;0.875;;(15, 5);;(3, 5);1;8173
33;0.875;;(15, 5);;(3, 5);1;8174
33;0.875;;(15, 5);;(3, 5);1;8175
33;0.875;;(15, 5);;(3, 5);1;8176
33;0.875;;(15, 5);;(3, 5);1;8177
33;0.875;;(15, 5);;(3, 5);1;8178
33;0.875;;(15, 5);;(3, 5);1;8179
33;0.875;;(15, 5);;(3, 5);1;8180
33;0.875;;(15, 5);;(3, 5);1;8181
33;0.875;;(15, 5);;(3, 5);1;8182
33;0.875;;(15, 5);;(3, 5);1;8183
33;0.875;;(15, 5);;(3, 5);1;8184
33;0.875;;(15, 5);;(3, 5);1;8185
33;0.875;;(15, 5);;(3, 5);1;8186
33;0.875;;(15, 5);;(3, 5);1;8187
33;0.875;;(15, 5);;(3, 5);1;8188
33;0.875;;(15, 5);;(3, 5);1;8189
33;0.875;;(15, 5);;(3, 5);1;8190
33;0.875;;(15, 5);;(3, 5);1;8191
33;0.875;;(15, 5);;(3, 5);1;8192
33;0.875;;(15, 5);;(3, 5);1;8193
33;0.875;;(15, 5);;(3, 5);1;8194
33;0.875;;(15, 5);;(3, 5);1;8195
33;0.875;;(15, 5);;(3, 5);1;8196
33;0.875;MoveWest;(15, 5);;(3, 5);1;8197
33;0.875;MoveWest;(15, 5);;(3, 5);1;8198
33;0.875;MoveWest;(15, 5);;(3, 5);1;8199
33;0.875;MoveWest;(15, 5);;(3, 5);1;8200
33;0.875;MoveWest;(15, 5);;(3, 5);1;8201
33;0.875;MoveWest;(15, 5);;(3, 5);1;8202
33;0.875;MoveWest;(15, 5);;(3, 5);1;8203
33;0.875;MoveWest;(15, 5);;(3, 5);1;8204
33;0.875;MoveWest;(14, 5);;(3, 5);1;8205
33;0.875;MoveWest;(14, 5);;(3, 5);1;8206
33;0.875;MoveWest;(14, 5);;(3, 5);1;8207
33;0.875;MoveWest;(14, 5);;(3, 5);1;8208
33;0.875;MoveWest;(14, 5);;(3, 5);1;8209
33;0.875;MoveWest;(14, 5);;(3, 5);1;8210
33;0.875;MoveWest;(14, 5);;(3, 5);1;8211
33;0.875;MoveWest;(14, 5);;(3, 5);1;8212
33;0.875;MoveWest;(14, 5);;(3, 5);1;8213
33;0.875;MoveWest;(13, 5);;(3, 5);1;8214
33;0.875;MoveWest;(13, 5);;(3, 5);1;8215
33;0.875;MoveWest;(13, 5);;(3, 5);1;8216
33;0.875;MoveWest;(13, 5);;(3, 5);1;8217
33;0.875;MoveWest;(13, 5);;(3, 5);1;8218
33;0.875;MoveWest;(13, 5);;(3, 5);1;8219
33;0.875;MoveWest;(13, 5);;(3, 5);1;8220
33;0.875;MoveWest;(13, 5);;(3, 5);1;8221
33;0.875;MoveWest;(13, 5);;(3, 5);1;8222
33;0.875;MoveWest;(12, 5);;(3, 5);1;8223
33;0.875;MoveWest;(12, 5);;(3, 5);1;8224
33;0.875;MoveWest;(12, 5);;(3, 5);1;8225
33;0.875;MoveWest;(12, 5);;(3, 5);1;8226
33;0.875;MoveWest;(12, 5);;(3, 5);1;8227
33;0.875;MoveWest;(12, 5);;(3, 5);1;8228
33;0.875;MoveWest;(12, 5);;(3, 5);1;8229
33;0.875;MoveWest;(12, 5);;(3, 5);1;8230
33;0.875;MoveWest;(12, 5);;(3, 5);1;8231
33;0.875;MoveWest;(11, 5);;(3, 5);1;8232
33;0.875;MoveWest;(11, 5);;(3, 5);1;8233
33;0.875;MoveWest;(11, 5);;(3, 5);1;8234
33;0.875;MoveWest;(11, 5);;(3, 5);1;8235
33;0.875;MoveWest;(11, 5);;(3, 5);1;8236
33;0.875;MoveWest;(11, 5);;(3, 5);1;8237
33;0.875;MoveWest;(11, 5);;(3, 5);1;8238
33;0.875;MoveWest;(11, 5);;(3, 5);1;8239
33;0.875;MoveWest;(11, 5);;(3, 5);1;8240
33;0.875;MoveWest;(10, 5);;(3, 5);1;8241
33;0.875;MoveWest;(10, 5);;(3, 5);1;8242
33;0.875;MoveWest;(10, 5);;(3, 5);1;8243
33;0.875;MoveWest;(10, 5);;(3, 5);1;8244
33;0.875;MoveWest;(10, 5);;(3, 5);1;8245
33;0.875;MoveWest;(10, 5);;(3, 5);1;8246
33;0.875;MoveWest;(10, 5);;(3, 5);1;8247
33;0.875;MoveWest;(10, 5);;(3, 5);1;8248
33;0.875;MoveWest;(10, 5);;(3, 5);1;8249
33;0.875;MoveWest;(10, 5);;(3, 5);1;8250
33;0.875;MoveWest;(10, 5);;(3, 5);1;8251
33;0.875;MoveWest;(10, 5);;(3, 5);1;8252
33;0.875;MoveWest;(10, 5);;(3, 5);1;8253
33;0.875;MoveWest;(10, 5);;(3, 5);1;8254
33;0.875;MoveWest;(9, 5);;(3, 5);1;8255
33;0.875;MoveNorth;(9, 5);;(3, 5);1;8256
33;0.875;MoveNorth;(9, 5);;(3, 5);1;8257
33;0.875;MoveNorth;(9, 5);;(3, 5);1;8258
33;0.875;MoveNorth;(9, 5);;(3, 5);1;8259
33;0.875;MoveNorth;(9, 5);;(3, 5);1;8260
33;0.875;MoveNorth;(9, 5);;(3, 5);1;8261
33;0.875;MoveNorth;(9, 5);;(3, 5);1;8262
33;0.875;MoveNorth;(9, 5);;(3, 5);1;8263
33;0.875;MoveNorth;(9, 4);;(3, 5);1;8264
33;0.875;MoveNorthWest;(9, 4);;(3, 5);1;8265
33;0.875;MoveNorthWest;(9, 4);;(3, 5);1;8266
33;0.875;MoveNorthWest;(9, 4);;(3, 5);1;8267
33;0.875;MoveNorthWest;(9, 4);;(3, 5);1;8268
33;0.875;MoveNorthWest;(9, 4);;(3, 5);1;8269
33;0.875;MoveNorthWest;(9, 4);;(3, 5);1;8270
33;0.875;MoveNorthWest;(9, 4);;(3, 5);1;8271
33;0.875;MoveNorthWest;(9, 4);;(3, 5);1;8272
33;0.875;MoveNorthWest;(8, 3);;(3, 5);1;8273
33;0.875;MoveNorth;(8, 3);;(3, 5);1;8274
33;0.875;MoveNorth;(8, 3);;(3, 5);1;8275
33;0.875;MoveNorth;(8, 3);;(3, 5);1;8276
33;0.875;MoveNorth;(8, 3);;(3, 5);1;8277
33;0.875;MoveNorth;(8, 3);;(3, 5);1;8278
33;0.875;MoveNorth;(8, 3);;(3, 5);1;8279
33;0.875;MoveNorth;(8, 3);;(3, 5);1;8280
33;0.875;MoveNorth;(8, 3);;(3, 5);1;8281
33;0.875;MoveNorth;(8, 2);;(3, 5);1;8282
33;0.875;MoveSouthEast;(8, 2);;(3, 5);1;8283
33;0.875;MoveSouthEast;(8, 2);;(3, 5);1;8284
33;0.875;MoveSouthEast;(8, 2);;(3, 5);1;8285
33;0.875;MoveSouthEast;(8, 2);;(3, 5);1;8286
33;0.875;MoveSouthEast;(8, 2);;(3, 5);1;8287
33;0.875;MoveSouthEast;(8, 2);;(3, 5);1;8288
33;0.875;MoveSouthEast;(8, 2);;(3, 5);1;8289
33;0.875;MoveSouthEast;(8, 2);;(3, 5);1;8290
33;0.875;MoveSouthEast;(9, 3);;(3, 5);1;8291
33;0.875;MoveNorthEast;(9, 3);;(3, 5);1;8292
33;0.875;MoveNorthEast;(9, 3);;(3, 5);1;8293
33;0.875;MoveNorthEast;(9, 3);;(3, 5);1;8294
33;0.875;MoveNorthEast;(9, 3);;(3, 5);1;8295
33;0.875;MoveNorthEast;(9, 3);;(3, 5);1;8296
33;0.875;MoveNorthEast;(9, 3);;(3, 5);1;8297
33;0.875;MoveNorthEast;(9, 3);;(3, 5);1;8298
33;0.875;MoveNorthEast;(9, 3);;(3, 5);1;8299
33;0.875;MoveNorthEast;(10, 2);;(3, 5);1;8300
33;0.875;Idle;(10, 2);;(3, 5);1;8301
33;0.875;Idle;(10, 2);;(3, 5);1;8302
33;0.875;Idle;(10, 2);;(3, 5);1;8303
33;0.875;Idle;(10, 2);;(3, 5);1;8304
33;0.875;Idle;(10, 2);;(3, 5);1;8305
33;0.875;Idle;(10, 2);;(3, 5);1;8306
33;0.875;Idle;(10, 2);;(3, 5);1;8307
33;0.875;Idle;(10, 2);;(3, 5);1;8308
33;0.875;Idle;(10, 2);;(3, 5);1;8309
33;0.875;Idle;(10, 2);;(3, 5);1;8310
33;0.875;Idle;(10, 2);;(3, 5);1;8311
33;0.875;Idle;(10, 2);;(3, 5);1;8312
33;0.875;Idle;(10, 2);;(3, 5);1;8313
33;0.875;Idle;(10, 2);;(3, 5);1;8314
33;0.875;Idle;(10, 2);;(3, 5);1;8315
33;0.875;Idle;(10, 2);;(3, 5);1;8316
33;0.875;Idle;(10, 2);;(3, 5);1;8317
33;0.875;Idle;(10, 2);;(3, 5);1;8318
33;0.875;Idle;(10, 2);;(3, 5);1;8319
33;0.875;Idle;(10, 2);;(3, 5);1;8320
33;0.875;Idle;(10, 2);;(3, 5);1;8321
33;0.875;Idle;(10, 2);;(3, 5);1;8322
33;0.875;Idle;(10, 2);;(3, 5);1;8323
33;0.875;Idle;(10, 2);;(3, 5);1;8324
33;0.875;Idle;(10, 2);;(3, 5);1;8325
33;0.875;Idle;(10, 2);;(3, 5);1;8326
33;0.875;MoveSouth;(10, 2);;(3, 5);1;8327
33;0.875;MoveSouth;(10, 2);;(3, 5);1;8328
33;0.875;MoveSouth;(10, 2);;(3, 5);1;8329
33;0.875;MoveSouth;(10, 2);;(3, 5);1;8330
33;0.875;MoveSouth;(10, 2);;(3, 5);1;8331
33;0.875;MoveSouth;(10, 2);;(3, 5);1;8332
33;0.875;MoveSouth;(10, 2);;(3, 5);1;8333
33;0.875;MoveSouth;(10, 2);;(3, 5);1;8334
33;0.875;MoveSouth;(10, 3);;(3, 5);1;8335
33;0.875;MoveSouthWest;(10, 3);;(3, 5);1;8336
33;0.875;MoveSouthWest;(10, 3);;(3, 5);1;8337
33;0.875;MoveSouthWest;(10, 3);;(3, 5);1;8338
33;0.875;MoveSouthWest;(10, 3);;(3, 5);1;8339
33;0.875;MoveSouthWest;(10, 3);;(3, 5);1;8340
33;0.875;MoveSouthWest;(10, 3);;(3, 5);1;8341
33;0.875;MoveSouthWest;(10, 3);;(3, 5);1;8342
33;0.875;MoveSouthWest;(10, 3);;(3, 5);1;8343
33;0.875;MoveSouthWest;(9, 4);;(3, 5);1;8344
33;0.875;MoveSouth;(9, 4);;(3, 5);1;8345
33;0.875;MoveSouth;(9, 4);;(3, 5);1;8346
33;0.875;MoveSouth;(9, 4);;(3, 5);1;8347
33;0.875;MoveSouth;(9, 4);;(3, 5);1;8348
33;0.875;MoveSouth;(9, 4);;(3, 5);1;8349
33;0.875;MoveSouth;(9, 4);;(3, 5);1;8350
33;0.875;MoveSouth;(9, 4);;(3, 5);1;8351
33;0.875;MoveSouth;(9, 4);;(3, 5);1;8352
33;0.875;MoveSouth;(9, 5);;(3, 5);1;8353
33;0.875;MoveSouth;(9, 5);;(3, 5);1;8354
33;0.875;MoveSouth;(9, 5);;(3, 5);1;8355
33;0.875;MoveSouth;(9, 5);;(3, 5);1;8356
33;0.875;MoveSouth;(9, 5);;(3, 5);1;8357
33;0.875;MoveSouth;(9, 5);;(3, 5);1;8358
33;0.875;MoveSouth;(9, 5);;(3, 5);1;8359
33;0.875;MoveSouth;(9, 5);;(3, 5);1;8360
33;0.875;MoveSouth;(9, 5);;(3, 5);1;8361
33;0.875;MoveSouth;(9, 6);;(3, 5);1;8362
33;0.875;MoveSouth;(9, 6);;(3, 5);1;8363
33;0.875;MoveSouth;(9, 6);;(3, 5);1;8364
33;0.875;MoveSouth;(9, 6);;(3, 5);1;8365
33;0.875;MoveSouth;(9, 6);;(3, 5);1;8366
33;0.875;MoveSouth;(9, 6);;(3, 5);1;8367
33;0.875;MoveSouth;(9, 6);;(3, 5);1;8368
33;0.875;MoveSouth;(9, 6);;(3, 5);1;8369
33;0.875;MoveSouth;(9, 6);;(3, 5);1;8370
33;0.875;MoveSouth;(9, 7);;(3, 5);1;8371
33;0.875;MoveSouthWest;(9, 7);;(3, 5);1;8372
33;0.875;MoveSouthWest;(9, 7);;(3, 5);1;8373
33;0.875;MoveSouthWest;(9, 7);;(3, 5);1;8374
33;0.875;MoveSouthWest;(9, 7);;(3, 5);1;8375
33;0.875;MoveSouthWest;(9, 7);;(3, 5);1;8376
33;0.875;MoveSouthWest;(9, 7);;(3, 5);1;8377
33;0.875;MoveSouthWest;(9, 7);;(3, 5);1;8378
33;0.875;MoveSouthWest;(9, 7);;(3, 5);1;8379
33;0.875;MoveSouthWest;(8, 8);;(3, 5);1;8380
33;0.875;MoveSouthEast;(8, 8);;(3, 5);1;8381
33;0.875;MoveSouthEast;(8, 8);;(3, 5);1;8382
33;0.875;MoveSouthEast;(8, 8);;(3, 5);1;8383
33;0.875;MoveSouthEast;(8, 8);;(3, 5);1;8384
33;0.875;MoveSouthEast;(8, 8);;(3, 5);1;8385
33;0.875;MoveSouthEast;(8, 8);;(3, 5);1;8386
33;0.875;MoveSouthEast;(8, 8);;(3, 5);1;8387
33;0.875;MoveSouthEast;(8, 8);;(3, 5);1;8388
33;0.875;MoveSouthEast;(9, 9);;(3, 5);1;8389
33;0.875;MoveNorthEast;(9, 9);;(3, 5);1;8390
33;0.875;MoveNorthEast;(9, 9);;(3, 5);1;8391
33;0.875;MoveNorthEast;(9, 9);;(3, 5);1;8392
33;0.875;MoveNorthEast;(9, 9);;(3, 5);1;8393
33;0.875;MoveNorthEast;(9, 9);;(3, 5);1;8394
33;0.875;MoveNorthEast;(9, 9);;(3, 5);1;8395
33;0.875;MoveNorthEast;(9, 9);;(3, 5);1;8396
33;0.875;MoveNorthEast;(9, 9);;(3, 5);1;8397
33;0.875;MoveNorthEast;(10, 8);;(3, 5);1;8398
33;0.875;Idle;(10, 8);;(3, 5);1;8399
33;0.875;Idle;(10, 8);;(3, 5);1;8400
33;0.875;Idle;(10, 8);;(3, 5);1;8401
33;0.875;Idle;(10, 8);;(3, 5);1;8402
33;0.875;Idle;(10, 8);;(3, 5);1;8403
33;0.875;Idle;(10, 8);;(3, 5);1;8404
33;0.875;Idle;(10, 8);;(3, 5);1;8405
33;0.875;Idle;(10, 8);;(3, 5);1;8406
33;0.875;Idle;(10, 8);;(3, 5);1;8407
33;0.875;Idle;(10, 8);;(3, 5);1;8408
33;0.875;Idle;(10, 8);;(3, 5);1;8409
33;0.875;Idle;(10, 8);;(3, 5);1;8410
33;0.875;Idle;(10, 8);;(3, 5);1;8411
33;0.875;Idle;(10, 8);;(3, 5);1;8412
33;0.875;Idle;(10, 8);;(3, 5);1;8413
33;0.875;Idle;(10, 8);;(3, 5);1;8414
33;0.875;Idle;(10, 8);;(3, 5);1;8415
33;0.875;Idle;(10, 8);;(3, 5);1;8416
33;0.875;Idle;(10, 8);;(3, 5);1;8417
33;0.875;Idle;(10, 8);;(3, 5);1;8418
33;0.875;Idle;(10, 8);;(3, 5);1;8419
33;0.875;Idle;(10, 8);;(3, 5);1;8420
33;0.875;Idle;(10, 8);;(3, 5);1;8421
33;0.875;Idle;(10, 8);;(3, 5);1;8422
33;0.875;Idle;(10, 8);;(3, 5);1;8423
33;0.875;Idle;(10, 8);;(3, 5);1;8424
33;0.875;MoveNorthWest;(10, 8);;(3, 5);1;8425
33;0.875;MoveNorthWest;(10, 8);;(3, 5);1;8426
33;0.875;MoveNorthWest;(10, 8);;(3, 5);1;8427
33;0.875;MoveNorthWest;(10, 8);;(3, 5);1;8428
33;0.875;MoveNorthWest;(10, 8);;(3, 5);1;8429
33;0.875;MoveNorthWest;(10, 8);;(3, 5);1;8430
33;0.875;MoveNorthWest;(10, 8);;(3, 5);1;8431
33;0.875;MoveNorthWest;(10, 8);;(3, 5);1;8432
33;0.875;MoveNorthWest;(9, 7);;(3, 5);1;8433
33;0.875;MoveNorthWest;(9, 7);;(3, 5);1;8434
33;0.875;MoveNorthWest;(9, 7);;(3, 5);1;8435
33;0.875;MoveNorthWest;(9, 7);;(3, 5);1;8436
33;0.875;MoveNorthWest;(9, 7);;(3, 5);1;8437
33;0.875;MoveNorthWest;(9, 7);;(3, 5);1;8438
33;0.875;MoveNorthWest;(9, 7);;(3, 5);1;8439
33;0.875;MoveNorthWest;(9, 7);;(3, 5);1;8440
33;0.875;MoveNorthWest;(9, 7);;(3, 5);1;8441
33;0.875;MoveNorthWest;(8, 6);;(3, 5);1;8442
33;0.875;MoveWest;(8, 6);;(3, 5);1;8443
33;0.875;MoveWest;(8, 6);;(3, 5);1;8444
33;0.875;MoveWest;(8, 6);;(3, 5);1;8445
33;0.875;MoveWest;(8, 6);;(3, 5);1;8446
33;0.875;MoveWest;(8, 6);;(3, 5);1;8447
33;0.875;MoveWest;(8, 6);;(3, 5);1;8448
33;0.875;MoveWest;(8, 6);;(3, 5);1;8449
33;0.875;MoveWest;(8, 6);;(3, 5);1;8450
33;0.875;MoveWest;(7, 6);;(3, 5);1;8451
33;0.875;MoveWest;(7, 6);;(3, 5);1;8452
33;0.875;MoveWest;(7, 6);;(3, 5);1;8453
33;0.875;MoveWest;(7, 6);;(3, 5);1;8454
33;0.875;MoveWest;(7, 6);;(3, 5);1;8455
33;0.875;MoveWest;(7, 6);;(3, 5);1;8456
33;0.875;MoveWest;(7, 6);;(3, 5);1;8457
33;0.875;MoveWest;(7, 6);;(3, 5);1;8458
33;0.875;MoveWest;(7, 6);;(3, 5);1;8459
33;0.875;MoveWest;(6, 6);;(3, 5);1;8460
33;0.875;MoveWest;(6, 6);;(3, 5);1;8461
33;0.875;MoveWest;(6, 6);;(3, 5);1;8462
33;0.875;MoveWest;(6, 6);;(3, 5);1;8463
33;0.875;MoveWest;(6, 6);;(3, 5);1;8464
33;0.875;MoveWest;(6, 6);;(3, 5);1;8465
33;0.875;MoveWest;(6, 6);;(3, 5);1;8466
33;0.875;MoveWest;(6, 6);;(3, 5);1;8467
33;0.875;MoveWest;(6, 6);;(3, 5);1;8468
33;0.875;MoveWest;(5, 6);;(3, 5);1;8469
33;0.875;MoveWest;(5, 6);;(3, 5);1;8470
33;0.875;MoveWest;(5, 6);;(3, 5);1;8471
33;0.875;MoveWest;(5, 6);;(3, 5);1;8472
33;0.875;MoveWest;(5, 6);;(3, 5);1;8473
33;0.875;MoveWest;(5, 6);;(3, 5);1;8474
33;0.875;MoveWest;(5, 6);;(3, 5);1;8475
33;0.875;MoveWest;(5, 6);;(3, 5);1;8476
33;0.875;MoveWest;(5, 6);;(3, 5);1;8477
33;0.875;MoveWest;(4, 6);;(3, 5);1;8478
33;0.875;MoveWest;(4, 6);;(3, 5);1;8479
33;0.875;MoveWest;(4, 6);;(3, 5);1;8480
33;0.875;MoveWest;(4, 6);;(3, 5);1;8481
33;0.875;MoveWest;(4, 6);;(3, 5);1;8482
33;0.875;MoveWest;(4, 6);;(3, 5);1;8483
33;0.875;MoveWest;(4, 6);;(3, 5);1;8484
33;0.875;MoveWest;(4, 6);;(3, 5);1;8485
33;0.875;MoveWest;(4, 6);;(3, 5);1;8486
33;0.875;MoveWest;(3, 6);;(3, 5);1;8487
33;0.875;MoveSouth;(3, 6);;(3, 5);1;8488
33;0.875;MoveSouth;(3, 6);;(3, 5);1;8489
33;0.875;MoveSouth;(3, 6);;(3, 5);1;8490
33;0.875;MoveSouth;(3, 6);;(3, 5);1;8491
33;0.875;MoveSouth;(3, 6);;(3, 5);1;8492
33;0.875;MoveSouth;(3, 6);;(3, 5);1;8493
33;0.875;MoveSouth;(3, 6);;(3, 5);1;8494
33;0.875;MoveSouth;(3, 6);;(3, 5);1;8495
33;0.875;MoveSouth;(3, 7);;(3, 5);1;8496
33;0.875;MoveSouthWest;(3, 7);;(3, 5);1;8497
33;0.875;MoveSouthWest;(3, 7);;(3, 5);1;8498
33;0.875;MoveSouthWest;(3, 7);;(3, 5);1;8499
33;0.875;MoveSouthWest;(3, 7);;(3, 5);1;8500
33;0.875;MoveSouthWest;(3, 7);;(3, 5);1;8501
33;0.875;MoveSouthWest;(3, 7);;(3, 5);1;8502
33;0.875;MoveSouthWest;(3, 7);;(3, 5);1;8503
33;0.875;MoveSouthWest;(3, 7);;(3, 5);1;8504
33;0.875;MoveSouthWest;(2, 8);;(3, 5);1;8505
33;0.875;MoveSouthEast;(2, 8);;(3, 5);1;8506
33;0.875;MoveSouthEast;(2, 8);;(3, 5);1;8507
33;0.875;MoveSouthEast;(2, 8);;(3, 5);1;8508
33;0.875;MoveSouthEast;(2, 8);;(3, 5);1;8509
33;0.875;MoveSouthEast;(2, 8);;(3, 5);1;8510
33;0.875;MoveSouthEast;(2, 8);;(3, 5);1;8511
33;0.875;MoveSouthEast;(2, 8);;(3, 5);1;8512
33;0.875;MoveSouthEast;(2, 8);;(3, 5);1;8513
33;0.875;MoveSouthEast;(3, 9);;(3, 5);1;8514
33;0.875;MoveNorthEast;(3, 9);;(3, 5);1;8515
33;0.875;MoveNorthEast;(3, 9);;(3, 5);1;8516
33;0.875;MoveNorthEast;(3, 9);;(3, 5);1;8517
33;0.875;MoveNorthEast;(3, 9);;(3, 5);1;8518
33;0.875;MoveNorthEast;(3, 9);;(3, 5);1;8519
33;0.875;MoveNorthEast;(3, 9);;(3, 5);1;8520
33;0.875;MoveNorthEast;(3, 9);;(3, 5);1;8521
33;0.875;MoveNorthEast;(3, 9);;(3, 5);1;8522
33;0.875;MoveNorthEast;(4, 8);;(3, 5);1;8523
33;0.875;Idle;(4, 8);;(3, 5);1;8524
33;0.875;Idle;(4, 8);;(3, 5);1;8525
33;0.875;Idle;(4, 8);;(3, 5);1;8526
33;0.875;Idle;(4, 8);;(3, 5);1;8527
33;0.875;Idle;(4, 8);;(3, 5);1;8528
33;0.875;Idle;(4, 8);;(3, 5);1;8529
33;0.875;Idle;(4, 8);;(3, 5);1;8530
33;0.875;Idle;(4, 8);;(3, 5);1;8531
33;0.875;Idle;(4, 8);;(3, 5);1;8532
33;0.875;Idle;(4, 8);;(3, 5);1;8533
33;0.875;Idle;(4, 8);;(3, 5);1;8534
33;0.875;Idle;(4, 8);;(3, 5);1;8535
33;0.875;Idle;(4, 8);;(3, 5);1;8536
33;0.875;Idle;(4, 8);;(3, 5);1;8537
33;0.875;Idle;(4, 8);;(3, 5);1;8538
33;0.875;Idle;(4, 8);;(3, 5);1;8539
33;0.875;Idle;(4, 8);;(3, 5);1;8540
33;0.875;Idle;(4, 8);;(3, 5);1;8541
33;0.875;Idle;(4, 8);;(3, 5);1;8542
33;0.875;Idle;(4, 8);;(3, 5);1;8543
33;0.875;Idle;(4, 8);;(3, 5);1;8544
33;0.875;Idle;(4, 8);;(3, 5);1;8545
33;0.875;Idle;(4, 8);;(3, 5);1;8546
33;0.875;Idle;(4, 8);;(3, 5);1;8547
33;0.875;Idle;(4, 8);;(3, 5);1;8548
33;0.875;Idle;(4, 8);;(3, 5);1;8549
33;0.875;MoveNorthWest;(4, 8);;(3, 5);1;8550
33;0.875;MoveNorthWest;(4, 8);;(3, 5);1;8551
33;0.875;MoveNorthWest;(4, 8);;(3, 5);1;8552
33;0.875;MoveNorthWest;(4, 8);;(3, 5);1;8553
33;0.875;MoveNorthWest;(4, 8);;(3, 5);1;8554
33;0.875;MoveNorthWest;(4, 8);;(3, 5);1;8555
33;0.875;MoveNorthWest;(4, 8);;(3, 5);1;8556
33;0.875;MoveNorthWest;(4, 8);;(3, 5);1;8557
33;0.875;MoveNorthWest;(3, 7);;(3, 5);1;8558
33;0.875;MoveNorth;(3, 7);;(3, 5);1;8559
33;0.875;MoveNorth;(3, 7);;(3, 5);1;8560
33;0.875;MoveNorth;(3, 7);;(3, 5);1;8561
33;0.875;MoveNorth;(3, 7);;(3, 5);1;8562
33;0.875;MoveNorth;(3, 7);;(3, 5);1;8563
33;0.875;MoveNorth;(3, 7);;(3, 5);1;8564
33;0.875;MoveNorth;(3, 7);;(3, 5);1;8565
33;0.875;MoveNorth;(3, 7);;(3, 5);1;8566
33;0.875;MoveNorth;(3, 6);;(3, 5);1;8567
33;0.875;MoveNorth;(3, 6);;(3, 5);1;8568
33;0.875;MoveNorth;(3, 6);;(3, 5);1;8569
33;0.875;MoveNorth;(3, 6);;(3, 5);1;8570
33;0.875;MoveNorth;(3, 6);;(3, 5);1;8571
33;0.875;MoveNorth;(3, 6);;(3, 5);1;8572
33;0.875;MoveNorth;(3, 6);;(3, 5);1;8573
33;0.875;MoveNorth;(3, 6);;(3, 5);1;8574
33;0.875;MoveNorth;(3, 6);;(3, 5);1;8575
33;0.875;MoveNorth;(3, 5);;(3, 5);1;8576
33;0.875;;(3, 5);;(3, 5);1;8577
33;0.875;;(3, 5);;(3, 5);1;8578
33;0.875;;(3, 5);;(3, 5);1;8579
33;0.875;;(3, 5);;(3, 5);1;8580
33;0.875;;(3, 5);;(3, 5);1;8581
33;0.875;;(3, 5);;(3, 5);1;8582
33;0.875;;(3, 5);;(3, 5);1;8583
33;0.875;;(3, 5);;(3, 5);1;8584
33;0.875;;(3, 5);;(3, 5);1;8585
33;0.875;;(3, 5);;(3, 5);1;8586
33;0.875;;(3, 5);;(3, 5);1;8587
33;0.875;;(3, 5);;(3, 5);1;8588
33;0.875;;(3, 5);;(3, 5);1;8589
33;0.875;;(3, 5);;(3, 5);1;8590
33;0.875;;(3, 5);;(3, 5);1;8591
33;0.875;;(3, 5);;(3, 5);1;8592
33;0.875;;(3, 5);;(3, 5);1;8593
33;0.875;;(3, 5);;(3, 5);1;8594
33;0.875;;(3, 5);;(3, 5);1;8595
33;0.875;;(3, 5);;(3, 5);1;8596
33;0.875;;(3, 5);;(3, 5);1;8597
33;0.875;;(3, 5);;(3, 5);1;8598
33;0.875;;(3, 5);;(3, 5);1;8599
33;0.875;;(3, 5);;(3, 5);1;8600
33;0.875;;(3, 5);;(3, 5);1;8601
33;0.875;;(3, 5);;(3, 5);1;8602
33;0.875;;(3, 5);;(3, 5);1;8603
33;0.875;;(3, 5);;(3, 5);1;8604
33;0.875;;(3, 5);;(3, 5);1;8605
33;0.875;;(3, 5);;(3, 5);1;8606
33;0.875;;(3, 5);;(3, 5);1;8607
33;0.875;;(3, 5);;(3, 5);1;8608
33;0.875;;(3, 5);;(3, 5);1;8609
33;0.875;;(3, 5);;(3, 5);1;8610
33;0.875;;(3, 5);;(3, 5);1;8611
33;0.875;;(3, 5);;(3, 5);1;8612
33;0.875;;(3, 5);;(3, 5);1;8613
33;0.875;;(3, 5);;(3, 5);1;8614
33;0.875;;(3, 5);;(3, 5);1;8615
33;0.875;;(3, 5);;(3, 5);1;8616
33;0.875;;(3, 5);;(3, 5);1;8617
33;0.875;;(3, 5);;(3, 5);1;8618
33;0.875;;(3, 5);;(3, 5);1;8619
33;0.875;;(3, 5);;(3, 5);1;8620
33;0.875;;(3, 5);;(3, 5);1;8621
33;0.875;;(3, 5);;(3, 5);1;8622
33;0.875;;(3, 5);;(3, 5);1;8623
33;0.875;;(3, 5);;(3, 5);1;8624
33;0.875;;(3, 5);;(3, 5);1;8625
33;0.875;;(3, 5);;(3, 5);1;8626
33;0.875;;(3, 5);;(3, 5);1;8627
33;0.875;;(3, 5);;(3, 5);1;8628
33;0.875;;(3, 5);;(3, 5);1;8629
33;0.875;;(3, 5);;(3, 5);1;8630
33;0.875;;(3, 5);;(3, 5);1;8631
33;0.875;;(3, 5);;(3, 5);1;8632
33;0.875;;(3, 5);;(3, 5);1;8633
33;0.875;;(3, 5);;(3, 5);1;8634
33;0.875;;(3, 5);;(3, 5);1;8635
33;0.875;;(3, 5);;(3, 5);1;8636
33;0.875;;(3, 5);;(3, 5);1;8637
33;0.875;;(3, 5);;(3, 5);1;8638
33;0.875;;(3, 5);;(3, 5);1;8639
33;0.875;;(3, 5);;(3, 5);1;8640
33;0.875;;(3, 5);;(3, 5);1;8641
33;0.875;;(3, 5);;(3, 5);1;8642
33;0.875;;(3, 5);;(3, 5);1;8643
33;0.875;;(3, 5);;(3, 5);1;8644
33;0.875;;(3, 5);;(3, 5);1;8645
33;0.875;;(3, 5);;(3, 5);1;8646
33;0.875;;(3, 5);;(3, 5);1;8647
33;0.875;;(3, 5);;(3, 5);1;8648
33;0.875;;(3, 5);;(3, 5);1;8649
33;0.875;;(3, 5);;(3, 5);1;8650
33;0.875;;(3, 5);;(3, 5);1;8651
33;0.875;;(3, 5);;(3, 5);1;8652
33;0.875;;(3, 5);;(3, 5);1;8653
33;0.875;;(3, 5);;(3, 5);1;8654
33;0.875;;(3, 5);;(3, 5);1;8655
33;0.875;;(3, 5);;(3, 5);1;8656
33;0.875;;(3, 5);;(3, 5);1;8657
33;0.875;;(3, 5);;(3, 5);1;8658
33;0.875;;(3, 5);;(3, 5);1;8659
33;0.875;;(3, 5);;(3, 5);1;8660
33;0.875;;(3, 5);;(3, 5);1;8661
33;0.875;;(3, 5);;(3, 5);1;8662
33;0.875;;(3, 5);;(3, 5);1;8663
33;0.875;;(3, 5);;(3, 5);1;8664
33;0.875;;(3, 5);;(3, 5);1;8665
33;0.875;;(3, 5);;(3, 5);1;8666
33;0.875;;(3, 5);;(3, 5);1;8667
33;0.875;;(3, 5);;(3, 5);1;8668
33;0.875;;(3, 5);;(3, 5);1;8669
33;0.875;;(3, 5);;(3, 5);1;8670
33;0.875;;(3, 5);;(3, 5);1;8671
33;0.875;;(3, 5);;(3, 5);1;8672
33;0.875;;(3, 5);;(3, 5);1;8673
33;0.875;;(3, 5);;(3, 5);1;8674
33;0.875;;(3, 5);;(3, 5);1;8675
33;0.875;;(3, 5);;(3, 5);1;8676
33;0.875;;(3, 5);;(3, 5);1;8677
33;0.875;;(3, 5);;(3, 5);1;8678
33;0.875;;(3, 5);;(3, 5);1;8679
33;0.875;;(3, 5);;(3, 5);1;8680
33;0.875;;(3, 5);;(3, 5);1;8681
33;0.875;;(3, 5);;(3, 5);1;8682
33;0.875;;(3, 5);;(3, 5);1;8683
33;0.875;;(3, 5);;(3, 5);1;8684
33;0.875;;(3, 5);;(3, 5);1;8685
33;0.875;;(3, 5);;(3, 5);1;8686
33;0.875;;(3, 5);;(3, 5);1;8687
33;0.875;;(3, 5);;(3, 5);1;8688
33;0.875;;(3, 5);;(3, 5);1;8689
33;0.875;;(3, 5);;(3, 5);1;8690
33;0.875;;(3, 5);;(3, 5);1;8691
33;0.875;;(3, 5);;(3, 5);1;8692
33;0.875;;(3, 5);;(3, 5);1;8693
33;0.875;;(3, 5);;(3, 5);1;8694
33;0.875;;(3, 5);;(3, 5);1;8695
33;0.875;;(3, 5);;(3, 5);1;8696
33;0.875;;(3, 5);;(3, 5);1;8697
33;0.875;;(3, 5);;(3, 5);1;8698
33;0.875;;(3, 5);;(3, 5);1;8699
33;0.875;;(3, 5);;(3, 5);1;8700
33;0.875;;(3, 5);;(3, 5);1;8701
33;0.875;;(3, 5);;(3, 5);1;8702
33;0.875;;(3, 5);RemoveObjectTogether;(3, 5);1;8703
33;0.875;;(3, 5);RemoveObjectTogether;(3, 5);1;8704
33;0.875;;(3, 5);RemoveObjectTogether;(3, 5);1;8705
33;0.875;;(3, 5);RemoveObjectTogether;(3, 5);1;8706
33;0.875;;(3, 5);RemoveObjectTogether;(3, 5);1;8707
33;0.875;;(3, 5);RemoveObjectTogether;(3, 5);1;8708
33;0.875;;(3, 5);RemoveObjectTogether;(3, 5);1;8709
33;0.875;;(3, 5);RemoveObjectTogether;(3, 5);1;8710
33;0.875;;(3, 5);RemoveObjectTogether;(3, 5);1;8711
33;0.875;;(3, 5);RemoveObjectTogether;(3, 5);1;8712
33;0.875;;(3, 5);RemoveObjectTogether;(3, 5);1;8713
33;0.875;;(3, 5);RemoveObjectTogether;(3, 5);1;8714
33;0.875;;(3, 5);RemoveObjectTogether;(3, 5);1;8715
33;0.875;;(3, 5);RemoveObjectTogether;(3, 5);1;8716
33;0.875;;(3, 5);RemoveObjectTogether;(3, 5);1;8717
33;0.875;;(3, 5);RemoveObjectTogether;(3, 5);1;8718
33;0.875;;(3, 5);RemoveObjectTogether;(3, 5);1;8719
33;0.875;;(3, 5);RemoveObjectTogether;(3, 5);1;8720
33;0.875;;(3, 5);RemoveObjectTogether;(3, 5);1;8721
33;0.875;;(3, 5);RemoveObjectTogether;(3, 5);1;8722
33;0.875;;(3, 5);RemoveObjectTogether;(3, 5);1;8723
33;0.875;;(3, 5);RemoveObjectTogether;(3, 5);1;8724
33;0.875;;(3, 5);RemoveObjectTogether;(3, 5);1;8725
33;0.875;;(3, 5);RemoveObjectTogether;(3, 5);1;8726
33;0.875;;(3, 5);RemoveObjectTogether;(3, 5);1;8727
33;0.875;;(3, 5);RemoveObjectTogether;(3, 5);1;8728
33;0.875;;(3, 5);RemoveObjectTogether;(3, 5);1;8729
33;0.875;;(3, 5);RemoveObjectTogether;(3, 5);1;8730
33;0.875;;(3, 5);RemoveObjectTogether;(3, 5);1;8731
33;0.875;;(3, 5);RemoveObjectTogether;(3, 5);1;8732
33;0.875;;(3, 5);RemoveObjectTogether;(3, 5);1;8733
33;0.875;;(3, 5);RemoveObjectTogether;(3, 5);1;8734
33;0.875;;(3, 5);RemoveObjectTogether;(3, 5);1;8735
33;0.875;;(3, 5);RemoveObjectTogether;(3, 5);1;8736
33;0.875;;(3, 5);RemoveObjectTogether;(3, 5);1;8737
33;0.875;;(3, 5);RemoveObjectTogether;(3, 5);1;8738
33;0.875;;(3, 5);RemoveObjectTogether;(3, 5);1;8739
33;0.875;;(3, 5);RemoveObjectTogether;(3, 5);1;8740
33;0.875;;(3, 5);RemoveObjectTogether;(3, 5);1;8741
33;0.875;;(3, 5);RemoveObjectTogether;(3, 5);1;8742
33;0.875;;(3, 5);RemoveObjectTogether;(3, 5);1;8743
33;0.875;;(3, 5);RemoveObjectTogether;(3, 5);1;8744
33;0.875;;(3, 5);RemoveObjectTogether;(3, 5);1;8745
33;0.875;;(3, 5);RemoveObjectTogether;(3, 5);1;8746
33;0.875;;(3, 5);RemoveObjectTogether;(3, 5);1;8747
33;0.875;;(3, 5);RemoveObjectTogether;(3, 5);1;8748
33;0.875;;(3, 5);RemoveObjectTogether;(3, 5);1;8749
33;0.875;;(3, 5);RemoveObjectTogether;(3, 5);1;8750
33;0.875;;(3, 5);RemoveObjectTogether;(3, 5);1;8751
33;0.875;;(3, 5);RemoveObjectTogether;(3, 5);1;8752
33;0.875;;(3, 5);RemoveObjectTogether;(3, 5);1;8753
33;0.875;MoveNorth;(3, 5);RemoveObjectTogether;(3, 5);1;8754
33;0.875;MoveNorth;(3, 5);RemoveObjectTogether;(3, 5);1;8755
33;0.875;MoveNorth;(3, 5);RemoveObjectTogether;(3, 5);1;8756
33;0.875;MoveNorth;(3, 5);RemoveObjectTogether;(3, 5);1;8757
33;0.875;MoveNorth;(3, 5);RemoveObjectTogether;(3, 5);1;8758
33;0.875;MoveNorth;(3, 5);RemoveObjectTogether;(3, 5);1;8759
33;0.875;MoveNorth;(3, 5);RemoveObjectTogether;(3, 5);1;8760
33;0.875;MoveNorth;(3, 5);RemoveObjectTogether;(3, 5);1;8761
33;0.875;MoveNorth;(3, 4);RemoveObjectTogether;(3, 5);1;8762
33;0.875;MoveNorthWest;(3, 4);RemoveObjectTogether;(3, 5);1;8763
33;0.875;MoveNorthWest;(3, 4);RemoveObjectTogether;(3, 5);1;8764
33;0.875;MoveNorthWest;(3, 4);RemoveObjectTogether;(3, 5);1;8765
33;0.875;MoveNorthWest;(3, 4);RemoveObjectTogether;(3, 5);1;8766
33;0.875;MoveNorthWest;(3, 4);RemoveObjectTogether;(3, 5);1;8767
33;0.875;MoveNorthWest;(3, 4);RemoveObjectTogether;(3, 5);1;8768
33;0.875;MoveNorthWest;(3, 4);RemoveObjectTogether;(3, 5);1;8769
33;0.875;MoveNorthWest;(3, 4);RemoveObjectTogether;(3, 5);1;8770
33;0.875;MoveNorthWest;(2, 3);RemoveObjectTogether;(3, 5);1;8771
33;0.875;MoveNorth;(2, 3);RemoveObjectTogether;(3, 5);1;8772
33;0.875;MoveNorth;(2, 3);RemoveObjectTogether;(3, 5);1;8773
33;0.875;MoveNorth;(2, 3);RemoveObjectTogether;(3, 5);1;8774
33;0.875;MoveNorth;(2, 3);RemoveObjectTogether;(3, 5);1;8775
33;0.875;MoveNorth;(2, 3);RemoveObjectTogether;(3, 5);1;8776
33;0.875;MoveNorth;(2, 3);RemoveObjectTogether;(3, 5);1;8777
33;0.875;MoveNorth;(2, 3);RemoveObjectTogether;(3, 5);1;8778
33;0.875;MoveNorth;(2, 3);RemoveObjectTogether;(3, 5);1;8779
33;0.875;MoveNorth;(2, 2);RemoveObjectTogether;(3, 5);1;8780
33;0.875;CarryObject;(2, 2);;(3, 5);1;8781
33;0.875;CarryObject;(2, 2);;(3, 5);1;8782
33;0.875;CarryObject;(2, 2);;(3, 5);1;8783
33;0.875;CarryObject;(2, 2);;(3, 5);1;8784
33;0.875;CarryObject;(2, 2);;(3, 5);1;8785
33;0.875;CarryObject;(2, 2);;(3, 5);1;8786
33;0.875;CarryObject;(2, 2);;(3, 5);1;8787
33;0.875;CarryObject;(2, 2);;(3, 5);1;8788
33;0.875;CarryObject;(2, 2);;(3, 5);1;8789
33;0.875;CarryObject;(2, 2);;(3, 5);1;8790
33;0.875;CarryObject;(2, 2);;(3, 5);1;8791
33;0.875;CarryObject;(2, 2);;(3, 5);1;8792
33;0.875;CarryObject;(2, 2);;(3, 5);1;8793
33;0.875;CarryObject;(2, 2);;(3, 5);1;8794
33;0.875;CarryObject;(2, 2);;(3, 5);1;8795
33;0.875;CarryObject;(2, 2);;(3, 5);1;8796
33;0.875;CarryObject;(2, 2);;(3, 5);1;8797
33;0.875;CarryObject;(2, 2);;(3, 5);1;8798
33;0.875;CarryObject;(2, 2);;(3, 5);1;8799
33;0.875;CarryObject;(2, 2);;(3, 5);1;8800
33;0.875;CarryObject;(2, 2);;(3, 5);1;8801
33;0.875;CarryObject;(2, 2);;(3, 5);1;8802
33;0.875;CarryObject;(2, 2);;(3, 5);1;8803
33;0.875;CarryObject;(2, 2);;(3, 5);1;8804
33;0.875;CarryObject;(2, 2);;(3, 5);1;8805
33;0.875;CarryObject;(2, 2);;(3, 5);1;8806
33;0.875;CarryObject;(2, 2);;(3, 5);1;8807
33;0.875;CarryObject;(2, 2);;(3, 5);1;8808
33;0.875;CarryObject;(2, 2);;(3, 5);1;8809
33;0.875;CarryObject;(2, 2);;(3, 5);1;8810
33;0.875;CarryObject;(2, 2);;(3, 5);1;8811
33;0.875;CarryObject;(2, 2);;(3, 5);1;8812
33;0.875;CarryObject;(2, 2);;(3, 5);1;8813
33;0.875;CarryObject;(2, 2);;(3, 5);1;8814
33;0.875;CarryObject;(2, 2);;(3, 5);1;8815
33;0.875;CarryObject;(2, 2);;(3, 5);1;8816
33;0.875;CarryObject;(2, 2);;(3, 5);1;8817
33;0.875;CarryObject;(2, 2);;(3, 5);1;8818
33;0.875;CarryObject;(2, 2);;(3, 5);1;8819
33;0.875;CarryObject;(2, 2);;(3, 5);1;8820
33;0.875;CarryObject;(2, 2);;(3, 5);1;8821
33;0.875;CarryObject;(2, 2);;(3, 5);1;8822
33;0.875;CarryObject;(2, 2);;(3, 5);1;8823
33;0.875;CarryObject;(2, 2);;(3, 5);1;8824
33;0.875;CarryObject;(2, 2);;(3, 5);1;8825
33;0.875;CarryObject;(2, 2);;(3, 5);1;8826
33;0.875;CarryObject;(2, 2);;(3, 5);1;8827
33;0.875;CarryObject;(2, 2);;(3, 5);1;8828
33;0.875;CarryObject;(2, 2);;(3, 5);1;8829
33;0.875;CarryObject;(2, 2);;(3, 5);1;8830
33;0.875;CarryObject;(2, 2);;(3, 5);1;8831
33;0.875;CarryObject;(2, 2);;(3, 5);1;8832
33;0.875;CarryObject;(2, 2);;(3, 5);1;8833
33;0.875;CarryObject;(2, 2);;(3, 5);1;8834
33;0.875;CarryObject;(2, 2);RemoveObjectTogether;(3, 5);1;8835
33;0.875;CarryObject;(2, 2);RemoveObjectTogether;(3, 5);1;8836
33;0.875;CarryObject;(2, 2);RemoveObjectTogether;(3, 5);1;8837
33;0.875;CarryObject;(2, 2);RemoveObjectTogether;(3, 5);1;8838
33;0.875;CarryObject;(2, 2);RemoveObjectTogether;(3, 5);1;8839
33;0.875;CarryObject;(2, 2);RemoveObjectTogether;(3, 5);1;8840
33;0.875;CarryObject;(2, 2);RemoveObjectTogether;(3, 5);1;8841
33;0.875;CarryObject;(2, 2);RemoveObjectTogether;(3, 5);1;8842
33;0.875;CarryObject;(2, 2);RemoveObjectTogether;(3, 5);1;8843
33;0.875;CarryObject;(2, 2);RemoveObjectTogether;(3, 5);1;8844
33;0.875;CarryObject;(2, 2);RemoveObjectTogether;(3, 5);1;8845
33;0.875;CarryObject;(2, 2);RemoveObjectTogether;(3, 5);1;8846
33;0.875;CarryObject;(2, 2);RemoveObjectTogether;(3, 5);1;8847
33;0.875;CarryObject;(2, 2);RemoveObjectTogether;(3, 5);1;8848
33;0.875;CarryObject;(2, 2);RemoveObjectTogether;(3, 5);1;8849
33;0.875;CarryObject;(2, 2);RemoveObjectTogether;(3, 5);1;8850
33;0.875;CarryObject;(2, 2);RemoveObjectTogether;(3, 5);1;8851
33;0.875;CarryObject;(2, 2);RemoveObjectTogether;(3, 5);1;8852
33;0.875;CarryObject;(2, 2);RemoveObjectTogether;(3, 5);1;8853
33;0.875;CarryObject;(2, 2);RemoveObjectTogether;(3, 5);1;8854
33;0.875;CarryObject;(2, 2);RemoveObjectTogether;(3, 5);1;8855
33;0.875;CarryObject;(2, 2);RemoveObjectTogether;(3, 5);1;8856
33;0.875;CarryObject;(2, 2);RemoveObjectTogether;(3, 5);1;8857
33;0.875;CarryObject;(2, 2);RemoveObjectTogether;(3, 5);1;8858
33;0.875;CarryObject;(2, 2);RemoveObjectTogether;(3, 5);1;8859
33;0.875;CarryObject;(2, 2);;(3, 5);1;8860
33;0.875;CarryObject;(2, 2);RemoveObjectTogether;(3, 5);1;8861
33;0.875;CarryObject;(2, 2);RemoveObjectTogether;(3, 5);1;8862
33;0.875;CarryObject;(2, 2);;(3, 5);1;8863
33;0.875;CarryObject;(2, 2);RemoveObjectTogether;(3, 5);1;8864
33;0.875;CarryObject;(2, 2);RemoveObjectTogether;(3, 5);1;8865
33;0.875;CarryObject;(2, 2);;(3, 5);1;8866
33;0.875;CarryObject;(2, 2);RemoveObjectTogether;(3, 5);1;8867
33;0.875;CarryObject;(2, 2);RemoveObjectTogether;(3, 5);1;8868
33;0.875;CarryObject;(2, 2);RemoveObjectTogether;(3, 5);1;8869
33;0.875;CarryObject;(2, 2);RemoveObjectTogether;(3, 5);1;8870
33;0.875;CarryObject;(2, 2);RemoveObjectTogether;(3, 5);1;8871
33;0.875;CarryObject;(2, 2);RemoveObjectTogether;(3, 5);1;8872
33;0.875;CarryObject;(2, 2);RemoveObjectTogether;(3, 5);1;8873
33;0.875;CarryObject;(2, 2);RemoveObjectTogether;(3, 5);1;8874
33;0.875;CarryObject;(2, 2);RemoveObjectTogether;(3, 5);1;8875
33;0.875;CarryObject;(2, 2);RemoveObjectTogether;(3, 5);1;8876
33;0.875;CarryObject;(2, 2);;(3, 5);1;8877
33;0.875;CarryObject;(2, 2);RemoveObjectTogether;(3, 5);1;8878
33;0.875;CarryObject;(2, 2);RemoveObjectTogether;(3, 5);1;8879
33;0.875;CarryObject;(2, 2);RemoveObjectTogether;(3, 5);1;8880
33;0.875;CarryObject;(2, 2);RemoveObjectTogether;(3, 5);1;8881
33;0.875;CarryObject;(2, 2);RemoveObjectTogether;(3, 5);1;8882
33;0.875;CarryObject;(2, 2);RemoveObjectTogether;(3, 5);1;8883
33;0.875;CarryObject;(2, 2);RemoveObjectTogether;(3, 5);1;8884
33;0.875;CarryObject;(2, 2);RemoveObjectTogether;(3, 5);1;8885
33;0.875;CarryObject;(2, 2);RemoveObjectTogether;(3, 5);1;8886
33;0.875;CarryObject;(2, 2);RemoveObjectTogether;(3, 5);1;8887
33;0.875;CarryObject;(2, 2);RemoveObjectTogether;(3, 5);1;8888
33;0.875;CarryObject;(2, 2);RemoveObjectTogether;(3, 5);1;8889
33;0.875;CarryObject;(2, 2);RemoveObjectTogether;(3, 5);1;8890
33;0.875;CarryObject;(2, 2);RemoveObjectTogether;(3, 5);1;8891
33;0.875;CarryObject;(2, 2);RemoveObjectTogether;(3, 5);1;8892
33;0.875;CarryObject;(2, 2);RemoveObjectTogether;(3, 5);1;8893
33;0.875;CarryObject;(2, 2);RemoveObjectTogether;(3, 5);1;8894
33;0.875;CarryObject;(2, 2);RemoveObjectTogether;(3, 5);1;8895
33;0.875;CarryObject;(2, 2);RemoveObjectTogether;(3, 5);1;8896
33;0.875;CarryObject;(2, 2);RemoveObjectTogether;(3, 5);1;8897
33;0.875;CarryObject;(2, 2);RemoveObjectTogether;(3, 5);1;8898
33;0.875;CarryObject;(2, 2);RemoveObjectTogether;(3, 5);1;8899
33;0.875;CarryObject;(2, 2);RemoveObjectTogether;(3, 5);1;8900
33;0.875;CarryObject;(2, 2);RemoveObjectTogether;(3, 5);1;8901
33;0.875;CarryObject;(2, 2);RemoveObjectTogether;(3, 5);1;8902
33;0.875;CarryObject;(2, 2);RemoveObjectTogether;(3, 5);1;8903
33;0.875;CarryObject;(2, 2);RemoveObjectTogether;(3, 5);1;8904
33;0.875;CarryObject;(2, 2);RemoveObjectTogether;(3, 5);1;8905
33;0.875;CarryObject;(2, 2);RemoveObjectTogether;(3, 5);1;8906
33;0.875;CarryObject;(2, 2);RemoveObjectTogether;(3, 5);1;8907
33;0.875;CarryObject;(2, 2);RemoveObjectTogether;(3, 5);1;8908
33;0.875;CarryObject;(2, 2);RemoveObjectTogether;(3, 5);1;8909
33;0.875;CarryObject;(2, 2);RemoveObjectTogether;(3, 5);1;8910
33;0.875;CarryObject;(2, 2);RemoveObjectTogether;(3, 5);1;8911
33;0.875;CarryObject;(2, 2);RemoveObjectTogether;(3, 5);1;8912
33;0.875;CarryObject;(2, 2);RemoveObjectTogether;(3, 5);1;8913
33;0.875;CarryObject;(2, 2);RemoveObjectTogether;(3, 5);1;8914
33;0.875;CarryObject;(2, 2);RemoveObjectTogether;(3, 5);1;8915
33;0.875;CarryObject;(2, 2);RemoveObjectTogether;(3, 5);1;8916
33;0.875;CarryObject;(2, 2);RemoveObjectTogether;(3, 5);1;8917
33;0.875;CarryObject;(2, 2);RemoveObjectTogether;(3, 5);1;8918
33;0.875;CarryObject;(2, 2);RemoveObjectTogether;(3, 5);1;8919
33;0.875;CarryObject;(2, 2);RemoveObjectTogether;(3, 5);1;8920
33;0.875;CarryObject;(2, 2);RemoveObjectTogether;(3, 5);1;8921
33;0.875;CarryObject;(2, 2);RemoveObjectTogether;(3, 5);1;8922
33;0.875;CarryObject;(2, 2);RemoveObjectTogether;(3, 5);1;8923
33;0.875;CarryObject;(2, 2);RemoveObjectTogether;(3, 5);1;8924
33;0.875;CarryObject;(2, 2);RemoveObjectTogether;(3, 5);1;8925
33;0.875;CarryObject;(2, 2);RemoveObjectTogether;(3, 5);1;8926
33;0.875;CarryObject;(2, 2);RemoveObjectTogether;(3, 5);1;8927
33;0.875;CarryObject;(2, 2);RemoveObjectTogether;(3, 5);1;8928
33;0.875;CarryObject;(2, 2);RemoveObjectTogether;(3, 5);1;8929
33;0.875;CarryObject;(2, 2);RemoveObjectTogether;(3, 5);1;8930
33;0.875;CarryObject;(2, 2);RemoveObjectTogether;(3, 5);1;8931
33;0.875;MoveSouthEast;(2, 2);RemoveObjectTogether;(3, 5);1;8932
33;0.875;MoveSouthEast;(2, 2);RemoveObjectTogether;(3, 5);1;8933
33;0.875;MoveSouthEast;(2, 2);RemoveObjectTogether;(3, 5);1;8934
33;0.875;MoveSouthEast;(2, 2);RemoveObjectTogether;(3, 5);1;8935
33;0.875;MoveSouthEast;(2, 2);RemoveObjectTogether;(3, 5);1;8936
33;0.875;MoveSouthEast;(2, 2);RemoveObjectTogether;(3, 5);1;8937
33;0.875;MoveSouthEast;(2, 2);RemoveObjectTogether;(3, 5);1;8938
33;0.875;MoveSouthEast;(2, 2);RemoveObjectTogether;(3, 5);1;8939
33;0.875;MoveSouthEast;(3, 3);RemoveObjectTogether;(3, 5);1;8940
33;0.875;MoveSouth;(3, 3);RemoveObjectTogether;(3, 5);1;8941
33;0.875;MoveSouth;(3, 3);RemoveObjectTogether;(3, 5);1;8942
33;0.875;MoveSouth;(3, 3);RemoveObjectTogether;(3, 5);1;8943
33;0.875;MoveSouth;(3, 3);RemoveObjectTogether;(3, 5);1;8944
33;0.875;MoveSouth;(3, 3);RemoveObjectTogether;(3, 5);1;8945
33;0.875;MoveSouth;(3, 3);RemoveObjectTogether;(3, 5);1;8946
33;0.875;MoveSouth;(3, 3);RemoveObjectTogether;(3, 5);1;8947
33;0.875;MoveSouth;(3, 3);RemoveObjectTogether;(3, 5);1;8948
33;0.875;MoveSouth;(3, 4);RemoveObjectTogether;(3, 5);1;8949
33;0.875;MoveSouthEast;(3, 4);RemoveObjectTogether;(3, 5);1;8950
33;0.875;MoveSouthEast;(3, 4);RemoveObjectTogether;(3, 5);1;8951
33;0.875;MoveSouthEast;(3, 4);RemoveObjectTogether;(3, 5);1;8952
33;0.875;MoveSouthEast;(3, 4);RemoveObjectTogether;(3, 5);1;8953
33;0.875;MoveSouthEast;(3, 4);RemoveObjectTogether;(3, 5);1;8954
33;0.875;MoveSouthEast;(3, 4);RemoveObjectTogether;(3, 5);1;8955
33;0.875;MoveSouthEast;(3, 4);RemoveObjectTogether;(3, 5);1;8956
33;0.875;MoveSouthEast;(3, 4);RemoveObjectTogether;(3, 5);1;8957
33;0.875;MoveSouthEast;(4, 5);RemoveObjectTogether;(3, 5);1;8958
33;0.875;MoveEast;(4, 5);RemoveObjectTogether;(3, 5);1;8959
33;0.875;MoveEast;(4, 5);RemoveObjectTogether;(3, 5);1;8960
33;0.875;MoveEast;(4, 5);RemoveObjectTogether;(3, 5);1;8961
33;0.875;MoveEast;(4, 5);RemoveObjectTogether;(3, 5);1;8962
33;0.875;MoveEast;(4, 5);RemoveObjectTogether;(3, 5);1;8963
33;0.875;MoveEast;(4, 5);RemoveObjectTogether;(3, 5);1;8964
33;0.875;MoveEast;(4, 5);RemoveObjectTogether;(3, 5);1;8965
33;0.875;MoveEast;(4, 5);RemoveObjectTogether;(3, 5);1;8966
33;0.875;MoveEast;(5, 5);RemoveObjectTogether;(3, 5);1;8967
33;0.875;MoveEast;(5, 5);RemoveObjectTogether;(3, 5);1;8968
33;0.875;MoveEast;(5, 5);RemoveObjectTogether;(3, 5);1;8969
33;0.875;MoveEast;(5, 5);RemoveObjectTogether;(3, 5);1;8970
33;0.875;MoveEast;(5, 5);RemoveObjectTogether;(3, 5);1;8971
33;0.875;MoveEast;(5, 5);RemoveObjectTogether;(3, 5);1;8972
33;0.875;MoveEast;(5, 5);RemoveObjectTogether;(3, 5);1;8973
33;0.875;MoveEast;(5, 5);RemoveObjectTogether;(3, 5);1;8974
33;0.875;MoveEast;(5, 5);RemoveObjectTogether;(3, 5);1;8975
33;0.875;MoveEast;(6, 5);RemoveObjectTogether;(3, 5);1;8976
33;0.875;MoveEast;(6, 5);RemoveObjectTogether;(3, 5);1;8977
33;0.875;MoveEast;(6, 5);RemoveObjectTogether;(3, 5);1;8978
33;0.875;MoveEast;(6, 5);RemoveObjectTogether;(3, 5);1;8979
33;0.875;MoveEast;(6, 5);RemoveObjectTogether;(3, 5);1;8980
33;0.875;MoveEast;(6, 5);RemoveObjectTogether;(3, 5);1;8981
33;0.875;MoveEast;(6, 5);RemoveObjectTogether;(3, 5);1;8982
33;0.875;MoveEast;(6, 5);RemoveObjectTogether;(3, 5);1;8983
33;0.875;MoveEast;(6, 5);RemoveObjectTogether;(3, 5);1;8984
33;0.875;MoveEast;(6, 5);RemoveObjectTogether;(3, 5);1;8985
33;0.875;MoveEast;(6, 5);RemoveObjectTogether;(3, 5);1;8986
33;0.875;MoveEast;(6, 5);RemoveObjectTogether;(3, 5);1;8987
33;0.875;MoveEast;(6, 5);RemoveObjectTogether;(3, 5);1;8988
33;0.875;MoveEast;(6, 5);RemoveObjectTogether;(3, 5);1;8989
33;0.875;MoveEast;(7, 5);RemoveObjectTogether;(3, 5);1;8990
33;0.875;MoveEast;(7, 5);RemoveObjectTogether;(3, 5);1;8991
33;0.875;MoveEast;(7, 5);RemoveObjectTogether;(3, 5);1;8992
33;0.875;MoveEast;(7, 5);RemoveObjectTogether;(3, 5);1;8993
33;0.875;MoveEast;(7, 5);RemoveObjectTogether;(3, 5);1;8994
33;0.875;MoveEast;(7, 5);RemoveObjectTogether;(3, 5);1;8995
33;0.875;MoveEast;(7, 5);RemoveObjectTogether;(3, 5);1;8996
33;0.875;MoveEast;(7, 5);RemoveObjectTogether;(3, 5);1;8997
33;0.875;MoveEast;(7, 5);RemoveObjectTogether;(3, 5);1;8998
33;0.875;MoveEast;(7, 5);RemoveObjectTogether;(3, 5);1;8999
33;0.875;MoveEast;(7, 5);RemoveObjectTogether;(3, 5);1;9000
33;0.875;MoveEast;(7, 5);RemoveObjectTogether;(3, 5);1;9001
33;0.875;MoveEast;(7, 5);RemoveObjectTogether;(3, 5);1;9002
33;0.875;MoveEast;(7, 5);RemoveObjectTogether;(3, 5);1;9003
33;0.875;MoveEast;(8, 5);RemoveObjectTogether;(3, 5);1;9004
33;0.875;MoveSouthEast;(8, 5);RemoveObjectTogether;(3, 5);1;9005
33;0.875;MoveSouthEast;(8, 5);RemoveObjectTogether;(3, 5);1;9006
33;0.875;MoveSouthEast;(8, 5);RemoveObjectTogether;(3, 5);1;9007
33;0.875;MoveSouthEast;(8, 5);RemoveObjectTogether;(3, 5);1;9008
33;0.875;MoveSouthEast;(8, 5);RemoveObjectTogether;(3, 5);1;9009
33;0.875;MoveSouthEast;(8, 5);RemoveObjectTogether;(3, 5);1;9010
33;0.875;MoveSouthEast;(8, 5);RemoveObjectTogether;(3, 5);1;9011
33;0.875;MoveSouthEast;(8, 5);RemoveObjectTogether;(3, 5);1;9012
33;0.875;MoveSouthEast;(8, 5);RemoveObjectTogether;(3, 5);1;9013
33;0.875;MoveSouthEast;(8, 5);;(3, 5);1;9014
33;0.875;MoveSouthEast;(8, 5);;(3, 5);1;9015
33;0.875;MoveSouthEast;(8, 5);;(3, 5);1;9016
33;0.875;MoveSouthEast;(8, 5);;(3, 5);1;9017
33;0.875;MoveSouthEast;(9, 6);;(3, 5);1;9018
33;0.875;MoveEast;(9, 6);;(3, 5);1;9019
33;0.875;MoveEast;(9, 6);;(3, 5);1;9020
33;0.875;MoveEast;(9, 6);;(3, 5);1;9021
33;0.875;MoveEast;(9, 6);;(3, 5);1;9022
33;0.875;MoveEast;(9, 6);;(3, 5);1;9023
33;0.875;MoveEast;(9, 6);;(3, 5);1;9024
33;0.875;MoveEast;(9, 6);;(3, 5);1;9025
33;0.875;MoveEast;(9, 6);;(3, 5);1;9026
33;0.875;MoveEast;(10, 6);;(3, 5);1;9027
33;0.875;MoveEast;(10, 6);;(3, 5);1;9028
33;0.875;MoveEast;(10, 6);;(3, 5);1;9029
33;0.875;MoveEast;(10, 6);;(3, 5);1;9030
33;0.875;MoveEast;(10, 6);;(3, 5);1;9031
33;0.875;MoveEast;(10, 6);;(3, 5);1;9032
33;0.875;MoveEast;(10, 6);;(3, 5);1;9033
33;0.875;MoveEast;(10, 6);;(3, 5);1;9034
33;0.875;MoveEast;(10, 6);;(3, 5);1;9035
33;0.875;MoveEast;(10, 6);;(3, 5);1;9036
33;0.875;MoveEast;(10, 6);;(3, 5);1;9037
33;0.875;MoveEast;(10, 6);;(3, 5);1;9038
33;0.875;MoveEast;(10, 6);;(3, 5);1;9039
33;0.875;MoveEast;(10, 6);;(3, 5);1;9040
33;0.875;MoveEast;(11, 6);;(3, 5);1;9041
33;0.875;MoveEast;(11, 6);;(3, 5);1;9042
33;0.875;MoveEast;(11, 6);;(3, 5);1;9043
33;0.875;MoveEast;(11, 6);;(3, 5);1;9044
33;0.875;MoveEast;(11, 6);;(3, 5);1;9045
33;0.875;MoveEast;(11, 6);;(3, 5);1;9046
33;0.875;MoveEast;(11, 6);;(3, 5);1;9047
33;0.875;MoveEast;(11, 6);;(3, 5);1;9048
33;0.875;MoveEast;(11, 6);;(3, 5);1;9049
33;0.875;MoveEast;(11, 6);;(3, 5);1;9050
33;0.875;MoveEast;(11, 6);;(3, 5);1;9051
33;0.875;MoveEast;(11, 6);;(3, 5);1;9052
33;0.875;MoveEast;(11, 6);;(3, 5);1;9053
33;0.875;MoveEast;(11, 6);;(3, 5);1;9054
33;0.875;MoveEast;(12, 6);;(3, 5);1;9055
33;0.875;MoveEast;(12, 6);;(3, 5);1;9056
33;0.875;MoveEast;(12, 6);;(3, 5);1;9057
33;0.875;MoveEast;(12, 6);;(3, 5);1;9058
33;0.875;MoveEast;(12, 6);;(3, 5);1;9059
33;0.875;MoveEast;(12, 6);;(3, 5);1;9060
33;0.875;MoveEast;(12, 6);;(3, 5);1;9061
33;0.875;MoveEast;(12, 6);;(3, 5);1;9062
33;0.875;MoveEast;(12, 6);;(3, 5);1;9063
33;0.875;MoveEast;(12, 6);;(3, 5);1;9064
33;0.875;MoveEast;(12, 6);;(3, 5);1;9065
33;0.875;MoveEast;(12, 6);;(3, 5);1;9066
33;0.875;MoveEast;(12, 6);;(3, 5);1;9067
33;0.875;MoveEast;(12, 6);;(3, 5);1;9068
33;0.875;MoveEast;(13, 6);;(3, 5);1;9069
33;0.875;MoveEast;(13, 6);;(3, 5);1;9070
33;0.875;MoveEast;(13, 6);;(3, 5);1;9071
33;0.875;MoveEast;(13, 6);;(3, 5);1;9072
33;0.875;MoveEast;(13, 6);;(3, 5);1;9073
33;0.875;MoveEast;(13, 6);;(3, 5);1;9074
33;0.875;MoveEast;(13, 6);;(3, 5);1;9075
33;0.875;MoveEast;(13, 6);;(3, 5);1;9076
33;0.875;MoveEast;(13, 6);;(3, 5);1;9077
33;0.875;MoveEast;(14, 6);;(3, 5);1;9078
33;0.875;MoveEast;(14, 6);;(3, 5);1;9079
33;0.875;MoveEast;(14, 6);;(3, 5);1;9080
33;0.875;MoveEast;(14, 6);;(3, 5);1;9081
33;0.875;MoveEast;(14, 6);;(3, 5);1;9082
33;0.875;MoveEast;(14, 6);;(3, 5);1;9083
33;0.875;MoveEast;(14, 6);;(3, 5);1;9084
33;0.875;MoveEast;(14, 6);;(3, 5);1;9085
33;0.875;MoveEast;(14, 6);;(3, 5);1;9086
33;0.875;MoveEast;(15, 6);;(3, 5);1;9087
33;0.875;MoveEast;(15, 6);;(3, 5);1;9088
33;0.875;MoveEast;(15, 6);;(3, 5);1;9089
33;0.875;MoveEast;(15, 6);;(3, 5);1;9090
33;0.875;MoveEast;(15, 6);;(3, 5);1;9091
33;0.875;MoveEast;(15, 6);;(3, 5);1;9092
33;0.875;MoveEast;(15, 6);;(3, 5);1;9093
33;0.875;MoveEast;(15, 6);;(3, 5);1;9094
33;0.875;MoveEast;(15, 6);;(3, 5);1;9095
33;0.875;MoveEast;(16, 6);;(3, 5);1;9096
33;0.875;MoveEast;(16, 6);;(3, 5);1;9097
33;0.875;MoveEast;(16, 6);;(3, 5);1;9098
33;0.875;MoveEast;(16, 6);;(3, 5);1;9099
33;0.875;MoveEast;(16, 6);;(3, 5);1;9100
33;0.875;MoveEast;(16, 6);;(3, 5);1;9101
33;0.875;MoveEast;(16, 6);;(3, 5);1;9102
33;0.875;MoveEast;(16, 6);;(3, 5);1;9103
33;0.875;MoveEast;(16, 6);;(3, 5);1;9104
33;0.875;MoveEast;(17, 6);;(3, 5);1;9105
33;0.875;MoveSouthEast;(17, 6);;(3, 5);1;9106
33;0.875;MoveSouthEast;(17, 6);;(3, 5);1;9107
33;0.875;MoveSouthEast;(17, 6);;(3, 5);1;9108
33;0.875;MoveSouthEast;(17, 6);;(3, 5);1;9109
33;0.875;MoveSouthEast;(17, 6);;(3, 5);1;9110
33;0.875;MoveSouthEast;(17, 6);;(3, 5);1;9111
33;0.875;MoveSouthEast;(17, 6);;(3, 5);1;9112
33;0.875;MoveSouthEast;(17, 6);;(3, 5);1;9113
33;0.875;MoveSouthEast;(18, 7);;(3, 5);1;9114
33;0.875;MoveSouthEast;(18, 7);;(3, 5);1;9115
33;0.875;MoveSouthEast;(18, 7);;(3, 5);1;9116
33;0.875;MoveSouthEast;(18, 7);;(3, 5);1;9117
33;0.875;MoveSouthEast;(18, 7);;(3, 5);1;9118
33;0.875;MoveSouthEast;(18, 7);;(3, 5);1;9119
33;0.875;MoveSouthEast;(18, 7);;(3, 5);1;9120
33;0.875;MoveSouthEast;(18, 7);;(3, 5);1;9121
33;0.875;MoveSouthEast;(18, 7);;(3, 5);1;9122
33;0.875;MoveSouthEast;(19, 8);;(3, 5);1;9123
33;0.875;MoveSouthEast;(19, 8);;(3, 5);1;9124
33;0.875;MoveSouthEast;(19, 8);;(3, 5);1;9125
33;0.875;MoveSouthEast;(19, 8);;(3, 5);1;9126
33;0.875;MoveSouthEast;(19, 8);;(3, 5);1;9127
33;0.875;MoveSouthEast;(19, 8);;(3, 5);1;9128
33;0.875;MoveSouthEast;(19, 8);;(3, 5);1;9129
33;0.875;MoveSouthEast;(19, 8);;(3, 5);1;9130
33;0.875;MoveSouthEast;(19, 8);;(3, 5);1;9131
33;0.875;MoveSouthEast;(19, 8);;(3, 5);1;9132
33;0.875;MoveSouthEast;(19, 8);;(3, 5);1;9133
33;0.875;MoveSouthEast;(19, 8);;(3, 5);1;9134
33;0.875;MoveSouthEast;(19, 8);;(3, 5);1;9135
33;0.875;MoveSouthEast;(19, 8);;(3, 5);1;9136
33;0.875;MoveSouthEast;(20, 9);;(3, 5);1;9137
33;0.875;MoveSouthEast;(20, 9);;(3, 5);1;9138
33;0.875;MoveSouthEast;(20, 9);;(3, 5);1;9139
33;0.875;MoveSouthEast;(20, 9);;(3, 5);1;9140
33;0.875;MoveSouthEast;(20, 9);;(3, 5);1;9141
33;0.875;MoveSouthEast;(20, 9);;(3, 5);1;9142
33;0.875;MoveSouthEast;(20, 9);;(3, 5);1;9143
33;0.875;MoveSouthEast;(20, 9);;(3, 5);1;9144
33;0.875;MoveSouthEast;(20, 9);;(3, 5);1;9145
33;0.875;MoveSouthEast;(21, 10);;(3, 5);1;9146
33;0.875;MoveSouthEast;(21, 10);;(3, 5);1;9147
33;0.875;MoveSouthEast;(21, 10);;(3, 5);1;9148
33;0.875;MoveSouthEast;(21, 10);;(3, 5);1;9149
33;0.875;MoveSouthEast;(21, 10);;(3, 5);1;9150
33;0.875;MoveSouthEast;(21, 10);;(3, 5);1;9151
33;0.875;MoveSouthEast;(21, 10);;(3, 5);1;9152
33;0.875;MoveSouthEast;(21, 10);;(3, 5);1;9153
33;0.875;MoveSouthEast;(21, 10);;(3, 5);1;9154
33;0.875;MoveSouthEast;(22, 11);;(3, 5);1;9155
33;0.875;MoveSouthEast;(22, 11);;(3, 5);1;9156
33;0.875;MoveSouthEast;(22, 11);;(3, 5);1;9157
33;0.875;MoveSouthEast;(22, 11);;(3, 5);1;9158
33;0.875;MoveSouthEast;(22, 11);;(3, 5);1;9159
33;0.875;MoveSouthEast;(22, 11);;(3, 5);1;9160
33;0.875;MoveSouthEast;(22, 11);;(3, 5);1;9161
33;0.875;MoveSouthEast;(22, 11);;(3, 5);1;9162
33;0.875;MoveSouthEast;(22, 11);;(3, 5);1;9163
33;0.875;MoveSouthEast;(23, 12);;(3, 5);1;9164
33;0.875;Drop;(23, 12);;(3, 5);1;9165
33;0.875;Drop;(23, 12);;(3, 5);1;9166
33;0.875;Drop;(23, 12);;(3, 5);1;9167
33;0.875;Drop;(23, 12);;(3, 5);1;9168
33;0.875;Drop;(23, 12);;(3, 5);1;9169
33;0.875;Drop;(23, 12);;(3, 5);1;9170
33;0.875;Drop;(23, 12);;(3, 5);1;9171
33;0.875;Drop;(23, 12);;(3, 5);1;9172
36;1.0;Drop;(23, 12);;(3, 5);1;9173
